order_id,customer_id,order_datetime,shipping_city,payment_method,promo_code,courier,promised_delivery_date,delivered_at,order_status,shipping_fee
ORD0000001,C000003,01/01/2024 01:50,Mardan,COD,NONE,PakRider,07/01/2024,,RTO,Rs. 0
ORD0000002,C000008,01/01/2024 03:28,Karachi,COD,NONE,CityExpress,04/01/2024,03/01/2024 10:54,DLVD,Rs. 150
ORD0000003,C000020,01/01/2024 10:20,Lahore,COD,NONE,SwiftShip,04/01/2024,03/01/2024 15:39,DLVD,Rs. 0
ORD0000004,C000014,01/01/2024 11:14,Abbottabad,CC,WELCOME15,SwiftShip,07/01/2024,05/01/2024 15:07,DLVD,Rs. 0
ORD0000005,C000029,01/01/2024 11:26,Karachi,COD,WELCOME15,CityExpress,04/01/2024,03/01/2024 16:59,DLVD,Rs. 0
ORD0000006,C000007,01/01/2024 13:11,Rawalpindi,CC,NONE,PakRider,04/01/2024,04/01/2024 18:13,DLVD,Rs. 0
ORD0000007,C000026,01/01/2024 15:07,Lahore,COD,NONE,SwiftShip,04/01/2024,,RTO,Rs. 0
ORD0000008,C000012,01/01/2024 15:21,Bahawalpur,COD,NONE,PakRider,07/01/2024,06/01/2024 19:13,DLVD,Rs. 0
ORD0000009,C000024,01/01/2024 15:35,Abbottabad,COD,WELCOME15,RapidRoute,07/01/2024,06/01/2024 12:43,DLVD,Rs. 0
ORD0000010,C000025,01/01/2024 19:54,Peshawar,COD,NONE,SwiftShip,05/01/2024,03/01/2024 17:01,DLVD,Rs. 0
ORD0000011,C000006,01/01/2024 20:06,Lahore,WALLET,WELCOME15,SwiftShip,04/01/2024,03/01/2024 16:05,DLVD,Rs. 0
ORD0000012,C000002,01/01/2024 20:10, Lahore,CC,NONE,SwiftShip,04/01/2024,04/01/2024 11:59,DLVD,Rs. 0
ORD0000013,C000013,01/01/2024 20:11,Karachi,COD,NONE,SwiftShip,04/01/2024,03/01/2024 14:26,DLVD,Rs. 150
ORD0000014,C000023,01/01/2024 21:22,Peshawar,CC,WELCOME15,CityExpress,05/01/2024,05/01/2024 17:44,DLVD,Rs. 0
ORD0000015,C000015,01/01/2024 21:23,Islamabad,COD,NONE,PakRider,04/01/2024,03/01/2024 17:27,DLVD,Rs. 150
ORD0000016,C000019,01/01/2024 22:34,Sialkot,COD,NONE,PakRider,05/01/2024,04/01/2024 14:58,DLVD,Rs. 0
ORD0000017,C000017,01/01/2024 22:42,Islamabad,Cash on Delivery,WELCOME15,SwiftShip,04/01/2024,02/01/2024 13:42,DLVD,Rs. 0
ORD0000018,C000018,01/01/2024 23:20,GRW,Cash on Delivery,WELCOME15,RapidRoute,05/01/2024,05/01/2024 13:25,DLVD,Rs. 0
ORD0000019,C000022,01/01/2024 23:49,Mardan,Cash on Delivery,WELCOME15,SwiftShip,07/01/2024,,RTO,Rs. 0
ORD0000020,C000034,02/01/2024 04:13,Gujranwala,Cash on Delivery,NONE,CityExpress,06/01/2024,06/01/2024 19:55,DLVD,Rs. 180
ORD0000021,C000035,02/01/2024 07:45,Karachi,Cash on Delivery,WELCOME15,PakRider,05/01/2024,,CNCL,Rs. 0
ORD0000022,C000041,02/01/2024 12:06,KHI,Cash on Delivery,NONE,SwiftShip,05/01/2024,04/01/2024 15:46,DLVD,Rs. 0
ORD0000023,C000036,02/01/2024 13:42,Karachi ,COD,FREESHIP,PakRider,05/01/2024,05/01/2024 10:53,DLVD,Rs. 0
ORD0000024,C000042,02/01/2024 13:52,Peshawar,COD,WELCOME15,SwiftShip,06/01/2024,05/01/2024 15:28,DLVD,Rs. 180
ORD0000025,C000047,02/01/2024 20:02,Hyderabad,COD,NONE,RapidRoute,06/01/2024,06/01/2024 13:36,DLVD,Rs. 0
ORD0000026,C000030,02/01/2024 20:06,Karachi,CC,NONE,RapidRoute,05/01/2024,05/01/2024 19:30,DLVD,Rs. 0
ORD0000027,C000046,02/01/2024 20:44,Islamabad,COD,WELCOME15,SwiftShip,05/01/2024,04/01/2024 11:40,DLVD,Rs. 0
ORD0000028,C000043,02/01/2024 22:01,Faisalabad,COD,NONE,CityExpress,06/01/2024,06/01/2024 19:20,DLVD,Rs. 0
ORD0000029,C000040,02/01/2024 22:37,Sialkot,COD,WELCOME15,RapidRoute,06/01/2024,06/01/2024 15:44,DLVD,Rs. 0
ORD0000030,C000061,03/01/2024 04:50,Karachi,COD,NONE,PakRider,06/01/2024,05/01/2024 14:35,DLVD,Rs. 0
ORD0000031,C000054,03/01/2024 05:01,Karachi,WALLET,NONE,SwiftShip,06/01/2024,04/01/2024 14:19,DLVD,Rs. 0
ORD0000032,C000048,03/01/2024 08:35,Lahore,COD,WELCOME15,RapidRoute,06/01/2024,08/01/2024 19:21,DLVD,Rs. 150
ORD0000033,C000065,03/01/2024 12:23,Lahore,CC,WELCOME15,SwiftShip,06/01/2024,05/01/2024 16:44,DLVD,Rs. 150
ORD0000034,C000056,03/01/2024 12:44,Bahawalpur,COD,WELCOME15,RapidRoute,09/01/2024,08/01/2024 14:09,DLVD,Rs. 220
ORD0000035,C000049,03/01/2024 14:09,Hyderabad,COD,WELCOME15,RapidRoute,07/01/2024,07/01/2024 16:36,DLVD,Rs. 180
ORD0000036,C000057,03/01/2024 16:22,Karachi,COD,WELCOME15,PakRider,06/01/2024,05/01/2024 18:16,DLVD,Rs. 0
ORD0000037,C000066,03/01/2024 18:29,Faisalabad ,COD,NONE,CityExpress,07/01/2024,06/01/2024 17:41,DLVD,Rs. 180
ORD0000038,C000052,03/01/2024 18:42,Lahore,COD,WELCOME15,SwiftShip,06/01/2024,,RTO,Rs. 150
ORD0000039,C000068,03/01/2024 22:05,Peshawar,COD,NONE,CityExpress,07/01/2024,06/01/2024 19:25,DLVD,Rs. 0
ORD0000040,C000063,03/01/2024 22:10,Mardan,Cash on Delivery,NONE,SwiftShip,09/01/2024,,RTO,Rs. 0
ORD0000041,C000069,03/01/2024 22:51,Karachi,CC,NONE,CityExpress,06/01/2024,05/01/2024 10:28,DLVD,Rs. 0
ORD0000042,C000076,04/01/2024 08:21,Lahore,COD,NONE,CityExpress,07/01/2024,06/01/2024 10:12,DLVD,Rs. 0
ORD0000043,C000072,04/01/2024 10:45,Peshawar,COD,WELCOME15,SwiftShip,08/01/2024,08/01/2024 16:05,DLVD,Rs. 180
ORD0000044,C000078,04/01/2024 12:08,Rawalpindi,COD,NONE,RapidRoute,07/01/2024,07/01/2024 19:18,DLVD,Rs. 0
ORD0000045,C000085,04/01/2024 12:34,Karachi,CC,NONE,PakRider,07/01/2024,07/01/2024 10:43,DLVD,Rs. 0
ORD0000046,C000092,04/01/2024 12:37,Karachi,CC,NONE,PakRider,07/01/2024,07/01/2024 18:02,DLVD,Rs. 0
ORD0000047,C000073,04/01/2024 12:51,Rawalpindi,COD,NONE,RapidRoute,07/01/2024,08/01/2024 16:30,DLVD,Rs. 0
ORD0000048,C000088,04/01/2024 14:11,Hyderabad,COD,NONE,PakRider,08/01/2024,07/01/2024 12:57,DLVD,Rs. 0
ORD0000049,C000068,04/01/2024 15:58,Peshawar,COD,NONE,SwiftShip,08/01/2024,07/01/2024 16:33,DLVD,Rs. 0
ORD0000050,C000093,04/01/2024 17:28,Hyderabad,COD,NONE,SwiftShip,08/01/2024,08/01/2024 14:12,DLVD,Rs. 180
ORD0000051,C000071,04/01/2024 17:44,Karachi,Cash on Delivery,NONE,PakRider,07/01/2024,07/01/2024 14:20,DLVD,Rs. 150
ORD0000052,C000070,04/01/2024 19:28,Lahore,COD,NONE,CityExpress,07/01/2024,06/01/2024 12:45,DLVD,Rs. 0
ORD0000053,C000074,04/01/2024 20:19,Multan,Cash on Delivery,NONE,PakRider,08/01/2024,08/01/2024 19:51,DLVD,Rs. 180
ORD0000054,C000094,04/01/2024 21:21,Karachi,CC,WELCOME15,SwiftShip,07/01/2024,06/01/2024 17:59,DLVD,Rs. 0
ORD0000055,C000082,04/01/2024 21:29,Quetta,Cash on Delivery,WELCOME15,PakRider,10/01/2024,08/01/2024 17:23,DLVD,Rs. 0
ORD0000056,C000080,04/01/2024 21:42,Faisalabad,Cash on Delivery,NONE,SwiftShip,08/01/2024,,RTO,Rs. 0
ORD0000057,C000090,04/01/2024 21:49,Karachi,COD,NONE,CityExpress,07/01/2024,06/01/2024 11:12,DLVD,Rs. 0
ORD0000058,C000077,04/01/2024 22:22,Lahore,COD,NONE,CityExpress,07/01/2024,10/01/2024 11:28,DLVD,Rs. 0
ORD0000059,C000079,04/01/2024 23:40,Karachi,COD,WELCOME15,SwiftShip,07/01/2024,,RTO,Rs. 0
ORD0000060,C000117,05/01/2024 01:25,Faisalabad,WALLET,WELCOME15,PakRider,09/01/2024,09/01/2024 17:08,DLVD,Rs. 180
ORD0000061,C000104,05/01/2024 08:56,Faisalabad,COD,NONE,PakRider,09/01/2024,10/01/2024 14:53,DLVD,Rs. 0
ORD0000062,C000115,05/01/2024 09:23,Karachi,COD,NONE,RapidRoute,08/01/2024,08/01/2024 10:17,DLVD,Rs. 150
ORD0000063,C000111,05/01/2024 09:51,Peshawar,Cash on Delivery,NONE,PakRider,09/01/2024,,CNCL,Rs. 0
ORD0000064,C000106,05/01/2024 10:15,Karachi,COD,WELCOME15,PakRider,08/01/2024,08/01/2024 16:17,DLVD,Rs. 0
ORD0000065,C000053,05/01/2024 11:31,Gujranwala,COD,NONE,RapidRoute,09/01/2024,09/01/2024 17:51,DLVD,Rs. 0
ORD0000066,C000100,05/01/2024 14:27,Multan,CC,WELCOME15,SwiftShip,09/01/2024,,CNCL,Rs. 0
ORD0000067,C000118,05/01/2024 15:20,Lahore,COD,NONE,SwiftShip,08/01/2024,07/01/2024 10:14,DLVD,Rs. 150
ORD0000068,C000110,05/01/2024 16:03,Lahore,COD,NONE,SwiftShip,08/01/2024,,RTO,Rs. 0
ORD0000069,C000107,05/01/2024 17:15,Karachi,COD,WELCOME15,CityExpress,08/01/2024,08/01/2024 10:12,DLVD,Rs. 0
ORD0000070,C000120,05/01/2024 20:40,Abbottabad,COD,NONE,SwiftShip,11/01/2024,09/01/2024 17:38,DLVD,Rs. 0
ORD0000071,C000098,05/01/2024 21:00,Karachi,COD,NONE,RapidRoute,08/01/2024,09/01/2024 11:19,DLVD,Rs. 0
ORD0000072,C000119,05/01/2024 21:01,Sialkot,COD,WELCOME15,SwiftShip,09/01/2024,07/01/2024 14:27,DLVD,Rs. 0
ORD0000073,C000096,05/01/2024 21:37,Peshawar,COD,NONE,CityExpress,09/01/2024,07/01/2024 12:00,DLVD,Rs. 0
ORD0000074,C000114,05/01/2024 22:17,Peshawar,COD,NONE,PakRider,09/01/2024,09/01/2024 15:15,DLVD,Rs. 180
ORD0000075,C000146,06/01/2024 00:35,Karachi,COD,WELCOME15,RapidRoute,09/01/2024,,RTO,Rs. 0
ORD0000076,C000130,06/01/2024 04:08,Rawalpindi,COD,NONE,PakRider,09/01/2024,,CNCL,Rs. 150
ORD0000077,C000016,06/01/2024 09:15,Hyderabad,COD,WELCOME15,PakRider,10/01/2024,09/01/2024 12:51,DLVD,Rs. 180
ORD0000078,C000128,06/01/2024 09:22,Lahore,COD,NONE,RapidRoute,09/01/2024,09/01/2024 16:24,DLVD,Rs. 0
ORD0000079,C000141,06/01/2024 10:33,Faisalabad,COD,NONE,PakRider,10/01/2024,10/01/2024 13:33,DLVD,Rs. 0
ORD0000080,C000121,06/01/2024 11:16,Faisalabad,COD,WELCOME15,SwiftShip,10/01/2024,09/01/2024 17:57,DLVD,Rs. 0
ORD0000081,C000122,06/01/2024 12:29,Hyderabad,CC,NONE,SwiftShip,10/01/2024,10/01/2024 17:47,DLVD,Rs. 180
ORD0000082,C000143,06/01/2024 13:23,Islamabad,COD,WELCOME15,PakRider,09/01/2024,,RTO,Rs. 0
ORD0000083,C000129,06/01/2024 15:02,Karachi,Cash on Delivery,WELCOME15,SwiftShip,09/01/2024,08/01/2024 13:56,DLVD,Rs. 0
ORD0000084,C000133,06/01/2024 15:40,Faisalabad,Cash on Delivery,NONE,RapidRoute,10/01/2024,,CNCL,Rs. 0
ORD0000085,C000132,06/01/2024 16:07,Karachi,COD,NONE,PakRider,09/01/2024,09/01/2024 15:06,DLVD,Rs. 0
ORD0000086,C000148,06/01/2024 17:01,Lahore,COD,FREESHIP,PakRider,09/01/2024,,RTO,Rs. 0
ORD0000087,C000140,06/01/2024 17:44,Karachi ,Cash on Delivery,NONE,SwiftShip,09/01/2024,09/01/2024 17:33,DLVD,Rs. 150
ORD0000088,C000131,06/01/2024 18:02,Karachi,WALLET,WELCOME15,SwiftShip,09/01/2024,08/01/2024 14:07,DLVD,Rs. 150
ORD0000089,C000027,06/01/2024 18:08,Gujranwala,COD,WELCOME15,PakRider,10/01/2024,09/01/2024 11:17,DLVD,Rs. 0
ORD0000090,C000139,06/01/2024 18:17,Rawalpindi,COD,WELCOME15,SwiftShip,09/01/2024,,CNCL,Rs. 0
ORD0000091,C000124,06/01/2024 21:47,Multan,COD,NONE,PakRider,10/01/2024,09/01/2024 11:25,DLVD,Rs. 0
ORD0000092,C000169,07/01/2024 07:55,"Karachi, Sindh",CC,NONE,SwiftShip,10/01/2024,09/01/2024 11:43,DLVD,Rs. 0
ORD0000093,C000157,07/01/2024 10:18,Gujranwala,CC,NONE,SwiftShip,11/01/2024,10/01/2024 15:17,DLVD,Rs. 0
ORD0000094,C000174,07/01/2024 11:06,Multan,COD,NONE,SwiftShip,11/01/2024,10/01/2024 14:07,DLVD,Rs. 0
ORD0000095,C000166,07/01/2024 11:19,Karachi,CC,WELCOME15,PakRider,10/01/2024,10/01/2024 19:24,DLVD,Rs. 0
ORD0000096,C000154,07/01/2024 11:30,RWP,COD,WELCOME15,SwiftShip,10/01/2024,09/01/2024 10:03,DLVD,Rs. 150
ORD0000097,C000163,07/01/2024 13:08,Peshawar,COD,WELCOME15,CityExpress,11/01/2024,10/01/2024 14:14,DLVD,Rs. 0
ORD0000098,C000153,07/01/2024 13:08,Karachi,WALLET,NONE,PakRider,10/01/2024,10/01/2024 12:36,DLVD,Rs. 0
ORD0000099,C000161,07/01/2024 13:09,Faisalabad,COD,NONE,PakRider,11/01/2024,10/01/2024 18:31,DLVD,Rs. 0
ORD0000100,C000181,07/01/2024 13:50,Lahore,CC,NONE,SwiftShip,10/01/2024,09/01/2024 12:51,DLVD,Rs. 150
ORD0000101,C000160,07/01/2024 14:30,Gujranwala,COD,NONE,CityExpress,11/01/2024,10/01/2024 14:59,DLVD,Rs. 0
ORD0000102,C000032,07/01/2024 17:00,Peshawar,CC,NONE,PakRider,11/01/2024,11/01/2024 18:22,DLVD,Rs. 0
ORD0000103,C000152,07/01/2024 17:43,Karachi,COD,NONE,CityExpress,10/01/2024,09/01/2024 15:53,DLVD,Rs. 150
ORD0000104,C000156,07/01/2024 17:54,Gujranwala,Cash on Delivery,NONE,SwiftShip,11/01/2024,11/01/2024 17:50,DLVD,Rs. 0
ORD0000105,C000180,07/01/2024 18:09,Lahore,WALLET,WELCOME15,RapidRoute,10/01/2024,10/01/2024 17:38,DLVD,Rs. 0
ORD0000106,C000173,07/01/2024 19:11,Lahore,COD,NONE,RapidRoute,10/01/2024,,RTO,Rs. 0
ORD0000107,C000159,07/01/2024 19:22,QUETTA,COD,NONE,PakRider,13/01/2024,,RTO,Rs. 0
ORD0000108,C000168,07/01/2024 20:14,Rawalpindi,COD,NONE,CityExpress,10/01/2024,10/01/2024 16:30,DLVD,Rs. 0
ORD0000109,C000170,07/01/2024 20:44,Quetta,Cash on Delivery,WELCOME15,RapidRoute,13/01/2024,13/01/2024 19:02,DLVD,Rs. 220
ORD0000110,C000123,07/01/2024 21:26,Quetta,COD,NONE,PakRider,13/01/2024,,RTO,Rs. 0
ORD0000111,C000177,07/01/2024 21:49,Lahore,COD,WELCOME15,CityExpress,10/01/2024,10/01/2024 12:53,DLVD,Rs. 0
ORD0000112,C000178,07/01/2024 21:54,Karachi,Cash on Delivery,NONE,PakRider,10/01/2024,09/01/2024 16:04,DLVD,Rs. 0
ORD0000113,C000171,07/01/2024 22:13,Karachi,Cash on Delivery,WELCOME15,RapidRoute,10/01/2024,10/01/2024 12:26,DLVD,Rs. 0
ORD0000114,C000182,07/01/2024 22:20,Karachi,WALLET,NONE,PakRider,10/01/2024,10/01/2024 11:46,DLVD,Rs. 0
ORD0000115,C000107,07/01/2024 22:28,Karachi,COD,NONE,RapidRoute,10/01/2024,11/01/2024 13:07,DLVD,Rs. 150
ORD0000116,C000176,07/01/2024 22:36,Multan,Cash on Delivery,FREESHIP,SwiftShip,11/01/2024,,RTO,Rs. 0
ORD0000117,C000045,08/01/2024 11:39,Peshawar,COD,WELCOME15,PakRider,12/01/2024,11/01/2024 10:51,DLVD,Rs. 0
ORD0000118,C000127,08/01/2024 11:39,Gujranwala,Cash on Delivery,FREESHIP,SwiftShip,12/01/2024,,RTO,Rs. 0
ORD0000119,C000204,08/01/2024 12:22,Islamabad,CC,NONE,PakRider,11/01/2024,12/01/2024 11:38,DLVD,Rs. 0
ORD0000120,C000181,08/01/2024 13:32,Lahore,COD,NONE,SwiftShip,11/01/2024,10/01/2024 16:04,DLVD,Rs. 150
ORD0000121,C000103,08/01/2024 13:34,Karachi,COD,NONE,CityExpress,11/01/2024,10/01/2024 14:49,DLVD,Rs. 0
ORD0000122,C000199,08/01/2024 14:08,Hyderabad,Cash on Delivery,WELCOME15,RapidRoute,12/01/2024,12/01/2024 18:04,DLVD,Rs. 0
ORD0000123,C000195,08/01/2024 14:42,Rawalpindi,CC,WELCOME15,SwiftShip,11/01/2024,10/01/2024 15:14,DLVD,Rs. 0
ORD0000124,C000189,08/01/2024 15:57,KHI,Cash on Delivery,NONE,PakRider,11/01/2024,11/01/2024 13:05,DLVD,Rs. 150
ORD0000125,C000197,08/01/2024 16:59,KHI,CC,NONE,SwiftShip,11/01/2024,11/01/2024 16:57,DLVD,Rs. 0
ORD0000126,C000194,08/01/2024 17:30,Gujranwala,Cash on Delivery,NONE,SwiftShip,12/01/2024,12/01/2024 18:36,DLVD,Rs. 0
ORD0000127,C000136,08/01/2024 17:54,Abbottabad,COD,WELCOME15,RapidRoute,14/01/2024,14/01/2024 15:41,DLVD,Rs. 220
ORD0000128,C000188,08/01/2024 18:53,Islamabad,COD,NONE,SwiftShip,11/01/2024,,RTO,Rs. 150
ORD0000129,C000187,08/01/2024 20:27,Karachi,Cash on Delivery,NONE,CityExpress,11/01/2024,10/01/2024 10:47,DLVD,Rs. 0
ORD0000129,C000187,08/01/2024 20:27,Karachi,Cash on Delivery,NONE,CityExpress,11/01/2024,10/01/2024 10:47,DLVD,Rs. 0
ORD0000130,C000192,08/01/2024 22:13,Quetta,COD,NONE,SwiftShip,14/01/2024,12/01/2024 13:29,DLVD,Rs. 220
ORD0000131,C000196,08/01/2024 22:16,Lahore,COD,WELCOME15,PakRider,11/01/2024,11/01/2024 18:58,DLVD,Rs. 0
ORD0000132,C000186,08/01/2024 22:51,Multan,COD,NONE,PakRider,12/01/2024,12/01/2024 14:57,DLVD,Rs. 0
ORD0000133,C000033,08/01/2024 22:54,Hyderabad,CC,WELCOME15,PakRider,12/01/2024,12/01/2024 15:01,DLVD,Rs. 0
ORD0000134,C000185,08/01/2024 22:55,Sargodha,WALLET,NONE,SwiftShip,14/01/2024,11/01/2024 13:37,DLVD,Rs. 0
ORD0000135,C000202,08/01/2024 23:46,Islamabad,COD,WELCOME15,SwiftShip,11/01/2024,11/01/2024 19:33,DLVD,Rs. 150
ORD0000136,C000102,09/01/2024 05:59,Faisalabad,WALLET,NONE,SwiftShip,13/01/2024,11/01/2024 15:58,DLVD,Rs. 180
ORD0000137,C000211,09/01/2024 06:20,Lahore,COD,NONE,CityExpress,12/01/2024,12/01/2024 15:05,DLVD,Rs. 0
ORD0000138,C000233,09/01/2024 08:22,Quetta,COD,NONE,PakRider,15/01/2024,13/01/2024 16:37,DLVD,Rs. 0
ORD0000139,C000218,09/01/2024 10:16,Islamabad,COD,NONE,RapidRoute,12/01/2024,12/01/2024 11:50,DLVD,Rs. 0
ORD0000140,C000214,09/01/2024 15:51,Quetta,CC,WELCOME15,SwiftShip,15/01/2024,12/01/2024 11:00,DLVD,Rs. 0
ORD0000141,C000144,09/01/2024 16:37,Karachi,Cash on Delivery,NONE,SwiftShip,12/01/2024,,RTO,Rs. 0
ORD0000142,C000055,09/01/2024 17:30,Peshawar,COD,WELCOME15,SwiftShip,13/01/2024,11/01/2024 12:54,DLVD,Rs. 0
ORD0000143,C000206,09/01/2024 17:37,Karachi,CC,WELCOME15,PakRider,12/01/2024,11/01/2024 14:18,DLVD,Rs. 0
ORD0000144,C000137,09/01/2024 18:05,Peshawar,COD,NONE,SwiftShip,13/01/2024,12/01/2024 18:30,DLVD,Rs. 0
ORD0000145,C000058,09/01/2024 18:46,faisalabad,COD,WELCOME15,SwiftShip,13/01/2024,12/01/2024 11:49,DLVD,Rs. 180
ORD0000146,C000005,09/01/2024 18:55,Peshawar,COD,WELCOME15,CityExpress,13/01/2024,,RTO,Rs. 0
ORD0000147,C000164,09/01/2024 19:43,Faisalabad,COD,NONE,SwiftShip,13/01/2024,12/01/2024 19:37,DLVD,Rs. 0
ORD0000148,C000227,09/01/2024 20:15,Sargodha,WALLET,NONE,RapidRoute,15/01/2024,15/01/2024 19:57,DLVD,Rs. 0
ORD0000149,C000004,09/01/2024 20:55,Karachi,COD,NONE,SwiftShip,12/01/2024,12/01/2024 12:41,DLVD,Rs. 0
ORD0000150,C000216,09/01/2024 21:08,Hyderabad,COD,NONE,CityExpress,13/01/2024,13/01/2024 17:30,DLVD,Rs. 0
ORD0000151,C000207,09/01/2024 21:13,,COD,NONE,SwiftShip,12/01/2024,11/01/2024 19:41,DLVD,Rs. 0
ORD0000152,C000222,09/01/2024 21:56,Sargodha,COD,NONE,RapidRoute,15/01/2024,15/01/2024 12:45,DLVD,Rs. 0
ORD0000153,C000231,09/01/2024 22:27,Sialkot,COD,WELCOME15,CityExpress,13/01/2024,12/01/2024 18:06,DLVD,Rs. 0
ORD0000154,C000219,09/01/2024 22:27,Karachi,COD,NONE,SwiftShip,12/01/2024,12/01/2024 15:07,DLVD,Rs. 0
ORD0000155,C000011,09/01/2024 22:38,Rawalpindi,COD,NONE,CityExpress,12/01/2024,11/01/2024 11:57,DLVD,Rs. 0
ORD0000156,C000221,09/01/2024 23:21,Islamabad,CC,NONE,SwiftShip,12/01/2024,10/01/2024 19:10,DLVD,Rs. 0
ORD0000157,C000239,10/01/2024 00:09,Rawalpindi,COD,NONE,RapidRoute,13/01/2024,13/01/2024 12:14,DLVD,Rs. 0
ORD0000158,C000055,10/01/2024 01:37,Peshawar,Cash on Delivery,NONE,SwiftShip,14/01/2024,,CNCL,Rs. 180
ORD0000159,C000249,10/01/2024 07:30,Rawalpindi,CC,WELCOME15,PakRider,13/01/2024,13/01/2024 17:22,DLVD,Rs. 150
ORD0000160,C000240,10/01/2024 09:14,Lahore,Cash on Delivery,NONE,SwiftShip,13/01/2024,12/01/2024 18:13,DLVD,Rs. 150
ORD0000161,C000251,10/01/2024 10:17,Lahore,COD,NONE,PakRider,13/01/2024,12/01/2024 12:45,DLVD,Rs. 150
ORD0000162,C000235,10/01/2024 13:11,Karachi,COD,NONE,SwiftShip,13/01/2024,13/01/2024 14:29,DLVD,Rs. 150
ORD0000163,C000259,10/01/2024 13:35,Islamabad,COD,WELCOME15,SwiftShip,13/01/2024,11/01/2024 15:39,DLVD,Rs. 150
ORD0000164,C000089,10/01/2024 13:39,Multan,COD,WELCOME15,RapidRoute,14/01/2024,14/01/2024 13:20,DLVD,Rs. 180
ORD0000165,C000256,10/01/2024 14:10,Sukkur,COD,NONE,RapidRoute,16/01/2024,16/01/2024 12:58,DLVD,Rs. 0
ORD0000166,C000245,10/01/2024 16:36,Gujranwala,Cash on Delivery,NONE,PakRider,14/01/2024,,RTO,Rs. 180
ORD0000167,C000242,10/01/2024 16:40,Karachi,CC,NONE,SwiftShip,13/01/2024,13/01/2024 18:35,DLVD,Rs. 150
ORD0000168,C000241,10/01/2024 17:08,Lahore,COD,FREESHIP,SwiftShip,13/01/2024,12/01/2024 16:00,DLVD,Rs. 0
ORD0000169,C000253,10/01/2024 18:06,Karachi,CC,WELCOME15,SwiftShip,13/01/2024,12/01/2024 15:09,DLVD,Rs. 0
ORD0000170,C000250,10/01/2024 19:42,Faisalabad,WALLET,NONE,RapidRoute,14/01/2024,14/01/2024 18:44,DLVD,Rs. 0
ORD0000171,C000181,10/01/2024 19:49,Lahore,COD,NONE,PakRider,13/01/2024,12/01/2024 17:50,DLVD,Rs. 150
ORD0000172,C000109,10/01/2024 19:55,Hyderabad,Cash on Delivery,WELCOME15,CityExpress,14/01/2024,13/01/2024 19:32,DLVD,Rs. 0
ORD0000173,C000238,10/01/2024 19:56,Lahore,COD,NONE,CityExpress,13/01/2024,13/01/2024 12:52,DLVD,Rs. 0
ORD0000174,C000248,10/01/2024 20:20,Islamabad,CC,WELCOME15,SwiftShip,13/01/2024,12/01/2024 18:05,DLVD,Rs. 150
ORD0000175,C000112,10/01/2024 20:33,Karachi,WALLET,WELCOME15,SwiftShip,13/01/2024,12/01/2024 15:35,DLVD,Rs. 0
ORD0000176,C000236,10/01/2024 21:42,Gujranwala,CC,NONE,PakRider,14/01/2024,13/01/2024 14:02,DLVD,Rs. 180
ORD0000177,C000029,10/01/2024 21:53,Karachi,COD,NONE,PakRider,13/01/2024,13/01/2024 14:26,DLVD,Rs. 0
ORD0000178,C000155,10/01/2024 22:02,Rawalpindi,COD,NONE,RapidRoute,13/01/2024,13/01/2024 10:28,DLVD,Rs. 0
ORD0000179,C000254,10/01/2024 22:16,Islamabad,COD,NONE,RapidRoute,13/01/2024,14/01/2024 19:28,DLVD,Rs. 0
ORD0000180,C000135,10/01/2024 22:19,Quetta,COD,NONE,SwiftShip,16/01/2024,,CNCL,Rs. 0
ORD0000181,C000246,10/01/2024 22:22,Peshawar,COD,NONE,RapidRoute,14/01/2024,,RTO,Rs. 0
ORD0000182,C000237,10/01/2024 22:43,lahore,Cash on Delivery,WELCOME15,PakRider,13/01/2024,13/01/2024 13:56,DLVD,Rs. 0
ORD0000183,C000266,11/01/2024 02:20,Islamabad,COD,NONE,SwiftShip,14/01/2024,13/01/2024 10:24,DLVD,Rs. 0
ORD0000184,C000228,11/01/2024 06:21,Lahore,COD,WELCOME15,SwiftShip,14/01/2024,15/01/2024 12:24,DLVD,Rs. 0
ORD0000185,C000252,11/01/2024 09:23,Faisalabad,Cash on Delivery,WELCOME15,SwiftShip,15/01/2024,13/01/2024 13:40,DLVD,Rs. 0
ORD0000186,C000215,11/01/2024 09:56,Rawalpindi,COD,NONE,PakRider,14/01/2024,,RTO,Rs. 150
ORD0000187,C000267,11/01/2024 10:28,Lahore,COD,WELCOME15,PakRider,14/01/2024,14/01/2024 11:41,DLVD,Rs. 0
ORD0000188,C000268,11/01/2024 10:41,Rawalpindi,COD,WELCOME15,PakRider,14/01/2024,13/01/2024 18:50,DLVD,Rs. 150
ORD0000189,C000151,11/01/2024 12:09,Karachi,Cash on Delivery,WELCOME15,SwiftShip,14/01/2024,13/01/2024 19:07,DLVD,Rs. 0
ORD0000190,C000039,11/01/2024 13:11,Gujranwala,Cash on Delivery,NONE,PakRider,15/01/2024,15/01/2024 17:54,DLVD,Rs. 0
ORD0000191,C000272,11/01/2024 13:24,Lahore,Cash on Delivery,NONE,CityExpress,14/01/2024,13/01/2024 10:04,DLVD,Rs. 0
ORD0000192,C000134,11/01/2024 13:29,Karachi,CC,NONE,SwiftShip,14/01/2024,13/01/2024 19:20,DLVD,Rs. 0
ORD0000193,C000042,11/01/2024 13:36,Peshawar,COD,NONE,PakRider,15/01/2024,14/01/2024 11:50,DLVD,Rs. 0
ORD0000194,C000084,11/01/2024 14:26,Karachi,COD,NONE,CityExpress,14/01/2024,14/01/2024 16:43,DLVD,Rs. 0
ORD0000195,C000276,11/01/2024 16:21,Karachi,COD,NONE,SwiftShip,14/01/2024,,RTO,Rs. 0
ORD0000196,C000273,11/01/2024 18:11,Multan,CC,NONE,PakRider,15/01/2024,14/01/2024 17:43,DLVD,Rs. 0
ORD0000197,C000271,11/01/2024 18:25,Islamabad,COD,NONE,PakRider,14/01/2024,13/01/2024 11:02,DLVD,Rs. 0
ORD0000198,C000191,11/01/2024 19:16,Lahore,WALLET,NONE,SwiftShip,14/01/2024,13/01/2024 17:01,DLVD,Rs. 0
ORD0000199,C000265,11/01/2024 20:54,Karachi,COD,WELCOME15,CityExpress,14/01/2024,14/01/2024 14:55,DLVD,Rs. 150
ORD0000200,C000220,11/01/2024 21:13,Lahore,COD,WELCOME15,SwiftShip,14/01/2024,13/01/2024 13:42,DLVD,Rs. 0
ORD0000201,C000274,11/01/2024 21:32,Hyderabad,COD,WELCOME15,RapidRoute,15/01/2024,15/01/2024 16:59,DLVD,Rs. 0
ORD0000202,C000277,11/01/2024 22:02,Karachi,Cash on Delivery,NONE,SwiftShip,14/01/2024,13/01/2024 16:45,DLVD,Rs. 0
ORD0000203,C000269,11/01/2024 22:21,Lahore,CC,WELCOME15,PakRider,14/01/2024,15/01/2024 18:33,DLVD,Rs. 0
ORD0000204,C000281,12/01/2024 02:21,Lahore,COD,NONE,CityExpress,15/01/2024,14/01/2024 12:59,DLVD,Rs. 0
ORD0000205,C000098,12/01/2024 09:15,Karachi,COD,NONE,PakRider,15/01/2024,14/01/2024 15:13,DLVD,Rs. 150
ORD0000206,C000296,12/01/2024 09:15,Hyderabad,COD,WELCOME15,PakRider,16/01/2024,16/01/2024 15:25,DLVD,Rs. 0
ORD0000207,C000288,12/01/2024 09:28,Pesh,Cash on Delivery,WELCOME15,SwiftShip,16/01/2024,14/01/2024 10:40,DLVD,Rs. 0
ORD0000208,C000224,12/01/2024 09:32,Sukkur,COD,WELCOME15,RapidRoute,18/01/2024,17/01/2024 17:06,DLVD,Rs. 220
ORD0000209,C000207,12/01/2024 12:01,Lahore,COD,NONE,RapidRoute,15/01/2024,15/01/2024 15:18,DLVD,Rs. 0
ORD0000210,C000292,12/01/2024 12:07,Hyderabad,WALLET,NONE,RapidRoute,16/01/2024,16/01/2024 19:24,DLVD,Rs. 0
ORD0000211,C000298,12/01/2024 12:49,lahore,CC,NONE,PakRider,15/01/2024,14/01/2024 17:45,DLVD,Rs. 0
ORD0000212,C000294,12/01/2024 15:18,Karachi,COD,WELCOME15,SwiftShip,15/01/2024,,RTO,Rs. 150
ORD0000213,C000019,12/01/2024 15:54,Sialkot,COD,NONE,RapidRoute,16/01/2024,17/01/2024 18:35,DLVD,Rs. 0
ORD0000214,C000286,12/01/2024 15:55,Multan,Cash on Delivery,NONE,RapidRoute,16/01/2024,16/01/2024 12:52,DLVD,Rs. 0
ORD0000215,C000083,12/01/2024 19:17,Lahore,COD,NONE,SwiftShip,15/01/2024,14/01/2024 14:19,DLVD,Rs. 0
ORD0000216,C000287,12/01/2024 19:26,Lahore,CC,NONE,SwiftShip,15/01/2024,14/01/2024 14:36,DLVD,Rs. 0
ORD0000217,C000293,12/01/2024 19:57,Karachi,Cash on Delivery,WELCOME15,CityExpress,15/01/2024,,RTO,Rs. 150
ORD0000218,C000051,12/01/2024 20:06,Sialkot,CC,NONE,RapidRoute,16/01/2024,16/01/2024 13:00,DLVD,Rs. 0
ORD0000219,C000300,12/01/2024 20:15,Karachi,COD,NONE,RapidRoute,15/01/2024,,RTO,Rs. 150
ORD0000220,C000179,12/01/2024 20:18,Karachi ,Cash on Delivery,NONE,PakRider,15/01/2024,,CNCL,Rs. 150
ORD0000221,C000283,12/01/2024 21:02,Faisalabad,COD,WELCOME15,RapidRoute,16/01/2024,16/01/2024 18:47,DLVD,Rs. 180
ORD0000222,C000165,12/01/2024 21:12,Lahore,CC,NONE,RapidRoute,15/01/2024,15/01/2024 18:35,DLVD,Rs. 0
ORD0000223,C000302,12/01/2024 21:19,Islamabad,CC,WELCOME15,PakRider,15/01/2024,15/01/2024 10:48,DLVD,Rs. 0
ORD0000224,C000202,13/01/2024 01:49,Islamabad,Cash on Delivery,NONE,PakRider,16/01/2024,16/01/2024 13:54,DLVD,Rs. 150
ORD0000225,C000319,13/01/2024 08:09,Quetta,CC,NONE,PakRider,19/01/2024,17/01/2024 17:13,DLVD,Rs. 0
ORD0000226,C000097,13/01/2024 09:07,Lahore,COD,NONE,SwiftShip,16/01/2024,15/01/2024 12:28,DLVD,Rs. 0
ORD0000227,C000158,13/01/2024 09:13,Karachi ,CC,NONE,SwiftShip,16/01/2024,14/01/2024 16:20,DLVD,Rs. 0
ORD0000228,C000310,13/01/2024 09:37,Rawalpindi,Cash on Delivery,NONE,PakRider,16/01/2024,16/01/2024 13:13,DLVD,Rs. 0
ORD0000229,C000318,13/01/2024 09:55,Karachi,CC,NONE,CityExpress,16/01/2024,,CNCL,Rs. 0
ORD0000230,C000316,13/01/2024 11:18,Karachi,COD,NONE,CityExpress,16/01/2024,15/01/2024 13:36,DLVD,Rs. 0
ORD0000231,C000108,13/01/2024 12:53,Multan,COD,NONE,PakRider,17/01/2024,16/01/2024 12:34,DLVD,Rs. 0
ORD0000232,C000184,13/01/2024 13:16,Islamabad,CC,NONE,RapidRoute,16/01/2024,17/01/2024 12:07,DLVD,Rs. 150
ORD0000233,C000209,13/01/2024 13:29,Lahore,CC,NONE,SwiftShip,16/01/2024,15/01/2024 11:48,DLVD,Rs. 0
ORD0000234,C000212,13/01/2024 14:17,Faisalabad,COD,NONE,SwiftShip,17/01/2024,16/01/2024 17:39,DLVD,Rs. 0
ORD0000235,C000279,13/01/2024 16:01,Peshawar,COD,WELCOME15,PakRider,17/01/2024,,RTO,Rs. 0
ORD0000236,C000313,13/01/2024 16:42,Multan,COD,NONE,RapidRoute,17/01/2024,17/01/2024 13:42,DLVD,Rs. 0
ORD0000237,C000320,13/01/2024 17:49,Hyderabad,COD,WELCOME15,SwiftShip,17/01/2024,15/01/2024 14:09,DLVD,Rs. 180
ORD0000238,C000211,13/01/2024 17:58,Lahore,COD,NONE,CityExpress,16/01/2024,17/01/2024 14:23,DLVD,Rs. 0
ORD0000239,C000113,13/01/2024 18:42,Lahore,COD,NONE,SwiftShip,16/01/2024,16/01/2024 16:57,DLVD,Rs. 150
ORD0000240,C000064,13/01/2024 19:23,Faisalabad,COD,WELCOME15,SwiftShip,17/01/2024,15/01/2024 15:27,DLVD,Rs. 0
ORD0000241,C000323,13/01/2024 20:22,Multan,Cash on Delivery,NONE,SwiftShip,17/01/2024,16/01/2024 11:00,DLVD,Rs. 0
ORD0000242,C000257,13/01/2024 20:32,Lahore,COD,WELCOME15,SwiftShip,16/01/2024,15/01/2024 18:46,DLVD,Rs. 0
ORD0000243,C000325,13/01/2024 20:43,Lahore,Cash on Delivery,NONE,CityExpress,16/01/2024,16/01/2024 13:35,DLVD,Rs. 0
ORD0000244,C000080,13/01/2024 21:02,Faisalabad,COD,NONE,CityExpress,17/01/2024,16/01/2024 14:37,DLVD,Rs. 180
ORD0000245,C000210,13/01/2024 21:36,Karachi,COD,NONE,RapidRoute,16/01/2024,,RTO,Rs. 0
ORD0000246,C000322,13/01/2024 21:58,Islamabad ,COD,NONE,SwiftShip,16/01/2024,15/01/2024 11:11,DLVD,Rs. 0
ORD0000247,C000094,13/01/2024 22:37,Karachi,Cash on Delivery,NONE,PakRider,16/01/2024,15/01/2024 11:20,DLVD,Rs. 150
ORD0000248,C000305,13/01/2024 23:02,Gujranwala,COD,NONE,PakRider,17/01/2024,16/01/2024 16:38,DLVD,Rs. 0
ORD0000249,C000324,13/01/2024 23:18,Rawalpindi Cantt,COD,NONE,CityExpress,16/01/2024,16/01/2024 15:23,DLVD,Rs. 0
ORD0000250,C000331,14/01/2024 00:18,Multan,WALLET,WELCOME15,SwiftShip,18/01/2024,16/01/2024 15:10,DLVD,Rs. 0
ORD0000251,C000198,14/01/2024 07:08,Karachi,COD,NONE,RapidRoute,17/01/2024,,RTO,Rs. 0
ORD0000252,C000346,14/01/2024 08:11,Peshawar,COD,NONE,PakRider,18/01/2024,18/01/2024 15:27,DLVD,Rs. 0
ORD0000253,C000031,14/01/2024 09:59,Lahore,Cash on Delivery,WELCOME15,PakRider,17/01/2024,,RTO,Rs. 0
ORD0000254,C000330,14/01/2024 11:11,Karachi,Cash on Delivery,NONE,PakRider,17/01/2024,,CNCL,Rs. 0
ORD0000255,C000344,14/01/2024 14:36,Gujranwala,Cash on Delivery,WELCOME15,PakRider,18/01/2024,19/01/2024 11:32,DLVD,Rs. 0
ORD0000256,C000336,14/01/2024 15:33,Multan,Cash on Delivery,NONE,PakRider,18/01/2024,17/01/2024 17:34,DLVD,Rs. 180
ORD0000257,C000068,14/01/2024 17:37,Peshawar,COD,NONE,CityExpress,18/01/2024,17/01/2024 18:42,DLVD,Rs. 180
ORD0000258,C000342,14/01/2024 18:47,Karachi,Cash on Delivery,NONE,SwiftShip,17/01/2024,15/01/2024 14:22,DLVD,Rs. 0
ORD0000259,C000335,14/01/2024 19:09,Multan,COD,WELCOME15,CityExpress,18/01/2024,17/01/2024 13:30,DLVD,Rs. 0
ORD0000260,C000350,14/01/2024 19:46,Lahore,COD,NONE,RapidRoute,17/01/2024,17/01/2024 18:30,DLVD,Rs. 0
ORD0000261,C000086,14/01/2024 19:59,Lahore,WALLET,NONE,RapidRoute,17/01/2024,17/01/2024 18:56,DLVD,Rs. 150
ORD0000262,C000036,14/01/2024 20:11,Karachi ,Cash on Delivery,NONE,CityExpress,17/01/2024,17/01/2024 12:52,DLVD,Rs. 0
ORD0000263,C000347,14/01/2024 20:12,Faisalabad,Cash on Delivery,WELCOME15,RapidRoute,18/01/2024,18/01/2024 14:02,DLVD,Rs. 180
ORD0000264,C000340,14/01/2024 21:45,Rawalpindi,CC,NONE,SwiftShip,17/01/2024,,DLVD,Rs. 0
ORD0000265,C000334,14/01/2024 22:04,Karachi,Cash on Delivery,NONE,CityExpress,17/01/2024,,RTO,Rs. 0
ORD0000266,C000352,15/01/2024 02:46,Karachi,COD,NONE,CityExpress,18/01/2024,18/01/2024 15:27,DLVD,Rs. 150
ORD0000267,C000355,15/01/2024 06:47,Karachi,CC,NONE,CityExpress,18/01/2024,17/01/2024 15:44,DLVD,Rs. 0
ORD0000268,C000059,15/01/2024 09:07,Faisalabad,COD,FREESHIP,PakRider,19/01/2024,18/01/2024 10:44,DLVD,Rs. 0
ORD0000268,C000059,15/01/2024 09:07,Faisalabad,COD,FREESHIP,PakRider,19/01/2024,18/01/2024 10:44,DLVD,Rs. 0
ORD0000269,C000369,15/01/2024 11:17,Gujranwala,CC,WELCOME15,CityExpress,19/01/2024,19/01/2024 11:45,DLVD,Rs. 0
ORD0000270,C000307,15/01/2024 11:43,Gujranwala,WALLET,NONE,SwiftShip,19/01/2024,20/01/2024 15:43,DLVD,Rs. 0
ORD0000271,C000193,15/01/2024 14:04,Islamabad,COD,NONE,RapidRoute,18/01/2024,,CNCL,Rs. 0
ORD0000272,C000365,15/01/2024 14:25,Multan,COD,FREESHIP,CityExpress,19/01/2024,,RTO,Rs. 0
ORD0000273,C000354,15/01/2024 15:38,Abbottabad,Cash on Delivery,WELCOME15,PakRider,21/01/2024,19/01/2024 13:57,DLVD,Rs. 0
ORD0000274,C000070,15/01/2024 15:47,Lahore,COD,NONE,RapidRoute,18/01/2024,18/01/2024 10:47,DLVD,Rs. 0
ORD0000275,C000262,15/01/2024 15:56,Lahore,WALLET,WELCOME15,SwiftShip,18/01/2024,17/01/2024 19:07,DLVD,Rs. 0
ORD0000276,C000362,15/01/2024 16:30,Sargodha,COD,FREESHIP,RapidRoute,21/01/2024,,RTO,Rs. 0
ORD0000277,C000358,15/01/2024 16:30,Sukkur,COD,NONE,RapidRoute,21/01/2024,20/01/2024 16:57,DLVD,Rs. 220
ORD0000278,C000195,15/01/2024 16:58,Rawalpindi,CC,NONE,SwiftShip,18/01/2024,17/01/2024 19:30,DLVD,Rs. 0
ORD0000279,C000363,15/01/2024 17:25,Lahore,CC,NONE,PakRider,18/01/2024,17/01/2024 12:39,DLVD,Rs. 0
ORD0000280,C000367,15/01/2024 17:43,Hyderabad,WALLET,NONE,SwiftShip,19/01/2024,18/01/2024 14:29,DLVD,Rs. 0
ORD0000281,C000353,15/01/2024 21:24,Gujranwala,Cash on Delivery,NONE,SwiftShip,19/01/2024,19/01/2024 15:49,DLVD,Rs. 180
ORD0000282,C000175,15/01/2024 21:54,Karachi,COD,NONE,CityExpress,18/01/2024,17/01/2024 19:35,DLVD,Rs. 0
ORD0000283,C000330,15/01/2024 21:58,Karachi,COD,NONE,SwiftShip,18/01/2024,16/01/2024 12:45,DLVD,Rs. 0
ORD0000284,C000232,15/01/2024 22:20,Karachi,COD,WELCOME15,SwiftShip,18/01/2024,17/01/2024 13:51,DLVD,Rs. 0
ORD0000285,C000308,15/01/2024 22:29,Lahore,CC,NONE,PakRider,18/01/2024,18/01/2024 17:21,DLVD,Rs. 150
ORD0000286,C000366,15/01/2024 22:33,Rawalpindi,CC,WELCOME15,SwiftShip,18/01/2024,16/01/2024 13:36,DLVD,Rs. 150
ORD0000287,C000371,15/01/2024 22:48,Lahore,COD,WELCOME15,SwiftShip,18/01/2024,18/01/2024 19:47,DLVD,Rs. 0
ORD0000288,C000368,15/01/2024 23:30,Faisalabad,COD,WELCOME15,SwiftShip,19/01/2024,17/01/2024 12:12,DLVD,Rs. 180
ORD0000289,C000364,15/01/2024 23:49,Karachi,COD,NONE,CityExpress,18/01/2024,17/01/2024 10:44,DLVD,Rs. 0
ORD0000290,C000389,16/01/2024 00:57,Islamabad,COD,NONE,RapidRoute,19/01/2024,21/01/2024 12:33,DLVD,Rs. 0
ORD0000291,C000372,16/01/2024 04:08,Peshawar,COD,NONE,RapidRoute,20/01/2024,20/01/2024 12:44,DLVD,Rs. 0
ORD0000292,C000386,16/01/2024 06:29,Abbottabad,COD,NONE,PakRider,22/01/2024,21/01/2024 13:59,DLVD,Rs. 0
ORD0000293,C000391,16/01/2024 09:03,Rawalpindi,COD,NONE,RapidRoute,19/01/2024,19/01/2024 11:47,DLVD,Rs. 150
ORD0000294,C000260,16/01/2024 10:30,Karachi,Cash on Delivery,WELCOME15,PakRider,19/01/2024,20/01/2024 15:23,DLVD,Rs. 0
ORD0000295,C000284,16/01/2024 11:11,RWP,COD,WELCOME15,CityExpress,19/01/2024,18/01/2024 15:55,DLVD,Rs. 150
ORD0000296,C000359,16/01/2024 11:50,Sukkur,COD,NONE,PakRider,22/01/2024,20/01/2024 11:25,DLVD,Rs. 0
ORD0000297,C000053,16/01/2024 11:50,Gujranwala,WALLET,NONE,SwiftShip,20/01/2024,19/01/2024 14:19,DLVD,Rs. 0
ORD0000298,C000332,16/01/2024 13:58,islamabad,CC,NONE,PakRider,19/01/2024,19/01/2024 12:01,DLVD,Rs. 0
ORD0000299,C000380,16/01/2024 16:57,Hyderabad,COD,NONE,CityExpress,20/01/2024,18/01/2024 17:20,DLVD,Rs. 180
ORD0000300,C000374,16/01/2024 17:02,Karachi,COD,NONE,PakRider,19/01/2024,19/01/2024 16:50,DLVD,Rs. 150
ORD0000301,C000388,16/01/2024 17:27,Karachi,Cash on Delivery,NONE,SwiftShip,19/01/2024,18/01/2024 17:49,DLVD,Rs. 0
ORD0000302,C000376,16/01/2024 17:36,Hyderabad,COD,NONE,SwiftShip,20/01/2024,20/01/2024 15:25,DLVD,Rs. 0
ORD0000303,C000382,16/01/2024 18:03,Rawalpindi Cantt,COD,NONE,SwiftShip,19/01/2024,18/01/2024 10:03,DLVD,Rs. 150
ORD0000304,C000070,16/01/2024 18:07,Lahore,WALLET,FREESHIP,CityExpress,19/01/2024,18/01/2024 12:15,DLVD,Rs. 0
ORD0000305,C000221,16/01/2024 19:34,ISB,WALLET,NONE,CityExpress,19/01/2024,18/01/2024 14:05,DLVD,Rs. 150
ORD0000306,C000310,16/01/2024 19:41,Rawalpindi,Cash on Delivery,NONE,PakRider,19/01/2024,19/01/2024 17:45,DLVD,Rs. 0
ORD0000307,C000375,16/01/2024 20:45,Lahore,COD,WELCOME15,PakRider,19/01/2024,19/01/2024 19:32,DLVD,Rs. 150
ORD0000308,C000357,16/01/2024 21:13,Faisalabad,COD,NONE,RapidRoute,20/01/2024,21/01/2024 19:10,DLVD,Rs. 0
ORD0000309,C000363,16/01/2024 21:41,Lahore,COD,NONE,SwiftShip,19/01/2024,18/01/2024 16:30,DLVD,Rs. 150
ORD0000310,C000147,16/01/2024 21:58,Lahore,COD,NONE,PakRider,19/01/2024,18/01/2024 17:51,DLVD,Rs. 0
ORD0000311,C000172,16/01/2024 22:20,Lahore,CC,NONE,PakRider,19/01/2024,20/01/2024 15:26,DLVD,Rs. 0
ORD0000312,C000377,16/01/2024 22:37,Bahawalpur,COD,NONE,PakRider,22/01/2024,20/01/2024 14:31,DLVD,Rs. 0
ORD0000313,C000334,16/01/2024 23:49,KHI,COD,NONE,SwiftShip,19/01/2024,19/01/2024 12:30,DLVD,Rs. 150
ORD0000314,C000419,17/01/2024 01:02,Lahore,COD,NONE,PakRider,20/01/2024,,CNCL,Rs. 0
ORD0000315,C000400,17/01/2024 03:03,Lahore,COD,NONE,PakRider,20/01/2024,,RTO,Rs. 150
ORD0000316,C000399,17/01/2024 06:38,Faisalabad,COD,NONE,SwiftShip,21/01/2024,20/01/2024 15:40,DLVD,Rs. 180
ORD0000317,C000056,17/01/2024 08:14,Bahawalpur,COD,NONE,PakRider,23/01/2024,22/01/2024 16:54,DLVD,Rs. 0
ORD0000318,C000373,17/01/2024 10:59,Islamabad,COD,NONE,RapidRoute,20/01/2024,20/01/2024 15:51,DLVD,Rs. 0
ORD0000319,C000412,17/01/2024 11:12,Lahore,COD,WELCOME15,SwiftShip,20/01/2024,,RTO,Rs. 0
ORD0000320,C000420,17/01/2024 11:34,Sargodha,COD,WELCOME15,CityExpress,23/01/2024,22/01/2024 17:40,DLVD,Rs. 0
ORD0000321,C000375,17/01/2024 12:56,Lahore,COD,NONE,CityExpress,20/01/2024,,RTO,Rs. 150
ORD0000322,C000398,17/01/2024 13:03,SKT,COD,NONE,PakRider,21/01/2024,21/01/2024 14:17,DLVD,Rs. 0
ORD0000323,C000413,17/01/2024 13:45,Faisalabad,CC,NONE,SwiftShip,21/01/2024,19/01/2024 19:25,DLVD,Rs. 0
ORD0000324,C000248,17/01/2024 14:38,Islamabad,COD,NONE,CityExpress,20/01/2024,20/01/2024 15:59,DLVD,Rs. 0
ORD0000325,C000323,17/01/2024 15:38,Multan,Cash on Delivery,NONE,SwiftShip,21/01/2024,20/01/2024 15:07,DLVD,Rs. 0
ORD0000326,C000402,17/01/2024 16:06,Gujranwala,COD,WELCOME15,PakRider,21/01/2024,,CNCL,Rs. 0
ORD0000327,C000108,17/01/2024 16:22,Multan,COD,NONE,PakRider,21/01/2024,,CNCL,Rs. 0
ORD0000328,C000024,17/01/2024 16:30,Abbottabad,COD,NONE,RapidRoute,23/01/2024,22/01/2024 17:50,DLVD,Rs. 0
ORD0000329,C000189,17/01/2024 17:32,Karachi,COD,NONE,SwiftShip,20/01/2024,18/01/2024 16:00,DLVD,Rs. 0
ORD0000330,C000408,17/01/2024 18:17,Multan,Cash on Delivery,NONE,PakRider,21/01/2024,,RTO,Rs. 180
ORD0000331,C000208,17/01/2024 18:28,Multan,WALLET,NONE,SwiftShip,21/01/2024,19/01/2024 10:51,DLVD,Rs. 0
ORD0000332,C000314,17/01/2024 18:47,Rawalpindi,Cash on Delivery,WELCOME15,SwiftShip,20/01/2024,19/01/2024 12:17,DLVD,Rs. 0
ORD0000333,C000285,17/01/2024 20:23,Peshawar,WALLET,WELCOME15,SwiftShip,21/01/2024,19/01/2024 19:38,DLVD,Rs. 0
ORD0000334,C000181,17/01/2024 20:44,Lahore,Cash on Delivery,NONE,RapidRoute,20/01/2024,,RTO,Rs. 0
ORD0000335,C000414,17/01/2024 21:22,Karachi,COD,WELCOME15,CityExpress,20/01/2024,,RTO,Rs. 150
ORD0000336,C000404,17/01/2024 21:38,Karachi,WALLET,WELCOME15,SwiftShip,20/01/2024,19/01/2024 18:26,DLVD,Rs. 150
ORD0000337,C000406,17/01/2024 21:40,Karachi,COD,NONE,SwiftShip,20/01/2024,,CNCL,Rs. 0
ORD0000338,C000343,17/01/2024 21:57,Lahore,WALLET,NONE,PakRider,20/01/2024,21/01/2024 11:03,DLVD,Rs. 150
ORD0000339,C000395,17/01/2024 22:03,Hyderabad,COD,NONE,SwiftShip,21/01/2024,19/01/2024 16:28,DLVD,Rs. 0
ORD0000340,C000410,17/01/2024 22:25,Lahore Cantt,Cash on Delivery,NONE,PakRider,20/01/2024,19/01/2024 13:05,DLVD,Rs. 0
ORD0000341,C000309,17/01/2024 23:17,Multan,COD,NONE,PakRider,21/01/2024,22/01/2024 19:42,DLVD,Rs. 0
ORD0000342,C000397,17/01/2024 23:54,Sialkot,Cash on Delivery,NONE,PakRider,21/01/2024,20/01/2024 10:30,DLVD,Rs. 0
ORD0000343,C000018,17/01/2024 23:59,Gujranwala,COD,NONE,RapidRoute,21/01/2024,,RTO,Rs. 180
ORD0000344,C000183,18/01/2024 02:37,Islamabad,COD,NONE,CityExpress,21/01/2024,,RTO,Rs. 0
ORD0000345,C000375,18/01/2024 07:32,Lahore,COD,NONE,SwiftShip,21/01/2024,20/01/2024 12:17,DLVD,Rs. 0
ORD0000346,C000442,18/01/2024 09:41,Karachi,CC,NONE,SwiftShip,21/01/2024,20/01/2024 11:33,DLVD,Rs. 0
ORD0000347,C000423,18/01/2024 11:09,,COD,NONE,RapidRoute,21/01/2024,22/01/2024 13:01,DLVD,Rs. 150
ORD0000348,C000422,18/01/2024 13:13,Faisalabad,COD,NONE,SwiftShip,22/01/2024,21/01/2024 11:23,DLVD,Rs. 0
ORD0000349,C000421,18/01/2024 17:24,Bahawalpur,Cash on Delivery,WELCOME15,PakRider,24/01/2024,22/01/2024 16:03,DLVD,Rs. 0
ORD0000350,C000444,18/01/2024 17:26,Abbottabad,Cash on Delivery,NONE,SwiftShip,24/01/2024,21/01/2024 14:33,DLVD,Rs. 0
ORD0000351,C000447,18/01/2024 17:27,Multan,COD,NONE,SwiftShip,22/01/2024,21/01/2024 16:35,DLVD,Rs. 0
ORD0000352,C000284,18/01/2024 17:35,Rawalpindi,COD,NONE,PakRider,21/01/2024,21/01/2024 17:02,DLVD,Rs. 0
ORD0000353,C000428,18/01/2024 17:41,Karachi,COD,NONE,SwiftShip,21/01/2024,20/01/2024 19:48,DLVD,Rs. 0
ORD0000354,C000443,18/01/2024 18:14,Lahore,COD,NONE,SwiftShip,21/01/2024,,RTO,Rs. 0
ORD0000355,C000243,18/01/2024 18:42,Rawalpindi,COD,NONE,SwiftShip,21/01/2024,,RTO,Rs. 0
ORD0000356,C000438,18/01/2024 18:57,lahore,Cash on Delivery,NONE,SwiftShip,21/01/2024,20/01/2024 15:12,DLVD,Rs. 0
ORD0000357,C000342,18/01/2024 19:40,Karachi,COD,NONE,PakRider,21/01/2024,21/01/2024 13:02,DLVD,Rs. 150
ORD0000358,C000424,18/01/2024 20:17,Lahore,COD,WELCOME15,SwiftShip,21/01/2024,21/01/2024 16:21,DLVD,Rs. 0
ORD0000359,C000446,18/01/2024 20:21,Karachi,COD,WELCOME15,PakRider,21/01/2024,20/01/2024 14:33,DLVD,Rs. 0
ORD0000360,C000445,18/01/2024 20:26,peshawar,COD,NONE,PakRider,22/01/2024,21/01/2024 14:32,DLVD,Rs. 0
ORD0000361,C000019,18/01/2024 20:59,Sialkot,COD,NONE,RapidRoute,22/01/2024,22/01/2024 19:31,DLVD,Rs. 180
ORD0000362,C000429,18/01/2024 21:14,Lahore,COD,NONE,PakRider,21/01/2024,,RTO,Rs. 150
ORD0000363,C000370,18/01/2024 21:16,Lahore,Cash on Delivery,WELCOME15,SwiftShip,21/01/2024,,RTO,Rs. 0
ORD0000364,C000416,18/01/2024 21:26,Rawalpindi,Cash on Delivery,NONE,PakRider,21/01/2024,,RTO,Rs. 0
ORD0000365,C000427,18/01/2024 21:34,Sargodha,COD,NONE,PakRider,24/01/2024,22/01/2024 18:49,DLVD,Rs. 0
ORD0000366,C000465,19/01/2024 01:47,Lahore,Cash on Delivery,WELCOME15,PakRider,22/01/2024,21/01/2024 10:02,DLVD,Rs. 150
ORD0000367,C000303,19/01/2024 07:56,Multan,WALLET,NONE,RapidRoute,23/01/2024,23/01/2024 18:13,DLVD,Rs. 0
ORD0000368,C000464,19/01/2024 09:04,Sukkur,COD,NONE,RapidRoute,25/01/2024,25/01/2024 12:50,DLVD,Rs. 220
ORD0000369,C000435,19/01/2024 09:24,Islamabad ,COD,WELCOME15,SwiftShip,22/01/2024,20/01/2024 18:07,DLVD,Rs. 0
ORD0000370,C000361,19/01/2024 10:11,Lahore,CC,WELCOME15,SwiftShip,22/01/2024,22/01/2024 15:41,DLVD,Rs. 150
ORD0000371,C000455,19/01/2024 10:17,Lahore,CC,NONE,CityExpress,22/01/2024,21/01/2024 10:22,DLVD,Rs. 0
ORD0000372,C000453,19/01/2024 10:33,Sialkot,COD,NONE,PakRider,23/01/2024,23/01/2024 12:17,DLVD,Rs. 0
ORD0000373,C000463,19/01/2024 10:38,Karachi,COD,NONE,CityExpress,22/01/2024,,RTO,Rs. 0
ORD0000374,C000338,19/01/2024 10:43,Islamabad,Cash on Delivery,NONE,CityExpress,22/01/2024,,RTO,Rs. 0
ORD0000375,C000145,19/01/2024 10:50,Sargodha,COD,NONE,PakRider,25/01/2024,23/01/2024 13:27,DLVD,Rs. 0
ORD0000376,C000456,19/01/2024 10:50,Sialkot,COD,NONE,PakRider,23/01/2024,22/01/2024 12:04,DLVD,Rs. 0
ORD0000377,C000403,19/01/2024 10:51,Gujranwala,COD,WELCOME15,CityExpress,23/01/2024,22/01/2024 14:32,DLVD,Rs. 0
ORD0000378,C000167,19/01/2024 11:01,Rawalpindi,COD,NONE,SwiftShip,22/01/2024,21/01/2024 13:43,DLVD,Rs. 0
ORD0000379,C000448,19/01/2024 11:28,Karachi,COD,NONE,PakRider,22/01/2024,21/01/2024 18:40,DLVD,Rs. 150
ORD0000380,C000107,19/01/2024 12:09,Karachi,COD,NONE,CityExpress,22/01/2024,,RTO,Rs. 0
ORD0000381,C000393,19/01/2024 12:14,Peshawar,COD,NONE,PakRider,23/01/2024,,CNCL,Rs. 180
ORD0000382,C000035,19/01/2024 12:36,Karachi,COD,FREESHIP,RapidRoute,22/01/2024,22/01/2024 10:30,DLVD,Rs. 0
ORD0000383,C000116,19/01/2024 13:06,Lahore,COD,WELCOME15,RapidRoute,22/01/2024,,CNCL,Rs. 0
ORD0000384,C000462,19/01/2024 14:10,Sialkot,Cash on Delivery,WELCOME15,SwiftShip,23/01/2024,22/01/2024 11:42,DLVD,Rs. 180
ORD0000385,C000392,19/01/2024 14:34,Islamabad,COD,NONE,CityExpress,22/01/2024,21/01/2024 11:35,DLVD,Rs. 0
ORD0000386,C000181,19/01/2024 15:32,Lahore Cantt,WALLET,NONE,PakRider,22/01/2024,22/01/2024 10:18,DLVD,Rs. 0
ORD0000387,C000440,19/01/2024 15:43,Karachi,COD,NONE,CityExpress,22/01/2024,21/01/2024 12:39,DLVD,Rs. 0
ORD0000388,C000466,19/01/2024 15:52, Lahore,COD,NONE,SwiftShip,22/01/2024,21/01/2024 16:07,DLVD,Rs. 150
ORD0000389,C000213,19/01/2024 17:10,sargodha,COD,NONE,PakRider,25/01/2024,24/01/2024 13:07,DLVD,Rs. 0
ORD0000390,C000224,19/01/2024 17:58,Sukkur,COD,NONE,SwiftShip,25/01/2024,24/01/2024 16:38,DLVD,Rs. 0
ORD0000391,C000467,19/01/2024 18:42,Lahore,Cash on Delivery,NONE,PakRider,22/01/2024,22/01/2024 10:08,DLVD,Rs. 0
ORD0000392,C000315,19/01/2024 19:04,Mardan,COD,WELCOME15,RapidRoute,25/01/2024,,RTO,Rs. 0
ORD0000393,C000115,19/01/2024 19:14,Karachi,Cash on Delivery,NONE,PakRider,22/01/2024,22/01/2024 16:05,DLVD,Rs. 150
ORD0000394,C000398,19/01/2024 19:35,Sialkot,COD,NONE,RapidRoute,23/01/2024,24/01/2024 11:51,DLVD,Rs. 180
ORD0000395,C000457,19/01/2024 19:40,Lahore,COD,NONE,PakRider,22/01/2024,,RTO,Rs. 150
ORD0000396,C000381,19/01/2024 21:20,Karachi,COD,NONE,PakRider,22/01/2024,22/01/2024 10:38,DLVD,Rs. 0
ORD0000397,C000459,19/01/2024 21:32,Hyderabad,Cash on Delivery,NONE,CityExpress,23/01/2024,22/01/2024 15:12,DLVD,Rs. 0
ORD0000398,C000452,19/01/2024 22:46,Karachi,CC,NONE,SwiftShip,22/01/2024,20/01/2024 17:41,DLVD,Rs. 150
ORD0000399,C000460,19/01/2024 22:49,Lahore,COD,NONE,PakRider,22/01/2024,22/01/2024 16:55,DLVD,Rs. 0
ORD0000400,C000454,19/01/2024 23:28,Multan,COD,WELCOME15,PakRider,23/01/2024,,RTO,Rs. 180
ORD0000401,C000476,20/01/2024 00:58,Rawalpindi,COD,WELCOME15,PakRider,23/01/2024,22/01/2024 19:46,DLVD,Rs. 150
ORD0000402,C000343,20/01/2024 08:14,Lahore,Cash on Delivery,FREESHIP,PakRider,23/01/2024,23/01/2024 17:14,DLVD,Rs. 0
ORD0000403,C000478,20/01/2024 10:21,Sargodha,COD,NONE,CityExpress,26/01/2024,,RTO,Rs. 220
ORD0000404,C000474,20/01/2024 10:34,Lahore,COD,NONE,SwiftShip,23/01/2024,,RTO,Rs. 150
ORD0000405,C000470,20/01/2024 10:36,Lahore,COD,WELCOME15,SwiftShip,23/01/2024,21/01/2024 14:50,DLVD,Rs. 0
ORD0000406,C000267,20/01/2024 10:55,Lahore,Cash on Delivery,NONE,SwiftShip,23/01/2024,,RTO,Rs. 0
ORD0000407,C000182,20/01/2024 11:12,Karachi,COD,NONE,SwiftShip,23/01/2024,23/01/2024 19:51,DLVD,Rs. 0
ORD0000408,C000467,20/01/2024 12:30,Lahore,COD,NONE,PakRider,23/01/2024,22/01/2024 15:05,DLVD,Rs. 0
ORD0000409,C000223,20/01/2024 14:02,Faisalabad,Cash on Delivery,NONE,SwiftShip,24/01/2024,23/01/2024 17:56,DLVD,Rs. 0
ORD0000410,C000372,20/01/2024 14:04,Peshawar,WALLET,FREESHIP,PakRider,24/01/2024,23/01/2024 10:36,DLVD,Rs. 0
ORD0000411,C000477,20/01/2024 14:11,Lahore,CC,NONE,CityExpress,23/01/2024,23/01/2024 11:16,DLVD,Rs. 0
ORD0000412,C000481,20/01/2024 14:30,Karachi,COD,NONE,CityExpress,23/01/2024,22/01/2024 16:47,DLVD,Rs. 150
ORD0000413,C000469,20/01/2024 16:59,Abbottabad,CC,WELCOME15,PakRider,26/01/2024,24/01/2024 15:44,DLVD,Rs. 0
ORD0000414,C000472,20/01/2024 18:31,Lahore,COD,WELCOME15,RapidRoute,23/01/2024,,RTO,Rs. 0
ORD0000415,C000275,20/01/2024 19:43,Lahore,COD,NONE,CityExpress,23/01/2024,22/01/2024 13:53,DLVD,Rs. 0
ORD0000416,C000451,20/01/2024 19:58,Sukkur,COD,NONE,RapidRoute,26/01/2024,25/01/2024 13:54,DLVD,Rs. 0
ORD0000417,C000471,20/01/2024 22:39,Faisalabad,COD,NONE,SwiftShip,24/01/2024,22/01/2024 17:22,DLVD,Rs. 180
ORD0000418,C000093,20/01/2024 23:42,Hyderabad,Cash on Delivery,NONE,SwiftShip,24/01/2024,,RTO,Rs. 180
ORD0000419,C000394,21/01/2024 06:04,Rawalpindi,Cash on Delivery,NONE,PakRider,24/01/2024,24/01/2024 19:45,DLVD,Rs. 150
ORD0000420,C000503,21/01/2024 06:05,Islamabad,COD,NONE,CityExpress,24/01/2024,23/01/2024 12:26,DLVD,Rs. 0
ORD0000421,C000504,21/01/2024 07:05,Rawalpindi,WALLET,NONE,CityExpress,24/01/2024,24/01/2024 12:10,DLVD,Rs. 0
ORD0000422,C000488,21/01/2024 08:45,Peshawar,COD,WELCOME15,PakRider,25/01/2024,24/01/2024 13:19,DLVD,Rs. 180
ORD0000423,C000505,21/01/2024 08:52,Karachi,CC,NONE,SwiftShip,24/01/2024,22/01/2024 18:12,DLVD,Rs. 0
ORD0000424,C000501,21/01/2024 10:31,Faisalabad,COD,NONE,RapidRoute,25/01/2024,,RTO,Rs. 0
ORD0000425,C000507,21/01/2024 10:32,Faisalabad,COD,NONE,CityExpress,25/01/2024,24/01/2024 18:54,DLVD,Rs. 180
ORD0000426,C000278,21/01/2024 11:55,Lahore,Cash on Delivery,NONE,SwiftShip,24/01/2024,,DLVD,Rs. 150
ORD0000427,C000498,21/01/2024 12:11,Lahore,Cash on Delivery,NONE,CityExpress,24/01/2024,23/01/2024 10:14,DLVD,Rs. 150
ORD0000428,C000330,21/01/2024 12:31,Karachi,COD,NONE,PakRider,24/01/2024,25/01/2024 11:49,DLVD,Rs. 150
ORD0000429,C000050,21/01/2024 12:35,Hyderabad,COD,NONE,SwiftShip,25/01/2024,24/01/2024 16:26,DLVD,Rs. 180
ORD0000430,C000506,21/01/2024 12:53,Peshawar,CC,NONE,RapidRoute,25/01/2024,25/01/2024 11:31,DLVD,Rs. 180
ORD0000431,C000467,21/01/2024 13:59,Lahore,Cash on Delivery,NONE,SwiftShip,24/01/2024,23/01/2024 16:59,DLVD,Rs. 0
ORD0000432,C000493,21/01/2024 14:24,Karachi,COD,WELCOME15,SwiftShip,24/01/2024,23/01/2024 11:00,DLVD,Rs. 150
ORD0000433,C000216,21/01/2024 15:21,HYD,WALLET,FREESHIP,SwiftShip,25/01/2024,24/01/2024 12:51,DLVD,Rs. 0
ORD0000434,C000486,21/01/2024 15:30,MULTAN,COD,WELCOME15,SwiftShip,25/01/2024,,RTO,Rs. 0
ORD0000435,C000431,21/01/2024 16:20,Sialkot,COD,NONE,CityExpress,25/01/2024,24/01/2024 13:36,DLVD,Rs. 0
ORD0000436,C000102,21/01/2024 17:27,FSD,CC,NONE,RapidRoute,25/01/2024,25/01/2024 14:24,DLVD,Rs. 0
ORD0000437,C000500,21/01/2024 17:37,Lahore,Cash on Delivery,NONE,SwiftShip,24/01/2024,23/01/2024 14:02,DLVD,Rs. 150
ORD0000438,C000494,21/01/2024 19:18,Multan,Cash on Delivery,NONE,PakRider,25/01/2024,24/01/2024 15:35,DLVD,Rs. 0
ORD0000439,C000495,21/01/2024 20:07,Gujranwala,COD,WELCOME15,RapidRoute,25/01/2024,26/01/2024 10:24,DLVD,Rs. 0
ORD0000440,C000496,21/01/2024 20:28,Rawalpindi,WALLET,WELCOME15,CityExpress,24/01/2024,,CNCL,Rs. 0
ORD0000441,C000008,21/01/2024 20:36,Karachi,WALLET,NONE,SwiftShip,24/01/2024,23/01/2024 13:43,DLVD,Rs. 0
ORD0000442,C000502,21/01/2024 20:54,Lahore,COD,NONE,CityExpress,24/01/2024,24/01/2024 14:41,DLVD,Rs. 150
ORD0000443,C000490,21/01/2024 21:06,Karachi,CC,NONE,CityExpress,24/01/2024,23/01/2024 12:30,DLVD,Rs. 0
ORD0000444,C000182,21/01/2024 21:13,Karachi,COD,NONE,CityExpress,24/01/2024,23/01/2024 16:10,DLVD,Rs. 0
ORD0000445,C000487,21/01/2024 22:58,Lahore,Cash on Delivery,NONE,SwiftShip,24/01/2024,23/01/2024 13:54,DLVD,Rs. 0
ORD0000446,C000360,21/01/2024 23:52,Bahawalpur,Cash on Delivery,NONE,PakRider,27/01/2024,,RTO,Rs. 0
ORD0000447,C000522,22/01/2024 06:07,Gujranwala,COD,NONE,CityExpress,26/01/2024,25/01/2024 15:24,DLVD,Rs. 0
ORD0000448,C000519,22/01/2024 08:52,Karachi,Cash on Delivery,NONE,PakRider,25/01/2024,25/01/2024 10:45,DLVD,Rs. 0
ORD0000449,C000511,22/01/2024 09:28,Rawalpindi,Cash on Delivery,NONE,CityExpress,25/01/2024,,RTO,Rs. 0
ORD0000450,C000520,22/01/2024 10:35,Gujranwala,Cash on Delivery,NONE,PakRider,26/01/2024,25/01/2024 14:22,DLVD,Rs. 0
ORD0000451,C000330,22/01/2024 11:20,Karachi,COD,NONE,CityExpress,25/01/2024,25/01/2024 13:47,DLVD,Rs. 150
ORD0000452,C000517,22/01/2024 13:12,Lahore,Cash on Delivery,WELCOME15,SwiftShip,25/01/2024,24/01/2024 17:14,DLVD,Rs. 0
ORD0000453,C000513,22/01/2024 13:32,Multan,COD,NONE,CityExpress,26/01/2024,,RTO,Rs. 0
ORD0000454,C000523,22/01/2024 14:11,Rawalpindi,Cash on Delivery,WELCOME15,SwiftShip,25/01/2024,24/01/2024 11:54,DLVD,Rs. 0
ORD0000455,C000470,22/01/2024 14:56,Lahore,Cash on Delivery,NONE,PakRider,25/01/2024,25/01/2024 16:24,DLVD,Rs. 0
ORD0000456,C000479,22/01/2024 15:07,Lahore,COD,WELCOME15,SwiftShip,25/01/2024,24/01/2024 11:20,DLVD,Rs. 0
ORD0000457,C000516,22/01/2024 15:55,Hyderabad,Cash on Delivery,WELCOME15,SwiftShip,26/01/2024,26/01/2024 15:38,DLVD,Rs. 0
ORD0000458,C000295,22/01/2024 15:59,Lahore,CC,WELCOME15,CityExpress,25/01/2024,24/01/2024 12:31,DLVD,Rs. 0
ORD0000459,C000480,22/01/2024 16:23,Gujranwala,COD,NONE,PakRider,26/01/2024,,CNCL,Rs. 0
ORD0000460,C000526,22/01/2024 17:07,Faisalabad,COD,NONE,PakRider,26/01/2024,26/01/2024 11:43,DLVD,Rs. 0
ORD0000461,C000105,22/01/2024 17:21,Gujranwala,COD,WELCOME15,SwiftShip,26/01/2024,24/01/2024 16:52,DLVD,Rs. 0
ORD0000462,C000510,22/01/2024 17:40,Lahore,COD,NONE,SwiftShip,25/01/2024,23/01/2024 11:48,DLVD,Rs. 0
ORD0000463,C000521,22/01/2024 18:07,Faisalabad,COD,NONE,PakRider,26/01/2024,26/01/2024 11:04,DLVD,Rs. 0
ORD0000464,C000514,22/01/2024 18:15,Peshawar,CC,NONE,CityExpress,26/01/2024,25/01/2024 13:01,DLVD,Rs. 0
ORD0000465,C000490,22/01/2024 18:28,Karachi,COD,NONE,SwiftShip,25/01/2024,24/01/2024 18:36,DLVD,Rs. 0
ORD0000466,C000425,22/01/2024 19:20,Faisalabad,COD,WELCOME15,PakRider,26/01/2024,25/01/2024 12:58,DLVD,Rs. 0
ORD0000467,C000027,22/01/2024 19:22,Gujranwala,COD,NONE,CityExpress,26/01/2024,25/01/2024 19:47,DLVD,Rs. 0
ORD0000468,C000524,22/01/2024 19:36,,Cash on Delivery,NONE,RapidRoute,26/01/2024,,RTO,Rs. 180
ORD0000469,C000461,22/01/2024 19:59,Karachi,COD,NONE,PakRider,25/01/2024,24/01/2024 11:48,DLVD,Rs. 150
ORD0000470,C000419,22/01/2024 20:47,Lahore,WALLET,NONE,SwiftShip,25/01/2024,24/01/2024 10:17,DLVD,Rs. 0
ORD0000471,C000450,22/01/2024 21:32,Lahore,COD,WELCOME15,RapidRoute,25/01/2024,25/01/2024 11:55,DLVD,Rs. 0
ORD0000472,C000363,22/01/2024 22:37,Lahore,CC,NONE,RapidRoute,25/01/2024,25/01/2024 17:12,DLVD,Rs. 0
ORD0000473,C000525,22/01/2024 23:09,Rawalpindi,COD,NONE,CityExpress,25/01/2024,24/01/2024 10:31,DLVD,Rs. 0
ORD0000474,C000537,23/01/2024 01:32,Islamabad,COD,NONE,PakRider,26/01/2024,25/01/2024 17:13,DLVD,Rs. 150
ORD0000475,C000536,23/01/2024 06:56,Bahawalpur,WALLET,NONE,CityExpress,29/01/2024,,CNCL,Rs. 0
ORD0000476,C000547,23/01/2024 06:58,Bahawalpur,COD,WELCOME15,RapidRoute,29/01/2024,,RTO,Rs. 0
ORD0000477,C000489,23/01/2024 09:29,Lahore,COD,NONE,PakRider,26/01/2024,25/01/2024 15:54,DLVD,Rs. 0
ORD0000478,C000551,23/01/2024 13:04,Rawalpindi,CC,FREESHIP,RapidRoute,26/01/2024,27/01/2024 14:15,DLVD,Rs. 0
ORD0000479,C000375,23/01/2024 13:11,Lahore,COD,NONE,SwiftShip,26/01/2024,24/01/2024 17:21,DLVD,Rs. 150
ORD0000480,C000545,23/01/2024 15:40,Lahore,COD,NONE,SwiftShip,26/01/2024,26/01/2024 13:15,DLVD,Rs. 0
ORD0000481,C000514,23/01/2024 17:05,Peshawar,CC,NONE,PakRider,27/01/2024,26/01/2024 16:33,DLVD,Rs. 0
ORD0000482,C000549,23/01/2024 17:14,Lahore,Cash on Delivery,NONE,SwiftShip,26/01/2024,25/01/2024 15:02,DLVD,Rs. 150
ORD0000483,C000556,23/01/2024 17:22,Karachi,COD,NONE,PakRider,26/01/2024,,CNCL,Rs. 0
ORD0000484,C000532,23/01/2024 17:57,Lahore,Cash on Delivery,WELCOME15,RapidRoute,26/01/2024,,RTO,Rs. 150
ORD0000485,C000348,23/01/2024 18:12,Lahore,WALLET,NONE,CityExpress,26/01/2024,25/01/2024 16:20,DLVD,Rs. 0
ORD0000486,C000540,23/01/2024 18:25,Multan,Cash on Delivery,NONE,PakRider,27/01/2024,26/01/2024 13:48,DLVD,Rs. 0
ORD0000487,C000535,23/01/2024 18:46,Rawalpindi,WALLET,FREESHIP,PakRider,26/01/2024,27/01/2024 19:52,DLVD,Rs. 0
ORD0000488,C000553,23/01/2024 19:02,"Hyderabad, Sindh",COD,NONE,RapidRoute,27/01/2024,27/01/2024 19:24,DLVD,Rs. 180
ORD0000489,C000542,23/01/2024 19:16,Lahore,COD,NONE,CityExpress,26/01/2024,,CNCL,Rs. 0
ORD0000490,C000555,23/01/2024 20:45,Bahawalpur,Cash on Delivery,NONE,PakRider,29/01/2024,27/01/2024 10:29,DLVD,Rs. 0
ORD0000491,C000548,23/01/2024 21:00,Multan,CC,WELCOME15,PakRider,27/01/2024,27/01/2024 13:41,DLVD,Rs. 180
ORD0000492,C000533,23/01/2024 21:00,Karachi,Cash on Delivery,NONE,PakRider,26/01/2024,25/01/2024 14:43,DLVD,Rs. 0
ORD0000493,C000539,23/01/2024 22:08,Faisalabad,COD,NONE,PakRider,27/01/2024,,RTO,Rs. 0
ORD0000494,C000552,23/01/2024 22:20,Gujranwala,COD,NONE,PakRider,27/01/2024,26/01/2024 17:12,DLVD,Rs. 0
ORD0000495,C000530,23/01/2024 22:22,Lahore,Cash on Delivery,NONE,PakRider,26/01/2024,26/01/2024 19:43,DLVD,Rs. 0
ORD0000496,C000050,23/01/2024 22:43,HYD,COD,NONE,RapidRoute,27/01/2024,29/01/2024 12:39,DLVD,Rs. 0
ORD0000497,C000564,24/01/2024 03:54,Bahawalpur,COD,FREESHIP,RapidRoute,30/01/2024,30/01/2024 18:58,DLVD,Rs. 0
ORD0000498,C000569,24/01/2024 07:45,Karachi,Cash on Delivery,NONE,PakRider,27/01/2024,26/01/2024 15:42,DLVD,Rs. 150
ORD0000499,C000482,24/01/2024 09:50,Multan,Cash on Delivery,NONE,CityExpress,28/01/2024,27/01/2024 17:31,DLVD,Rs. 180
ORD0000500,C000581,24/01/2024 11:29,Quetta,Cash on Delivery,NONE,SwiftShip,30/01/2024,27/01/2024 11:53,DLVD,Rs. 0
ORD0000501,C000567,24/01/2024 11:37,Hyderabad,Cash on Delivery,NONE,RapidRoute,28/01/2024,28/01/2024 11:02,DLVD,Rs. 180
ORD0000502,C000248,24/01/2024 11:49,Islamabad,CC,FREESHIP,CityExpress,27/01/2024,26/01/2024 16:00,DLVD,Rs. 0
ORD0000503,C000417,24/01/2024 12:22,Mardan,COD,NONE,PakRider,30/01/2024,,RTO,Rs. 0
ORD0000504,C000576,24/01/2024 13:21,Sialkot,COD,NONE,SwiftShip,28/01/2024,26/01/2024 19:04,DLVD,Rs. 180
ORD0000505,C000355,24/01/2024 13:31,Karachi,CC,NONE,SwiftShip,27/01/2024,25/01/2024 18:22,DLVD,Rs. 150
ORD0000506,C000379,24/01/2024 13:46,Multan,COD,NONE,PakRider,28/01/2024,,RTO,Rs. 0
ORD0000507,C000508,24/01/2024 14:44,Rawalpindi,COD,WELCOME15,PakRider,27/01/2024,26/01/2024 10:51,DLVD,Rs. 0
ORD0000508,C000574,24/01/2024 15:00,Karachi,CC,NONE,SwiftShip,27/01/2024,26/01/2024 13:47,DLVD,Rs. 150
ORD0000509,C000570,24/01/2024 15:17,Bahawalpur,COD,WELCOME15,PakRider,30/01/2024,28/01/2024 11:05,DLVD,Rs. 0
ORD0000510,C000575,24/01/2024 16:34,,COD,NONE,SwiftShip,27/01/2024,26/01/2024 18:29,DLVD,Rs. 150
ORD0000511,C000571,24/01/2024 17:12,Lahore,WALLET,WELCOME15,PakRider,27/01/2024,27/01/2024 18:50,DLVD,Rs. 0
ORD0000512,C000563,24/01/2024 17:28,Karachi,COD,NONE,SwiftShip,27/01/2024,27/01/2024 16:56,DLVD,Rs. 0
ORD0000513,C000573,24/01/2024 17:31,quetta,COD,NONE,RapidRoute,30/01/2024,,CNCL,Rs. 0
ORD0000514,C000572,24/01/2024 17:41,Islamabad,Cash on Delivery,NONE,CityExpress,27/01/2024,26/01/2024 15:25,DLVD,Rs. 0
ORD0000515,C000561,24/01/2024 17:46,Lahore,WALLET,NONE,CityExpress,27/01/2024,26/01/2024 13:17,DLVD,Rs. 0
ORD0000516,C000560,24/01/2024 20:00,Lahore,CC,NONE,SwiftShip,27/01/2024,26/01/2024 13:08,DLVD,Rs. 0
ORD0000517,C000565,24/01/2024 20:02,Peshawar,WALLET,NONE,PakRider,28/01/2024,27/01/2024 17:53,DLVD,Rs. 0
ORD0000518,C000411,24/01/2024 20:51,Islamabad,COD,NONE,PakRider,27/01/2024,26/01/2024 14:38,DLVD,Rs. 0
ORD0000519,C000491,24/01/2024 20:54,Faisalabad,COD,WELCOME15,RapidRoute,28/01/2024,28/01/2024 10:48,DLVD,Rs. 0
ORD0000520,C000577,24/01/2024 21:39,Islamabad,WALLET,WELCOME15,PakRider,27/01/2024,26/01/2024 13:55,DLVD,Rs. 0
ORD0000521,C000579,24/01/2024 22:01,Abbottabad,Cash on Delivery,WELCOME15,PakRider,30/01/2024,28/01/2024 12:28,DLVD,Rs. 0
ORD0000522,C000605,25/01/2024 07:08,Rawalpindi,CC,WELCOME15,CityExpress,28/01/2024,27/01/2024 13:42,DLVD,Rs. 150
ORD0000523,C000598,25/01/2024 08:06, Lahore,WALLET,NONE,PakRider,28/01/2024,28/01/2024 14:44,DLVD,Rs. 0
ORD0000524,C000589,25/01/2024 08:08,BWP,Cash on Delivery,NONE,RapidRoute,31/01/2024,31/01/2024 15:29,DLVD,Rs. 0
ORD0000525,C000583,25/01/2024 09:40,Gujranwala,Cash on Delivery,NONE,SwiftShip,29/01/2024,28/01/2024 16:54,DLVD,Rs. 0
ORD0000526,C000187,25/01/2024 10:58,Karachi,COD,NONE,PakRider,28/01/2024,29/01/2024 18:35,DLVD,Rs. 0
ORD0000527,C000515,25/01/2024 11:11,Karachi,Cash on Delivery,WELCOME15,CityExpress,28/01/2024,,RTO,Rs. 150
ORD0000528,C000565,25/01/2024 12:24,Peshawar,Cash on Delivery,FREESHIP,CityExpress,29/01/2024,29/01/2024 19:27,DLVD,Rs. 0
ORD0000529,C000596,25/01/2024 13:35,Faisalabad,CC,WELCOME15,RapidRoute,29/01/2024,29/01/2024 15:06,DLVD,Rs. 180
ORD0000530,C000568,25/01/2024 15:32,Multan,WALLET,NONE,SwiftShip,29/01/2024,,CNCL,Rs. 0
ORD0000531,C000603,25/01/2024 17:01,Karachi,CC,NONE,SwiftShip,28/01/2024,28/01/2024 12:44,DLVD,Rs. 0
ORD0000532,C000317,25/01/2024 17:25,Rawalpindi,COD,NONE,PakRider,28/01/2024,,RTO,Rs. 150
ORD0000533,C000590,25/01/2024 17:40,Rawalpindi,COD,NONE,PakRider,28/01/2024,28/01/2024 15:54,DLVD,Rs. 150
ORD0000534,C000582,25/01/2024 18:04,Karachi ,COD,WELCOME15,CityExpress,28/01/2024,27/01/2024 16:23,DLVD,Rs. 0
ORD0000535,C000129,25/01/2024 18:31,Karachi,CC,NONE,PakRider,28/01/2024,27/01/2024 17:20,DLVD,Rs. 0
ORD0000536,C000588,25/01/2024 18:56,Karachi,COD,NONE,PakRider,28/01/2024,,RTO,Rs. 0
ORD0000537,C000601,25/01/2024 19:36,Islamabad,COD,NONE,CityExpress,28/01/2024,28/01/2024 17:13,DLVD,Rs. 0
ORD0000538,C000606,25/01/2024 20:10,Karachi,WALLET,NONE,SwiftShip,28/01/2024,27/01/2024 12:04,DLVD,Rs. 150
ORD0000539,C000591,25/01/2024 20:38,Faisalabad,COD,WELCOME15,RapidRoute,29/01/2024,29/01/2024 14:16,DLVD,Rs. 180
ORD0000540,C000108,25/01/2024 20:39,Multan,COD,NONE,PakRider,29/01/2024,29/01/2024 17:19,DLVD,Rs. 0
ORD0000541,C000587,25/01/2024 21:48,Rawalpindi,COD,NONE,CityExpress,28/01/2024,,RTO,Rs. 0
ORD0000542,C000299,25/01/2024 21:48,Karachi,Cash on Delivery,NONE,SwiftShip,28/01/2024,,RTO,Rs. 0
ORD0000543,C000106,25/01/2024 22:39,Karachi,Cash on Delivery,NONE,SwiftShip,28/01/2024,27/01/2024 16:49,DLVD,Rs. 150
ORD0000544,C000595,25/01/2024 23:23,Hyderabad,COD,WELCOME15,SwiftShip,29/01/2024,,RTO,Rs. 0
ORD0000545,C000619,26/01/2024 09:30,Rawalpindi,CC,WELCOME15,SwiftShip,29/01/2024,28/01/2024 19:27,DLVD,Rs. 150
ORD0000546,C000615,26/01/2024 09:36,Rawalpindi,CC,NONE,PakRider,29/01/2024,28/01/2024 12:31,DLVD,Rs. 0
ORD0000547,C000622,26/01/2024 09:50,Hyderabad,COD,FREESHIP,PakRider,30/01/2024,30/01/2024 19:27,DLVD,Rs. 0
ORD0000548,C000538,26/01/2024 10:37,Peshawar,COD,WELCOME15,CityExpress,30/01/2024,,RTO,Rs. 180
ORD0000549,C000626,26/01/2024 11:02,Faisalabad,COD,WELCOME15,SwiftShip,30/01/2024,29/01/2024 17:26,DLVD,Rs. 0
ORD0000550,C000608,26/01/2024 11:53,Islamabad,COD,WELCOME15,RapidRoute,29/01/2024,,RTO,Rs. 0
ORD0000551,C000610,26/01/2024 12:17,Karachi,Cash on Delivery,NONE,SwiftShip,29/01/2024,,RTO,Rs. 0
ORD0000552,C000512,26/01/2024 12:40,Peshawar,Cash on Delivery,WELCOME15,RapidRoute,30/01/2024,31/01/2024 13:15,DLVD,Rs. 0
ORD0000553,C000614,26/01/2024 12:56,Sukkur,COD,NONE,SwiftShip,01/02/2024,29/01/2024 17:22,DLVD,Rs. 0
ORD0000554,C000396,26/01/2024 14:55,Lahore,Cash on Delivery,NONE,SwiftShip,29/01/2024,28/01/2024 15:31,DLVD,Rs. 0
ORD0000555,C000613,26/01/2024 15:21,Karachi,Cash on Delivery,WELCOME15,SwiftShip,29/01/2024,,RTO,Rs. 150
ORD0000556,C000617,26/01/2024 15:37,Sargodha,Cash on Delivery,WELCOME15,RapidRoute,01/02/2024,,CNCL,Rs. 0
ORD0000557,C000623,26/01/2024 16:58,Karachi,COD,NONE,CityExpress,29/01/2024,,CNCL,Rs. 150
ORD0000558,C000609,26/01/2024 18:15,Karachi,COD,NONE,SwiftShip,29/01/2024,29/01/2024 12:32,DLVD,Rs. 0
ORD0000559,C000627,26/01/2024 18:56,Rawalpindi,COD,NONE,SwiftShip,29/01/2024,29/01/2024 14:51,DLVD,Rs. 0
ORD0000560,C000491,26/01/2024 19:00,Faisalabad,COD,NONE,SwiftShip,30/01/2024,29/01/2024 14:06,DLVD,Rs. 0
ORD0000561,C000628,26/01/2024 19:04,Gujranwala,Cash on Delivery,NONE,PakRider,30/01/2024,30/01/2024 10:47,DLVD,Rs. 0
ORD0000562,C000630,26/01/2024 19:04,Peshawar,CC,NONE,SwiftShip,30/01/2024,30/01/2024 16:43,DLVD,Rs. 0
ORD0000563,C000621,26/01/2024 20:01,Karachi,COD,NONE,PakRider,29/01/2024,28/01/2024 15:54,DLVD,Rs. 0
ORD0000564,C000616,26/01/2024 20:31,Peshawar,CC,WELCOME15,RapidRoute,30/01/2024,30/01/2024 17:45,DLVD,Rs. 0
ORD0000565,C000494,26/01/2024 21:23,Multan,CC,NONE,RapidRoute,30/01/2024,30/01/2024 13:09,DLVD,Rs. 0
ORD0000566,C000625,26/01/2024 21:56,Hyderabad,CC,NONE,SwiftShip,30/01/2024,28/01/2024 14:16,DLVD,Rs. 0
ORD0000567,C000280,26/01/2024 22:14,faisalabad,COD,NONE,PakRider,30/01/2024,29/01/2024 12:49,DLVD,Rs. 0
ORD0000568,C000629,26/01/2024 23:05,Karachi,COD,WELCOME15,CityExpress,29/01/2024,,RTO,Rs. 0
ORD0000569,C000531,26/01/2024 23:20,Karachi,Cash on Delivery,NONE,CityExpress,29/01/2024,31/01/2024 17:46,DLVD,Rs. 0
ORD0000570,C000592,26/01/2024 23:42,Lahore,Cash on Delivery,NONE,PakRider,29/01/2024,29/01/2024 16:31,DLVD,Rs. 150
ORD0000571,C000410,27/01/2024 00:56,Lahore,COD,NONE,CityExpress,30/01/2024,29/01/2024 11:54,DLVD,Rs. 150
ORD0000572,C000635,27/01/2024 08:32,Karachi,COD,WELCOME15,SwiftShip,30/01/2024,,RTO,Rs. 0
ORD0000573,C000639,27/01/2024 09:45,peshawar,COD,WELCOME15,SwiftShip,31/01/2024,29/01/2024 11:39,DLVD,Rs. 0
ORD0000574,C000302,27/01/2024 10:24,Islamabad,CC,NONE,PakRider,30/01/2024,29/01/2024 13:38,DLVD,Rs. 0
ORD0000575,C000633,27/01/2024 11:50,Lahore,COD,WELCOME15,PakRider,30/01/2024,29/01/2024 13:46,DLVD,Rs. 150
ORD0000576,C000638,27/01/2024 11:56,Bahawalpur,COD,WELCOME15,PakRider,02/02/2024,02/02/2024 12:25,DLVD,Rs. 0
ORD0000577,C000218,27/01/2024 12:13,Islamabad Capital Territory,CC,NONE,PakRider,30/01/2024,31/01/2024 13:49,DLVD,Rs. 0
ORD0000578,C000544,27/01/2024 13:19,Faisalabad,COD,NONE,RapidRoute,31/01/2024,,RTO,Rs. 0
ORD0000579,C000632,27/01/2024 13:20,Karachi,Cash on Delivery,NONE,PakRider,30/01/2024,,RTO,Rs. 0
ORD0000580,C000636,27/01/2024 13:40,Multan,COD,WELCOME15,SwiftShip,31/01/2024,30/01/2024 17:23,DLVD,Rs. 180
ORD0000581,C000604,27/01/2024 13:53,Faisalabad,COD,NONE,SwiftShip,31/01/2024,29/01/2024 10:41,DLVD,Rs. 180
ORD0000582,C000263,27/01/2024 16:01,Faisalabad,COD,WELCOME15,CityExpress,31/01/2024,,RTO,Rs. 0
ORD0000583,C000046,27/01/2024 16:27,Islamabad,CC,NONE,CityExpress,30/01/2024,29/01/2024 11:30,DLVD,Rs. 0
ORD0000584,C000642,27/01/2024 16:49,Hyderabad,CC,WELCOME15,SwiftShip,31/01/2024,30/01/2024 19:48,DLVD,Rs. 180
ORD0000585,C000631,27/01/2024 17:05,Karachi,CC,NONE,PakRider,30/01/2024,30/01/2024 17:12,DLVD,Rs. 0
ORD0000586,C000375,27/01/2024 18:03,Lahore,COD,NONE,PakRider,30/01/2024,30/01/2024 16:23,DLVD,Rs. 150
ORD0000587,C000594,27/01/2024 18:13,Islamabad,COD,WELCOME15,PakRider,30/01/2024,,RTO,Rs. 150
ORD0000588,C000290,27/01/2024 19:11,Rawalpindi,COD,WELCOME15,PakRider,30/01/2024,,CNCL,Rs. 150
ORD0000589,C000645,27/01/2024 19:42,Lahore,Cash on Delivery,WELCOME15,SwiftShip,30/01/2024,29/01/2024 18:41,DLVD,Rs. 150
ORD0000590,C000586,27/01/2024 19:48,Karachi,COD,NONE,SwiftShip,30/01/2024,29/01/2024 15:45,DLVD,Rs. 150
ORD0000591,C000123,27/01/2024 21:00,Quetta,COD,NONE,PakRider,02/02/2024,31/01/2024 13:13,DLVD,Rs. 0
ORD0000592,C000597,27/01/2024 21:00,Karachi,COD,WELCOME15,CityExpress,30/01/2024,29/01/2024 12:52,DLVD,Rs. 0
ORD0000593,C000581,27/01/2024 21:01,Quetta,COD,NONE,RapidRoute,02/02/2024,,RTO,Rs. 220
ORD0000594,C000646,27/01/2024 21:39,Lahore,COD,NONE,PakRider,30/01/2024,29/01/2024 11:18,DLVD,Rs. 0
ORD0000595,C000648,27/01/2024 22:14,Islamabad,CC,NONE,SwiftShip,30/01/2024,29/01/2024 19:29,DLVD,Rs. 150
ORD0000596,C000651,27/01/2024 22:43,Quetta,CC,WELCOME15,SwiftShip,02/02/2024,31/01/2024 11:33,DLVD,Rs. 0
ORD0000597,C000640,27/01/2024 22:43,Gujranwala,COD,NONE,PakRider,31/01/2024,,CNCL,Rs. 0
ORD0000598,C000101,27/01/2024 23:15,Quetta,Cash on Delivery,NONE,PakRider,02/02/2024,31/01/2024 12:17,DLVD,Rs. 0
ORD0000599,C000527,28/01/2024 04:22,Karachi,COD,NONE,SwiftShip,31/01/2024,,CNCL,Rs. 0
ORD0000600,C000652,28/01/2024 05:03,Karachi,COD,WELCOME15,RapidRoute,31/01/2024,01/02/2024 14:22,DLVD,Rs. 0
ORD0000601,C000680,28/01/2024 06:50,Abbottabad,COD,NONE,SwiftShip,03/02/2024,01/02/2024 15:59,DLVD,Rs. 0
ORD0000602,C000353,28/01/2024 07:48,Gujranwala,WALLET,NONE,SwiftShip,01/02/2024,31/01/2024 10:17,DLVD,Rs. 180
ORD0000603,C000205,28/01/2024 10:13,Sialkot,COD,NONE,PakRider,01/02/2024,01/02/2024 15:44,DLVD,Rs. 0
ORD0000604,C000655,28/01/2024 11:21,Lahore,COD,NONE,SwiftShip,31/01/2024,,RTO,Rs. 0
ORD0000605,C000657,28/01/2024 11:29,Lahore,COD,WELCOME15,RapidRoute,31/01/2024,,RTO,Rs. 0
ORD0000606,C000662,28/01/2024 12:59,Faisalabad,COD,NONE,PakRider,01/02/2024,02/02/2024 11:47,DLVD,Rs. 0
ORD0000607,C000330,28/01/2024 14:17,Karachi,COD,NONE,SwiftShip,31/01/2024,31/01/2024 12:25,DLVD,Rs. 0
ORD0000608,C000679,28/01/2024 14:39,"Karachi, Sindh",COD,NONE,CityExpress,31/01/2024,30/01/2024 18:15,DLVD,Rs. 150
ORD0000609,C000474,28/01/2024 16:04,Lahore,WALLET,NONE,CityExpress,31/01/2024,30/01/2024 16:04,DLVD,Rs. 0
ORD0000610,C000677,28/01/2024 16:39,Lahore Cantt,Cash on Delivery,NONE,PakRider,31/01/2024,,RTO,Rs. 0
ORD0000611,C000389,28/01/2024 17:23,Islamabad,WALLET,NONE,CityExpress,31/01/2024,30/01/2024 15:21,DLVD,Rs. 0
ORD0000612,C000580,28/01/2024 17:53,Quetta,Cash on Delivery,NONE,SwiftShip,03/02/2024,01/02/2024 11:43,DLVD,Rs. 0
ORD0000613,C000383,28/01/2024 18:05,Rawalpindi,WALLET,NONE,PakRider,31/01/2024,31/01/2024 10:56,DLVD,Rs. 0
ORD0000614,C000274,28/01/2024 18:19,Hyderabad,COD,NONE,CityExpress,01/02/2024,31/01/2024 18:13,DLVD,Rs. 180
ORD0000615,C000656,28/01/2024 19:27,Peshawar,CC,WELCOME15,PakRider,01/02/2024,01/02/2024 17:07,DLVD,Rs. 180
ORD0000616,C000666,28/01/2024 19:44,Karachi,COD,WELCOME15,PakRider,31/01/2024,30/01/2024 11:00,DLVD,Rs. 150
ORD0000617,C000286,28/01/2024 19:50,Multan,Cash on Delivery,NONE,PakRider,01/02/2024,31/01/2024 19:00,DLVD,Rs. 0
ORD0000618,C000477,28/01/2024 19:54,Lahore,COD,NONE,SwiftShip,31/01/2024,30/01/2024 15:38,DLVD,Rs. 150
ORD0000619,C000667,28/01/2024 20:11,Peshawar,COD,NONE,PakRider,01/02/2024,,RTO,Rs. 180
ORD0000620,C000673,28/01/2024 20:58,Mardan,COD,NONE,PakRider,03/02/2024,,RTO,Rs. 0
ORD0000621,C000092,28/01/2024 21:19,Karachi,COD,NONE,PakRider,31/01/2024,30/01/2024 12:26,DLVD,Rs. 0
ORD0000622,C000658,28/01/2024 22:27,Gujranwala,COD,NONE,PakRider,01/02/2024,01/02/2024 16:04,DLVD,Rs. 0
ORD0000623,C000674,28/01/2024 23:05,Islamabad,CC,WELCOME15,SwiftShip,31/01/2024,30/01/2024 13:27,DLVD,Rs. 150
ORD0000624,C000665,29/01/2024 00:15,Multan,Cash on Delivery,WELCOME15,CityExpress,02/02/2024,01/02/2024 16:28,DLVD,Rs. 0
ORD0000625,C000699,29/01/2024 06:37,Bahawalpur,COD,NONE,RapidRoute,04/02/2024,04/02/2024 15:03,DLVD,Rs. 0
ORD0000626,C000684,29/01/2024 07:01,Karachi,COD,NONE,RapidRoute,01/02/2024,02/02/2024 14:35,DLVD,Rs. 0
ORD0000626,C000684,29/01/2024 07:01,Karachi,COD,NONE,RapidRoute,01/02/2024,02/02/2024 14:35,DLVD,Rs. 0
ORD0000627,C000377,29/01/2024 07:24,Bahawalpur,COD,NONE,RapidRoute,04/02/2024,03/02/2024 19:41,DLVD,Rs. 220
ORD0000628,C000685,29/01/2024 07:38,Karachi ,WALLET,NONE,SwiftShip,01/02/2024,31/01/2024 13:21,DLVD,Rs. 0
ORD0000629,C000698,29/01/2024 08:11,Karachi,COD,WELCOME15,SwiftShip,01/02/2024,01/02/2024 12:06,DLVD,Rs. 0
ORD0000630,C000054,29/01/2024 08:20,Karachi ,COD,NONE,PakRider,01/02/2024,01/02/2024 10:50,DLVD,Rs. 150
ORD0000631,C000690,29/01/2024 12:26,Islamabad,Cash on Delivery,NONE,CityExpress,01/02/2024,02/02/2024 14:45,DLVD,Rs. 150
ORD0000632,C000653,29/01/2024 12:28,,CC,WELCOME15,SwiftShip,01/02/2024,30/01/2024 18:52,DLVD,Rs. 0
ORD0000633,C000686,29/01/2024 12:50,Karachi,COD,NONE,SwiftShip,01/02/2024,31/01/2024 18:01,DLVD,Rs. 0
ORD0000634,C000123,29/01/2024 13:48,Quetta,COD,NONE,PakRider,04/02/2024,02/02/2024 14:43,DLVD,Rs. 0
ORD0000635,C000689,29/01/2024 16:08,Islamabad,COD,NONE,CityExpress,01/02/2024,,RTO,Rs. 0
ORD0000636,C000700,29/01/2024 16:31,Karachi,COD,NONE,CityExpress,01/02/2024,,RTO,Rs. 0
ORD0000637,C000255,29/01/2024 17:20,Karachi,CC,NONE,SwiftShip,01/02/2024,31/01/2024 17:42,DLVD,Rs. 150
ORD0000638,C000168,29/01/2024 17:46,Rawalpindi,CC,NONE,SwiftShip,01/02/2024,02/02/2024 14:55,DLVD,Rs. 0
ORD0000639,C000696,29/01/2024 18:16,Gujranwala,Cash on Delivery,NONE,RapidRoute,02/02/2024,03/02/2024 10:00,DLVD,Rs. 0
ORD0000640,C000695,29/01/2024 18:29,Islamabad,COD,WELCOME15,CityExpress,01/02/2024,01/02/2024 17:12,DLVD,Rs. 0
ORD0000641,C000498,29/01/2024 18:35,Lahore,COD,NONE,SwiftShip,01/02/2024,31/01/2024 17:13,DLVD,Rs. 0
ORD0000642,C000238,29/01/2024 18:46,Lahore,Cash on Delivery,NONE,SwiftShip,01/02/2024,30/01/2024 17:30,DLVD,Rs. 150
ORD0000643,C000529,29/01/2024 19:12,Rawalpindi,COD,WELCOME15,SwiftShip,01/02/2024,31/01/2024 12:11,DLVD,Rs. 0
ORD0000644,C000618,29/01/2024 19:42,Lahore,COD,NONE,SwiftShip,01/02/2024,,RTO,Rs. 0
ORD0000645,C000607,29/01/2024 21:09,Rawalpindi,CC,NONE,SwiftShip,01/02/2024,31/01/2024 13:00,DLVD,Rs. 0
ORD0000646,C000549,29/01/2024 21:23,Lahore,CC,NONE,SwiftShip,01/02/2024,31/01/2024 17:13,DLVD,Rs. 0
ORD0000647,C000683,29/01/2024 21:33,Faisalabad,COD,WELCOME15,SwiftShip,02/02/2024,31/01/2024 13:34,DLVD,Rs. 0
ORD0000648,C000522,29/01/2024 21:34,Gujranwala,Cash on Delivery,NONE,CityExpress,02/02/2024,02/02/2024 11:16,DLVD,Rs. 0
ORD0000649,C000029,29/01/2024 21:40,Karachi,COD,NONE,SwiftShip,01/02/2024,,CNCL,Rs. 150
ORD0000650,C000658,29/01/2024 22:15,Gujranwala,Cash on Delivery,NONE,PakRider,02/02/2024,04/02/2024 10:25,DLVD,Rs. 0
ORD0000651,C000681,29/01/2024 22:25,Lahore,CC,NONE,SwiftShip,01/02/2024,30/01/2024 11:22,DLVD,Rs. 150
ORD0000652,C000691,29/01/2024 22:39,Quetta,COD,WELCOME15,PakRider,04/02/2024,03/02/2024 17:05,DLVD,Rs. 0
ORD0000653,C000633,29/01/2024 23:28,Lahore,COD,NONE,SwiftShip,01/02/2024,,CNCL,Rs. 0
ORD0000654,C000084,29/01/2024 23:49,Karachi,COD,NONE,CityExpress,01/02/2024,31/01/2024 17:39,DLVD,Rs. 150
ORD0000655,C000290,29/01/2024 23:59,Rawalpindi,COD,NONE,CityExpress,01/02/2024,,RTO,Rs. 0
ORD0000656,C000356,30/01/2024 06:14,Karachi,CC,NONE,PakRider,02/02/2024,03/02/2024 19:04,DLVD,Rs. 0
ORD0000657,C000186,30/01/2024 08:42,Multan,COD,NONE,RapidRoute,03/02/2024,04/02/2024 16:11,DLVD,Rs. 180
ORD0000658,C000707,30/01/2024 17:54,Lahore,Cash on Delivery,NONE,SwiftShip,02/02/2024,01/02/2024 12:44,DLVD,Rs. 0
ORD0000659,C000701,30/01/2024 19:27,Lahore,Cash on Delivery,WELCOME15,SwiftShip,02/02/2024,02/02/2024 19:23,DLVD,Rs. 0
ORD0000660,C000702,30/01/2024 19:38,Karachi,COD,NONE,PakRider,02/02/2024,01/02/2024 14:37,DLVD,Rs. 0
ORD0000661,C000670,30/01/2024 19:42,Faisalabad,COD,WELCOME15,RapidRoute,03/02/2024,,RTO,Rs. 180
ORD0000662,C000715,30/01/2024 19:47,QUETTA,Cash on Delivery,WELCOME15,PakRider,05/02/2024,03/02/2024 12:48,DLVD,Rs. 220
ORD0000663,C000120,30/01/2024 20:18,Abbottabad,Cash on Delivery,NONE,RapidRoute,05/02/2024,05/02/2024 19:25,DLVD,Rs. 220
ORD0000664,C000709,30/01/2024 21:27,Peshawar,Cash on Delivery,NONE,SwiftShip,03/02/2024,,CNCL,Rs. 0
ORD0000665,C000708,30/01/2024 22:40,ISB,Cash on Delivery,WELCOME15,PakRider,02/02/2024,,RTO,Rs. 0
ORD0000666,C000668,30/01/2024 23:39,Lahore,COD,NONE,CityExpress,02/02/2024,,RTO,Rs. 0
ORD0000667,C000647,30/01/2024 23:51,Quetta,COD,NONE,RapidRoute,05/02/2024,05/02/2024 16:27,DLVD,Rs. 0
ORD0000668,C000101,31/01/2024 05:21,Quetta,COD,NONE,PakRider,06/02/2024,,RTO,Rs. 0
ORD0000669,C000732,31/01/2024 06:49,Rawalpindi,COD,NONE,PakRider,03/02/2024,03/02/2024 12:26,DLVD,Rs. 0
ORD0000670,C000716,31/01/2024 07:22,GRW,CC,NONE,PakRider,04/02/2024,03/02/2024 19:13,DLVD,Rs. 0
ORD0000671,C000730,31/01/2024 10:21,Sargodha,COD,WELCOME15,RapidRoute,06/02/2024,,CNCL,Rs. 0
ORD0000672,C000717,31/01/2024 10:31,Karachi,COD,NONE,PakRider,03/02/2024,,RTO,Rs. 150
ORD0000673,C000562,31/01/2024 10:58,Karachi,COD,NONE,CityExpress,03/02/2024,03/02/2024 10:10,DLVD,Rs. 0
ORD0000674,C000733,31/01/2024 11:45,Lahore,WALLET,NONE,PakRider,03/02/2024,02/02/2024 19:00,DLVD,Rs. 0
ORD0000675,C000729,31/01/2024 12:55,Karachi,CC,NONE,CityExpress,03/02/2024,,DLVD,Rs. 150
ORD0000676,C000550,31/01/2024 14:35,Islamabad ,COD,NONE,SwiftShip,03/02/2024,,CNCL,Rs. 150
ORD0000677,C000328,31/01/2024 15:04,Lahore,Cash on Delivery,NONE,PakRider,03/02/2024,02/02/2024 17:09,DLVD,Rs. 0
ORD0000678,C000169,31/01/2024 16:59,Karachi,CC,NONE,RapidRoute,03/02/2024,03/02/2024 13:39,DLVD,Rs. 0
ORD0000679,C000724,31/01/2024 17:02,Lahore,COD,NONE,CityExpress,03/02/2024,02/02/2024 14:07,DLVD,Rs. 0
ORD0000680,C000723,31/01/2024 17:46,Karachi,CC,NONE,SwiftShip,03/02/2024,02/02/2024 17:50,DLVD,Rs. 0
ORD0000681,C000727,31/01/2024 18:19,multan,COD,WELCOME15,PakRider,04/02/2024,06/02/2024 17:47,DLVD,Rs. 180
ORD0000682,C000638,31/01/2024 18:42,Bahawalpur,COD,NONE,PakRider,06/02/2024,04/02/2024 14:08,DLVD,Rs. 0
ORD0000683,C000352,31/01/2024 18:43,Karachi,COD,NONE,CityExpress,03/02/2024,02/02/2024 14:51,DLVD,Rs. 0
ORD0000684,C000408,31/01/2024 18:46,Multan,COD,NONE,RapidRoute,04/02/2024,,CNCL,Rs. 0
ORD0000685,C000552,31/01/2024 19:34,GRW,Cash on Delivery,NONE,PakRider,04/02/2024,,RTO,Rs. 0
ORD0000686,C000722,31/01/2024 19:54,sargodha,WALLET,NONE,PakRider,06/02/2024,04/02/2024 13:11,DLVD,Rs. 0
ORD0000687,C000721,31/01/2024 20:33,Gujranwala,CC,NONE,SwiftShip,04/02/2024,02/02/2024 18:49,DLVD,Rs. 0
ORD0000688,C000720,31/01/2024 20:33,Hyderabad,CC,FREESHIP,RapidRoute,04/02/2024,05/02/2024 18:49,DLVD,Rs. 0
ORD0000689,C000405,31/01/2024 22:01,Gujranwala,COD,NONE,PakRider,04/02/2024,03/02/2024 19:18,DLVD,Rs. 0
ORD0000690,C000713,31/01/2024 22:09,Karachi,COD,NONE,CityExpress,03/02/2024,02/02/2024 16:07,DLVD,Rs. 150
ORD0000691,C000728,31/01/2024 22:17,lahore,COD,NONE,PakRider,03/02/2024,03/02/2024 19:16,DLVD,Rs. 0
ORD0000692,C000409,31/01/2024 22:31,Lahore,Cash on Delivery,WELCOME15,PakRider,03/02/2024,,RTO,Rs. 150
ORD0000693,C000687,31/01/2024 22:57,Quetta,COD,WELCOME15,PakRider,06/02/2024,04/02/2024 10:26,DLVD,Rs. 0
ORD0000694,C000740,01/02/2024 00:56,Sialkot,COD,NONE,PakRider,05/02/2024,05/02/2024 10:36,DLVD,Rs. 0
ORD0000695,C000439,01/02/2024 07:15,Islamabad,COD,WELCOME15,CityExpress,04/02/2024,03/02/2024 12:16,DLVD,Rs. 0
ORD0000696,C000649,01/02/2024 08:36,Sialkot,COD,NONE,CityExpress,05/02/2024,05/02/2024 16:40,DLVD,Rs. 0
ORD0000697,C000746,01/02/2024 09:15,Lahore,COD,WELCOME15,SwiftShip,04/02/2024,03/02/2024 15:16,DLVD,Rs. 0
ORD0000698,C000566,01/02/2024 11:34,Multan,COD,NONE,PakRider,05/02/2024,,RTO,Rs. 0
ORD0000699,C000749,01/02/2024 11:43,Faisalabad,COD,WELCOME15,PakRider,05/02/2024,,CNCL,Rs. 180
ORD0000700,C000736,01/02/2024 11:53,Bahawalpur,COD,NONE,RapidRoute,07/02/2024,07/02/2024 11:28,DLVD,Rs. 0
ORD0000701,C000743,01/02/2024 12:48,Lahore,COD,NONE,RapidRoute,04/02/2024,04/02/2024 11:18,DLVD,Rs. 150
ORD0000702,C000386,01/02/2024 13:11,abbottabad,COD,NONE,RapidRoute,07/02/2024,06/02/2024 11:22,DLVD,Rs. 220
ORD0000703,C000575,01/02/2024 14:18,Lahore,COD,NONE,SwiftShip,04/02/2024,,RTO,Rs. 0
ORD0000704,C000742,01/02/2024 15:31,Karachi,CC,NONE,SwiftShip,04/02/2024,03/02/2024 16:56,DLVD,Rs. 150
ORD0000705,C000516,01/02/2024 15:48,Hyderabad,CC,NONE,RapidRoute,05/02/2024,05/02/2024 17:36,DLVD,Rs. 0
ORD0000706,C000739,01/02/2024 16:12,LHR,COD,NONE,PakRider,04/02/2024,03/02/2024 16:11,DLVD,Rs. 0
ORD0000707,C000737,01/02/2024 18:07,Lahore,COD,WELCOME15,SwiftShip,04/02/2024,04/02/2024 12:44,DLVD,Rs. 0
ORD0000708,C000738,01/02/2024 18:53,Sukkur,CC,WELCOME15,PakRider,07/02/2024,06/02/2024 15:48,DLVD,Rs. 220
ORD0000709,C000559,01/02/2024 19:02,Lahore,Cash on Delivery,WELCOME15,PakRider,04/02/2024,05/02/2024 15:40,DLVD,Rs. 150
ORD0000710,C000688,01/02/2024 19:21,Karachi,Cash on Delivery,WELCOME15,CityExpress,04/02/2024,03/02/2024 10:06,DLVD,Rs. 0
ORD0000711,C000682,01/02/2024 19:52,Karachi,COD,NONE,PakRider,04/02/2024,04/02/2024 13:35,DLVD,Rs. 0
ORD0000712,C000660,01/02/2024 20:25,Hyderabad,COD,NONE,RapidRoute,05/02/2024,05/02/2024 15:28,DLVD,Rs. 0
ORD0000713,C000705,01/02/2024 20:57,Karachi,COD,NONE,SwiftShip,04/02/2024,03/02/2024 12:20,DLVD,Rs. 0
ORD0000714,C000747,01/02/2024 22:10,"Karachi, Sindh",WALLET,NONE,PakRider,04/02/2024,04/02/2024 16:47,DLVD,Rs. 150
ORD0000715,C000497,01/02/2024 22:50,Islamabad,CC,NONE,CityExpress,04/02/2024,03/02/2024 12:52,DLVD,Rs. 0
ORD0000716,C000124,01/02/2024 22:55,Multan,COD,NONE,PakRider,05/02/2024,04/02/2024 14:45,DLVD,Rs. 0
ORD0000717,C000734,01/02/2024 23:37,Abbottabad,Cash on Delivery,NONE,PakRider,07/02/2024,06/02/2024 15:55,DLVD,Rs. 220
ORD0000718,C000657,01/02/2024 23:51,LHR,COD,NONE,SwiftShip,04/02/2024,03/02/2024 14:36,DLVD,Rs. 0
ORD0000719,C000757,02/02/2024 08:04,Islamabad Capital Territory,WALLET,NONE,SwiftShip,05/02/2024,03/02/2024 19:05,DLVD,Rs. 150
ORD0000720,C000387,02/02/2024 09:46,Peshawar,COD,WELCOME15,SwiftShip,06/02/2024,05/02/2024 10:15,DLVD,Rs. 0
ORD0000721,C000637,02/02/2024 10:58,RWP,WALLET,NONE,SwiftShip,05/02/2024,04/02/2024 18:20,DLVD,Rs. 0
ORD0000722,C000223,02/02/2024 11:21,Faisalabad,CC,NONE,PakRider,06/02/2024,06/02/2024 19:14,DLVD,Rs. 0
ORD0000723,C000016,02/02/2024 11:49,Hyderabad,COD,NONE,SwiftShip,06/02/2024,05/02/2024 10:23,DLVD,Rs. 180
ORD0000724,C000562,02/02/2024 12:12,Karachi,COD,NONE,SwiftShip,05/02/2024,03/02/2024 19:21,DLVD,Rs. 0
ORD0000725,C000752,02/02/2024 12:38,Lahore,CC,NONE,CityExpress,05/02/2024,04/02/2024 14:14,DLVD,Rs. 0
ORD0000726,C000759,02/02/2024 13:47,Lahore,COD,NONE,CityExpress,05/02/2024,,CNCL,Rs. 0
ORD0000727,C000761,02/02/2024 13:47,Faisalabad,Cash on Delivery,NONE,RapidRoute,06/02/2024,06/02/2024 11:34,DLVD,Rs. 0
ORD0000728,C000770,02/02/2024 14:27,Peshawar,COD,FREESHIP,RapidRoute,06/02/2024,07/02/2024 18:22,DLVD,Rs. 0
ORD0000729,C000314,02/02/2024 14:36,Rawalpindi,COD,NONE,SwiftShip,05/02/2024,04/02/2024 11:52,DLVD,Rs. 0
ORD0000730,C000773,02/02/2024 16:07,GRW,COD,NONE,SwiftShip,06/02/2024,04/02/2024 12:36,DLVD,Rs. 0
ORD0000731,C000766,02/02/2024 17:12,Sargodha,Cash on Delivery,NONE,RapidRoute,08/02/2024,08/02/2024 10:09,DLVD,Rs. 0
ORD0000732,C000754,02/02/2024 17:15,Karachi,COD,NONE,SwiftShip,05/02/2024,03/02/2024 14:58,DLVD,Rs. 0
ORD0000733,C000772,02/02/2024 18:24,Sialkot,CC,NONE,PakRider,06/02/2024,06/02/2024 19:44,DLVD,Rs. 180
ORD0000734,C000659,02/02/2024 18:25,Faisalabad,COD,FREESHIP,SwiftShip,06/02/2024,05/02/2024 14:26,DLVD,Rs. 0
ORD0000735,C000358,02/02/2024 18:31,sukkur,COD,NONE,PakRider,08/02/2024,07/02/2024 14:57,DLVD,Rs. 220
ORD0000736,C000775,02/02/2024 20:36,Lahore,Cash on Delivery,WELCOME15,CityExpress,05/02/2024,05/02/2024 14:38,DLVD,Rs. 0
ORD0000737,C000763,02/02/2024 21:03,Karachi,COD,NONE,SwiftShip,05/02/2024,05/02/2024 12:33,DLVD,Rs. 0
ORD0000738,C000323,02/02/2024 21:06,Multan,COD,NONE,PakRider,06/02/2024,06/02/2024 14:29,DLVD,Rs. 0
ORD0000739,C000767,02/02/2024 21:11,Karachi,COD,WELCOME15,CityExpress,05/02/2024,04/02/2024 16:41,DLVD,Rs. 150
ORD0000740,C000762,02/02/2024 21:15,Hyderabad,COD,WELCOME15,PakRider,06/02/2024,,RTO,Rs. 0
ORD0000741,C000760,02/02/2024 21:39,Multan,COD,NONE,PakRider,06/02/2024,05/02/2024 12:07,DLVD,Rs. 0
ORD0000742,C000664,02/02/2024 21:54,Rawalpindi,CC,WELCOME15,PakRider,05/02/2024,,CNCL,Rs. 150
ORD0000743,C000756,02/02/2024 22:02,Lahore,COD,NONE,RapidRoute,05/02/2024,,RTO,Rs. 0
ORD0000744,C000753,02/02/2024 22:06,Lahore,COD,NONE,SwiftShip,05/02/2024,03/02/2024 18:04,DLVD,Rs. 0
ORD0000745,C000719,02/02/2024 23:52,gujranwala,COD,NONE,RapidRoute,06/02/2024,07/02/2024 14:30,DLVD,Rs. 0
ORD0000746,C000661,02/02/2024 23:54,Islamabad,Cash on Delivery,WELCOME15,PakRider,05/02/2024,05/02/2024 19:58,DLVD,Rs. 0
ORD0000747,C000683,03/02/2024 08:08,Faisalabad,CC,NONE,CityExpress,07/02/2024,06/02/2024 16:58,DLVD,Rs. 180
ORD0000748,C000613,03/02/2024 09:54,"Karachi, Sindh",COD,NONE,SwiftShip,06/02/2024,05/02/2024 18:28,DLVD,Rs. 0
ORD0000749,C000295,03/02/2024 11:10,Lahore,Cash on Delivery,NONE,RapidRoute,06/02/2024,06/02/2024 17:04,DLVD,Rs. 150
ORD0000750,C000794,03/02/2024 11:14,Rawalpindi,CC,NONE,CityExpress,06/02/2024,,CNCL,Rs. 150
ORD0000751,C000790,03/02/2024 11:23,Karachi,Cash on Delivery,NONE,PakRider,06/02/2024,05/02/2024 14:03,DLVD,Rs. 0
ORD0000752,C000789,03/02/2024 11:40,Rawalpindi,CC,NONE,SwiftShip,06/02/2024,05/02/2024 12:59,DLVD,Rs. 0
ORD0000753,C000781,03/02/2024 11:51,"Karachi, Sindh",COD,NONE,SwiftShip,06/02/2024,,CNCL,Rs. 150
ORD0000754,C000698,03/02/2024 12:32,Karachi,COD,NONE,PakRider,06/02/2024,05/02/2024 12:45,DLVD,Rs. 0
ORD0000755,C000777,03/02/2024 13:02,Multan,COD,NONE,PakRider,07/02/2024,07/02/2024 19:47,DLVD,Rs. 0
ORD0000756,C000795,03/02/2024 13:03,Karachi,Cash on Delivery,NONE,SwiftShip,06/02/2024,06/02/2024 15:33,DLVD,Rs. 150
ORD0000757,C000527,03/02/2024 15:00,Karachi,COD,NONE,PakRider,06/02/2024,,RTO,Rs. 0
ORD0000758,C000791,03/02/2024 15:56,Karachi,CC,WELCOME15,PakRider,06/02/2024,05/02/2024 11:27,DLVD,Rs. 0
ORD0000759,C000187,03/02/2024 15:59,Karachi,Cash on Delivery,NONE,SwiftShip,06/02/2024,,RTO,Rs. 0
ORD0000760,C000356,03/02/2024 16:22,karachi,WALLET,NONE,CityExpress,06/02/2024,06/02/2024 11:33,DLVD,Rs. 0
ORD0000761,C000537,03/02/2024 16:22,Islamabad,WALLET,NONE,RapidRoute,06/02/2024,07/02/2024 11:53,DLVD,Rs. 0
ORD0000762,C000779,03/02/2024 16:41,Hyderabad,COD,NONE,PakRider,07/02/2024,06/02/2024 12:17,DLVD,Rs. 0
ORD0000763,C000678,03/02/2024 16:57,Multan,COD,NONE,PakRider,07/02/2024,06/02/2024 14:53,DLVD,Rs. 0
ORD0000764,C000786,03/02/2024 17:17,Hyderabad,COD,WELCOME15,PakRider,07/02/2024,07/02/2024 13:55,DLVD,Rs. 0
ORD0000765,C000680,03/02/2024 17:34,Abbottabad,COD,NONE,CityExpress,09/02/2024,09/02/2024 12:23,DLVD,Rs. 220
ORD0000766,C000771,03/02/2024 19:10,Karachi,CC,NONE,SwiftShip,06/02/2024,05/02/2024 11:47,DLVD,Rs. 0
ORD0000767,C000776,03/02/2024 19:14,Faisalabad,COD,WELCOME15,RapidRoute,07/02/2024,08/02/2024 11:32,DLVD,Rs. 0
ORD0000768,C000417,03/02/2024 20:22,Mardan,COD,NONE,SwiftShip,09/02/2024,07/02/2024 17:41,DLVD,Rs. 220
ORD0000769,C000575,03/02/2024 20:24,Lahore,WALLET,NONE,CityExpress,06/02/2024,06/02/2024 16:14,DLVD,Rs. 0
ORD0000770,C000796,03/02/2024 20:42,Sialkot,COD,NONE,RapidRoute,07/02/2024,08/02/2024 15:48,DLVD,Rs. 0
ORD0000771,C000694,03/02/2024 21:08,Lahore,Cash on Delivery,NONE,RapidRoute,06/02/2024,07/02/2024 19:17,DLVD,Rs. 150
ORD0000772,C000785,03/02/2024 22:21,Gujranwala,COD,NONE,SwiftShip,07/02/2024,06/02/2024 18:58,DLVD,Rs. 0
ORD0000773,C000792,03/02/2024 22:55,Lahore,COD,NONE,PakRider,06/02/2024,05/02/2024 11:29,DLVD,Rs. 0
ORD0000774,C000778,03/02/2024 23:06,Lahore,COD,WELCOME15,SwiftShip,06/02/2024,06/02/2024 16:16,DLVD,Rs. 150
ORD0000775,C000783,03/02/2024 23:21,Lahore,Cash on Delivery,WELCOME15,SwiftShip,06/02/2024,,DLVD,Rs. 150
ORD0000776,C000292,04/02/2024 00:52,Hyderabad,COD,NONE,RapidRoute,08/02/2024,08/02/2024 18:23,DLVD,Rs. 180
ORD0000777,C000801,04/02/2024 01:42,Islamabad,COD,NONE,CityExpress,07/02/2024,,RTO,Rs. 0
ORD0000778,C000804,04/02/2024 05:20,Karachi,COD,WELCOME15,SwiftShip,07/02/2024,,CNCL,Rs. 150
ORD0000779,C000584,04/02/2024 06:05,Faisalabad,COD,WELCOME15,SwiftShip,08/02/2024,06/02/2024 15:56,DLVD,Rs. 0
ORD0000780,C000814,04/02/2024 06:20,Lahore,CC,NONE,SwiftShip,07/02/2024,06/02/2024 14:30,DLVD,Rs. 0
ORD0000781,C000798,04/02/2024 07:10,Karachi,COD,NONE,SwiftShip,07/02/2024,07/02/2024 17:25,DLVD,Rs. 0
ORD0000782,C000819,04/02/2024 11:39,Bahawalpur,WALLET,NONE,PakRider,10/02/2024,11/02/2024 10:40,DLVD,Rs. 0
ORD0000783,C000574,04/02/2024 12:41,Karachi,WALLET,NONE,SwiftShip,07/02/2024,05/02/2024 11:10,DLVD,Rs. 150
ORD0000784,C000324,04/02/2024 14:06,Rawalpindi,CC,NONE,RapidRoute,07/02/2024,07/02/2024 19:24,DLVD,Rs. 0
ORD0000785,C000809,04/02/2024 14:38,Lahore,COD,WELCOME15,CityExpress,07/02/2024,06/02/2024 19:45,DLVD,Rs. 0
ORD0000786,C000813,04/02/2024 15:06,Sialkot,COD,NONE,CityExpress,08/02/2024,,RTO,Rs. 0
ORD0000787,C000745,04/02/2024 15:51,Faisalabad,COD,WELCOME15,PakRider,08/02/2024,,RTO,Rs. 180
ORD0000788,C000478,04/02/2024 16:13,Sargodha,COD,NONE,PakRider,10/02/2024,08/02/2024 19:37,DLVD,Rs. 0
ORD0000789,C000800,04/02/2024 16:55,Faisalabad,Cash on Delivery,FREESHIP,PakRider,08/02/2024,07/02/2024 11:15,DLVD,Rs. 0
ORD0000790,C000806,04/02/2024 17:02,Lahore,CC,NONE,PakRider,07/02/2024,06/02/2024 14:23,DLVD,Rs. 0
ORD0000791,C000764,04/02/2024 17:13,Sialkot,CC,WELCOME15,SwiftShip,08/02/2024,07/02/2024 16:56,DLVD,Rs. 180
ORD0000792,C000496,04/02/2024 17:14,Rawalpindi,COD,NONE,SwiftShip,07/02/2024,08/02/2024 15:04,DLVD,Rs. 150
ORD0000793,C000170,04/02/2024 17:29,Quetta,Cash on Delivery,NONE,RapidRoute,10/02/2024,10/02/2024 17:28,DLVD,Rs. 220
ORD0000794,C000823,04/02/2024 17:44,Karachi,WALLET,NONE,PakRider,07/02/2024,08/02/2024 19:06,DLVD,Rs. 0
ORD0000795,C000439,04/02/2024 19:55,Islamabad,COD,NONE,SwiftShip,07/02/2024,07/02/2024 17:08,DLVD,Rs. 150
ORD0000796,C000824,04/02/2024 20:31,Sialkot,COD,NONE,RapidRoute,08/02/2024,,CNCL,Rs. 0
ORD0000797,C000774,04/02/2024 20:42,Hyderabad,COD,NONE,SwiftShip,08/02/2024,,CNCL,Rs. 0
ORD0000798,C000811,04/02/2024 21:00,Faisalabad ,Cash on Delivery,NONE,PakRider,08/02/2024,07/02/2024 12:42,DLVD,Rs. 180
ORD0000799,C000807,04/02/2024 21:29,Karachi,COD,NONE,SwiftShip,07/02/2024,05/02/2024 19:04,DLVD,Rs. 0
ORD0000800,C000808,04/02/2024 21:34,Rawalpindi,CC,WELCOME15,CityExpress,07/02/2024,06/02/2024 15:29,DLVD,Rs. 0
ORD0000801,C000802,04/02/2024 22:26,Islamabad,COD,NONE,PakRider,07/02/2024,07/02/2024 11:48,DLVD,Rs. 150
ORD0000802,C000816,04/02/2024 22:44,Lahore,Cash on Delivery,NONE,SwiftShip,07/02/2024,06/02/2024 18:20,DLVD,Rs. 0
ORD0000803,C000384,04/02/2024 22:53,Sukkur,COD,WELCOME15,SwiftShip,10/02/2024,08/02/2024 12:30,DLVD,Rs. 0
ORD0000804,C000479,04/02/2024 22:54,Lahore,COD,NONE,CityExpress,07/02/2024,06/02/2024 12:27,DLVD,Rs. 150
ORD0000805,C000643,05/02/2024 02:23,Karachi,WALLET,NONE,PakRider,08/02/2024,08/02/2024 10:18,DLVD,Rs. 0
ORD0000806,C000839,05/02/2024 07:02,Sargodha,Cash on Delivery,NONE,RapidRoute,11/02/2024,,RTO,Rs. 0
ORD0000807,C000499,05/02/2024 10:05,Karachi,COD,WELCOME15,SwiftShip,08/02/2024,,RTO,Rs. 0
ORD0000808,C000780,05/02/2024 11:05,Lahore,WALLET,NONE,SwiftShip,08/02/2024,07/02/2024 12:20,DLVD,Rs. 150
ORD0000809,C000113,05/02/2024 11:11,Lahore,COD,NONE,CityExpress,08/02/2024,07/02/2024 18:56,DLVD,Rs. 0
ORD0000810,C000550,05/02/2024 12:29,ISB,Cash on Delivery,NONE,SwiftShip,08/02/2024,07/02/2024 17:08,DLVD,Rs. 150
ORD0000811,C000836,05/02/2024 13:57,Karachi,COD,WELCOME15,SwiftShip,08/02/2024,,CNCL,Rs. 0
ORD0000812,C000838,05/02/2024 14:13,Faisalabad,CC,WELCOME15,SwiftShip,09/02/2024,07/02/2024 10:55,DLVD,Rs. 180
ORD0000813,C000727,05/02/2024 15:42,Multan,WALLET,NONE,CityExpress,09/02/2024,09/02/2024 17:22,DLVD,Rs. 0
ORD0000814,C000558,05/02/2024 15:43,Karachi,CC,NONE,PakRider,08/02/2024,07/02/2024 12:16,DLVD,Rs. 150
ORD0000815,C000829,05/02/2024 16:25,Sialkot,COD,WELCOME15,SwiftShip,09/02/2024,,RTO,Rs. 180
ORD0000816,C000818,05/02/2024 17:13,Sialkot,COD,NONE,SwiftShip,09/02/2024,,RTO,Rs. 0
ORD0000817,C000840,05/02/2024 18:16,Rawalpindi,COD,WELCOME15,PakRider,08/02/2024,08/02/2024 16:57,DLVD,Rs. 0
ORD0000818,C000827,05/02/2024 18:32,Karachi,COD,WELCOME15,CityExpress,08/02/2024,08/02/2024 19:29,DLVD,Rs. 0
ORD0000819,C000837,05/02/2024 19:02,Peshawar,WALLET,WELCOME15,RapidRoute,09/02/2024,10/02/2024 15:28,DLVD,Rs. 0
ORD0000820,C000799,05/02/2024 19:23,Gujranwala,COD,NONE,PakRider,09/02/2024,08/02/2024 14:02,DLVD,Rs. 0
ORD0000821,C000845,05/02/2024 19:23,Lahore,COD,NONE,RapidRoute,08/02/2024,08/02/2024 12:21,DLVD,Rs. 0
ORD0000822,C000831,05/02/2024 19:24,Karachi,Cash on Delivery,NONE,CityExpress,08/02/2024,07/02/2024 16:12,DLVD,Rs. 0
ORD0000823,C000430,05/02/2024 20:01,Quetta,COD,NONE,PakRider,11/02/2024,,RTO,Rs. 0
ORD0000824,C000848,05/02/2024 20:05,Rawalpindi,COD,NONE,CityExpress,08/02/2024,08/02/2024 10:24,DLVD,Rs. 0
ORD0000825,C000850,05/02/2024 20:12,Karachi,COD,NONE,CityExpress,08/02/2024,07/02/2024 17:01,DLVD,Rs. 0
ORD0000826,C000826,05/02/2024 20:33,Karachi,COD,NONE,CityExpress,08/02/2024,07/02/2024 17:27,DLVD,Rs. 0
ORD0000827,C000222,05/02/2024 20:35,Sargodha,COD,NONE,RapidRoute,11/02/2024,10/02/2024 13:05,DLVD,Rs. 0
ORD0000828,C000830,05/02/2024 20:39,Faisalabad,COD,NONE,SwiftShip,09/02/2024,08/02/2024 13:38,DLVD,Rs. 180
ORD0000829,C000843,05/02/2024 22:48,Bahawalpur,CC,WELCOME15,RapidRoute,11/02/2024,10/02/2024 18:43,DLVD,Rs. 220
ORD0000830,C000825,05/02/2024 22:52,Karachi,CC,WELCOME15,PakRider,08/02/2024,07/02/2024 18:53,DLVD,Rs. 0
ORD0000831,C000851,05/02/2024 23:00,Multan,COD,NONE,CityExpress,09/02/2024,07/02/2024 15:40,DLVD,Rs. 0
ORD0000832,C000834,05/02/2024 23:12,Faisalabad,COD,NONE,RapidRoute,09/02/2024,,RTO,Rs. 0
ORD0000833,C000651,06/02/2024 00:40,Quetta,Cash on Delivery,NONE,SwiftShip,12/02/2024,10/02/2024 15:30,DLVD,Rs. 0
ORD0000834,C000875,06/02/2024 01:10,Faisalabad,WALLET,WELCOME15,CityExpress,10/02/2024,09/02/2024 17:16,DLVD,Rs. 0
ORD0000835,C000856,06/02/2024 04:18,Lahore,COD,WELCOME15,CityExpress,09/02/2024,08/02/2024 16:48,DLVD,Rs. 0
ORD0000836,C000865,06/02/2024 04:31,Lahore,Cash on Delivery,NONE,SwiftShip,09/02/2024,08/02/2024 11:59,DLVD,Rs. 150
ORD0000837,C000355,06/02/2024 08:52,Karachi,Cash on Delivery,NONE,CityExpress,09/02/2024,08/02/2024 17:29,DLVD,Rs. 0
ORD0000838,C000598,06/02/2024 10:01,Lahore,COD,NONE,SwiftShip,09/02/2024,08/02/2024 13:29,DLVD,Rs. 150
ORD0000839,C000863,06/02/2024 10:05,Lahore,CC,WELCOME15,CityExpress,09/02/2024,08/02/2024 15:15,DLVD,Rs. 0
ORD0000840,C000880,06/02/2024 10:30,Lahore,COD,WELCOME15,CityExpress,09/02/2024,09/02/2024 12:31,DLVD,Rs. 150
ORD0000841,C000779,06/02/2024 11:30,Hyderabad,COD,NONE,PakRider,10/02/2024,09/02/2024 15:51,DLVD,Rs. 0
ORD0000842,C000864,06/02/2024 11:33,Rawalpindi,CC,NONE,CityExpress,09/02/2024,09/02/2024 16:27,DLVD,Rs. 0
ORD0000843,C000877,06/02/2024 12:19,Hyderabad,CC,WELCOME15,SwiftShip,10/02/2024,08/02/2024 17:15,DLVD,Rs. 0
ORD0000844,C000860,06/02/2024 13:05,Multan,CC,WELCOME15,RapidRoute,10/02/2024,10/02/2024 13:30,DLVD,Rs. 0
ORD0000845,C000654,06/02/2024 13:10,Quetta,COD,NONE,PakRider,12/02/2024,11/02/2024 16:20,DLVD,Rs. 220
ORD0000846,C000874,06/02/2024 15:18,Sukkur,COD,NONE,RapidRoute,12/02/2024,,CNCL,Rs. 0
ORD0000847,C000869,06/02/2024 16:08,Karachi,COD,WELCOME15,CityExpress,09/02/2024,08/02/2024 16:36,DLVD,Rs. 0
ORD0000848,C000729,06/02/2024 16:39,Karachi,COD,NONE,PakRider,09/02/2024,09/02/2024 19:37,DLVD,Rs. 0
ORD0000849,C000721,06/02/2024 17:22,Gujranwala,WALLET,NONE,SwiftShip,10/02/2024,09/02/2024 17:31,DLVD,Rs. 0
ORD0000850,C000784,06/02/2024 17:36,Karachi,CC,NONE,CityExpress,09/02/2024,08/02/2024 19:19,DLVD,Rs. 0
ORD0000851,C000617,06/02/2024 17:48,Sargodha,Cash on Delivery,NONE,CityExpress,12/02/2024,12/02/2024 16:51,DLVD,Rs. 220
ORD0000852,C000878,06/02/2024 18:07,Rawalpindi,COD,NONE,PakRider,09/02/2024,,RTO,Rs. 0
ORD0000853,C000844,06/02/2024 18:17,"Karachi, Sindh",COD,NONE,SwiftShip,09/02/2024,08/02/2024 16:56,DLVD,Rs. 150
ORD0000854,C000859,06/02/2024 18:41,Rawalpindi,COD,NONE,CityExpress,09/02/2024,08/02/2024 11:58,DLVD,Rs. 150
ORD0000855,C000788,06/02/2024 19:12,Lahore,CC,WELCOME15,PakRider,09/02/2024,08/02/2024 16:49,DLVD,Rs. 150
ORD0000856,C000837,06/02/2024 19:23,Peshawar,COD,NONE,RapidRoute,10/02/2024,10/02/2024 12:06,DLVD,Rs. 0
ORD0000857,C000872,06/02/2024 19:29,Rawalpindi,WALLET,NONE,SwiftShip,09/02/2024,07/02/2024 13:17,DLVD,Rs. 0
ORD0000858,C000879,06/02/2024 19:45,Lahore,COD,WELCOME15,PakRider,09/02/2024,10/02/2024 19:10,DLVD,Rs. 150
ORD0000859,C000881,06/02/2024 20:06,Islamabad,COD,NONE,PakRider,09/02/2024,09/02/2024 11:01,DLVD,Rs. 0
ORD0000860,C000852,06/02/2024 20:09,Quetta,Cash on Delivery,NONE,PakRider,12/02/2024,12/02/2024 10:25,DLVD,Rs. 0
ORD0000861,C000855,06/02/2024 20:16,Mardan,COD,NONE,PakRider,12/02/2024,,RTO,Rs. 0
ORD0000862,C000857,06/02/2024 20:20,Islamabad,COD,NONE,CityExpress,09/02/2024,12/02/2024 18:27,DLVD,Rs. 0
ORD0000863,C000714,06/02/2024 20:25,Lahore,WALLET,NONE,SwiftShip,09/02/2024,08/02/2024 15:39,DLVD,Rs. 150
ORD0000864,C000847,06/02/2024 21:07,Rawalpindi,COD,NONE,PakRider,09/02/2024,08/02/2024 16:39,DLVD,Rs. 0
ORD0000865,C000873,06/02/2024 21:23,Karachi ,COD,FREESHIP,SwiftShip,09/02/2024,,RTO,Rs. 0
ORD0000866,C000862,06/02/2024 21:25,Lahore,COD,NONE,SwiftShip,09/02/2024,08/02/2024 15:13,DLVD,Rs. 0
ORD0000867,C000868,06/02/2024 21:28,Quetta,COD,NONE,PakRider,12/02/2024,11/02/2024 10:25,DLVD,Rs. 0
ORD0000868,C000343,06/02/2024 21:52,Lahore,Cash on Delivery,NONE,SwiftShip,09/02/2024,08/02/2024 12:29,DLVD,Rs. 0
ORD0000869,C000686,06/02/2024 22:07,Karachi,COD,NONE,CityExpress,09/02/2024,09/02/2024 19:21,DLVD,Rs. 0
ORD0000870,C000871,06/02/2024 22:08,Hyderabad,COD,NONE,CityExpress,10/02/2024,,CNCL,Rs. 180
ORD0000871,C000478,06/02/2024 23:36,Sargodha,COD,NONE,RapidRoute,12/02/2024,12/02/2024 16:38,DLVD,Rs. 220
ORD0000872,C000891,07/02/2024 00:02,Islamabad,CC,NONE,PakRider,10/02/2024,09/02/2024 11:38,DLVD,Rs. 0
ORD0000873,C000887,07/02/2024 09:13,Karachi,Cash on Delivery,NONE,CityExpress,10/02/2024,09/02/2024 11:06,DLVD,Rs. 0
ORD0000874,C000442,07/02/2024 10:21,Karachi,CC,NONE,RapidRoute,10/02/2024,10/02/2024 17:37,DLVD,Rs. 150
ORD0000875,C000822,07/02/2024 11:46,Multan,COD,NONE,SwiftShip,11/02/2024,,CNCL,Rs. 0
ORD0000876,C000892,07/02/2024 12:19,Karachi,CC,NONE,PakRider,10/02/2024,09/02/2024 11:03,DLVD,Rs. 0
ORD0000877,C000899,07/02/2024 12:42,karachi,COD,NONE,SwiftShip,10/02/2024,,RTO,Rs. 0
ORD0000878,C000885,07/02/2024 12:43,Karachi,COD,NONE,PakRider,10/02/2024,10/02/2024 16:28,DLVD,Rs. 0
ORD0000879,C000726,07/02/2024 13:14,Rawalpindi,COD,WELCOME15,SwiftShip,10/02/2024,09/02/2024 14:44,DLVD,Rs. 0
ORD0000880,C000712,07/02/2024 14:03,Islamabad,CC,NONE,PakRider,10/02/2024,09/02/2024 14:01,DLVD,Rs. 150
ORD0000881,C000895,07/02/2024 14:49,Faisalabad,COD,NONE,CityExpress,11/02/2024,11/02/2024 15:15,DLVD,Rs. 180
ORD0000882,C000257,07/02/2024 15:47,Lahore,Cash on Delivery,NONE,SwiftShip,10/02/2024,09/02/2024 19:28,DLVD,Rs. 0
ORD0000883,C000901,07/02/2024 17:18,Multan,COD,NONE,RapidRoute,11/02/2024,11/02/2024 14:15,DLVD,Rs. 0
ORD0000884,C000894,07/02/2024 19:21,Karachi,CC,NONE,PakRider,10/02/2024,10/02/2024 16:44,DLVD,Rs. 0
ORD0000885,C000141,07/02/2024 19:56,Faisalabad,WALLET,NONE,PakRider,11/02/2024,10/02/2024 14:05,DLVD,Rs. 0
ORD0000886,C000805,07/02/2024 20:30,Faisalabad,CC,NONE,PakRider,11/02/2024,10/02/2024 12:28,DLVD,Rs. 0
ORD0000887,C000008,07/02/2024 20:55,Karachi,Cash on Delivery,NONE,PakRider,10/02/2024,10/02/2024 15:48,DLVD,Rs. 150
ORD0000888,C000884,07/02/2024 21:32,Islamabad,COD,NONE,CityExpress,10/02/2024,09/02/2024 16:54,DLVD,Rs. 150
ORD0000889,C000844,07/02/2024 21:48,Karachi,COD,NONE,SwiftShip,10/02/2024,09/02/2024 17:45,DLVD,Rs. 150
ORD0000890,C000787,07/02/2024 22:29,Hyderabad,Cash on Delivery,NONE,PakRider,11/02/2024,10/02/2024 15:41,DLVD,Rs. 0
ORD0000891,C000890,07/02/2024 22:51,Rawalpindi,COD,NONE,SwiftShip,10/02/2024,08/02/2024 14:22,DLVD,Rs. 0
ORD0000892,C000870,07/02/2024 23:22,Karachi,COD,NONE,PakRider,10/02/2024,,CNCL,Rs. 150
ORD0000893,C000889,07/02/2024 23:45,Multan,COD,NONE,RapidRoute,11/02/2024,11/02/2024 17:10,DLVD,Rs. 0
ORD0000894,C000585,08/02/2024 00:42,Multan,COD,WELCOME15,PakRider,12/02/2024,11/02/2024 15:47,DLVD,Rs. 0
ORD0000895,C000880,08/02/2024 01:32,Lahore,CC,NONE,SwiftShip,11/02/2024,11/02/2024 13:48,DLVD,Rs. 0
ORD0000896,C000740,08/02/2024 08:32,Sialkot,COD,NONE,SwiftShip,12/02/2024,10/02/2024 10:46,DLVD,Rs. 0
ORD0000897,C000917,08/02/2024 08:34,Lahore,COD,WELCOME15,CityExpress,11/02/2024,,CNCL,Rs. 150
ORD0000898,C000461,08/02/2024 09:56,Karachi,CC,NONE,SwiftShip,11/02/2024,10/02/2024 15:31,DLVD,Rs. 0
ORD0000899,C000592,08/02/2024 10:39,Lahore,COD,NONE,PakRider,11/02/2024,11/02/2024 14:05,DLVD,Rs. 0
ORD0000900,C000909,08/02/2024 11:58,Karachi,WALLET,NONE,CityExpress,11/02/2024,10/02/2024 16:44,DLVD,Rs. 0
ORD0000901,C000741,08/02/2024 14:09,Rawalpindi,COD,NONE,RapidRoute,11/02/2024,11/02/2024 11:37,DLVD,Rs. 0
ORD0000902,C000919,08/02/2024 14:09,Quetta,COD,NONE,RapidRoute,14/02/2024,13/02/2024 18:10,DLVD,Rs. 220
ORD0000903,C000706,08/02/2024 15:03,Lahore,COD,FREESHIP,SwiftShip,11/02/2024,09/02/2024 19:47,DLVD,Rs. 0
ORD0000904,C000046,08/02/2024 15:12,Islamabad,COD,NONE,SwiftShip,11/02/2024,10/02/2024 15:17,DLVD,Rs. 0
ORD0000905,C000916,08/02/2024 15:21,Hyderabad,CC,NONE,RapidRoute,12/02/2024,13/02/2024 13:20,DLVD,Rs. 0
ORD0000906,C000907,08/02/2024 15:33,Karachi,COD,NONE,RapidRoute,11/02/2024,11/02/2024 18:40,DLVD,Rs. 0
ORD0000907,C000906,08/02/2024 15:51,Rawalpindi,COD,WELCOME15,PakRider,11/02/2024,11/02/2024 10:46,DLVD,Rs. 150
ORD0000908,C000639,08/02/2024 15:55,Peshawar,COD,NONE,RapidRoute,12/02/2024,12/02/2024 19:09,DLVD,Rs. 180
ORD0000909,C000634,08/02/2024 16:01,,CC,NONE,CityExpress,11/02/2024,10/02/2024 13:27,DLVD,Rs. 0
ORD0000910,C000910,08/02/2024 16:40,Sargodha,COD,NONE,SwiftShip,14/02/2024,,RTO,Rs. 220
ORD0000911,C000914,08/02/2024 16:44,Hyderabad,COD,WELCOME15,PakRider,12/02/2024,11/02/2024 18:18,DLVD,Rs. 180
ORD0000912,C000905,08/02/2024 16:59,Rawalpindi,COD,NONE,PakRider,11/02/2024,11/02/2024 10:51,DLVD,Rs. 0
ORD0000913,C000837,08/02/2024 17:32,Peshawar,COD,NONE,SwiftShip,12/02/2024,11/02/2024 16:23,DLVD,Rs. 180
ORD0000914,C000808,08/02/2024 18:14,Rawalpindi,Cash on Delivery,NONE,RapidRoute,11/02/2024,12/02/2024 10:51,DLVD,Rs. 0
ORD0000915,C000803,08/02/2024 18:16,Peshawar,CC,NONE,RapidRoute,12/02/2024,13/02/2024 13:08,DLVD,Rs. 0
ORD0000916,C000922,08/02/2024 18:19,Sukkur,Cash on Delivery,NONE,PakRider,14/02/2024,12/02/2024 15:53,DLVD,Rs. 220
ORD0000917,C000912,08/02/2024 18:41,Karachi,CC,WELCOME15,CityExpress,11/02/2024,10/02/2024 14:49,DLVD,Rs. 0
ORD0000918,C000122,08/02/2024 19:20,Hyderabad,COD,NONE,SwiftShip,12/02/2024,10/02/2024 12:11,DLVD,Rs. 180
ORD0000919,C000911,08/02/2024 22:09,Karachi,Cash on Delivery,NONE,SwiftShip,11/02/2024,10/02/2024 17:13,DLVD,Rs. 0
ORD0000920,C000584,08/02/2024 22:09,Faisalabad,Cash on Delivery,NONE,PakRider,12/02/2024,12/02/2024 17:54,DLVD,Rs. 0
ORD0000921,C000903,08/02/2024 22:20,Islamabad,COD,NONE,RapidRoute,11/02/2024,12/02/2024 16:59,DLVD,Rs. 0
ORD0000922,C000904,08/02/2024 22:23,Hyderabad,Cash on Delivery,NONE,PakRider,12/02/2024,12/02/2024 13:00,DLVD,Rs. 0
ORD0000923,C000283,08/02/2024 22:38,Faisalabad,COD,NONE,RapidRoute,12/02/2024,12/02/2024 19:19,DLVD,Rs. 180
ORD0000924,C000918,08/02/2024 22:58,Hyderabad,CC,NONE,RapidRoute,12/02/2024,12/02/2024 16:18,DLVD,Rs. 0
ORD0000925,C000651,09/02/2024 03:48,Quetta,COD,NONE,SwiftShip,15/02/2024,12/02/2024 18:53,DLVD,Rs. 0
ORD0000926,C000861,09/02/2024 10:36,Peshawar,COD,NONE,RapidRoute,13/02/2024,14/02/2024 11:20,DLVD,Rs. 180
ORD0000927,C000671,09/02/2024 11:08,Faisalabad,COD,WELCOME15,SwiftShip,13/02/2024,12/02/2024 17:46,DLVD,Rs. 0
ORD0000928,C000930,09/02/2024 11:11,Gujranwala,COD,NONE,SwiftShip,13/02/2024,11/02/2024 13:49,DLVD,Rs. 0
ORD0000929,C000886,09/02/2024 12:17,Multan,WALLET,WELCOME15,PakRider,13/02/2024,14/02/2024 11:31,DLVD,Rs. 0
ORD0000930,C000591,09/02/2024 12:54,FSD,Cash on Delivery,NONE,PakRider,13/02/2024,12/02/2024 18:06,DLVD,Rs. 0
ORD0000931,C000934,09/02/2024 13:16,Peshawar,COD,NONE,PakRider,13/02/2024,13/02/2024 13:19,DLVD,Rs. 0
ORD0000932,C000386,09/02/2024 18:52,Abbottabad,CC,NONE,PakRider,15/02/2024,15/02/2024 18:28,DLVD,Rs. 0
ORD0000933,C000223,09/02/2024 18:58,Faisalabad,WALLET,NONE,CityExpress,13/02/2024,12/02/2024 15:12,DLVD,Rs. 180
ORD0000934,C000854,09/02/2024 20:04,Karachi,CC,WELCOME15,PakRider,12/02/2024,11/02/2024 10:15,DLVD,Rs. 150
ORD0000935,C000938,09/02/2024 20:18,gujranwala,WALLET,WELCOME15,SwiftShip,13/02/2024,11/02/2024 14:53,DLVD,Rs. 0
ORD0000936,C000929,09/02/2024 21:15,Lahore,COD,NONE,CityExpress,12/02/2024,11/02/2024 17:37,DLVD,Rs. 0
ORD0000937,C000778,09/02/2024 21:27,LHR,CC,NONE,SwiftShip,12/02/2024,,DLVD,Rs. 150
ORD0000938,C000553,09/02/2024 22:30,Hyderabad,Cash on Delivery,NONE,SwiftShip,13/02/2024,12/02/2024 12:04,DLVD,Rs. 0
ORD0000939,C000782,09/02/2024 22:37,Sialkot,Cash on Delivery,WELCOME15,PakRider,13/02/2024,12/02/2024 11:40,DLVD,Rs. 180
ORD0000940,C000900,09/02/2024 23:01,Islamabad,Cash on Delivery,NONE,PakRider,12/02/2024,,CNCL,Rs. 150
ORD0000941,C000906,09/02/2024 23:09,Rawalpindi,COD,NONE,RapidRoute,12/02/2024,12/02/2024 18:43,DLVD,Rs. 0
ORD0000942,C000797,10/02/2024 00:35,Abbottabad,COD,WELCOME15,PakRider,16/02/2024,,RTO,Rs. 220
ORD0000943,C000948,10/02/2024 02:32,Faisalabad,CC,NONE,SwiftShip,14/02/2024,13/02/2024 16:37,DLVD,Rs. 0
ORD0000944,C000732,10/02/2024 02:35,Rawalpindi,COD,NONE,SwiftShip,13/02/2024,12/02/2024 10:52,DLVD,Rs. 0
ORD0000945,C000483,10/02/2024 04:15,Lahore,WALLET,NONE,PakRider,13/02/2024,12/02/2024 15:16,DLVD,Rs. 0
ORD0000946,C000952,10/02/2024 05:26,Faisalabad,COD,NONE,RapidRoute,14/02/2024,14/02/2024 16:05,DLVD,Rs. 0
ORD0000947,C000069,10/02/2024 07:39,Karachi,WALLET,NONE,CityExpress,13/02/2024,12/02/2024 11:35,DLVD,Rs. 0
ORD0000948,C000953,10/02/2024 08:14,Multan,COD,WELCOME15,SwiftShip,14/02/2024,12/02/2024 17:16,DLVD,Rs. 0
ORD0000949,C000960,10/02/2024 08:59,Karachi,CC,WELCOME15,SwiftShip,13/02/2024,13/02/2024 14:31,DLVD,Rs. 150
ORD0000950,C000959,10/02/2024 09:54,Hyderabad,COD,NONE,CityExpress,14/02/2024,14/02/2024 17:40,DLVD,Rs. 0
ORD0000951,C000795,10/02/2024 10:38,Karachi,COD,NONE,CityExpress,13/02/2024,,RTO,Rs. 0
ORD0000952,C000086,10/02/2024 10:40,Lahore,COD,NONE,SwiftShip,13/02/2024,12/02/2024 14:45,DLVD,Rs. 0
ORD0000953,C000394,10/02/2024 13:25,RWP,COD,NONE,CityExpress,13/02/2024,12/02/2024 14:23,DLVD,Rs. 0
ORD0000954,C036001,10/02/2024 14:23,Gujranwala,COD,NONE,RapidRoute,14/02/2024,14/02/2024 19:33,DLVD,Rs. 0
ORD0000955,C000600,10/02/2024 15:09,ISB,COD,NONE,PakRider,13/02/2024,13/02/2024 13:55,DLVD,Rs. 150
ORD0000956,C000954,10/02/2024 15:15,Faisalabad,CC,FREESHIP,SwiftShip,14/02/2024,13/02/2024 16:21,DLVD,Rs. 0
ORD0000957,C000915,10/02/2024 16:14,Lahore,CC,NONE,SwiftShip,13/02/2024,12/02/2024 12:40,DLVD,Rs. 0
ORD0000958,C000949,10/02/2024 16:52,Lahore,CC,NONE,SwiftShip,13/02/2024,12/02/2024 15:05,DLVD,Rs. 0
ORD0000959,C000951,10/02/2024 17:29,Karachi,COD,NONE,SwiftShip,13/02/2024,14/02/2024 15:26,DLVD,Rs. 0
ORD0000960,C000964,10/02/2024 17:30,Karachi,CC,NONE,SwiftShip,13/02/2024,12/02/2024 11:58,DLVD,Rs. 0
ORD0000961,C000261,10/02/2024 17:39,Karachi,COD,WELCOME15,SwiftShip,13/02/2024,12/02/2024 17:07,DLVD,Rs. 0
ORD0000962,C000542,10/02/2024 17:47,lahore,CC,NONE,SwiftShip,13/02/2024,12/02/2024 13:39,DLVD,Rs. 0
ORD0000963,C000927,10/02/2024 18:55,Multan,COD,WELCOME15,SwiftShip,14/02/2024,14/02/2024 13:40,DLVD,Rs. 0
ORD0000964,C000395,10/02/2024 19:22,Hyderabad,COD,NONE,SwiftShip,14/02/2024,12/02/2024 14:34,DLVD,Rs. 0
ORD0000965,C000945,10/02/2024 19:43,Faisalabad,COD,WELCOME15,CityExpress,14/02/2024,14/02/2024 10:12,DLVD,Rs. 0
ORD0000966,C000961,10/02/2024 19:58,Karachi,CC,NONE,PakRider,13/02/2024,14/02/2024 16:39,DLVD,Rs. 0
ORD0000967,C000925,10/02/2024 21:44,Faisalabad,COD,NONE,PakRider,14/02/2024,15/02/2024 11:00,DLVD,Rs. 0
ORD0000968,C000191,10/02/2024 21:51,Lahore,COD,NONE,CityExpress,13/02/2024,12/02/2024 16:16,DLVD,Rs. 0
ORD0000969,C000229,10/02/2024 22:24,Islamabad,WALLET,NONE,SwiftShip,13/02/2024,13/02/2024 13:36,DLVD,Rs. 150
ORD0000970,C000857,10/02/2024 22:24,Islamabad,CC,NONE,PakRider,13/02/2024,13/02/2024 10:02,DLVD,Rs. 150
ORD0000971,C000962,10/02/2024 22:38,Lahore,Cash on Delivery,NONE,CityExpress,13/02/2024,,CNCL,Rs. 0
ORD0000972,C000956,10/02/2024 22:49,Lahore,Cash on Delivery,NONE,RapidRoute,13/02/2024,13/02/2024 17:59,DLVD,Rs. 150
ORD0000973,C000921,10/02/2024 23:34,Sargodha,COD,WELCOME15,PakRider,16/02/2024,,RTO,Rs. 0
ORD0000974,C000950,10/02/2024 23:56,Quetta,COD,WELCOME15,RapidRoute,16/02/2024,16/02/2024 17:45,DLVD,Rs. 0
ORD0000975,C000987,11/02/2024 05:27,Peshawar,COD,NONE,RapidRoute,15/02/2024,,RTO,Rs. 0
ORD0000976,C000806,11/02/2024 07:03,Lahore,CC,NONE,SwiftShip,14/02/2024,13/02/2024 10:21,DLVD,Rs. 0
ORD0000977,C000636,11/02/2024 08:06,Multan,COD,NONE,RapidRoute,15/02/2024,15/02/2024 11:18,DLVD,Rs. 0
ORD0000978,C000456,11/02/2024 11:48,Sialkot,CC,NONE,SwiftShip,15/02/2024,,RTO,Rs. 180
ORD0000979,C000986,11/02/2024 12:00,Karachi,CC,WELCOME15,PakRider,14/02/2024,13/02/2024 10:43,DLVD,Rs. 0
ORD0000980,C000815,11/02/2024 12:04,Multan,COD,WELCOME15,CityExpress,15/02/2024,,RTO,Rs. 180
ORD0000981,C000762,11/02/2024 12:07,Hyderabad,CC,NONE,SwiftShip,15/02/2024,13/02/2024 17:26,DLVD,Rs. 180
ORD0000982,C000983,11/02/2024 12:17,Karachi,WALLET,WELCOME15,SwiftShip,14/02/2024,13/02/2024 10:54,DLVD,Rs. 150
ORD0000983,C000841,11/02/2024 13:38,Lahore,WALLET,WELCOME15,SwiftShip,14/02/2024,13/02/2024 14:03,DLVD,Rs. 0
ORD0000984,C000968,11/02/2024 14:34,karachi,COD,NONE,RapidRoute,14/02/2024,15/02/2024 15:25,DLVD,Rs. 0
ORD0000985,C000982,11/02/2024 17:15,Karachi,COD,WELCOME15,SwiftShip,14/02/2024,,RTO,Rs. 0
ORD0000986,C000207,11/02/2024 17:16,Lahore,COD,NONE,CityExpress,14/02/2024,14/02/2024 13:08,DLVD,Rs. 0
ORD0000987,C000932,11/02/2024 17:43,Faisalabad,WALLET,NONE,PakRider,15/02/2024,15/02/2024 17:26,DLVD,Rs. 0
ORD0000988,C000974,11/02/2024 18:40,Gujranwala,WALLET,WELCOME15,SwiftShip,15/02/2024,14/02/2024 18:54,DLVD,Rs. 0
ORD0000989,C000607,11/02/2024 18:56,Rawalpindi,CC,NONE,CityExpress,14/02/2024,13/02/2024 18:17,DLVD,Rs. 150
ORD0000990,C000277,11/02/2024 19:49,Karachi,CC,NONE,CityExpress,14/02/2024,13/02/2024 18:42,DLVD,Rs. 150
ORD0000991,C000984,11/02/2024 20:04,Multan,WALLET,NONE,SwiftShip,15/02/2024,14/02/2024 15:24,DLVD,Rs. 180
ORD0000992,C000977,11/02/2024 20:38,,COD,NONE,RapidRoute,14/02/2024,14/02/2024 10:05,DLVD,Rs. 150
ORD0000993,C000935,11/02/2024 20:41,Hyderabad,CC,NONE,PakRider,15/02/2024,15/02/2024 13:44,DLVD,Rs. 180
ORD0000994,C000978,11/02/2024 21:16,Lahore,COD,NONE,PakRider,14/02/2024,,RTO,Rs. 0
ORD0000995,C000979,11/02/2024 21:19,Lahore,COD,WELCOME15,CityExpress,14/02/2024,,RTO,Rs. 0
ORD0000996,C000969,11/02/2024 21:50,Hyderabad,COD,NONE,RapidRoute,15/02/2024,16/02/2024 18:06,DLVD,Rs. 0
ORD0000997,C000973,11/02/2024 21:55,Lahore,COD,WELCOME15,PakRider,14/02/2024,14/02/2024 14:20,DLVD,Rs. 0
