customer_id,recency_days,frequency,monetary,r_score,f_score,m_score,segment
C000007,911,1,0.0,1,1,1,Lost
C000015,911,1,0.0,1,1,1,Lost
C000145,893,1,0.0,1,1,1,Lost
C000152,905,1,0.0,1,1,1,Lost
C000184,899,1,0.0,1,1,1,Lost
C000242,794,2,0.0,1,3,1,At risk
C000251,902,1,0.0,1,1,1,Lost
C000266,901,1,0.0,1,1,1,Lost
C000376,896,1,0.0,1,1,1,Lost
C000380,896,1,0.0,1,1,1,Lost
C000422,894,1,0.0,1,1,1,Lost
C000425,890,1,0.0,1,1,1,Lost
C000501,692,1,0.0,1,1,1,Lost
C000550,876,1,0.0,1,1,1,Lost
C000585,873,1,0.0,1,1,1,Lost
C000600,871,1,0.0,1,1,1,Lost
C000604,885,1,0.0,1,1,1,Lost
C000609,886,1,0.0,1,1,1,Lost
C000682,788,1,0.0,1,1,1,Lost
C000753,879,1,0.0,1,1,1,Lost
C000862,875,1,0.0,1,1,1,Lost
C000889,874,1,0.0,1,1,1,Lost
C000983,870,1,0.0,1,1,1,Lost
C000985,870,1,0.0,1,1,1,Lost
C001005,869,1,0.0,1,1,1,Lost
C001073,866,1,0.0,1,1,1,Lost
C001117,864,1,0.0,1,1,1,Lost
C001137,863,1,0.0,1,1,1,Lost
C001182,703,1,0.0,1,1,1,Lost
C001208,851,1,0.0,1,1,1,Lost
C001270,858,1,0.0,1,1,1,Lost
C001305,856,1,0.0,1,1,1,Lost
C001327,856,1,0.0,1,1,1,Lost
C001333,836,1,0.0,1,1,1,Lost
C001393,816,1,0.0,1,1,1,Lost
C001420,849,1,0.0,1,1,1,Lost
C001432,851,1,0.0,1,1,1,Lost
C001536,846,1,0.0,1,1,1,Lost
C001605,844,1,0.0,1,1,1,Lost
C001619,843,1,0.0,1,1,1,Lost
C001626,842,1,0.0,1,1,1,Lost
C001711,837,1,0.0,1,1,1,Lost
C001830,831,1,0.0,1,1,1,Lost
C001896,828,1,0.0,1,1,1,Lost
C001917,828,1,0.0,1,1,1,Lost
C001922,828,1,0.0,1,1,1,Lost
C002002,825,1,0.0,1,1,1,Lost
C002077,820,1,0.0,1,1,1,Lost
C002115,818,1,0.0,1,1,1,Lost
C002154,807,1,0.0,1,1,1,Lost
C002158,818,1,0.0,1,1,1,Lost
C002184,818,1,0.0,1,1,1,Lost
C002203,815,1,0.0,1,1,1,Lost
C002219,817,1,0.0,1,1,1,Lost
C002238,816,1,0.0,1,1,1,Lost
C002266,815,1,0.0,1,1,1,Lost
C002313,814,1,0.0,1,1,1,Lost
C002321,782,2,0.0,1,3,1,At risk
C002338,813,1,0.0,1,1,1,Lost
C002355,813,1,0.0,1,1,1,Lost
C002395,811,1,0.0,1,1,1,Lost
C002436,808,1,0.0,1,1,1,Lost
C002458,808,1,0.0,1,1,1,Lost
C002484,805,1,0.0,1,1,1,Lost
C002488,794,1,0.0,1,1,1,Lost
C002523,805,1,0.0,1,1,1,Lost
C002535,802,1,0.0,1,1,1,Lost
C002613,790,1,0.0,1,1,1,Lost
C002800,794,1,0.0,1,1,1,Lost
C002825,793,1,0.0,1,1,1,Lost
C003010,786,1,0.0,1,1,1,Lost
C003030,779,1,0.0,1,1,1,Lost
C003031,785,1,0.0,1,1,1,Lost
C003103,781,1,0.0,1,1,1,Lost
C003113,778,1,0.0,1,1,1,Lost
C003284,774,1,0.0,1,1,1,Lost
C003298,774,1,0.0,1,1,1,Lost
C003364,765,1,0.0,1,1,1,Lost
C003375,771,1,0.0,1,1,1,Lost
C003584,761,1,0.0,1,1,1,Lost
C003646,760,1,0.0,1,1,1,Lost
C003660,751,1,0.0,1,1,1,Lost
C003687,758,1,0.0,1,1,1,Lost
C003774,754,1,0.0,1,1,1,Lost
C003792,754,1,0.0,1,1,1,Lost
C003808,749,1,0.0,1,1,1,Lost
C003839,753,1,0.0,1,1,1,Lost
C003855,752,1,0.0,1,1,1,Lost
C003871,750,1,0.0,1,1,1,Lost
C003881,751,1,0.0,1,1,1,Lost
C003943,749,1,0.0,1,1,1,Lost
C003967,749,1,0.0,1,1,1,Lost
C004038,746,1,0.0,1,1,1,Lost
C004047,746,1,0.0,1,1,1,Lost
C004053,740,1,0.0,1,1,1,Lost
C004056,744,1,0.0,1,1,1,Lost
C004174,741,1,0.0,1,1,1,Lost
C004204,737,1,0.0,1,1,1,Lost
C004368,728,1,0.0,1,1,1,Lost
C004434,731,1,0.0,1,1,1,Lost
C004435,731,1,0.0,1,1,1,Lost
C004491,729,1,0.0,1,1,1,Lost
C004558,727,1,0.0,1,1,1,Lost
C004561,720,1,0.0,1,1,1,Lost
C004605,722,1,0.0,1,1,1,Lost
C004645,724,1,0.0,1,1,1,Lost
C004698,722,1,0.0,1,1,1,Lost
C004783,719,1,0.0,1,1,1,Lost
C004796,716,1,0.0,1,1,1,Lost
C004845,710,1,0.0,1,1,1,Lost
C004896,714,1,0.0,1,1,1,Lost
C004901,714,1,0.0,1,1,1,Lost
C004961,712,1,0.0,1,1,1,Lost
C004971,712,1,0.0,1,1,1,Lost
C005012,710,1,0.0,1,1,1,Lost
C005057,701,1,0.0,1,1,1,Lost
C005086,707,1,0.0,1,1,1,Lost
C005089,707,1,0.0,1,1,1,Lost
C005120,705,1,0.0,1,1,1,Lost
C005221,699,1,0.0,1,1,1,Lost
C005230,702,1,0.0,1,1,1,Lost
C005285,700,1,0.0,1,1,1,Lost
C005475,685,1,0.0,1,1,1,Lost
C005534,692,1,0.0,1,1,1,Lost
C005620,689,1,0.0,1,1,1,Lost
C005642,685,1,0.0,1,1,1,Lost
C005703,687,1,0.0,1,1,1,Lost
C005743,675,1,0.0,1,1,1,Lost
C005781,672,1,0.0,1,1,1,Lost
C005819,685,1,0.0,1,1,1,Lost
C005820,684,1,0.0,1,1,1,Lost
C005840,625,1,0.0,1,1,1,Lost
C005859,684,1,0.0,1,1,1,Lost
C005863,684,1,0.0,1,1,1,Lost
C005875,683,1,0.0,1,1,1,Lost
C005885,683,1,0.0,1,1,1,Lost
C005918,682,1,0.0,1,1,1,Lost
C005943,678,1,0.0,1,1,1,Lost
C005956,681,1,0.0,1,1,1,Lost
C005960,680,1,0.0,1,1,1,Lost
C005973,663,2,0.0,1,3,1,At risk
C006002,679,1,0.0,1,1,1,Lost
C006014,667,1,0.0,1,1,1,Lost
C006106,675,1,0.0,1,1,1,Lost
C006197,641,1,0.0,1,1,1,Lost
C006198,659,1,0.0,1,1,1,Lost
C006218,671,1,0.0,1,1,1,Lost
C006263,670,1,0.0,1,1,1,Lost
C006269,670,1,0.0,1,1,1,Lost
C006338,664,1,0.0,1,1,1,Lost
C006452,652,1,0.0,1,1,1,Lost
C006459,663,1,0.0,1,1,1,Lost
C006488,662,1,0.0,1,1,1,Lost
C006510,661,1,0.0,1,1,1,Lost
C006531,660,1,0.0,1,1,1,Lost
C006554,655,1,0.0,1,1,1,Lost
C006576,659,1,0.0,1,1,1,Lost
C006577,651,1,0.0,1,1,1,Lost
C006623,639,1,0.0,1,1,1,Lost
C006688,654,1,0.0,1,1,1,Lost
C006777,651,1,0.0,1,1,1,Lost
C006797,647,1,0.0,1,1,1,Lost
C006837,649,1,0.0,1,1,1,Lost
C006857,644,1,0.0,1,1,1,Lost
C006881,643,1,0.0,1,1,1,Lost
C007004,643,1,0.0,1,1,1,Lost
C007076,641,1,0.0,1,1,1,Lost
C007306,594,1,0.0,1,1,1,Lost
C007324,632,1,0.0,1,1,1,Lost
C007338,596,1,0.0,1,1,1,Lost
C007418,629,1,0.0,1,1,1,Lost
C007478,621,1,0.0,1,1,1,Lost
C007546,624,1,0.0,1,1,1,Lost
C007615,622,1,0.0,1,1,1,Lost
C007653,621,1,0.0,1,1,1,Lost
C007674,620,1,0.0,1,1,1,Lost
C007680,620,1,0.0,1,1,1,Lost
C007726,619,1,0.0,1,1,1,Lost
C007796,617,1,0.0,1,1,1,Lost
C007845,615,1,0.0,1,1,1,Lost
C007916,611,1,0.0,1,1,1,Lost
C007963,609,1,0.0,1,1,1,Lost
C008001,611,1,0.0,1,1,1,Lost
C008057,609,1,0.0,1,1,1,Lost
C008109,605,1,0.0,1,1,1,Lost
C008156,605,1,0.0,1,1,1,Lost
C008186,602,1,0.0,1,1,1,Lost
C008196,605,1,0.0,1,1,1,Lost
C008205,605,1,0.0,1,1,1,Lost
C008217,601,1,0.0,1,1,1,Lost
C008226,590,1,0.0,1,1,1,Lost
C008296,590,1,0.0,1,1,1,Lost
C008328,595,1,0.0,1,1,1,Lost
C008350,600,1,0.0,1,1,1,Lost
C008477,591,1,0.0,1,1,1,Lost
C008535,596,1,0.0,1,1,1,Lost
C008539,596,1,0.0,1,1,1,Lost
C008557,596,1,0.0,1,1,1,Lost
C008565,596,1,0.0,1,1,1,Lost
C008570,596,1,0.0,1,1,1,Lost
C008656,596,1,0.0,1,1,1,Lost
C008689,589,1,0.0,1,1,1,Lost
C008749,590,1,0.0,1,1,1,Lost
C008766,594,1,0.0,1,1,1,Lost
C008799,593,1,0.0,1,1,1,Lost
C008827,594,1,0.0,1,1,1,Lost
C008851,593,1,0.0,1,1,1,Lost
C008875,592,1,0.0,1,1,1,Lost
C008973,572,1,0.0,2,1,1,Lost
C008975,579,1,0.0,1,1,1,Lost
C008989,589,1,0.0,1,1,1,Lost
C009027,586,2,0.0,1,3,1,At risk
C009127,584,1,0.0,1,1,1,Lost
C009137,584,1,0.0,1,1,1,Lost
C009176,558,1,0.0,2,1,1,Lost
C009204,582,1,0.0,1,1,1,Lost
C009243,581,1,0.0,1,1,1,Lost
C009261,580,1,0.0,1,1,1,Lost
C009301,565,1,0.0,2,1,1,Lost
C009327,576,1,0.0,2,1,1,Lost
C009330,578,1,0.0,2,1,1,Lost
C009341,578,1,0.0,2,1,1,Lost
C009380,578,1,0.0,2,1,1,Lost
C009388,578,1,0.0,2,1,1,Lost
C009391,578,1,0.0,2,1,1,Lost
C009396,574,1,0.0,2,1,1,Lost
C009424,565,2,0.0,2,3,1,At risk
C009441,578,1,0.0,2,1,1,Lost
C009454,578,1,0.0,2,1,1,Lost
C009455,578,1,0.0,2,1,1,Lost
C009491,577,1,0.0,2,1,1,Lost
C009545,577,1,0.0,2,1,1,Lost
C009562,576,1,0.0,2,1,1,Lost
C009598,575,1,0.0,2,1,1,Lost
C009680,571,1,0.0,2,1,1,Lost
C009815,564,1,0.0,2,1,1,Lost
C009833,529,2,0.0,2,3,1,At risk
C009836,567,1,0.0,2,1,1,Lost
C009848,567,1,0.0,2,1,1,Lost
C009851,562,1,0.0,2,1,1,Lost
C009871,565,1,0.0,2,1,1,Lost
C009907,552,1,0.0,2,1,1,Lost
C009926,565,1,0.0,2,1,1,Lost
C009927,565,1,0.0,2,1,1,Lost
C010002,565,1,0.0,2,1,1,Lost
C010061,564,1,0.0,2,1,1,Lost
C010113,563,1,0.0,2,1,1,Lost
C010145,562,1,0.0,2,1,1,Lost
C010153,559,1,0.0,2,1,1,Lost
C010184,561,1,0.0,2,1,1,Lost
C010200,560,1,0.0,2,1,1,Lost
C010319,545,1,0.0,2,1,1,Lost
C010393,538,1,0.0,2,1,1,Lost
C010457,552,1,0.0,2,1,1,Lost
C010473,551,1,0.0,2,1,1,Lost
C010555,549,1,0.0,2,1,1,Lost
C010628,544,1,0.0,2,1,1,Lost
C010754,528,1,0.0,2,1,1,Lost
C010816,540,1,0.0,2,1,1,Lost
C010820,540,1,0.0,2,1,1,Lost
C010906,538,1,0.0,2,1,1,Lost
C010989,536,1,0.0,2,1,1,Lost
C010992,536,1,0.0,2,1,1,Lost
C011064,533,1,0.0,2,1,1,Lost
C011148,528,1,0.0,2,1,1,Lost
C011243,528,1,0.0,2,1,1,Lost
C011350,524,1,0.0,2,1,1,Lost
C011371,523,1,0.0,2,1,1,Lost
C011393,522,1,0.0,2,1,1,Lost
C011438,521,1,0.0,2,1,1,Lost
C011483,513,1,0.0,2,1,1,Lost
C011484,501,1,0.0,2,1,1,Lost
C011516,520,1,0.0,2,1,1,Lost
C011624,517,1,0.0,2,1,1,Lost
C011634,516,1,0.0,2,1,1,Lost
C011817,505,2,0.0,2,3,1,At risk
C011882,509,1,0.0,2,1,1,Lost
C011969,506,1,0.0,2,1,1,Lost
C011970,499,1,0.0,2,1,1,Lost
C011983,506,1,0.0,2,1,1,Lost
C012000,501,1,0.0,2,1,1,Lost
C012054,481,1,0.0,2,1,1,Lost
C012111,502,1,0.0,2,1,1,Lost
C012177,500,1,0.0,2,1,1,Lost
C012203,499,1,0.0,2,1,1,Lost
C012231,480,2,0.0,2,3,1,At risk
C012354,489,1,0.0,2,1,1,Lost
C012396,480,2,0.0,2,3,1,At risk
C012419,492,1,0.0,2,1,1,Lost
C012606,479,1,0.0,2,1,1,Lost
C012658,471,1,0.0,2,1,1,Lost
C012702,485,1,0.0,2,1,1,Lost
C012720,479,1,0.0,2,1,1,Lost
C012746,481,1,0.0,2,1,1,Lost
C012869,479,1,0.0,2,1,1,Lost
C012953,476,1,0.0,2,1,1,Lost
C012992,474,1,0.0,2,1,1,Lost
C013023,474,1,0.0,2,1,1,Lost
C013074,467,1,0.0,2,1,1,Lost
C013091,472,1,0.0,2,1,1,Lost
C013120,446,1,0.0,2,1,1,Lost
C013216,468,1,0.0,2,1,1,Lost
C013252,451,1,0.0,2,1,1,Lost
C013403,451,1,0.0,2,1,1,Lost
C013407,459,1,0.0,2,1,1,Lost
C013433,463,1,0.0,2,1,1,Lost
C013435,463,1,0.0,2,1,1,Lost
C013471,458,1,0.0,2,1,1,Lost
C013499,456,1,0.0,2,1,1,Lost
C013525,461,1,0.0,2,1,1,Lost
C013570,460,1,0.0,2,1,1,Lost
C013578,446,1,0.0,2,1,1,Lost
C013582,446,1,0.0,2,1,1,Lost
C013604,459,1,0.0,2,1,1,Lost
C013610,459,1,0.0,2,1,1,Lost
C013673,446,1,0.0,2,1,1,Lost
C013690,457,1,0.0,2,1,1,Lost
C013693,457,1,0.0,2,1,1,Lost
C013695,457,1,0.0,2,1,1,Lost
C013698,457,1,0.0,2,1,1,Lost
C013720,457,1,0.0,2,1,1,Lost
C013764,455,1,0.0,2,1,1,Lost
C013851,451,1,0.0,2,1,1,Lost
C013929,446,1,0.0,2,1,1,Lost
C014063,445,1,0.0,2,1,1,Lost
C014099,394,1,0.0,2,1,1,Lost
C014229,441,1,0.0,2,1,1,Lost
C014243,441,1,0.0,2,1,1,Lost
C014272,440,1,0.0,2,1,1,Lost
C014300,419,1,0.0,2,1,1,Lost
C014374,433,1,0.0,2,1,1,Lost
C014428,434,1,0.0,2,1,1,Lost
C014441,412,1,0.0,2,1,1,Lost
C014469,431,2,0.0,2,3,1,At risk
C014582,432,1,0.0,2,1,1,Lost
C014604,431,1,0.0,2,1,1,Lost
C014607,431,1,0.0,2,1,1,Lost
C014640,430,1,0.0,2,1,1,Lost
C014664,428,1,0.0,2,1,1,Lost
C014692,420,1,0.0,2,1,1,Lost
C014728,428,1,0.0,2,1,1,Lost
C014743,419,1,0.0,2,1,1,Lost
C014791,424,1,0.0,2,1,1,Lost
C014803,426,1,0.0,2,1,1,Lost
C014819,426,1,0.0,2,1,1,Lost
C014837,421,1,0.0,2,1,1,Lost
C014855,425,1,0.0,2,1,1,Lost
C014984,421,1,0.0,2,1,1,Lost
C015020,390,1,0.0,2,1,1,Lost
C015027,410,1,0.0,2,1,1,Lost
C015035,420,1,0.0,2,1,1,Lost
C015056,419,1,0.0,2,1,1,Lost
C015076,382,1,0.0,2,1,1,Lost
C015100,383,1,0.0,2,1,1,Lost
C015144,417,1,0.0,2,1,1,Lost
C015230,415,1,0.0,2,1,1,Lost
C015295,413,1,0.0,2,1,1,Lost
C015311,399,1,0.0,2,1,1,Lost
C015322,411,1,0.0,2,1,1,Lost
C015354,368,1,0.0,3,1,1,Needs attention
C015379,411,1,0.0,2,1,1,Lost
C015382,410,1,0.0,2,1,1,Lost
C015399,411,1,0.0,2,1,1,Lost
C015410,396,1,0.0,2,1,1,Lost
C015466,409,1,0.0,2,1,1,Lost
C015560,406,1,0.0,2,1,1,Lost
C015571,400,1,0.0,2,1,1,Lost
C015615,405,1,0.0,2,1,1,Lost
C015641,404,1,0.0,2,1,1,Lost
C015674,396,1,0.0,2,1,1,Lost
C015677,403,1,0.0,2,1,1,Lost
C015711,402,1,0.0,2,1,1,Lost
C015720,402,1,0.0,2,1,1,Lost
C015727,397,1,0.0,2,1,1,Lost
C015886,397,1,0.0,2,1,1,Lost
C015891,379,1,0.0,2,1,1,Lost
C015895,396,1,0.0,2,1,1,Lost
C015926,396,1,0.0,2,1,1,Lost
C015932,396,1,0.0,2,1,1,Lost
C015975,377,1,0.0,2,1,1,Lost
C015999,394,1,0.0,2,1,1,Lost
C016005,394,1,0.0,2,1,1,Lost
C016138,330,1,0.0,3,1,1,Needs attention
C016205,389,1,0.0,2,1,1,Lost
C016221,389,1,0.0,2,1,1,Lost
C016240,388,1,0.0,2,1,1,Lost
C016332,385,1,0.0,2,1,1,Lost
C016397,317,1,0.0,3,1,1,Needs attention
C016430,382,1,0.0,2,1,1,Lost
C016439,278,1,0.0,3,1,1,Needs attention
C016518,380,1,0.0,2,1,1,Lost
C016527,286,1,0.0,3,1,1,Needs attention
C016547,379,1,0.0,2,1,1,Lost
C016576,377,1,0.0,2,1,1,Lost
C016583,378,1,0.0,2,1,1,Lost
C016589,378,1,0.0,2,1,1,Lost
C016700,359,1,0.0,3,1,1,Needs attention
C016751,364,1,0.0,3,1,1,Needs attention
C016761,363,1,0.0,3,1,1,Needs attention
C016922,368,1,0.0,3,1,1,Needs attention
C016930,368,1,0.0,3,1,1,Needs attention
C016944,307,1,0.0,3,1,1,Needs attention
C017010,365,1,0.0,3,1,1,Needs attention
C017024,361,1,0.0,3,1,1,Needs attention
C017077,365,1,0.0,3,1,1,Needs attention
C017187,362,1,0.0,3,1,1,Needs attention
C017201,361,1,0.0,3,1,1,Needs attention
C017210,361,1,0.0,3,1,1,Needs attention
C017221,361,1,0.0,3,1,1,Needs attention
C017275,356,1,0.0,3,1,1,Needs attention
C017346,358,1,0.0,3,1,1,Needs attention
C017558,353,1,0.0,3,1,1,Needs attention
C017567,352,1,0.0,3,1,1,Needs attention
C017594,340,1,0.0,3,1,1,Needs attention
C017654,350,1,0.0,3,1,1,Needs attention
C017689,350,1,0.0,3,1,1,Needs attention
C017694,320,2,0.0,3,3,1,Loyal
C017733,320,1,0.0,3,1,1,Needs attention
C017800,309,1,0.0,3,1,1,Needs attention
C017885,332,1,0.0,3,1,1,Needs attention
C017889,345,1,0.0,3,1,1,Needs attention
C017907,345,1,0.0,3,1,1,Needs attention
C017977,343,1,0.0,3,1,1,Needs attention
C017999,342,1,0.0,3,1,1,Needs attention
C018009,342,1,0.0,3,1,1,Needs attention
C018025,342,1,0.0,3,1,1,Needs attention
C018031,342,1,0.0,3,1,1,Needs attention
C018072,340,1,0.0,3,1,1,Needs attention
C018188,338,1,0.0,3,1,1,Needs attention
C018219,330,1,0.0,3,1,1,Needs attention
C018232,327,1,0.0,3,1,1,Needs attention
C018239,333,1,0.0,3,1,1,Needs attention
C018257,337,1,0.0,3,1,1,Needs attention
C018287,336,1,0.0,3,1,1,Needs attention
C018290,336,1,0.0,3,1,1,Needs attention
C018390,334,1,0.0,3,1,1,Needs attention
C018436,319,1,0.0,3,1,1,Needs attention
C018440,266,1,0.0,3,1,1,Needs attention
C018456,320,2,0.0,3,3,1,Loyal
C018530,316,1,0.0,3,1,1,Needs attention
C018539,318,1,0.0,3,1,1,Needs attention
C018549,325,1,0.0,3,1,1,Needs attention
C018565,319,1,0.0,3,1,1,Needs attention
C018570,324,1,0.0,3,1,1,Needs attention
C018608,328,1,0.0,3,1,1,Needs attention
C018628,328,1,0.0,3,1,1,Needs attention
C018747,321,1,0.0,3,1,1,Needs attention
C018771,320,1,0.0,3,1,1,Needs attention
C018778,324,1,0.0,3,1,1,Needs attention
C018788,324,1,0.0,3,1,1,Needs attention
C018865,313,1,0.0,3,1,1,Needs attention
C018867,322,1,0.0,3,1,1,Needs attention
C018956,320,1,0.0,3,1,1,Needs attention
C018958,321,1,0.0,3,1,1,Needs attention
C018980,320,1,0.0,3,1,1,Needs attention
C019003,320,1,0.0,3,1,1,Needs attention
C019013,315,1,0.0,3,1,1,Needs attention
C019016,320,1,0.0,3,1,1,Needs attention
C019049,320,1,0.0,3,1,1,Needs attention
C019067,316,1,0.0,3,1,1,Needs attention
C019105,319,1,0.0,3,1,1,Needs attention
C019133,319,1,0.0,3,1,1,Needs attention
C019159,314,1,0.0,3,1,1,Needs attention
C019206,317,1,0.0,3,1,1,Needs attention
C019252,316,1,0.0,3,1,1,Needs attention
C019281,316,1,0.0,3,1,1,Needs attention
C019300,313,1,0.0,3,1,1,Needs attention
C019355,313,1,0.0,3,1,1,Needs attention
C019410,312,1,0.0,3,1,1,Needs attention
C019450,303,1,0.0,3,1,1,Needs attention
C019497,307,1,0.0,3,1,1,Needs attention
C019526,309,1,0.0,3,1,1,Needs attention
C019644,307,1,0.0,3,1,1,Needs attention
C019655,306,1,0.0,3,1,1,Needs attention
C019672,306,1,0.0,3,1,1,Needs attention
C019692,302,1,0.0,3,1,1,Needs attention
C019722,305,1,0.0,3,1,1,Needs attention
C019749,216,2,0.0,3,3,1,Loyal
C019824,303,1,0.0,3,1,1,Needs attention
C019847,302,1,0.0,3,1,1,Needs attention
C019985,292,1,0.0,3,1,1,Needs attention
C019990,298,1,0.0,3,1,1,Needs attention
C020014,258,1,0.0,3,1,1,Needs attention
C020131,288,1,0.0,3,1,1,Needs attention
C020331,290,1,0.0,3,1,1,Needs attention
C020376,280,1,0.0,3,1,1,Needs attention
C020377,287,1,0.0,3,1,1,Needs attention
C020389,289,1,0.0,3,1,1,Needs attention
C020491,286,1,0.0,3,1,1,Needs attention
C020495,286,1,0.0,3,1,1,Needs attention
C020558,280,1,0.0,3,1,1,Needs attention
C020563,284,1,0.0,3,1,1,Needs attention
C020662,282,1,0.0,3,1,1,Needs attention
C020709,275,1,0.0,3,1,1,Needs attention
C020740,280,1,0.0,3,1,1,Needs attention
C020762,279,1,0.0,3,1,1,Needs attention
C020780,270,1,0.0,3,1,1,Needs attention
C020792,272,1,0.0,3,1,1,Needs attention
C020802,279,1,0.0,3,1,1,Needs attention
C020848,272,1,0.0,3,1,1,Needs attention
C020900,276,1,0.0,3,1,1,Needs attention
C020911,276,1,0.0,3,1,1,Needs attention
C020921,210,1,0.0,4,1,1,New or promising
C020927,276,1,0.0,3,1,1,Needs attention
C021002,274,1,0.0,3,1,1,Needs attention
C021045,273,1,0.0,3,1,1,Needs attention
C021094,265,1,0.0,3,1,1,Needs attention
C021141,270,1,0.0,3,1,1,Needs attention
C021323,266,1,0.0,3,1,1,Needs attention
C021450,263,1,0.0,3,1,1,Needs attention
C021497,262,1,0.0,3,1,1,Needs attention
C021537,231,1,0.0,3,1,1,Needs attention
C021727,257,1,0.0,3,1,1,Needs attention
C021778,177,1,0.0,4,1,1,New or promising
C021781,175,1,0.0,4,1,1,New or promising
C021805,246,1,0.0,3,1,1,Needs attention
C021811,157,1,0.0,4,1,1,New or promising
C021865,254,1,0.0,3,1,1,Needs attention
C021917,248,1,0.0,3,1,1,Needs attention
C022031,251,1,0.0,3,1,1,Needs attention
C022032,251,1,0.0,3,1,1,Needs attention
C022088,236,2,0.0,3,3,1,Loyal
C022148,239,1,0.0,3,1,1,Needs attention
C022194,235,1,0.0,3,1,1,Needs attention
C022282,246,1,0.0,3,1,1,Needs attention
C022318,245,1,0.0,3,1,1,Needs attention
C022348,242,1,0.0,3,1,1,Needs attention
C022428,243,1,0.0,3,1,1,Needs attention
C022430,243,1,0.0,3,1,1,Needs attention
C022457,242,1,0.0,3,1,1,Needs attention
C022691,237,1,0.0,3,1,1,Needs attention
C022739,53,1,0.0,5,1,1,New or promising
C022752,230,1,0.0,3,1,1,Needs attention
C022840,234,1,0.0,3,1,1,Needs attention
C022845,221,1,0.0,3,1,1,Needs attention
C022848,229,1,0.0,3,1,1,Needs attention
C022861,231,1,0.0,3,1,1,Needs attention
C022903,214,1,0.0,3,1,1,Needs attention
C022919,217,1,0.0,3,1,1,Needs attention
C023010,231,1,0.0,3,1,1,Needs attention
C023029,231,1,0.0,3,1,1,Needs attention
C023031,231,1,0.0,3,1,1,Needs attention
C023051,124,1,0.0,4,1,1,New or promising
C023059,230,1,0.0,3,1,1,Needs attention
C023078,231,1,0.0,3,1,1,Needs attention
C023115,231,1,0.0,3,1,1,Needs attention
C023124,217,1,0.0,3,1,1,Needs attention
C023138,227,1,0.0,3,1,1,Needs attention
C023210,231,1,0.0,3,1,1,Needs attention
C023232,231,1,0.0,3,1,1,Needs attention
C023236,200,1,0.0,4,1,1,New or promising
C023257,231,1,0.0,3,1,1,Needs attention
C023259,231,1,0.0,3,1,1,Needs attention
C023272,229,1,0.0,3,1,1,Needs attention
C023326,230,1,0.0,3,1,1,Needs attention
C023339,231,1,0.0,3,1,1,Needs attention
C023429,230,1,0.0,3,1,1,Needs attention
C023454,225,1,0.0,3,1,1,Needs attention
C023502,228,1,0.0,3,1,1,Needs attention
C023563,203,1,0.0,4,1,1,New or promising
C023592,222,1,0.0,3,1,1,Needs attention
C023603,226,1,0.0,3,1,1,Needs attention
C023717,224,1,0.0,3,1,1,Needs attention
C023737,223,1,0.0,3,1,1,Needs attention
C023802,222,1,0.0,3,1,1,Needs attention
C023886,220,1,0.0,3,1,1,Needs attention
C023931,219,1,0.0,3,1,1,Needs attention
C023969,219,1,0.0,3,1,1,Needs attention
C023996,211,1,0.0,4,1,1,New or promising
C024014,209,1,0.0,4,1,1,New or promising
C024120,215,1,0.0,3,1,1,Needs attention
C024198,205,1,0.0,4,1,1,New or promising
C024248,214,1,0.0,3,1,1,Needs attention
C024294,207,1,0.0,4,1,1,New or promising
C024323,214,1,0.0,3,1,1,Needs attention
C024350,214,1,0.0,3,1,1,Needs attention
C024398,214,1,0.0,3,1,1,Needs attention
C024402,212,1,0.0,3,1,1,Needs attention
C024426,214,1,0.0,3,1,1,Needs attention
C024456,213,1,0.0,3,1,1,Needs attention
C024477,212,1,0.0,3,1,1,Needs attention
C024567,211,1,0.0,4,1,1,New or promising
C024583,211,1,0.0,4,1,1,New or promising
C024621,210,1,0.0,4,1,1,New or promising
C024626,71,1,0.0,5,1,1,New or promising
C024632,208,1,0.0,4,1,1,New or promising
C024645,210,1,0.0,4,1,1,New or promising
C024657,200,1,0.0,4,1,1,New or promising
C024695,209,1,0.0,4,1,1,New or promising
C024795,198,1,0.0,4,1,1,New or promising
C024797,207,1,0.0,4,1,1,New or promising
C024806,189,1,0.0,4,1,1,New or promising
C024843,198,1,0.0,4,1,1,New or promising
C024872,197,1,0.0,4,1,1,New or promising
C024907,203,1,0.0,4,1,1,New or promising
C024912,203,1,0.0,4,1,1,New or promising
C024934,56,1,0.0,5,1,1,New or promising
C024944,93,1,0.0,4,1,1,New or promising
C024961,203,1,0.0,4,1,1,New or promising
C024981,197,1,0.0,4,1,1,New or promising
C024989,188,1,0.0,4,1,1,New or promising
C025028,200,1,0.0,4,1,1,New or promising
C025030,202,1,0.0,4,1,1,New or promising
C025065,200,1,0.0,4,1,1,New or promising
C025149,200,1,0.0,4,1,1,New or promising
C025195,200,1,0.0,4,1,1,New or promising
C025205,200,1,0.0,4,1,1,New or promising
C025239,200,1,0.0,4,1,1,New or promising
C025307,200,1,0.0,4,1,1,New or promising
C025310,200,1,0.0,4,1,1,New or promising
C025314,199,1,0.0,4,1,1,New or promising
C025331,200,1,0.0,4,1,1,New or promising
C025379,199,1,0.0,4,1,1,New or promising
C025510,196,1,0.0,4,1,1,New or promising
C025580,195,1,0.0,4,1,1,New or promising
C025582,187,1,0.0,4,1,1,New or promising
C025584,195,1,0.0,4,1,1,New or promising
C025592,195,1,0.0,4,1,1,New or promising
C025602,194,1,0.0,4,1,1,New or promising
C025643,194,1,0.0,4,1,1,New or promising
C025648,194,1,0.0,4,1,1,New or promising
C025674,193,1,0.0,4,1,1,New or promising
C025698,187,1,0.0,4,1,1,New or promising
C025764,191,1,0.0,4,1,1,New or promising
C025853,189,1,0.0,4,1,1,New or promising
C025860,189,1,0.0,4,1,1,New or promising
C025960,187,1,0.0,4,1,1,New or promising
C025976,187,1,0.0,4,1,1,New or promising
C026111,185,1,0.0,4,1,1,New or promising
C026114,176,1,0.0,4,1,1,New or promising
C026158,184,1,0.0,4,1,1,New or promising
C026175,174,1,0.0,4,1,1,New or promising
C026280,179,1,0.0,4,1,1,New or promising
C026382,102,1,0.0,4,1,1,New or promising
C026409,62,1,0.0,5,1,1,New or promising
C026431,178,1,0.0,4,1,1,New or promising
C026461,178,1,0.0,4,1,1,New or promising
C026518,177,1,0.0,4,1,1,New or promising
C026529,166,1,0.0,4,1,1,New or promising
C026575,174,1,0.0,4,1,1,New or promising
C026680,173,1,0.0,4,1,1,New or promising
C026755,168,1,0.0,4,1,1,New or promising
C026792,164,1,0.0,4,1,1,New or promising
C026848,170,1,0.0,4,1,1,New or promising
C026864,170,1,0.0,4,1,1,New or promising
C026866,166,1,0.0,4,1,1,New or promising
C026906,169,1,0.0,4,1,1,New or promising
C026926,168,1,0.0,4,1,1,New or promising
C026927,160,1,0.0,4,1,1,New or promising
C027067,159,1,0.0,4,1,1,New or promising
C027071,134,1,0.0,4,1,1,New or promising
C027079,165,1,0.0,4,1,1,New or promising
C027136,164,1,0.0,4,1,1,New or promising
C027172,158,1,0.0,4,1,1,New or promising
C027206,157,1,0.0,4,1,1,New or promising
C027244,26,1,0.0,5,1,1,New or promising
C027288,161,1,0.0,4,1,1,New or promising
C027309,159,1,0.0,4,1,1,New or promising
C027349,160,1,0.0,4,1,1,New or promising
C027426,157,1,0.0,4,1,1,New or promising
C027457,105,2,0.0,4,3,1,Loyal
C027468,157,1,0.0,4,1,1,New or promising
C027504,157,1,0.0,4,1,1,New or promising
C027565,75,1,0.0,5,1,1,New or promising
C027614,154,1,0.0,4,1,1,New or promising
C027670,102,1,0.0,4,1,1,New or promising
C027704,149,1,0.0,4,1,1,New or promising
C027820,145,1,0.0,4,1,1,New or promising
C027872,149,1,0.0,4,1,1,New or promising
C027920,145,1,0.0,4,1,1,New or promising
C027953,147,1,0.0,4,1,1,New or promising
C027963,147,1,0.0,4,1,1,New or promising
C028051,44,1,0.0,5,1,1,New or promising
C028231,137,1,0.0,4,1,1,New or promising
C028278,141,1,0.0,4,1,1,New or promising
C028342,140,1,0.0,4,1,1,New or promising
C028358,139,1,0.0,4,1,1,New or promising
C028379,140,1,0.0,4,1,1,New or promising
C028536,110,2,0.0,4,3,1,Loyal
C028591,103,1,0.0,4,1,1,New or promising
C028715,133,1,0.0,4,1,1,New or promising
C028761,130,1,0.0,4,1,1,New or promising
C028765,132,1,0.0,4,1,1,New or promising
C028853,131,1,0.0,4,1,1,New or promising
C028859,126,1,0.0,4,1,1,New or promising
C028880,130,1,0.0,4,1,1,New or promising
C028907,113,1,0.0,4,1,1,New or promising
C028927,115,1,0.0,4,1,1,New or promising
C028935,129,1,0.0,4,1,1,New or promising
C029020,102,1,0.0,4,1,1,New or promising
C029109,119,1,0.0,4,1,1,New or promising
C029133,124,1,0.0,4,1,1,New or promising
C029275,105,1,0.0,4,1,1,New or promising
C029345,120,1,0.0,4,1,1,New or promising
C029382,119,1,0.0,4,1,1,New or promising
C029424,109,1,0.0,4,1,1,New or promising
C029493,116,1,0.0,4,1,1,New or promising
C029500,107,1,0.0,4,1,1,New or promising
C029525,115,1,0.0,4,1,1,New or promising
C029568,115,1,0.0,4,1,1,New or promising
C029572,115,1,0.0,4,1,1,New or promising
C029597,109,1,0.0,4,1,1,New or promising
C029603,100,1,0.0,4,1,1,New or promising
C029660,112,1,0.0,4,1,1,New or promising
C029682,106,1,0.0,4,1,1,New or promising
C029777,110,1,0.0,4,1,1,New or promising
C029825,101,1,0.0,4,1,1,New or promising
C029828,102,1,0.0,4,1,1,New or promising
C029834,110,1,0.0,4,1,1,New or promising
C029842,110,1,0.0,4,1,1,New or promising
C029879,101,1,0.0,4,1,1,New or promising
C029917,102,1,0.0,4,1,1,New or promising
C029996,107,1,0.0,4,1,1,New or promising
C030023,107,1,0.0,4,1,1,New or promising
C030039,107,1,0.0,4,1,1,New or promising
C030046,107,1,0.0,4,1,1,New or promising
C030056,107,1,0.0,4,1,1,New or promising
C030091,106,1,0.0,4,1,1,New or promising
C030139,98,1,0.0,4,1,1,New or promising
C030159,104,1,0.0,4,1,1,New or promising
C030219,105,1,0.0,4,1,1,New or promising
C030232,105,1,0.0,4,1,1,New or promising
C030235,98,1,0.0,4,1,1,New or promising
C030270,63,1,0.0,5,1,1,New or promising
C030328,98,1,0.0,4,1,1,New or promising
C030335,102,1,0.0,4,1,1,New or promising
C030341,103,1,0.0,4,1,1,New or promising
C030345,103,1,0.0,4,1,1,New or promising
C030375,103,1,0.0,4,1,1,New or promising
C030420,97,1,0.0,4,1,1,New or promising
C030430,102,1,0.0,4,1,1,New or promising
C030442,102,1,0.0,4,1,1,New or promising
C030452,92,1,0.0,4,1,1,New or promising
C030467,90,1,0.0,4,1,1,New or promising
C030512,100,1,0.0,4,1,1,New or promising
C030528,99,1,0.0,4,1,1,New or promising
C030595,98,1,0.0,4,1,1,New or promising
C030602,61,1,0.0,5,1,1,New or promising
C030617,94,1,0.0,4,1,1,New or promising
C030627,97,1,0.0,4,1,1,New or promising
C030693,94,1,0.0,4,1,1,New or promising
C030922,91,1,0.0,4,1,1,New or promising
C030941,74,1,0.0,5,1,1,New or promising
C030987,88,1,0.0,4,1,1,New or promising
C031005,90,1,0.0,4,1,1,New or promising
C031032,89,1,0.0,4,1,1,New or promising
C031215,15,1,0.0,5,1,1,New or promising
C031220,85,1,0.0,5,1,1,New or promising
C031294,77,1,0.0,5,1,1,New or promising
C031310,84,1,0.0,5,1,1,New or promising
C031313,81,1,0.0,5,1,1,New or promising
C031319,82,2,0.0,5,3,1,Loyal
C031360,72,1,0.0,5,1,1,New or promising
C031384,66,1,0.0,5,1,1,New or promising
C031385,81,1,0.0,5,1,1,New or promising
C031389,76,1,0.0,5,1,1,New or promising
C031401,81,1,0.0,5,1,1,New or promising
C031493,80,1,0.0,5,1,1,New or promising
C031503,80,1,0.0,5,1,1,New or promising
C031551,80,1,0.0,5,1,1,New or promising
C031646,78,1,0.0,5,1,1,New or promising
C031653,78,1,0.0,5,1,1,New or promising
C031687,77,1,0.0,5,1,1,New or promising
C031768,61,1,0.0,5,1,1,New or promising
C031771,33,1,0.0,5,1,1,New or promising
C031846,69,1,0.0,5,1,1,New or promising
C031863,74,1,0.0,5,1,1,New or promising
C031885,73,1,0.0,5,1,1,New or promising
C032074,61,1,0.0,5,1,1,New or promising
C032076,64,1,0.0,5,1,1,New or promising
C032086,18,1,0.0,5,1,1,New or promising
C032129,69,1,0.0,5,1,1,New or promising
C032171,26,1,0.0,5,1,1,New or promising
C032230,67,1,0.0,5,1,1,New or promising
C032250,61,1,0.0,5,1,1,New or promising
C032271,61,1,0.0,5,1,1,New or promising
C032272,67,1,0.0,5,1,1,New or promising
C032280,18,1,0.0,5,1,1,New or promising
C032350,65,1,0.0,5,1,1,New or promising
C032395,45,1,0.0,5,1,1,New or promising
C032478,47,1,0.0,5,1,1,New or promising
C032484,63,1,0.0,5,1,1,New or promising
C032515,62,1,0.0,5,1,1,New or promising
C032518,62,1,0.0,5,1,1,New or promising
C032574,55,1,0.0,5,1,1,New or promising
C032585,61,1,0.0,5,1,1,New or promising
C032594,60,1,0.0,5,1,1,New or promising
C032710,56,1,0.0,5,1,1,New or promising
C032791,55,1,0.0,5,1,1,New or promising
C032795,57,1,0.0,5,1,1,New or promising
C032851,56,1,0.0,5,1,1,New or promising
C032897,55,1,0.0,5,1,1,New or promising
C032916,48,1,0.0,5,1,1,New or promising
C032953,54,1,0.0,5,1,1,New or promising
C032999,53,1,0.0,5,1,1,New or promising
C033062,45,1,0.0,5,1,1,New or promising
C033085,34,1,0.0,5,1,1,New or promising
C033102,51,1,0.0,5,1,1,New or promising
C033107,51,1,0.0,5,1,1,New or promising
C033108,51,1,0.0,5,1,1,New or promising
C033129,37,1,0.0,5,1,1,New or promising
C033198,36,1,0.0,5,1,1,New or promising
C033199,50,1,0.0,5,1,1,New or promising
C033221,44,1,0.0,5,1,1,New or promising
C033223,47,1,0.0,5,1,1,New or promising
C033249,25,1,0.0,5,1,1,New or promising
C033259,48,1,0.0,5,1,1,New or promising
C033307,47,1,0.0,5,1,1,New or promising
C033308,47,1,0.0,5,1,1,New or promising
C033327,46,1,0.0,5,1,1,New or promising
C033349,47,1,0.0,5,1,1,New or promising
C033376,32,1,0.0,5,1,1,New or promising
C033379,44,1,0.0,5,1,1,New or promising
C033408,45,1,0.0,5,1,1,New or promising
C033422,45,1,0.0,5,1,1,New or promising
C033434,45,1,0.0,5,1,1,New or promising
C033457,32,1,0.0,5,1,1,New or promising
C033495,41,1,0.0,5,1,1,New or promising
C033498,31,1,0.0,5,1,1,New or promising
C033516,44,1,0.0,5,1,1,New or promising
C033531,32,1,0.0,5,1,1,New or promising
C033542,38,1,0.0,5,1,1,New or promising
C033546,43,1,0.0,5,1,1,New or promising
C033586,42,1,0.0,5,1,1,New or promising
C033634,41,1,0.0,5,1,1,New or promising
C033636,41,1,0.0,5,1,1,New or promising
C033739,39,1,0.0,5,1,1,New or promising
C033785,39,1,0.0,5,1,1,New or promising
C033790,34,1,0.0,5,1,1,New or promising
C033809,36,1,0.0,5,1,1,New or promising
C033829,38,1,0.0,5,1,1,New or promising
C033833,38,1,0.0,5,1,1,New or promising
C033843,26,1,0.0,5,1,1,New or promising
C033851,38,1,0.0,5,1,1,New or promising
C033896,1,1,0.0,5,1,1,New or promising
C033903,33,1,0.0,5,1,1,New or promising
C033924,37,1,0.0,5,1,1,New or promising
C033947,36,1,0.0,5,1,1,New or promising
C033948,36,1,0.0,5,1,1,New or promising
C033957,36,1,0.0,5,1,1,New or promising
C033967,36,1,0.0,5,1,1,New or promising
C034000,35,1,0.0,5,1,1,New or promising
C034003,32,1,0.0,5,1,1,New or promising
C034020,35,1,0.0,5,1,1,New or promising
C034078,31,1,0.0,5,1,1,New or promising
C034107,33,1,0.0,5,1,1,New or promising
C034162,28,1,0.0,5,1,1,New or promising
C034174,27,1,0.0,5,1,1,New or promising
C034175,31,1,0.0,5,1,1,New or promising
C034185,26,1,0.0,5,1,1,New or promising
C034198,31,1,0.0,5,1,1,New or promising
C034229,30,1,0.0,5,1,1,New or promising
C034253,30,1,0.0,5,1,1,New or promising
C034254,30,1,0.0,5,1,1,New or promising
C034260,26,1,0.0,5,1,1,New or promising
C034269,29,1,0.0,5,1,1,New or promising
C034334,28,1,0.0,5,1,1,New or promising
C034360,28,1,0.0,5,1,1,New or promising
C034361,28,1,0.0,5,1,1,New or promising
C034382,12,1,0.0,5,1,1,New or promising
C034470,21,1,0.0,5,1,1,New or promising
C034490,24,1,0.0,5,1,1,New or promising
C034492,25,1,0.0,5,1,1,New or promising
C034540,25,1,0.0,5,1,1,New or promising
C034582,24,1,0.0,5,1,1,New or promising
C034639,23,1,0.0,5,1,1,New or promising
C034657,12,1,0.0,5,1,1,New or promising
C034773,19,1,0.0,5,1,1,New or promising
C034904,19,1,0.0,5,1,1,New or promising
C034907,19,1,0.0,5,1,1,New or promising
C034949,13,1,0.0,5,1,1,New or promising
C034969,18,1,0.0,5,1,1,New or promising
C034991,8,1,0.0,5,1,1,New or promising
C035020,16,1,0.0,5,1,1,New or promising
C035045,15,1,0.0,5,1,1,New or promising
C035062,16,1,0.0,5,1,1,New or promising
C035112,12,1,0.0,5,1,1,New or promising
C035171,14,1,0.0,5,1,1,New or promising
C035186,14,1,0.0,5,1,1,New or promising
C035196,13,1,0.0,5,1,1,New or promising
C035290,12,1,0.0,5,1,1,New or promising
C035313,8,1,0.0,5,1,1,New or promising
C035395,10,1,0.0,5,1,1,New or promising
C035409,10,1,0.0,5,1,1,New or promising
C035461,9,1,0.0,5,1,1,New or promising
C035507,8,1,0.0,5,1,1,New or promising
C035562,7,1,0.0,5,1,1,New or promising
C035580,6,1,0.0,5,1,1,New or promising
C008772,595,1,233.0,1,1,1,Lost
C035739,4,1,254.0,5,1,1,New or promising
C001463,541,1,299.0,2,1,1,Lost
C008290,590,1,299.0,1,1,1,Lost
C025075,201,1,302.0,4,1,1,New or promising
C005079,705,1,339.0,1,1,1,Lost
C016728,374,1,339.0,2,1,1,Lost
C022551,214,1,339.0,3,1,1,Needs attention
C023909,220,1,339.0,3,1,1,Needs attention
C030854,92,1,339.0,4,1,1,New or promising
C033042,52,1,339.0,5,1,1,New or promising
C023113,230,1,345.0,3,1,1,Needs attention
C002052,822,1,359.0,1,1,1,Lost
C023405,230,1,371.0,3,1,1,Needs attention
C002677,799,1,382.0,1,1,1,Lost
C003035,785,1,382.0,1,1,1,Lost
C006506,661,1,382.0,1,1,1,Lost
C007801,617,1,382.0,1,1,1,Lost
C008412,520,1,382.0,2,1,1,Lost
C009008,588,1,382.0,1,1,1,Lost
C013453,454,1,382.0,2,1,1,Lost
C016166,390,1,382.0,2,1,1,Lost
C018890,322,1,382.0,3,1,1,Needs attention
C021792,256,1,382.0,3,1,1,Needs attention
C023539,226,1,382.0,3,1,1,Needs attention
C023792,220,1,382.0,3,1,1,Needs attention
C024420,178,1,382.0,4,1,1,New or promising
C024948,203,1,382.0,4,1,1,New or promising
C025448,198,1,382.0,4,1,1,New or promising
C027420,155,1,382.0,4,1,1,New or promising
C028333,140,1,382.0,4,1,1,New or promising
C028639,135,1,382.0,4,1,1,New or promising
C030090,106,1,382.0,4,1,1,New or promising
C030257,104,1,382.0,4,1,1,New or promising
C031006,87,1,382.0,4,1,1,New or promising
C033913,37,1,382.0,5,1,1,New or promising
C034607,22,1,382.0,5,1,1,New or promising
C034755,21,1,382.0,5,1,1,New or promising
C009881,566,1,384.0,2,1,1,Lost
C023387,230,1,397.0,3,1,1,Needs attention
C002284,806,2,399.0,1,3,1,At risk
C003425,769,1,399.0,1,1,1,Lost
C003910,749,1,399.0,1,1,1,Lost
C004487,684,1,399.0,1,1,1,Lost
C007036,642,1,399.0,1,1,1,Lost
C007048,641,1,399.0,1,1,1,Lost
C012241,498,1,399.0,2,1,1,Lost
C012276,453,2,399.0,2,3,1,At risk
C012803,481,1,399.0,2,1,1,Lost
C012830,479,1,399.0,2,1,1,Lost
C018991,320,1,399.0,3,1,1,Needs attention
C021338,266,1,399.0,3,1,1,Needs attention
C024030,203,1,399.0,4,1,1,New or promising
C025763,174,2,399.0,4,3,1,Loyal
C026799,171,1,399.0,4,1,1,New or promising
C030965,90,1,399.0,4,1,1,New or promising
C031779,46,1,399.0,5,1,1,New or promising
C032476,48,1,399.0,5,1,1,New or promising
C032961,54,1,399.0,5,1,1,New or promising
C023670,200,1,403.0,4,1,1,New or promising
C024152,215,1,404.0,3,1,1,Needs attention
C004963,685,1,408.0,1,1,1,Lost
C000782,856,1,424.0,1,1,1,Lost
C001515,822,2,424.0,1,3,1,At risk
C009956,550,1,424.0,2,1,1,Lost
C014752,426,1,424.0,2,1,1,Lost
C016839,371,1,424.0,2,1,1,Lost
C017887,345,1,424.0,3,1,1,Needs attention
C018582,313,1,424.0,3,1,1,Needs attention
C025409,198,1,424.0,4,1,1,New or promising
C025775,186,1,424.0,4,1,1,New or promising
C027988,109,2,424.0,4,3,1,Loyal
C029367,118,1,424.0,4,1,1,New or promising
C032193,68,1,424.0,5,1,1,New or promising
C033020,38,1,424.0,5,1,1,New or promising
C033552,36,1,424.0,5,1,1,New or promising
C035705,4,1,424.0,5,1,1,New or promising
C009958,565,1,429.0,2,1,1,Lost
C018944,319,1,431.0,3,1,1,Needs attention
C018968,321,1,431.0,3,1,1,Needs attention
C009354,578,1,433.0,2,1,1,Lost
C018998,320,1,434.0,3,1,1,Needs attention
C009892,566,1,448.0,2,1,1,Lost
C000576,888,1,449.0,1,1,1,Lost
C002460,808,1,449.0,1,1,1,Lost
C003491,766,1,449.0,1,1,1,Lost
C003537,763,1,449.0,1,1,1,Lost
C004281,737,1,449.0,1,1,1,Lost
C004409,665,1,449.0,1,1,1,Lost
C004654,724,1,449.0,1,1,1,Lost
C004704,720,1,449.0,1,1,1,Lost
C005892,682,1,449.0,1,1,1,Lost
C005963,680,1,449.0,1,1,1,Lost
C008946,590,1,449.0,1,1,1,Lost
C009923,564,1,449.0,2,1,1,Lost
C010105,563,1,449.0,2,1,1,Lost
C012142,500,1,449.0,2,1,1,Lost
C012650,484,1,449.0,2,1,1,Lost
C013176,466,2,449.0,2,3,1,At risk
C014262,440,1,449.0,2,1,1,Lost
C015420,410,1,449.0,2,1,1,Lost
C016307,385,1,449.0,2,1,1,Lost
C017720,340,1,449.0,3,1,1,Needs attention
C018167,338,1,449.0,3,1,1,Needs attention
C018738,325,1,449.0,3,1,1,Needs attention
C019112,111,2,449.0,4,3,1,Loyal
C019691,306,1,449.0,3,1,1,Needs attention
C020348,290,1,449.0,3,1,1,Needs attention
C021258,267,1,449.0,3,1,1,Needs attention
C021503,242,1,449.0,3,1,1,Needs attention
C022140,249,1,449.0,3,1,1,Needs attention
C022347,230,1,449.0,3,1,1,Needs attention
C022378,241,1,449.0,3,1,1,Needs attention
C022625,238,1,449.0,3,1,1,Needs attention
C024763,207,1,449.0,4,1,1,New or promising
C024937,204,1,449.0,4,1,1,New or promising
C025768,191,1,449.0,4,1,1,New or promising
C026047,186,1,449.0,4,1,1,New or promising
C026938,168,1,449.0,4,1,1,New or promising
C027114,164,1,449.0,4,1,1,New or promising
C027150,164,1,449.0,4,1,1,New or promising
C027164,156,1,449.0,4,1,1,New or promising
C029321,102,1,449.0,4,1,1,New or promising
C031346,83,1,449.0,5,1,1,New or promising
C031659,50,1,449.0,5,1,1,New or promising
C032026,63,1,449.0,5,1,1,New or promising
C032041,66,1,449.0,5,1,1,New or promising
C032715,58,1,449.0,5,1,1,New or promising
C032891,15,2,449.0,5,3,1,Loyal
C033055,46,1,449.0,5,1,1,New or promising
C033571,30,1,449.0,5,1,1,New or promising
C034441,10,1,449.0,5,1,1,New or promising
C035582,6,1,449.0,5,1,1,New or promising
C019040,320,1,452.0,3,1,1,Needs attention
C024000,200,1,462.0,4,1,1,New or promising
C022508,200,1,465.0,4,1,1,New or promising
C004999,711,1,467.0,1,1,1,Lost
C006141,635,1,467.0,1,1,1,Lost
C006860,636,1,467.0,1,1,1,Lost
C011241,523,1,467.0,2,1,1,Lost
C011461,466,2,467.0,2,3,1,At risk
C012190,499,1,467.0,2,1,1,Lost
C012465,491,1,467.0,2,1,1,Lost
C013084,471,1,467.0,2,1,1,Lost
C017160,347,1,467.0,3,1,1,Needs attention
C017749,348,1,467.0,3,1,1,Needs attention
C017932,329,1,467.0,3,1,1,Needs attention
C018554,330,1,467.0,3,1,1,Needs attention
C019524,307,1,467.0,3,1,1,Needs attention
C020194,288,1,467.0,3,1,1,Needs attention
C020898,276,1,467.0,3,1,1,Needs attention
C022284,246,1,467.0,3,1,1,Needs attention
C024979,203,1,467.0,4,1,1,New or promising
C026601,175,1,467.0,4,1,1,New or promising
C028748,133,1,467.0,4,1,1,New or promising
C030635,97,1,467.0,4,1,1,New or promising
C006687,596,2,470.0,1,3,1,At risk
C024929,200,1,475.0,4,1,1,New or promising
C005870,684,1,476.0,1,1,1,Lost
C025282,200,1,478.0,4,1,1,New or promising
C029383,119,1,494.0,4,1,1,New or promising
C030041,107,1,494.0,4,1,1,New or promising
C003607,684,1,499.0,1,1,1,Lost
C006663,656,1,499.0,1,1,1,Lost
C008530,596,1,499.0,1,1,1,Lost
C009353,575,1,499.0,2,1,1,Lost
C010276,558,1,499.0,2,1,1,Lost
C010945,537,1,499.0,2,1,1,Lost
C013758,455,1,499.0,2,1,1,Lost
C013852,451,1,499.0,2,1,1,Lost
C016905,369,1,499.0,3,1,1,Needs attention
C017285,355,1,499.0,3,1,1,Needs attention
C019098,314,1,499.0,3,1,1,Needs attention
C021268,267,1,499.0,3,1,1,Needs attention
C022302,245,1,499.0,3,1,1,Needs attention
C024081,203,1,499.0,4,1,1,New or promising
C025036,196,1,499.0,4,1,1,New or promising
C028222,142,1,499.0,4,1,1,New or promising
C030383,87,1,499.0,4,1,1,New or promising
C031480,76,1,499.0,5,1,1,New or promising
C033769,36,1,499.0,5,1,1,New or promising
C009936,565,1,505.0,2,1,1,Lost
C016943,368,1,508.0,3,1,1,Needs attention
C029040,118,1,508.0,4,1,1,New or promising
C031246,40,2,508.0,5,3,1,Loyal
C000249,902,1,509.0,1,1,1,Lost
C002477,803,1,509.0,1,1,1,Lost
C002502,806,1,509.0,1,1,1,Lost
C006852,610,2,509.0,1,3,1,At risk
C011815,509,1,509.0,2,1,1,Lost
C016018,394,1,509.0,2,1,1,Lost
C018174,337,1,509.0,3,1,1,Needs attention
C019289,315,1,509.0,3,1,1,Needs attention
C022513,199,1,509.0,4,1,1,New or promising
C023085,231,1,509.0,3,1,1,Needs attention
C023518,225,1,509.0,3,1,1,Needs attention
C025038,201,1,509.0,4,1,1,New or promising
C027106,159,1,509.0,4,1,1,New or promising
C028181,143,1,509.0,4,1,1,New or promising
C030565,97,1,509.0,4,1,1,New or promising
C032017,71,1,509.0,5,1,1,New or promising
C033887,33,1,509.0,5,1,1,New or promising
C033988,29,1,509.0,5,1,1,New or promising
C023286,231,1,520.0,3,1,1,Needs attention
C009875,566,1,530.0,2,1,1,Lost
C023202,231,1,534.0,3,1,1,Needs attention
C005417,685,1,535.0,1,1,1,Lost
C024054,210,2,535.0,4,3,1,Loyal
C024252,214,1,535.0,3,1,1,Needs attention
C013491,461,1,539.0,2,1,1,Lost
C029708,102,2,539.0,4,3,1,Loyal
C021715,231,1,541.0,3,1,1,Needs attention
C001405,853,1,549.0,1,1,1,Lost
C003066,784,1,549.0,1,1,1,Lost
C003898,751,1,549.0,1,1,1,Lost
C005226,699,1,549.0,1,1,1,Lost
C006326,668,1,549.0,1,1,1,Lost
C006501,655,1,549.0,1,1,1,Lost
C009583,575,1,549.0,2,1,1,Lost
C009986,565,1,549.0,2,1,1,Lost
C010182,561,1,549.0,2,1,1,Lost
C010521,541,1,549.0,2,1,1,Lost
C012081,503,1,549.0,2,1,1,Lost
C012722,484,1,549.0,2,1,1,Lost
C013088,310,2,549.0,3,3,1,Loyal
C014579,432,1,549.0,2,1,1,Lost
C016526,380,1,549.0,2,1,1,Lost
C016674,375,1,549.0,2,1,1,Lost
C020519,285,1,549.0,3,1,1,Needs attention
C021864,214,2,549.0,3,3,1,Loyal
C021897,253,1,549.0,3,1,1,Needs attention
C022182,247,1,549.0,3,1,1,Needs attention
C022256,240,1,549.0,3,1,1,Needs attention
C022416,243,1,549.0,3,1,1,Needs attention
C022481,214,1,549.0,3,1,1,Needs attention
C023544,172,1,549.0,4,1,1,New or promising
C023622,206,2,549.0,4,3,1,Loyal
C024099,216,1,549.0,3,1,1,Needs attention
C025344,187,1,549.0,4,1,1,New or promising
C026503,175,1,549.0,4,1,1,New or promising
C026508,177,1,549.0,4,1,1,New or promising
C028071,136,1,549.0,4,1,1,New or promising
C029024,127,1,549.0,4,1,1,New or promising
C029599,95,2,549.0,4,3,1,Loyal
C030665,97,1,549.0,4,1,1,New or promising
C031342,75,1,549.0,5,1,1,New or promising
C032204,68,1,549.0,5,1,1,New or promising
C033956,2,1,549.0,5,1,1,New or promising
C035623,6,1,549.0,5,1,1,New or promising
C035652,5,1,549.0,5,1,1,New or promising
C008523,596,1,551.0,1,1,1,Lost
C000268,764,1,552.0,1,1,1,Lost
C002456,808,1,552.0,1,1,1,Lost
C003312,757,1,552.0,1,1,1,Lost
C003526,764,1,552.0,1,1,1,Lost
C005136,685,1,552.0,1,1,1,Lost
C005207,699,1,552.0,1,1,1,Lost
C006407,663,1,552.0,1,1,1,Lost
C006614,645,1,552.0,1,1,1,Lost
C006735,651,1,552.0,1,1,1,Lost
C007012,643,1,552.0,1,1,1,Lost
C008648,578,1,552.0,2,1,1,Lost
C009753,570,1,552.0,2,1,1,Lost
C011195,529,1,552.0,2,1,1,Lost
C011856,510,1,552.0,2,1,1,Lost
C012789,468,1,552.0,2,1,1,Lost
C012841,368,1,552.0,3,1,1,Needs attention
C013356,458,1,552.0,2,1,1,Lost
C015522,405,1,552.0,2,1,1,Lost
C015568,406,1,552.0,2,1,1,Lost
C016207,388,1,552.0,2,1,1,Lost
C016341,384,1,552.0,2,1,1,Lost
C016596,377,1,552.0,2,1,1,Lost
C017434,356,1,552.0,3,1,1,Needs attention
C018001,340,1,552.0,3,1,1,Needs attention
C020209,291,1,552.0,3,1,1,Needs attention
C020252,280,1,552.0,3,1,1,Needs attention
C020586,243,1,552.0,3,1,1,Needs attention
C020675,282,1,552.0,3,1,1,Needs attention
C022133,246,1,552.0,3,1,1,Needs attention
C022231,246,1,552.0,3,1,1,Needs attention
C022651,231,1,552.0,3,1,1,Needs attention
C022764,233,1,552.0,3,1,1,Needs attention
C023507,228,1,552.0,3,1,1,Needs attention
C024563,212,1,552.0,4,1,1,New or promising
C024864,202,1,552.0,4,1,1,New or promising
C026051,186,1,552.0,4,1,1,New or promising
C027282,161,1,552.0,4,1,1,New or promising
C027927,146,1,552.0,4,1,1,New or promising
C029130,121,1,552.0,4,1,1,New or promising
C029354,103,1,552.0,4,1,1,New or promising
C029514,116,1,552.0,4,1,1,New or promising
C030298,104,1,552.0,4,1,1,New or promising
C031394,82,1,552.0,5,1,1,New or promising
C032506,62,1,552.0,5,1,1,New or promising
C032532,60,1,552.0,5,1,1,New or promising
C034541,24,1,552.0,5,1,1,New or promising
C034542,23,1,552.0,5,1,1,New or promising
C034906,19,1,552.0,5,1,1,New or promising
C035524,7,1,552.0,5,1,1,New or promising
C035593,6,1,552.0,5,1,1,New or promising
C008558,590,1,556.0,1,1,1,Lost
C023235,230,1,570.0,3,1,1,Needs attention
C022920,232,1,579.0,3,1,1,Needs attention
C013659,458,1,584.0,2,1,1,Lost
C022912,232,1,584.0,3,1,1,Needs attention
C025129,200,1,584.0,4,1,1,New or promising
C029225,120,1,584.0,4,1,1,New or promising
C009946,565,1,590.0,2,1,1,Lost
C000347,898,1,594.0,1,1,1,Lost
C000674,884,1,594.0,1,1,1,Lost
C005291,700,1,594.0,1,1,1,Lost
C006593,658,1,594.0,1,1,1,Lost
C006920,645,1,594.0,1,1,1,Lost
C012894,466,1,594.0,2,1,1,Lost
C013716,457,1,594.0,2,1,1,Lost
C017891,345,1,594.0,3,1,1,Needs attention
C021801,196,1,594.0,4,1,1,New or promising
C025457,197,1,594.0,4,1,1,New or promising
C025927,188,1,594.0,4,1,1,New or promising
C027059,165,1,594.0,4,1,1,New or promising
C027195,163,1,594.0,4,1,1,New or promising
C027617,152,1,594.0,4,1,1,New or promising
C032756,58,1,594.0,5,1,1,New or promising
C034335,3,1,594.0,5,1,1,New or promising
C034369,26,1,594.0,5,1,1,New or promising
C034635,23,1,594.0,5,1,1,New or promising
C008684,596,1,596.0,1,1,1,Lost
C004955,713,1,598.0,1,1,1,Lost
C033396,46,1,598.0,5,1,1,New or promising
C033535,18,2,598.0,5,3,1,Loyal
C001618,826,1,599.0,1,1,1,Lost
C003496,766,1,599.0,1,1,1,Lost
C004224,735,1,599.0,1,1,1,Lost
C004565,727,1,599.0,1,1,1,Lost
C004590,720,1,599.0,1,1,1,Lost
C004678,723,1,599.0,1,1,1,Lost
C006136,655,1,599.0,1,1,1,Lost
C006283,669,1,599.0,1,1,1,Lost
C006484,657,1,599.0,1,1,1,Lost
C006895,641,1,599.0,1,1,1,Lost
C007791,593,1,599.0,1,1,1,Lost
C008518,592,1,599.0,1,1,1,Lost
C008883,592,1,599.0,1,1,1,Lost
C011255,527,1,599.0,2,1,1,Lost
C011993,450,1,599.0,2,1,1,Lost
C012530,489,1,599.0,2,1,1,Lost
C012642,487,1,599.0,2,1,1,Lost
C012752,483,1,599.0,2,1,1,Lost
C013182,459,1,599.0,2,1,1,Lost
C014018,443,1,599.0,2,1,1,Lost
C014112,391,1,599.0,2,1,1,Lost
C014251,404,2,599.0,2,3,1,At risk
C016670,376,1,599.0,2,1,1,Lost
C016686,368,1,599.0,3,1,1,Needs attention
C017005,226,2,599.0,3,3,1,Loyal
C017398,330,1,599.0,3,1,1,Needs attention
C019094,319,1,599.0,3,1,1,Needs attention
C019905,289,1,599.0,3,1,1,Needs attention
C020846,253,1,599.0,3,1,1,Needs attention
C021134,256,1,599.0,3,1,1,Needs attention
C021289,262,1,599.0,3,1,1,Needs attention
C021364,265,1,599.0,3,1,1,Needs attention
C023074,229,1,599.0,3,1,1,Needs attention
C023315,231,1,599.0,3,1,1,Needs attention
C023457,229,1,599.0,3,1,1,Needs attention
C025653,193,1,599.0,4,1,1,New or promising
C026330,163,1,599.0,4,1,1,New or promising
C026694,173,1,599.0,4,1,1,New or promising
C027127,164,1,599.0,4,1,1,New or promising
C027539,155,1,599.0,4,1,1,New or promising
C027919,148,1,599.0,4,1,1,New or promising
C028119,144,1,599.0,4,1,1,New or promising
C028217,143,1,599.0,4,1,1,New or promising
C028751,133,1,599.0,4,1,1,New or promising
C028928,129,1,599.0,4,1,1,New or promising
C029352,120,1,599.0,4,1,1,New or promising
C029600,113,1,599.0,4,1,1,New or promising
C029648,113,1,599.0,4,1,1,New or promising
C030254,104,1,599.0,4,1,1,New or promising
C030423,102,1,599.0,4,1,1,New or promising
C030989,89,1,599.0,4,1,1,New or promising
C031532,80,1,599.0,5,1,1,New or promising
C031793,17,2,599.0,5,3,1,Loyal
C032100,70,1,599.0,5,1,1,New or promising
C032229,47,1,599.0,5,1,1,New or promising
C032682,59,1,599.0,5,1,1,New or promising
C033609,13,1,599.0,5,1,1,New or promising
C033844,23,1,599.0,5,1,1,New or promising
C034117,21,1,599.0,5,1,1,New or promising
C034566,15,1,599.0,5,1,1,New or promising
C035286,12,1,599.0,5,1,1,New or promising
C035511,8,1,599.0,5,1,1,New or promising
C024109,215,1,600.0,3,1,1,Needs attention
C024365,214,1,601.0,3,1,1,Needs attention
C008601,596,1,603.0,1,1,1,Lost
C024378,214,1,607.0,3,1,1,Needs attention
C009296,578,1,616.0,2,1,1,Lost
C023870,31,1,627.0,5,1,1,New or promising
C023293,231,1,628.0,3,1,1,Needs attention
C002078,817,1,629.0,1,1,1,Lost
C013265,458,1,629.0,2,1,1,Lost
C022991,232,1,629.0,3,1,1,Needs attention
C024383,214,1,632.0,3,1,1,Needs attention
C024267,214,1,634.0,3,1,1,Needs attention
C019056,320,1,636.0,3,1,1,Needs attention
C000089,689,1,637.0,1,1,1,Lost
C002345,806,1,637.0,1,1,1,Lost
C004755,699,1,637.0,1,1,1,Lost
C004848,716,1,637.0,1,1,1,Lost
C014168,443,1,637.0,2,1,1,Lost
C016879,317,1,637.0,3,1,1,Needs attention
C019588,308,1,637.0,3,1,1,Needs attention
C024347,211,1,637.0,4,1,1,New or promising
C025333,186,1,637.0,4,1,1,New or promising
C025573,195,1,637.0,4,1,1,New or promising
C027908,148,1,637.0,4,1,1,New or promising
C030572,97,1,637.0,4,1,1,New or promising
C030762,94,1,637.0,4,1,1,New or promising
C034046,35,1,637.0,5,1,1,New or promising
C034927,15,1,637.0,5,1,1,New or promising
C035597,6,1,637.0,5,1,1,New or promising
C024117,215,1,639.0,3,1,1,Needs attention
C022951,232,1,641.0,3,1,1,Needs attention
C017624,201,1,645.0,4,1,1,New or promising
C000729,875,2,649.0,1,3,1,At risk
C000766,879,1,649.0,1,1,1,Lost
C001442,850,1,649.0,1,1,1,Lost
C001659,833,1,649.0,1,1,1,Lost
C001772,836,1,649.0,1,1,1,Lost
C001972,826,1,649.0,1,1,1,Lost
C002590,802,1,649.0,1,1,1,Lost
C003380,770,1,649.0,1,1,1,Lost
C003752,756,1,649.0,1,1,1,Lost
C005161,703,1,649.0,1,1,1,Lost
C005489,631,1,649.0,1,1,1,Lost
C005541,691,1,649.0,1,1,1,Lost
C005662,687,1,649.0,1,1,1,Lost
C005982,680,1,649.0,1,1,1,Lost
C006171,635,1,649.0,1,1,1,Lost
C006493,662,1,649.0,1,1,1,Lost
C007466,624,1,649.0,1,1,1,Lost
C007773,596,1,649.0,1,1,1,Lost
C008379,596,1,649.0,1,1,1,Lost
C008418,598,1,649.0,1,1,1,Lost
C009800,569,1,649.0,2,1,1,Lost
C009915,565,1,649.0,2,1,1,Lost
C010052,493,1,649.0,2,1,1,Lost
C010173,561,1,649.0,2,1,1,Lost
C010652,545,1,649.0,2,1,1,Lost
C010756,541,1,649.0,2,1,1,Lost
C010856,476,1,649.0,2,1,1,Lost
C011410,522,1,649.0,2,1,1,Lost
C011718,514,1,649.0,2,1,1,Lost
C012105,397,1,649.0,2,1,1,Lost
C013026,474,1,649.0,2,1,1,Lost
C013924,443,1,649.0,2,1,1,Lost
C014273,440,1,649.0,2,1,1,Lost
C014286,439,1,649.0,2,1,1,Lost
C015768,396,1,649.0,2,1,1,Lost
C016422,382,1,649.0,2,1,1,Lost
C016433,381,1,649.0,2,1,1,Lost
C017047,341,1,649.0,3,1,1,Needs attention
C017319,357,2,649.0,3,3,1,Loyal
C018384,334,1,649.0,3,1,1,Needs attention
C018480,331,1,649.0,3,1,1,Needs attention
C018572,307,2,649.0,3,3,1,Loyal
C018982,286,1,649.0,3,1,1,Needs attention
C019908,300,1,649.0,3,1,1,Needs attention
C020421,285,1,649.0,3,1,1,Needs attention
C020964,228,1,649.0,3,1,1,Needs attention
C021061,272,1,649.0,3,1,1,Needs attention
C021196,263,1,649.0,3,1,1,Needs attention
C023974,219,1,649.0,3,1,1,Needs attention
C023990,210,1,649.0,4,1,1,New or promising
C024892,61,2,649.0,5,3,1,Loyal
C025258,200,1,649.0,4,1,1,New or promising
C025365,199,1,649.0,4,1,1,New or promising
C025670,165,1,649.0,4,1,1,New or promising
C026555,176,1,649.0,4,1,1,New or promising
C026766,167,1,649.0,4,1,1,New or promising
C027119,138,2,649.0,4,3,1,Loyal
C027433,158,1,649.0,4,1,1,New or promising
C028577,105,1,649.0,4,1,1,New or promising
C029093,125,1,649.0,4,1,1,New or promising
C029662,1,1,649.0,5,1,1,New or promising
C030236,98,1,649.0,4,1,1,New or promising
C030258,98,1,649.0,4,1,1,New or promising
C030305,96,1,649.0,4,1,1,New or promising
C030581,98,1,649.0,4,1,1,New or promising
C031242,83,1,649.0,5,1,1,New or promising
C032361,2,1,649.0,5,1,1,New or promising
C032400,54,1,649.0,5,1,1,New or promising
C032470,63,1,649.0,5,1,1,New or promising
C033131,51,1,649.0,5,1,1,New or promising
C033697,40,1,649.0,5,1,1,New or promising
C033852,38,1,649.0,5,1,1,New or promising
C034720,22,1,649.0,5,1,1,New or promising
C034850,20,1,649.0,5,1,1,New or promising
C034998,17,1,649.0,5,1,1,New or promising
C035120,15,1,649.0,5,1,1,New or promising
C035224,8,1,649.0,5,1,1,New or promising
C024140,215,1,656.0,3,1,1,Needs attention
C009345,578,1,664.0,2,1,1,Lost
C025320,200,1,667.0,4,1,1,New or promising
C025184,200,1,668.0,4,1,1,New or promising
C025273,200,1,670.0,4,1,1,New or promising
C024434,213,1,671.0,3,1,1,Needs attention
C001710,814,1,674.0,1,1,1,Lost
C008660,596,1,674.0,1,1,1,Lost
C029802,110,1,674.0,4,1,1,New or promising
C030197,103,1,674.0,4,1,1,New or promising
C019031,320,1,676.0,3,1,1,Needs attention
C006508,659,1,678.0,1,1,1,Lost
C013437,463,1,678.0,2,1,1,Lost
C001728,837,1,679.0,1,1,1,Lost
C001885,830,1,679.0,1,1,1,Lost
C003638,760,1,679.0,1,1,1,Lost
C003832,753,1,679.0,1,1,1,Lost
C004180,740,1,679.0,1,1,1,Lost
C004532,728,1,679.0,1,1,1,Lost
C005043,706,1,679.0,1,1,1,Lost
C005979,680,1,679.0,1,1,1,Lost
C006919,645,1,679.0,1,1,1,Lost
C007531,623,1,679.0,1,1,1,Lost
C008055,609,1,679.0,1,1,1,Lost
C010892,538,1,679.0,2,1,1,Lost
C010973,536,1,679.0,2,1,1,Lost
C011679,514,1,679.0,2,1,1,Lost
C011688,398,2,679.0,2,3,1,At risk
C011977,498,1,679.0,2,1,1,Lost
C013310,457,1,679.0,2,1,1,Lost
C013776,454,1,679.0,2,1,1,Lost
C013835,452,1,679.0,2,1,1,Lost
C014189,442,1,679.0,2,1,1,Lost
C016131,391,1,679.0,2,1,1,Lost
C016216,389,1,679.0,2,1,1,Lost
C016777,373,1,679.0,2,1,1,Lost
C018773,325,1,679.0,3,1,1,Needs attention
C020326,290,1,679.0,3,1,1,Needs attention
C020810,278,1,679.0,3,1,1,Needs attention
C021810,255,1,679.0,3,1,1,Needs attention
C022066,240,1,679.0,3,1,1,Needs attention
C022356,244,1,679.0,3,1,1,Needs attention
C022401,243,1,679.0,3,1,1,Needs attention
C023578,200,1,679.0,4,1,1,New or promising
C024794,205,1,679.0,4,1,1,New or promising
C025529,196,1,679.0,4,1,1,New or promising
C026966,158,1,679.0,4,1,1,New or promising
C028550,136,1,679.0,4,1,1,New or promising
C028780,132,1,679.0,4,1,1,New or promising
C028787,132,1,679.0,4,1,1,New or promising
C028890,130,1,679.0,4,1,1,New or promising
C029122,125,1,679.0,4,1,1,New or promising
C029932,75,2,679.0,5,3,1,Loyal
C030395,102,1,679.0,4,1,1,New or promising
C030573,98,1,679.0,4,1,1,New or promising
C030611,98,1,679.0,4,1,1,New or promising
C031297,84,1,679.0,5,1,1,New or promising
C031464,78,1,679.0,5,1,1,New or promising
C031565,49,1,679.0,5,1,1,New or promising
C031590,79,1,679.0,5,1,1,New or promising
C032133,66,1,679.0,5,1,1,New or promising
C032275,66,1,679.0,5,1,1,New or promising
C033952,35,1,679.0,5,1,1,New or promising
C034728,22,1,679.0,5,1,1,New or promising
C034870,18,1,679.0,5,1,1,New or promising
C035002,15,1,679.0,5,1,1,New or promising
C035118,15,1,679.0,5,1,1,New or promising
C035149,10,1,679.0,5,1,1,New or promising
C035209,13,1,679.0,5,1,1,New or promising
C035268,11,1,679.0,5,1,1,New or promising
C035491,2,1,679.0,5,1,1,New or promising
C035498,8,1,679.0,5,1,1,New or promising
C035608,6,1,679.0,5,1,1,New or promising
C024452,213,1,681.0,3,1,1,Needs attention
C007432,596,1,682.0,1,1,1,Lost
C022814,231,1,689.0,3,1,1,Needs attention
C001509,848,1,699.0,1,1,1,Lost
C002600,799,1,699.0,1,1,1,Lost
C004433,726,1,699.0,1,1,1,Lost
C004581,717,1,699.0,1,1,1,Lost
C004808,717,1,699.0,1,1,1,Lost
C008937,583,1,699.0,1,1,1,Lost
C009505,571,1,699.0,2,1,1,Lost
C011709,514,1,699.0,2,1,1,Lost
C012178,500,1,699.0,2,1,1,Lost
C012934,477,1,699.0,2,1,1,Lost
C013027,474,1,699.0,2,1,1,Lost
C014113,444,1,699.0,2,1,1,Lost
C015559,403,1,699.0,2,1,1,Lost
C016739,343,1,699.0,3,1,1,Needs attention
C016768,373,1,699.0,2,1,1,Lost
C022736,226,1,699.0,3,1,1,Needs attention
C023060,231,1,699.0,3,1,1,Needs attention
C024735,208,1,699.0,4,1,1,New or promising
C024921,188,1,699.0,4,1,1,New or promising
C026098,72,1,699.0,5,1,1,New or promising
C026221,183,1,699.0,4,1,1,New or promising
C027878,103,1,699.0,4,1,1,New or promising
C029900,80,1,699.0,5,1,1,New or promising
C030031,93,1,699.0,4,1,1,New or promising
C030649,97,1,699.0,4,1,1,New or promising
C030794,39,1,699.0,5,1,1,New or promising
C031943,73,1,699.0,5,1,1,New or promising
C032438,62,1,699.0,5,1,1,New or promising
C033659,41,1,699.0,5,1,1,New or promising
C033930,35,1,699.0,5,1,1,New or promising
C034235,22,1,699.0,5,1,1,New or promising
C034529,20,1,699.0,5,1,1,New or promising
C035392,7,2,699.0,5,3,1,Loyal
C025327,200,1,716.0,4,1,1,New or promising
C030397,102,1,718.0,4,1,1,New or promising
C022363,200,1,719.0,4,1,1,New or promising
C029245,122,1,719.0,4,1,1,New or promising
C003235,776,1,722.0,1,1,1,Lost
C004900,712,1,722.0,1,1,1,Lost
C006314,662,1,722.0,1,1,1,Lost
C009228,580,1,722.0,1,1,1,Lost
C012384,491,1,722.0,2,1,1,Lost
C012756,473,1,722.0,2,1,1,Lost
C014698,385,1,722.0,2,1,1,Lost
C018841,318,1,722.0,3,1,1,Needs attention
C022327,245,1,722.0,3,1,1,Needs attention
C022638,214,1,722.0,3,1,1,Needs attention
C024943,202,1,722.0,4,1,1,New or promising
C025080,190,1,722.0,4,1,1,New or promising
C025141,200,1,722.0,4,1,1,New or promising
C025267,200,1,722.0,4,1,1,New or promising
C025656,184,1,722.0,4,1,1,New or promising
C025907,178,2,722.0,4,3,1,Loyal
C026038,175,1,722.0,4,1,1,New or promising
C026890,169,1,722.0,4,1,1,New or promising
C030349,96,1,722.0,4,1,1,New or promising
C030796,0,1,722.0,5,1,1,New or promising
C031930,69,1,722.0,5,1,1,New or promising
C033606,42,1,722.0,5,1,1,New or promising
C034779,21,1,722.0,5,1,1,New or promising
C024592,200,1,731.0,4,1,1,New or promising
C005757,685,1,740.0,1,1,1,Lost
C009893,566,1,743.0,2,1,1,Lost
C008392,597,1,747.0,1,1,1,Lost
C000935,870,1,749.0,1,1,1,Lost
C002681,796,1,749.0,1,1,1,Lost
C002710,798,1,749.0,1,1,1,Lost
C004015,747,1,749.0,1,1,1,Lost
C004276,715,1,749.0,1,1,1,Lost
C006727,653,1,749.0,1,1,1,Lost
C011296,526,1,749.0,2,1,1,Lost
C015481,409,1,749.0,2,1,1,Lost
C021183,269,1,749.0,3,1,1,Needs attention
C022580,237,1,749.0,3,1,1,Needs attention
C022599,235,1,749.0,3,1,1,Needs attention
C024573,211,1,749.0,4,1,1,New or promising
C024876,205,1,749.0,4,1,1,New or promising
C025067,191,2,749.0,4,3,1,Loyal
C025396,199,1,749.0,4,1,1,New or promising
C031564,79,1,749.0,5,1,1,New or promising
C031676,73,1,749.0,5,1,1,New or promising
C031689,22,1,749.0,5,1,1,New or promising
C032994,42,1,749.0,5,1,1,New or promising
C033235,42,1,749.0,5,1,1,New or promising
C033390,46,1,749.0,5,1,1,New or promising
C034348,28,1,749.0,5,1,1,New or promising
C034440,21,1,749.0,5,1,1,New or promising
C034594,24,1,749.0,5,1,1,New or promising
C034750,21,1,749.0,5,1,1,New or promising
C009480,578,1,753.0,2,1,1,Lost
C008643,596,1,755.0,1,1,1,Lost
C008792,595,1,755.0,1,1,1,Lost
C009502,577,1,758.0,2,1,1,Lost
C019141,319,1,760.0,3,1,1,Needs attention
C002119,820,1,764.0,1,1,1,Lost
C002178,793,1,764.0,1,1,1,Lost
C002657,799,1,764.0,1,1,1,Lost
C003344,772,1,764.0,1,1,1,Lost
C006544,660,1,764.0,1,1,1,Lost
C007476,627,1,764.0,1,1,1,Lost
C010357,555,1,764.0,2,1,1,Lost
C014176,432,1,764.0,2,1,1,Lost
C015229,410,1,764.0,2,1,1,Lost
C017377,357,1,764.0,3,1,1,Needs attention
C019146,315,1,764.0,3,1,1,Needs attention
C019384,313,1,764.0,3,1,1,Needs attention
C019806,303,1,764.0,3,1,1,Needs attention
C020731,272,1,764.0,3,1,1,Needs attention
C021534,261,1,764.0,3,1,1,Needs attention
C022647,224,1,764.0,3,1,1,Needs attention
C023100,207,1,764.0,4,1,1,New or promising
C023268,231,1,764.0,3,1,1,Needs attention
C023888,198,1,764.0,4,1,1,New or promising
C025076,201,1,764.0,4,1,1,New or promising
C026818,170,1,764.0,4,1,1,New or promising
C028760,132,1,764.0,4,1,1,New or promising
C029396,115,1,764.0,4,1,1,New or promising
C029936,101,1,764.0,4,1,1,New or promising
C030253,104,1,764.0,4,1,1,New or promising
C030782,94,1,764.0,4,1,1,New or promising
C030950,91,1,764.0,4,1,1,New or promising
C032547,49,1,764.0,5,1,1,New or promising
C033519,39,1,764.0,5,1,1,New or promising
C034721,22,1,764.0,5,1,1,New or promising
C034882,19,1,764.0,5,1,1,New or promising
C035752,2,1,764.0,5,1,1,New or promising
C035916,1,1,764.0,5,1,1,New or promising
C023161,231,1,772.0,3,1,1,Needs attention
C024469,213,1,784.0,3,1,1,Needs attention
C003368,771,1,798.0,1,1,1,Lost
C013054,473,1,798.0,2,1,1,Lost
C014084,445,1,798.0,2,1,1,Lost
C019015,309,1,798.0,3,1,1,Needs attention
C030916,73,1,798.0,5,1,1,New or promising
C000071,854,1,799.0,1,1,1,Lost
C000074,908,1,799.0,1,1,1,Lost
C000093,892,1,799.0,1,1,1,Lost
C001452,818,1,799.0,1,1,1,Lost
C001624,843,1,799.0,1,1,1,Lost
C001812,820,2,799.0,1,3,1,At risk
C001918,787,1,799.0,1,1,1,Lost
C002147,815,1,799.0,1,1,1,Lost
C002403,811,1,799.0,1,1,1,Lost
C002570,804,1,799.0,1,1,1,Lost
C002921,460,1,799.0,2,1,1,Lost
C003002,786,1,799.0,1,1,1,Lost
C003168,763,1,799.0,1,1,1,Lost
C003183,752,1,799.0,1,1,1,Lost
C003347,771,1,799.0,1,1,1,Lost
C003412,769,1,799.0,1,1,1,Lost
C003426,769,1,799.0,1,1,1,Lost
C003661,759,1,799.0,1,1,1,Lost
C003928,749,1,799.0,1,1,1,Lost
C004075,745,1,799.0,1,1,1,Lost
C004569,727,1,799.0,1,1,1,Lost
C004781,719,1,799.0,1,1,1,Lost
C006662,656,1,799.0,1,1,1,Lost
C007027,629,1,799.0,1,1,1,Lost
C007130,629,1,799.0,1,1,1,Lost
C007303,633,1,799.0,1,1,1,Lost
C007497,625,1,799.0,1,1,1,Lost
C007730,619,1,799.0,1,1,1,Lost
C008783,545,1,799.0,2,1,1,Lost
C009721,571,1,799.0,2,1,1,Lost
C010662,545,1,799.0,2,1,1,Lost
C011005,531,1,799.0,2,1,1,Lost
C011780,510,1,799.0,2,1,1,Lost
C011953,507,1,799.0,2,1,1,Lost
C012125,501,1,799.0,2,1,1,Lost
C012162,500,1,799.0,2,1,1,Lost
C012278,496,1,799.0,2,1,1,Lost
C012485,491,1,799.0,2,1,1,Lost
C012637,487,1,799.0,2,1,1,Lost
C013170,469,1,799.0,2,1,1,Lost
C013218,468,1,799.0,2,1,1,Lost
C014147,439,1,799.0,2,1,1,Lost
C014373,437,1,799.0,2,1,1,Lost
C014772,210,1,799.0,4,1,1,New or promising
C015152,284,1,799.0,3,1,1,Needs attention
C015495,408,1,799.0,2,1,1,Lost
C015503,408,1,799.0,2,1,1,Lost
C015592,383,1,799.0,2,1,1,Lost
C015851,399,1,799.0,2,1,1,Lost
C016537,369,1,799.0,3,1,1,Needs attention
C016655,352,1,799.0,3,1,1,Needs attention
C017415,356,1,799.0,3,1,1,Needs attention
C017515,354,1,799.0,3,1,1,Needs attention
C017600,352,1,799.0,3,1,1,Needs attention
C017614,351,1,799.0,3,1,1,Needs attention
C017899,345,1,799.0,3,1,1,Needs attention
C018615,328,1,799.0,3,1,1,Needs attention
C019307,315,1,799.0,3,1,1,Needs attention
C020637,282,1,799.0,3,1,1,Needs attention
C020836,271,1,799.0,3,1,1,Needs attention
C020946,275,1,799.0,3,1,1,Needs attention
C021157,267,1,799.0,3,1,1,Needs attention
C022349,244,1,799.0,3,1,1,Needs attention
C023214,200,2,799.0,4,3,1,Loyal
C023527,203,1,799.0,4,1,1,New or promising
C023541,228,1,799.0,3,1,1,Needs attention
C024157,211,1,799.0,4,1,1,New or promising
C024736,208,1,799.0,4,1,1,New or promising
C024759,189,1,799.0,4,1,1,New or promising
C024803,206,1,799.0,4,1,1,New or promising
C024832,206,1,799.0,4,1,1,New or promising
C025470,189,1,799.0,4,1,1,New or promising
C025568,195,1,799.0,4,1,1,New or promising
C025657,193,1,799.0,4,1,1,New or promising
C026643,163,3,799.0,4,4,1,Champions
C026714,168,1,799.0,4,1,1,New or promising
C026847,170,1,799.0,4,1,1,New or promising
C027319,156,1,799.0,4,1,1,New or promising
C028055,139,1,799.0,4,1,1,New or promising
C028177,140,1,799.0,4,1,1,New or promising
C028706,130,1,799.0,4,1,1,New or promising
C028770,132,1,799.0,4,1,1,New or promising
C029740,35,1,799.0,5,1,1,New or promising
C030697,96,1,799.0,4,1,1,New or promising
C030742,90,1,799.0,4,1,1,New or promising
C031055,59,2,799.0,5,3,1,Loyal
C031792,69,1,799.0,5,1,1,New or promising
C031922,73,1,799.0,5,1,1,New or promising
C032263,67,1,799.0,5,1,1,New or promising
C032383,65,1,799.0,5,1,1,New or promising
C032991,16,1,799.0,5,1,1,New or promising
C033200,45,1,799.0,5,1,1,New or promising
C033685,19,1,799.0,5,1,1,New or promising
C033971,36,1,799.0,5,1,1,New or promising
C033977,28,1,799.0,5,1,1,New or promising
C034038,26,1,799.0,5,1,1,New or promising
C034132,32,1,799.0,5,1,1,New or promising
C034205,31,1,799.0,5,1,1,New or promising
C034225,30,1,799.0,5,1,1,New or promising
C034284,29,1,799.0,5,1,1,New or promising
C034345,28,1,799.0,5,1,1,New or promising
C034393,27,1,799.0,5,1,1,New or promising
C034579,24,1,799.0,5,1,1,New or promising
C034586,13,1,799.0,5,1,1,New or promising
C034775,21,1,799.0,5,1,1,New or promising
C034953,8,1,799.0,5,1,1,New or promising
C035388,10,1,799.0,5,1,1,New or promising
C035547,7,1,799.0,5,1,1,New or promising
C035557,7,1,799.0,5,1,1,New or promising
C035855,2,1,799.0,5,1,1,New or promising
C001983,826,1,807.0,1,1,1,Lost
C002998,786,1,807.0,1,1,1,Lost
C004577,715,1,807.0,1,1,1,Lost
C005171,703,1,807.0,1,1,1,Lost
C007232,633,1,807.0,1,1,1,Lost
C008299,601,1,807.0,1,1,1,Lost
C010667,545,1,807.0,2,1,1,Lost
C011725,514,1,807.0,2,1,1,Lost
C011895,508,1,807.0,2,1,1,Lost
C012450,491,1,807.0,2,1,1,Lost
C013670,458,1,807.0,2,1,1,Lost
C013880,450,1,807.0,2,1,1,Lost
C016359,384,1,807.0,2,1,1,Lost
C016546,378,1,807.0,2,1,1,Lost
C016800,363,1,807.0,3,1,1,Needs attention
C016823,371,1,807.0,2,1,1,Lost
C017498,328,1,807.0,3,1,1,Needs attention
C018659,315,1,807.0,3,1,1,Needs attention
C020163,291,1,807.0,3,1,1,Needs attention
C020164,294,1,807.0,3,1,1,Needs attention
C022412,243,1,807.0,3,1,1,Needs attention
C023769,209,1,807.0,4,1,1,New or promising
C024615,205,2,807.0,4,3,1,Loyal
C025885,189,1,807.0,4,1,1,New or promising
C026153,184,1,807.0,4,1,1,New or promising
C032339,66,1,807.0,5,1,1,New or promising
C032631,60,1,807.0,5,1,1,New or promising
C032993,53,1,807.0,5,1,1,New or promising
C033918,37,1,807.0,5,1,1,New or promising
C034328,28,1,807.0,5,1,1,New or promising
C034935,18,1,807.0,5,1,1,New or promising
C035184,12,1,807.0,5,1,1,New or promising
C035195,13,1,807.0,5,1,1,New or promising
C025311,200,1,812.0,4,1,1,New or promising
C003316,750,2,831.0,1,3,1,At risk
C022734,231,1,831.0,3,1,1,Needs attention
C022794,232,1,838.0,3,1,1,Needs attention
C023366,230,1,838.0,3,1,1,Needs attention
C009121,578,1,839.0,2,1,1,Lost
C023091,231,1,839.0,3,1,1,Needs attention
C018957,321,1,844.0,3,1,1,Needs attention
C023090,231,1,846.0,3,1,1,Needs attention
C028980,12,1,848.0,5,1,1,New or promising
C002146,819,1,849.0,1,1,1,Lost
C002950,768,1,849.0,1,1,1,Lost
C003349,762,1,849.0,1,1,1,Lost
C003924,750,1,849.0,1,1,1,Lost
C004616,668,2,849.0,1,3,1,At risk
C004902,711,1,849.0,1,1,1,Lost
C005707,687,1,849.0,1,1,1,Lost
C006579,659,1,849.0,1,1,1,Lost
C006988,568,2,849.0,2,3,1,At risk
C008137,600,1,849.0,1,1,1,Lost
C008166,605,1,849.0,1,1,1,Lost
C010952,537,1,849.0,2,1,1,Lost
C011215,524,1,849.0,2,1,1,Lost
C012395,493,1,849.0,2,1,1,Lost
C013190,458,1,849.0,2,1,1,Lost
C013854,451,1,849.0,2,1,1,Lost
C014945,362,2,849.0,3,3,1,Loyal
C016570,379,1,849.0,2,1,1,Lost
C016610,378,1,849.0,2,1,1,Lost
C017441,343,1,849.0,3,1,1,Needs attention
C017763,322,2,849.0,3,3,1,Loyal
C018268,337,1,849.0,3,1,1,Needs attention
C019468,311,1,849.0,3,1,1,Needs attention
C019589,308,1,849.0,3,1,1,Needs attention
C019693,305,1,849.0,3,1,1,Needs attention
C019909,300,1,849.0,3,1,1,Needs attention
C020371,289,1,849.0,3,1,1,Needs attention
C020438,287,1,849.0,3,1,1,Needs attention
C020526,261,1,849.0,3,1,1,Needs attention
C021103,271,1,849.0,3,1,1,Needs attention
C022607,239,1,849.0,3,1,1,Needs attention
C023072,225,1,849.0,3,1,1,Needs attention
C023860,217,1,849.0,3,1,1,Needs attention
C024309,190,1,849.0,4,1,1,New or promising
C024779,207,1,849.0,4,1,1,New or promising
C025014,202,1,849.0,4,1,1,New or promising
C025432,198,1,849.0,4,1,1,New or promising
C025541,196,1,849.0,4,1,1,New or promising
C027253,162,1,849.0,4,1,1,New or promising
C027497,149,1,849.0,4,1,1,New or promising
C027906,148,1,849.0,4,1,1,New or promising
C028353,137,1,849.0,4,1,1,New or promising
C028992,128,1,849.0,4,1,1,New or promising
C030070,107,1,849.0,4,1,1,New or promising
C030576,98,1,849.0,4,1,1,New or promising
C031662,78,1,849.0,5,1,1,New or promising
C031778,72,1,849.0,5,1,1,New or promising
C032981,53,1,849.0,5,1,1,New or promising
C033514,44,1,849.0,5,1,1,New or promising
C034027,35,1,849.0,5,1,1,New or promising
C035659,5,1,849.0,5,1,1,New or promising
C035774,3,1,849.0,5,1,1,New or promising
C029699,111,1,854.0,4,1,1,New or promising
C025238,200,1,855.0,4,1,1,New or promising
C009535,577,1,856.0,2,1,1,Lost
C009937,565,1,857.0,2,1,1,Lost
C009394,578,1,861.0,2,1,1,Lost
C024466,213,1,862.0,3,1,1,Needs attention
C023332,214,2,863.0,3,3,1,Loyal
C023149,231,1,864.0,3,1,1,Needs attention
C009992,565,1,869.0,2,1,1,Lost
C008588,596,1,887.0,1,1,1,Lost
C009405,578,1,889.0,2,1,1,Lost
C001183,862,1,892.0,1,1,1,Lost
C002430,805,1,892.0,1,1,1,Lost
C003195,770,1,892.0,1,1,1,Lost
C005048,701,1,892.0,1,1,1,Lost
C007642,621,1,892.0,1,1,1,Lost
C008631,596,1,892.0,1,1,1,Lost
C010099,554,1,892.0,2,1,1,Lost
C010100,563,1,892.0,2,1,1,Lost
C010752,509,1,892.0,2,1,1,Lost
C011534,518,1,892.0,2,1,1,Lost
C016459,381,1,892.0,2,1,1,Lost
C017895,345,1,892.0,3,1,1,Needs attention
C018656,327,1,892.0,3,1,1,Needs attention
C021898,254,1,892.0,3,1,1,Needs attention
C022122,249,1,892.0,3,1,1,Needs attention
C022525,240,1,892.0,3,1,1,Needs attention
C023822,175,2,892.0,4,3,1,Loyal
C024555,212,1,892.0,4,1,1,New or promising
C025512,196,1,892.0,4,1,1,New or promising
C025683,190,1,892.0,4,1,1,New or promising
C028953,127,1,892.0,4,1,1,New or promising
C029259,104,2,892.0,4,3,1,Loyal
C029886,109,1,892.0,4,1,1,New or promising
C030775,94,1,892.0,4,1,1,New or promising
C031765,76,1,892.0,5,1,1,New or promising
C032454,60,1,892.0,5,1,1,New or promising
C032508,62,1,892.0,5,1,1,New or promising
C034147,17,1,892.0,5,1,1,New or promising
C010578,548,1,897.0,2,1,1,Lost
C011803,511,1,897.0,2,1,1,Lost
C031429,81,1,897.0,5,1,1,New or promising
C003464,767,1,898.0,1,1,1,Lost
C008881,565,1,898.0,2,1,1,Lost
C011482,485,1,898.0,2,1,1,Lost
C015017,420,1,898.0,2,1,1,Lost
C015254,414,1,898.0,2,1,1,Lost
C015701,403,1,898.0,2,1,1,Lost
C017525,332,1,898.0,3,1,1,Needs attention
C019576,307,1,898.0,3,1,1,Needs attention
C024080,216,1,898.0,3,1,1,Needs attention
C025181,200,1,898.0,4,1,1,New or promising
C000802,834,2,899.0,1,3,1,At risk
C001067,864,1,899.0,1,1,1,Lost
C001599,839,1,899.0,1,1,1,Lost
C002809,794,1,899.0,1,1,1,Lost
C003394,770,1,899.0,1,1,1,Lost
C005029,685,1,899.0,1,1,1,Lost
C006372,666,1,899.0,1,1,1,Lost
C007740,618,1,899.0,1,1,1,Lost
C008573,594,1,899.0,1,1,1,Lost
C009177,568,1,899.0,2,1,1,Lost
C009410,576,1,899.0,2,1,1,Lost
C010151,552,2,899.0,2,3,1,At risk
C010737,535,1,899.0,2,1,1,Lost
C012459,491,1,899.0,2,1,1,Lost
C012787,482,1,899.0,2,1,1,Lost
C012929,477,1,899.0,2,1,1,Lost
C014181,442,1,899.0,2,1,1,Lost
C016196,389,1,899.0,2,1,1,Lost
C016444,382,1,899.0,2,1,1,Lost
C016514,377,1,899.0,2,1,1,Lost
C016775,373,1,899.0,2,1,1,Lost
C017988,297,1,899.0,3,1,1,Needs attention
C018041,341,1,899.0,3,1,1,Needs attention
C019240,316,1,899.0,3,1,1,Needs attention
C019961,299,1,899.0,3,1,1,Needs attention
C020378,284,1,899.0,3,1,1,Needs attention
C021479,263,1,899.0,3,1,1,Needs attention
C022053,238,1,899.0,3,1,1,Needs attention
C022262,246,1,899.0,3,1,1,Needs attention
C023699,225,1,899.0,3,1,1,Needs attention
C023771,80,1,899.0,5,1,1,New or promising
C024947,191,1,899.0,4,1,1,New or promising
C025701,192,1,899.0,4,1,1,New or promising
C025930,183,1,899.0,4,1,1,New or promising
C026220,177,1,899.0,4,1,1,New or promising
C026675,157,1,899.0,4,1,1,New or promising
C026696,172,1,899.0,4,1,1,New or promising
C027176,163,1,899.0,4,1,1,New or promising
C027365,158,1,899.0,4,1,1,New or promising
C028599,136,1,899.0,4,1,1,New or promising
C028625,135,1,899.0,4,1,1,New or promising
C028674,134,1,899.0,4,1,1,New or promising
C029426,117,1,899.0,4,1,1,New or promising
C030067,92,1,899.0,4,1,1,New or promising
C031085,88,1,899.0,4,1,1,New or promising
C031292,84,1,899.0,5,1,1,New or promising
C032304,66,1,899.0,5,1,1,New or promising
C032753,58,1,899.0,5,1,1,New or promising
C033065,52,1,899.0,5,1,1,New or promising
C034362,28,1,899.0,5,1,1,New or promising
C034795,16,1,899.0,5,1,1,New or promising
C035378,10,1,899.0,5,1,1,New or promising
C024445,213,1,901.0,3,1,1,Needs attention
C022979,232,1,906.0,3,1,1,Needs attention
C024265,214,1,916.0,3,1,1,Needs attention
C008613,596,1,920.0,1,1,1,Lost
C025047,201,1,931.0,4,1,1,New or promising
C022683,237,1,933.0,3,1,1,Needs attention
C002942,788,1,934.0,1,1,1,Lost
C004786,708,1,934.0,1,1,1,Lost
C006065,677,1,934.0,1,1,1,Lost
C009714,571,1,934.0,2,1,1,Lost
C010705,540,1,934.0,2,1,1,Lost
C015476,409,1,934.0,2,1,1,Lost
C016962,367,1,934.0,3,1,1,Needs attention
C019622,304,1,934.0,3,1,1,Needs attention
C021459,260,1,934.0,3,1,1,Needs attention
C022202,243,1,934.0,3,1,1,Needs attention
C025511,196,1,934.0,4,1,1,New or promising
C027272,161,1,934.0,4,1,1,New or promising
C032348,63,1,934.0,5,1,1,New or promising
C032649,59,1,934.0,5,1,1,New or promising
C034724,22,1,934.0,5,1,1,New or promising
C023148,214,1,940.0,3,1,1,Needs attention
C008773,595,1,943.0,1,1,1,Lost
C029011,123,1,943.0,4,1,1,New or promising
C029312,121,1,944.0,4,1,1,New or promising
C000763,879,1,949.0,1,1,1,Lost
C000933,870,1,949.0,1,1,1,Lost
C001188,862,1,949.0,1,1,1,Lost
C001465,850,1,949.0,1,1,1,Lost
C001825,827,1,949.0,1,1,1,Lost
C004129,740,1,949.0,1,1,1,Lost
C004614,725,1,949.0,1,1,1,Lost
C004739,720,1,949.0,1,1,1,Lost
C004880,715,1,949.0,1,1,1,Lost
C005173,703,1,949.0,1,1,1,Lost
C005381,697,1,949.0,1,1,1,Lost
C005776,681,1,949.0,1,1,1,Lost
C006105,655,2,949.0,1,3,1,At risk
C006169,672,1,949.0,1,1,1,Lost
C006477,662,1,949.0,1,1,1,Lost
C006630,657,1,949.0,1,1,1,Lost
C006685,655,1,949.0,1,1,1,Lost
C007427,620,1,949.0,1,1,1,Lost
C007885,614,1,949.0,1,1,1,Lost
C008019,610,1,949.0,1,1,1,Lost
C008830,592,1,949.0,1,1,1,Lost
C009181,583,1,949.0,1,1,1,Lost
C009271,576,1,949.0,2,1,1,Lost
C009387,576,1,949.0,2,1,1,Lost
C009622,574,1,949.0,2,1,1,Lost
C010222,559,1,949.0,2,1,1,Lost
C010398,544,1,949.0,2,1,1,Lost
C010580,509,2,949.0,2,3,1,At risk
C011932,507,1,949.0,2,1,1,Lost
C012388,462,1,949.0,2,1,1,Lost
C012568,481,1,949.0,2,1,1,Lost
C013102,464,1,949.0,2,1,1,Lost
C014388,428,1,949.0,2,1,1,Lost
C015490,407,1,949.0,2,1,1,Lost
C015775,395,1,949.0,2,1,1,Lost
C015778,280,1,949.0,3,1,1,Needs attention
C015818,400,1,949.0,2,1,1,Lost
C015846,388,1,949.0,2,1,1,Lost
C015949,395,1,949.0,2,1,1,Lost
C016351,384,1,949.0,2,1,1,Lost
C016501,380,1,949.0,2,1,1,Lost
C016530,380,1,949.0,2,1,1,Lost
C016645,376,1,949.0,2,1,1,Lost
C016692,375,1,949.0,2,1,1,Lost
C017245,335,1,949.0,3,1,1,Needs attention
C017543,353,1,949.0,3,1,1,Needs attention
C017894,340,2,949.0,3,3,1,Loyal
C017937,342,1,949.0,3,1,1,Needs attention
C019022,320,1,949.0,3,1,1,Needs attention
C019051,304,1,949.0,3,1,1,Needs attention
C019222,310,1,949.0,3,1,1,Needs attention
C020041,296,1,949.0,3,1,1,Needs attention
C020548,255,1,949.0,3,1,1,Needs attention
C021302,246,2,949.0,3,3,1,Loyal
C021461,259,1,949.0,3,1,1,Needs attention
C021567,261,1,949.0,3,1,1,Needs attention
C021724,257,1,949.0,3,1,1,Needs attention
C022270,246,1,949.0,3,1,1,Needs attention
C022283,246,1,949.0,3,1,1,Needs attention
C022575,240,1,949.0,3,1,1,Needs attention
C023965,219,1,949.0,3,1,1,Needs attention
C024543,114,1,949.0,4,1,1,New or promising
C024783,196,1,949.0,4,1,1,New or promising
C024899,205,1,949.0,4,1,1,New or promising
C025197,200,1,949.0,4,1,1,New or promising
C025290,92,1,949.0,4,1,1,New or promising
C025548,196,1,949.0,4,1,1,New or promising
C025624,194,1,949.0,4,1,1,New or promising
C025677,193,1,949.0,4,1,1,New or promising
C026721,171,1,949.0,4,1,1,New or promising
C026853,169,1,949.0,4,1,1,New or promising
C027514,59,2,949.0,5,3,1,Loyal
C027845,130,1,949.0,4,1,1,New or promising
C030510,88,1,949.0,4,1,1,New or promising
C031024,72,1,949.0,5,1,1,New or promising
C031156,86,1,949.0,4,1,1,New or promising
C031348,83,1,949.0,5,1,1,New or promising
C031836,22,2,949.0,5,3,1,Loyal
C032010,0,1,949.0,5,1,1,New or promising
C032037,68,1,949.0,5,1,1,New or promising
C032661,59,1,949.0,5,1,1,New or promising
C033225,49,1,949.0,5,1,1,New or promising
C033643,41,1,949.0,5,1,1,New or promising
C034630,13,1,949.0,5,1,1,New or promising
C034662,20,1,949.0,5,1,1,New or promising
C035429,9,1,949.0,5,1,1,New or promising
C035487,7,1,949.0,5,1,1,New or promising
C035503,8,1,949.0,5,1,1,New or promising
C035586,6,1,949.0,5,1,1,New or promising
C008655,596,1,954.0,1,1,1,Lost
C025384,199,1,956.0,4,1,1,New or promising
C008708,596,1,962.0,1,1,1,Lost
C024372,214,1,970.0,3,1,1,Needs attention
C025404,199,1,975.0,4,1,1,New or promising
C019542,287,1,976.0,3,1,1,Needs attention
C000642,885,1,977.0,1,1,1,Lost
C001575,845,1,977.0,1,1,1,Lost
C001689,835,1,977.0,1,1,1,Lost
C003596,761,1,977.0,1,1,1,Lost
C004201,739,1,977.0,1,1,1,Lost
C004672,723,1,977.0,1,1,1,Lost
C005229,702,1,977.0,1,1,1,Lost
C005310,699,1,977.0,1,1,1,Lost
C006232,656,1,977.0,1,1,1,Lost
C006454,661,1,977.0,1,1,1,Lost
C007072,641,1,977.0,1,1,1,Lost
C007174,632,1,977.0,1,1,1,Lost
C007840,615,1,977.0,1,1,1,Lost
C008125,605,1,977.0,1,1,1,Lost
C008466,597,1,977.0,1,1,1,Lost
C008962,590,1,977.0,1,1,1,Lost
C010013,565,1,977.0,2,1,1,Lost
C010925,537,1,977.0,2,1,1,Lost
C011586,517,2,977.0,2,3,1,At risk
C012363,494,1,977.0,2,1,1,Lost
C013025,474,1,977.0,2,1,1,Lost
C016865,370,1,977.0,2,1,1,Lost
C017291,338,1,977.0,3,1,1,Needs attention
C017513,354,1,977.0,3,1,1,Needs attention
C017556,336,1,977.0,3,1,1,Needs attention
C019347,314,1,977.0,3,1,1,Needs attention
C019465,311,1,977.0,3,1,1,Needs attention
C019681,298,1,977.0,3,1,1,Needs attention
C020362,289,1,977.0,3,1,1,Needs attention
C020715,267,1,977.0,3,1,1,Needs attention
C021334,265,1,977.0,3,1,1,Needs attention
C021823,231,1,977.0,3,1,1,Needs attention
C021978,229,1,977.0,3,1,1,Needs attention
C022797,226,1,977.0,3,1,1,Needs attention
C026152,184,1,977.0,4,1,1,New or promising
C026874,169,1,977.0,4,1,1,New or promising
C028027,134,2,977.0,4,3,1,Loyal
C028268,142,1,977.0,4,1,1,New or promising
C028648,135,1,977.0,4,1,1,New or promising
C031175,0,1,977.0,5,1,1,New or promising
C031593,79,1,977.0,5,1,1,New or promising
C031987,70,1,977.0,5,1,1,New or promising
C032040,71,1,977.0,5,1,1,New or promising
C032385,64,1,977.0,5,1,1,New or promising
C032617,60,1,977.0,5,1,1,New or promising
C033972,36,1,977.0,5,1,1,New or promising
C034403,27,1,977.0,5,1,1,New or promising
C034597,24,1,977.0,5,1,1,New or promising
C034611,20,1,977.0,5,1,1,New or promising
C035519,7,1,977.0,5,1,1,New or promising
C035811,3,1,977.0,5,1,1,New or promising
C023177,231,1,979.0,3,1,1,Needs attention
C005669,685,1,981.0,1,1,1,Lost
C023136,231,1,982.0,3,1,1,Needs attention
C024170,215,1,982.0,3,1,1,Needs attention
C019062,320,1,985.0,3,1,1,Needs attention
C005816,685,1,990.0,1,1,1,Lost
C005585,684,1,992.0,1,1,1,Lost
C023104,230,1,994.0,3,1,1,Needs attention
C022024,231,1,995.0,3,1,1,Needs attention
C002029,823,1,998.0,1,1,1,Lost
C002383,809,1,998.0,1,1,1,Lost
C012022,504,1,998.0,2,1,1,Lost
C014811,404,1,998.0,2,1,1,Lost
C015581,406,1,998.0,2,1,1,Lost
C016680,355,1,998.0,3,1,1,Needs attention
C002434,808,1,999.0,1,1,1,Lost
C002500,785,1,999.0,1,1,1,Lost
C003994,689,1,999.0,1,1,1,Lost
C004996,711,1,999.0,1,1,1,Lost
C005077,631,2,999.0,1,3,1,At risk
C006027,678,1,999.0,1,1,1,Lost
C006069,664,1,999.0,1,1,1,Lost
C006973,537,1,999.0,2,1,1,Lost
C007394,604,1,999.0,1,1,1,Lost
C007648,596,2,999.0,1,3,1,At risk
C010510,550,1,999.0,2,1,1,Lost
C011973,506,1,999.0,2,1,1,Lost
C012275,494,1,999.0,2,1,1,Lost
C012343,495,1,999.0,2,1,1,Lost
C013555,255,2,999.0,3,3,1,Loyal
C014562,268,1,999.0,3,1,1,Needs attention
C015682,400,1,999.0,2,1,1,Lost
C016431,374,1,999.0,2,1,1,Lost
C022833,220,1,999.0,3,1,1,Needs attention
C024379,214,1,999.0,3,1,1,Needs attention
C024860,205,1,999.0,4,1,1,New or promising
C025073,178,1,999.0,4,1,1,New or promising
C025638,194,1,999.0,4,1,1,New or promising
C026958,168,1,999.0,4,1,1,New or promising
C028911,120,1,999.0,4,1,1,New or promising
C031345,69,1,999.0,5,1,1,New or promising
C033973,34,1,999.0,5,1,1,New or promising
C034071,30,1,999.0,5,1,1,New or promising
C034557,15,1,999.0,5,1,1,New or promising
C035162,14,1,999.0,5,1,1,New or promising
C024147,206,1,1010.0,4,1,1,New or promising
C009314,579,1,1011.0,1,1,1,Lost
C004838,716,1,1018.0,1,1,1,Lost
C022117,249,1,1018.0,3,1,1,Needs attention
C029059,115,1,1018.0,4,1,1,New or promising
C034501,25,1,1018.0,5,1,1,New or promising
C012719,484,1,1019.0,2,1,1,Lost
C013429,458,1,1019.0,2,1,1,Lost
C014164,440,1,1019.0,2,1,1,Lost
C017119,312,1,1019.0,3,1,1,Needs attention
C021273,267,1,1019.0,3,1,1,Needs attention
C030220,105,1,1019.0,4,1,1,New or promising
C019021,320,1,1025.0,3,1,1,Needs attention
C025359,199,1,1026.0,4,1,1,New or promising
C019142,319,1,1028.0,3,1,1,Needs attention
C004948,565,1,1030.0,2,1,1,Lost
C009464,578,1,1030.0,2,1,1,Lost
C023437,230,1,1032.0,3,1,1,Needs attention
C002381,740,1,1034.0,1,1,1,Lost
C012849,480,1,1034.0,2,1,1,Lost
C013024,399,1,1034.0,2,1,1,Lost
C027826,113,1,1034.0,4,1,1,New or promising
C023949,214,1,1035.0,3,1,1,Needs attention
C025087,187,1,1036.0,4,1,1,New or promising
C023320,231,1,1041.0,3,1,1,Needs attention
C001692,835,2,1048.0,1,3,1,At risk
C035805,3,1,1048.0,5,1,1,New or promising
C000034,910,1,1049.0,1,1,1,Lost
C000861,872,1,1049.0,1,1,1,Lost
C001538,845,1,1049.0,1,1,1,Lost
C001852,832,1,1049.0,1,1,1,Lost
C002397,811,1,1049.0,1,1,1,Lost
C002435,808,1,1049.0,1,1,1,Lost
C002801,794,1,1049.0,1,1,1,Lost
C004178,737,1,1049.0,1,1,1,Lost
C005388,697,1,1049.0,1,1,1,Lost
C006279,669,1,1049.0,1,1,1,Lost
C006347,630,1,1049.0,1,1,1,Lost
C006800,650,1,1049.0,1,1,1,Lost
C007063,641,1,1049.0,1,1,1,Lost
C008084,608,1,1049.0,1,1,1,Lost
C008127,566,1,1049.0,2,1,1,Lost
C008671,596,1,1049.0,1,1,1,Lost
C009026,588,1,1049.0,1,1,1,Lost
C009229,576,1,1049.0,2,1,1,Lost
C010171,561,1,1049.0,2,1,1,Lost
C010552,549,1,1049.0,2,1,1,Lost
C010749,483,1,1049.0,2,1,1,Lost
C011338,524,1,1049.0,2,1,1,Lost
C012117,491,1,1049.0,2,1,1,Lost
C013293,453,1,1049.0,2,1,1,Lost
C013328,465,1,1049.0,2,1,1,Lost
C014454,435,1,1049.0,2,1,1,Lost
C014615,431,1,1049.0,2,1,1,Lost
C015561,380,1,1049.0,2,1,1,Lost
C015742,402,1,1049.0,2,1,1,Lost
C016685,375,1,1049.0,2,1,1,Lost
C018423,327,1,1049.0,3,1,1,Needs attention
C018789,324,1,1049.0,3,1,1,Needs attention
C019565,269,1,1049.0,3,1,1,Needs attention
C020060,297,1,1049.0,3,1,1,Needs attention
C021732,15,1,1049.0,5,1,1,New or promising
C022614,239,1,1049.0,3,1,1,Needs attention
C023924,203,2,1049.0,4,3,1,Loyal
C024015,218,1,1049.0,3,1,1,Needs attention
C024679,200,1,1049.0,4,1,1,New or promising
C024777,204,1,1049.0,4,1,1,New or promising
C025107,195,1,1049.0,4,1,1,New or promising
C025925,188,1,1049.0,4,1,1,New or promising
C026168,184,1,1049.0,4,1,1,New or promising
C026623,175,1,1049.0,4,1,1,New or promising
C026743,172,1,1049.0,4,1,1,New or promising
C027118,164,1,1049.0,4,1,1,New or promising
C028718,98,1,1049.0,4,1,1,New or promising
C030014,104,1,1049.0,4,1,1,New or promising
C030323,103,1,1049.0,4,1,1,New or promising
C031851,72,1,1049.0,5,1,1,New or promising
C032114,69,1,1049.0,5,1,1,New or promising
C032310,66,1,1049.0,5,1,1,New or promising
C032421,62,1,1049.0,5,1,1,New or promising
C032512,62,1,1049.0,5,1,1,New or promising
C032565,61,1,1049.0,5,1,1,New or promising
C032800,57,1,1049.0,5,1,1,New or promising
C033024,43,1,1049.0,5,1,1,New or promising
C033146,49,2,1049.0,5,3,1,Loyal
C033328,41,1,1049.0,5,1,1,New or promising
C033613,42,1,1049.0,5,1,1,New or promising
C034343,28,1,1049.0,5,1,1,New or promising
C034873,19,1,1049.0,5,1,1,New or promising
C034955,14,1,1049.0,5,1,1,New or promising
C035183,10,1,1049.0,5,1,1,New or promising
C035479,4,1,1049.0,5,1,1,New or promising
C025186,200,1,1050.0,4,1,1,New or promising
C025259,200,1,1056.0,4,1,1,New or promising
C000688,880,1,1062.0,1,1,1,Lost
C003517,765,1,1062.0,1,1,1,Lost
C004042,726,1,1062.0,1,1,1,Lost
C005339,698,1,1062.0,1,1,1,Lost
C008492,597,1,1062.0,1,1,1,Lost
C008900,591,1,1062.0,1,1,1,Lost
C010195,553,1,1062.0,2,1,1,Lost
C011498,520,1,1062.0,2,1,1,Lost
C013194,469,1,1062.0,2,1,1,Lost
C015079,419,1,1062.0,2,1,1,Lost
C016012,394,1,1062.0,2,1,1,Lost
C018576,329,1,1062.0,3,1,1,Needs attention
C019066,312,1,1062.0,3,1,1,Needs attention
C019598,308,1,1062.0,3,1,1,Needs attention
C020391,288,1,1062.0,3,1,1,Needs attention
C020676,282,1,1062.0,3,1,1,Needs attention
C021301,266,1,1062.0,3,1,1,Needs attention
C024527,211,1,1062.0,4,1,1,New or promising
C024706,207,1,1062.0,4,1,1,New or promising
C025644,194,1,1062.0,4,1,1,New or promising
C026089,182,1,1062.0,4,1,1,New or promising
C026151,184,1,1062.0,4,1,1,New or promising
C027562,153,1,1062.0,4,1,1,New or promising
C028481,138,1,1062.0,4,1,1,New or promising
C028892,130,1,1062.0,4,1,1,New or promising
C030526,99,1,1062.0,4,1,1,New or promising
C031607,79,1,1062.0,5,1,1,New or promising
C032140,40,2,1062.0,5,3,1,Loyal
C032446,52,1,1062.0,5,1,1,New or promising
C033497,44,1,1062.0,5,1,1,New or promising
C033593,42,1,1062.0,5,1,1,New or promising
C033845,36,1,1062.0,5,1,1,New or promising
C033970,28,1,1062.0,5,1,1,New or promising
C034136,12,1,1062.0,5,1,1,New or promising
C012690,485,1,1078.0,2,1,1,Lost
C010067,564,1,1080.0,2,1,1,Lost
C019079,320,1,1086.0,3,1,1,Needs attention
C003170,702,2,1098.0,1,3,1,At risk
C013585,444,1,1098.0,2,1,1,Lost
C014900,339,2,1098.0,3,3,1,Loyal
C023943,182,1,1098.0,4,1,1,New or promising
C026558,132,2,1098.0,4,3,1,Loyal
C027608,154,1,1098.0,4,1,1,New or promising
C029578,76,2,1098.0,5,3,1,Loyal
C031934,73,1,1098.0,5,1,1,New or promising
C034221,30,1,1098.0,5,1,1,New or promising
C000114,907,1,1099.0,1,1,1,Lost
C000586,885,1,1099.0,1,1,1,Lost
C000681,883,1,1099.0,1,1,1,Lost
C003514,764,1,1099.0,1,1,1,Lost
C004235,730,1,1099.0,1,1,1,Lost
C004286,560,1,1099.0,2,1,1,Lost
C006320,665,1,1099.0,1,1,1,Lost
C007370,631,1,1099.0,1,1,1,Lost
C007493,626,1,1099.0,1,1,1,Lost
C007827,571,1,1099.0,2,1,1,Lost
C008453,597,1,1099.0,1,1,1,Lost
C010939,422,2,1099.0,2,3,1,At risk
C011862,509,1,1099.0,2,1,1,Lost
C012305,472,1,1099.0,2,1,1,Lost
C014183,438,1,1099.0,2,1,1,Lost
C014555,431,1,1099.0,2,1,1,Lost
C014679,346,1,1099.0,3,1,1,Needs attention
C014953,422,1,1099.0,2,1,1,Lost
C016029,389,1,1099.0,2,1,1,Lost
C016415,376,1,1099.0,2,1,1,Lost
C017586,348,1,1099.0,3,1,1,Needs attention
C019199,312,1,1099.0,3,1,1,Needs attention
C019205,317,1,1099.0,3,1,1,Needs attention
C019256,316,1,1099.0,3,1,1,Needs attention
C020490,286,1,1099.0,3,1,1,Needs attention
C021554,261,1,1099.0,3,1,1,Needs attention
C022767,196,1,1099.0,4,1,1,New or promising
C023368,227,1,1099.0,3,1,1,Needs attention
C025299,200,1,1099.0,4,1,1,New or promising
C026775,105,1,1099.0,4,1,1,New or promising
C027515,156,1,1099.0,4,1,1,New or promising
C027753,52,1,1099.0,5,1,1,New or promising
C028299,141,1,1099.0,4,1,1,New or promising
C028306,141,1,1099.0,4,1,1,New or promising
C029050,103,1,1099.0,4,1,1,New or promising
C029369,119,1,1099.0,4,1,1,New or promising
C029577,115,1,1099.0,4,1,1,New or promising
C030674,65,2,1099.0,5,3,1,Loyal
C031642,74,1,1099.0,5,1,1,New or promising
C031827,75,1,1099.0,5,1,1,New or promising
C032079,70,1,1099.0,5,1,1,New or promising
C032354,47,1,1099.0,5,1,1,New or promising
C032783,57,1,1099.0,5,1,1,New or promising
C032944,42,1,1099.0,5,1,1,New or promising
C033454,45,1,1099.0,5,1,1,New or promising
C033698,40,1,1099.0,5,1,1,New or promising
C033717,35,1,1099.0,5,1,1,New or promising
C033999,4,1,1099.0,5,1,1,New or promising
C034242,30,1,1099.0,5,1,1,New or promising
C035043,8,1,1099.0,5,1,1,New or promising
C025094,201,1,1100.0,4,1,1,New or promising
C025264,200,1,1102.0,4,1,1,New or promising
C000048,909,1,1104.0,1,1,1,Lost
C000049,909,1,1104.0,1,1,1,Lost
C000366,897,1,1104.0,1,1,1,Lost
C000465,893,1,1104.0,1,1,1,Lost
C000605,887,1,1104.0,1,1,1,Lost
C000879,875,1,1104.0,1,1,1,Lost
C001439,690,1,1104.0,1,1,1,Lost
C002205,817,1,1104.0,1,1,1,Lost
C002278,815,1,1104.0,1,1,1,Lost
C002281,815,1,1104.0,1,1,1,Lost
C002612,737,1,1104.0,1,1,1,Lost
C002649,800,1,1104.0,1,1,1,Lost
C002751,792,1,1104.0,1,1,1,Lost
C003085,773,1,1104.0,1,1,1,Lost
C003216,778,1,1104.0,1,1,1,Lost
C003645,760,1,1104.0,1,1,1,Lost
C003821,686,1,1104.0,1,1,1,Lost
C003906,749,1,1104.0,1,1,1,Lost
C004140,742,1,1104.0,1,1,1,Lost
C004189,731,1,1104.0,1,1,1,Lost
C005639,680,1,1104.0,1,1,1,Lost
C005754,683,1,1104.0,1,1,1,Lost
C005972,675,1,1104.0,1,1,1,Lost
C006172,673,1,1104.0,1,1,1,Lost
C006423,553,2,1104.0,2,3,1,At risk
C006523,661,1,1104.0,1,1,1,Lost
C006633,576,1,1104.0,2,1,1,Lost
C006874,647,1,1104.0,1,1,1,Lost
C007667,602,1,1104.0,1,1,1,Lost
C007978,608,1,1104.0,1,1,1,Lost
C008705,584,1,1104.0,1,1,1,Lost
C008748,593,1,1104.0,1,1,1,Lost
C008886,583,1,1104.0,1,1,1,Lost
C008889,592,1,1104.0,1,1,1,Lost
C009459,403,1,1104.0,2,1,1,Lost
C009701,572,1,1104.0,2,1,1,Lost
C010020,557,1,1104.0,2,1,1,Lost
C010219,560,1,1104.0,2,1,1,Lost
C010314,552,1,1104.0,2,1,1,Lost
C010659,447,2,1104.0,2,3,1,At risk
C010867,523,1,1104.0,2,1,1,Lost
C011336,525,1,1104.0,2,1,1,Lost
C011844,510,1,1104.0,2,1,1,Lost
C011900,492,2,1104.0,2,3,1,At risk
C011910,443,1,1104.0,2,1,1,Lost
C012049,504,1,1104.0,2,1,1,Lost
C012120,500,1,1104.0,2,1,1,Lost
C012853,480,1,1104.0,2,1,1,Lost
C012982,476,1,1104.0,2,1,1,Lost
C012997,475,1,1104.0,2,1,1,Lost
C014101,445,1,1104.0,2,1,1,Lost
C014275,440,1,1104.0,2,1,1,Lost
C014330,415,1,1104.0,2,1,1,Lost
C014462,435,1,1104.0,2,1,1,Lost
C014503,434,1,1104.0,2,1,1,Lost
C014765,425,1,1104.0,2,1,1,Lost
C015348,412,1,1104.0,2,1,1,Lost
C016116,391,1,1104.0,2,1,1,Lost
C016173,390,1,1104.0,2,1,1,Lost
C016382,384,1,1104.0,2,1,1,Lost
C017246,343,1,1104.0,3,1,1,Needs attention
C017566,353,1,1104.0,3,1,1,Needs attention
C017580,352,1,1104.0,3,1,1,Needs attention
C018084,340,1,1104.0,3,1,1,Needs attention
C018389,328,1,1104.0,3,1,1,Needs attention
C018465,332,1,1104.0,3,1,1,Needs attention
C018581,322,1,1104.0,3,1,1,Needs attention
C019708,305,1,1104.0,3,1,1,Needs attention
C019745,303,1,1104.0,3,1,1,Needs attention
C019987,214,2,1104.0,3,3,1,Loyal
C020113,296,1,1104.0,3,1,1,Needs attention
C020315,289,1,1104.0,3,1,1,Needs attention
C021831,255,1,1104.0,3,1,1,Needs attention
C022234,246,1,1104.0,3,1,1,Needs attention
C022909,224,1,1104.0,3,1,1,Needs attention
C023493,227,1,1104.0,3,1,1,Needs attention
C023549,222,1,1104.0,3,1,1,Needs attention
C023876,218,1,1104.0,3,1,1,Needs attention
C024011,38,1,1104.0,5,1,1,New or promising
C024536,209,1,1104.0,4,1,1,New or promising
C024597,211,1,1104.0,4,1,1,New or promising
C024608,211,1,1104.0,4,1,1,New or promising
C025002,201,1,1104.0,4,1,1,New or promising
C025194,198,1,1104.0,4,1,1,New or promising
C025400,199,1,1104.0,4,1,1,New or promising
C025440,198,1,1104.0,4,1,1,New or promising
C025630,180,1,1104.0,4,1,1,New or promising
C025966,187,1,1104.0,4,1,1,New or promising
C025982,187,1,1104.0,4,1,1,New or promising
C026194,183,1,1104.0,4,1,1,New or promising
C026931,168,1,1104.0,4,1,1,New or promising
C027064,163,1,1104.0,4,1,1,New or promising
C027234,153,1,1104.0,4,1,1,New or promising
C027286,161,1,1104.0,4,1,1,New or promising
C027295,161,1,1104.0,4,1,1,New or promising
C027548,155,1,1104.0,4,1,1,New or promising
C027594,154,1,1104.0,4,1,1,New or promising
C027692,152,1,1104.0,4,1,1,New or promising
C027728,149,1,1104.0,4,1,1,New or promising
C027809,139,1,1104.0,4,1,1,New or promising
C028508,137,1,1104.0,4,1,1,New or promising
C028587,136,1,1104.0,4,1,1,New or promising
C028618,128,1,1104.0,4,1,1,New or promising
C028750,133,1,1104.0,4,1,1,New or promising
C029223,92,1,1104.0,4,1,1,New or promising
C029269,122,1,1104.0,4,1,1,New or promising
C029441,108,1,1104.0,4,1,1,New or promising
C029535,109,1,1104.0,4,1,1,New or promising
C029784,103,1,1104.0,4,1,1,New or promising
C030059,101,1,1104.0,4,1,1,New or promising
C030215,105,1,1104.0,4,1,1,New or promising
C030230,105,1,1104.0,4,1,1,New or promising
C030249,104,1,1104.0,4,1,1,New or promising
C030558,98,1,1104.0,4,1,1,New or promising
C030834,76,1,1104.0,5,1,1,New or promising
C030837,44,1,1104.0,5,1,1,New or promising
C030909,85,1,1104.0,5,1,1,New or promising
C031233,86,1,1104.0,4,1,1,New or promising
C031270,85,1,1104.0,5,1,1,New or promising
C031673,77,1,1104.0,5,1,1,New or promising
C032102,68,1,1104.0,5,1,1,New or promising
C032104,70,1,1104.0,5,1,1,New or promising
C032196,68,1,1104.0,5,1,1,New or promising
C032226,64,1,1104.0,5,1,1,New or promising
C032390,64,1,1104.0,5,1,1,New or promising
C032589,60,1,1104.0,5,1,1,New or promising
C032879,53,1,1104.0,5,1,1,New or promising
C033455,45,1,1104.0,5,1,1,New or promising
C033715,40,1,1104.0,5,1,1,New or promising
C033917,34,1,1104.0,5,1,1,New or promising
C033978,36,1,1104.0,5,1,1,New or promising
C034124,32,1,1104.0,5,1,1,New or promising
C034350,27,1,1104.0,5,1,1,New or promising
C034556,24,1,1104.0,5,1,1,New or promising
C034743,17,1,1104.0,5,1,1,New or promising
C034889,19,1,1104.0,5,1,1,New or promising
C034911,19,1,1104.0,5,1,1,New or promising
C035277,12,1,1104.0,5,1,1,New or promising
C035446,2,1,1104.0,5,1,1,New or promising
C035552,7,1,1104.0,5,1,1,New or promising
C013465,462,1,1124.0,2,1,1,Lost
C029625,113,1,1124.0,4,1,1,New or promising
C008694,596,1,1136.0,1,1,1,Lost
C010426,548,1,1146.0,2,1,1,Lost
C022179,244,1,1146.0,3,1,1,Needs attention
C004692,722,1,1147.0,1,1,1,Lost
C012333,495,1,1147.0,2,1,1,Lost
C015588,406,1,1147.0,2,1,1,Lost
C016076,382,1,1147.0,2,1,1,Lost
C018394,333,1,1147.0,3,1,1,Needs attention
C020221,293,1,1147.0,3,1,1,Needs attention
C027138,164,1,1147.0,4,1,1,New or promising
C029692,111,1,1147.0,4,1,1,New or promising
C032894,55,1,1147.0,5,1,1,New or promising
C033000,30,1,1147.0,5,1,1,New or promising
C033281,2,1,1147.0,5,1,1,New or promising
C034004,35,1,1147.0,5,1,1,New or promising
C028286,124,1,1148.0,4,1,1,New or promising
C000590,887,1,1149.0,1,1,1,Lost
C000679,884,1,1149.0,1,1,1,Lost
C000780,876,1,1149.0,1,1,1,Lost
C001134,863,1,1149.0,1,1,1,Lost
C001263,795,1,1149.0,1,1,1,Lost
C001489,848,1,1149.0,1,1,1,Lost
C001622,836,2,1149.0,1,3,1,At risk
C001868,831,1,1149.0,1,1,1,Lost
C002689,772,1,1149.0,1,1,1,Lost
C002712,796,1,1149.0,1,1,1,Lost
C002858,792,1,1149.0,1,1,1,Lost
C003077,783,1,1149.0,1,1,1,Lost
C003335,758,1,1149.0,1,1,1,Lost
C003499,765,1,1149.0,1,1,1,Lost
C003673,759,1,1149.0,1,1,1,Lost
C004202,739,1,1149.0,1,1,1,Lost
C004255,738,1,1149.0,1,1,1,Lost
C004257,738,1,1149.0,1,1,1,Lost
C004703,717,1,1149.0,1,1,1,Lost
C005071,700,1,1149.0,1,1,1,Lost
C005990,671,1,1149.0,1,1,1,Lost
C006153,666,1,1149.0,1,1,1,Lost
C006254,670,1,1149.0,1,1,1,Lost
C007352,632,1,1149.0,1,1,1,Lost
C007385,630,1,1149.0,1,1,1,Lost
C007637,621,1,1149.0,1,1,1,Lost
C008594,596,1,1149.0,1,1,1,Lost
C009412,574,1,1149.0,2,1,1,Lost
C009698,572,1,1149.0,2,1,1,Lost
C010046,560,1,1149.0,2,1,1,Lost
C010355,532,1,1149.0,2,1,1,Lost
C010772,541,1,1149.0,2,1,1,Lost
C010794,530,1,1149.0,2,1,1,Lost
C011380,496,2,1149.0,2,3,1,At risk
C011400,522,1,1149.0,2,1,1,Lost
C011481,450,1,1149.0,2,1,1,Lost
C011865,501,1,1149.0,2,1,1,Lost
C012215,493,1,1149.0,2,1,1,Lost
C012295,439,2,1149.0,2,3,1,At risk
C012375,494,1,1149.0,2,1,1,Lost
C012621,487,1,1149.0,2,1,1,Lost
C012725,484,1,1149.0,2,1,1,Lost
C013040,474,1,1149.0,2,1,1,Lost
C013147,189,1,1149.0,4,1,1,New or promising
C013209,465,1,1149.0,2,1,1,Lost
C013395,464,1,1149.0,2,1,1,Lost
C014169,443,1,1149.0,2,1,1,Lost
C014413,436,1,1149.0,2,1,1,Lost
C014466,424,1,1149.0,2,1,1,Lost
C014588,391,2,1149.0,2,3,1,At risk
C015741,401,1,1149.0,2,1,1,Lost
C015749,389,1,1149.0,2,1,1,Lost
C015752,359,1,1149.0,3,1,1,Needs attention
C015848,368,2,1149.0,3,3,1,Loyal
C016170,390,1,1149.0,2,1,1,Lost
C016861,370,1,1149.0,2,1,1,Lost
C017001,366,1,1149.0,3,1,1,Needs attention
C017491,354,1,1149.0,3,1,1,Needs attention
C017840,343,1,1149.0,3,1,1,Needs attention
C017865,330,1,1149.0,3,1,1,Needs attention
C018019,332,1,1149.0,3,1,1,Needs attention
C018028,341,1,1149.0,3,1,1,Needs attention
C018152,339,1,1149.0,3,1,1,Needs attention
C018172,338,1,1149.0,3,1,1,Needs attention
C018551,311,1,1149.0,3,1,1,Needs attention
C018731,317,1,1149.0,3,1,1,Needs attention
C019081,315,1,1149.0,3,1,1,Needs attention
C019179,318,1,1149.0,3,1,1,Needs attention
C019301,308,1,1149.0,3,1,1,Needs attention
C019371,313,1,1149.0,3,1,1,Needs attention
C019504,310,1,1149.0,3,1,1,Needs attention
C020215,293,1,1149.0,3,1,1,Needs attention
C020683,282,1,1149.0,3,1,1,Needs attention
C020790,279,1,1149.0,3,1,1,Needs attention
C020821,277,1,1149.0,3,1,1,Needs attention
C020929,231,1,1149.0,3,1,1,Needs attention
C020937,275,1,1149.0,3,1,1,Needs attention
C021921,253,1,1149.0,3,1,1,Needs attention
C022243,231,1,1149.0,3,1,1,Needs attention
C022587,239,1,1149.0,3,1,1,Needs attention
C022689,129,1,1149.0,4,1,1,New or promising
C022805,235,1,1149.0,3,1,1,Needs attention
C023089,201,1,1149.0,4,1,1,New or promising
C023305,229,1,1149.0,3,1,1,Needs attention
C023655,226,1,1149.0,3,1,1,Needs attention
C024465,183,2,1149.0,4,3,1,Loyal
C024549,212,1,1149.0,4,1,1,New or promising
C025542,196,1,1149.0,4,1,1,New or promising
C025665,193,1,1149.0,4,1,1,New or promising
C025958,187,1,1149.0,4,1,1,New or promising
C026364,180,1,1149.0,4,1,1,New or promising
C026393,179,1,1149.0,4,1,1,New or promising
C026525,169,1,1149.0,4,1,1,New or promising
C026635,174,1,1149.0,4,1,1,New or promising
C026987,155,1,1149.0,4,1,1,New or promising
C027245,162,1,1149.0,4,1,1,New or promising
C027334,160,1,1149.0,4,1,1,New or promising
C027829,149,1,1149.0,4,1,1,New or promising
C028034,146,1,1149.0,4,1,1,New or promising
C028287,141,1,1149.0,4,1,1,New or promising
C028845,123,1,1149.0,4,1,1,New or promising
C029679,112,1,1149.0,4,1,1,New or promising
C029719,111,1,1149.0,4,1,1,New or promising
C030360,103,1,1149.0,4,1,1,New or promising
C030388,94,1,1149.0,4,1,1,New or promising
C030618,97,1,1149.0,4,1,1,New or promising
C030626,92,1,1149.0,4,1,1,New or promising
C030798,94,1,1149.0,4,1,1,New or promising
C030826,92,1,1149.0,4,1,1,New or promising
C030870,92,1,1149.0,4,1,1,New or promising
C030874,92,1,1149.0,4,1,1,New or promising
C030910,87,1,1149.0,4,1,1,New or promising
C030995,90,1,1149.0,4,1,1,New or promising
C031191,86,1,1149.0,4,1,1,New or promising
C031400,82,1,1149.0,5,1,1,New or promising
C031881,39,2,1149.0,5,3,1,Loyal
C031903,68,1,1149.0,5,1,1,New or promising
C031961,66,1,1149.0,5,1,1,New or promising
C032020,71,1,1149.0,5,1,1,New or promising
C032167,67,1,1149.0,5,1,1,New or promising
C032442,57,1,1149.0,5,1,1,New or promising
C032472,63,1,1149.0,5,1,1,New or promising
C032540,62,1,1149.0,5,1,1,New or promising
C032719,24,2,1149.0,5,3,1,Loyal
C032980,48,1,1149.0,5,1,1,New or promising
C033392,46,1,1149.0,5,1,1,New or promising
C033413,28,1,1149.0,5,1,1,New or promising
C033537,2,1,1149.0,5,1,1,New or promising
C033604,29,1,1149.0,5,1,1,New or promising
C034043,35,1,1149.0,5,1,1,New or promising
C034191,31,1,1149.0,5,1,1,New or promising
C034395,15,1,1149.0,5,1,1,New or promising
C035028,16,1,1149.0,5,1,1,New or promising
C035214,13,1,1149.0,5,1,1,New or promising
C035463,7,1,1149.0,5,1,1,New or promising
C009983,565,1,1155.0,2,1,1,Lost
C024369,214,1,1166.0,3,1,1,Needs attention
C025366,199,1,1166.0,4,1,1,New or promising
C030302,104,1,1168.0,4,1,1,New or promising
C012906,475,1,1169.0,2,1,1,Lost
C025709,111,1,1169.0,4,1,1,New or promising
C028805,121,2,1169.0,4,3,1,Loyal
C028848,56,2,1169.0,5,3,1,Loyal
C028925,105,1,1169.0,4,1,1,New or promising
C028954,128,1,1169.0,4,1,1,New or promising
C029515,106,1,1169.0,4,1,1,New or promising
C029548,115,1,1169.0,4,1,1,New or promising
C025385,199,1,1174.0,4,1,1,New or promising
C029596,104,2,1181.0,4,3,1,Loyal
C029196,123,1,1187.0,4,1,1,New or promising
C005413,696,1,1189.0,1,1,1,Lost
C009818,539,2,1189.0,2,3,1,At risk
C011885,509,1,1189.0,2,1,1,Lost
C013640,458,1,1189.0,2,1,1,Lost
C016304,385,1,1189.0,2,1,1,Lost
C017453,355,1,1189.0,3,1,1,Needs attention
C018258,293,1,1189.0,3,1,1,Needs attention
C019911,291,1,1189.0,3,1,1,Needs attention
C021477,263,1,1189.0,3,1,1,Needs attention
C021484,262,1,1189.0,3,1,1,Needs attention
C029746,111,1,1189.0,4,1,1,New or promising
C030009,107,1,1189.0,4,1,1,New or promising
C031491,80,1,1189.0,5,1,1,New or promising
C031954,72,1,1189.0,5,1,1,New or promising
C032121,69,1,1189.0,5,1,1,New or promising
C032356,65,1,1189.0,5,1,1,New or promising
C033175,50,1,1189.0,5,1,1,New or promising
C033933,32,1,1189.0,5,1,1,New or promising
C034811,20,1,1189.0,5,1,1,New or promising
C035142,9,1,1189.0,5,1,1,New or promising
C035357,11,1,1189.0,5,1,1,New or promising
C035729,4,1,1189.0,5,1,1,New or promising
C003126,781,1,1197.0,1,1,1,Lost
C003497,763,1,1197.0,1,1,1,Lost
C035666,5,1,1197.0,5,1,1,New or promising
C001832,833,1,1198.0,1,1,1,Lost
C005774,675,1,1198.0,1,1,1,Lost
C009194,582,1,1198.0,1,1,1,Lost
C022067,230,1,1198.0,3,1,1,Needs attention
C023724,224,1,1198.0,3,1,1,Needs attention
C024007,214,1,1198.0,3,1,1,Needs attention
C027739,151,1,1198.0,4,1,1,New or promising
C027742,114,2,1198.0,4,3,1,Loyal
C028957,129,1,1198.0,4,1,1,New or promising
C033044,52,1,1198.0,5,1,1,New or promising
C035633,5,1,1198.0,5,1,1,New or promising
C004490,668,1,1199.0,1,1,1,Lost
C005769,681,1,1199.0,1,1,1,Lost
C011972,503,1,1199.0,2,1,1,Lost
C013482,454,1,1199.0,2,1,1,Lost
C013571,460,1,1199.0,2,1,1,Lost
C017195,362,1,1199.0,3,1,1,Needs attention
C019280,315,1,1199.0,3,1,1,Needs attention
C019394,313,1,1199.0,3,1,1,Needs attention
C023428,224,1,1199.0,3,1,1,Needs attention
C026893,159,1,1199.0,4,1,1,New or promising
C027428,158,1,1199.0,4,1,1,New or promising
C032006,72,1,1199.0,5,1,1,New or promising
C035187,14,1,1199.0,5,1,1,New or promising
C008586,596,1,1200.0,1,1,1,Lost
C009506,577,1,1200.0,2,1,1,Lost
C009124,564,1,1204.0,2,1,1,Lost
C024425,214,1,1210.0,3,1,1,Needs attention
C025049,201,1,1222.0,4,1,1,New or promising
C005607,685,1,1227.0,1,1,1,Lost
C008595,578,1,1229.0,2,1,1,Lost
C006400,664,1,1231.0,1,1,1,Lost
C016146,389,1,1231.0,2,1,1,Lost
C001876,826,1,1232.0,1,1,1,Lost
C014005,304,1,1232.0,3,1,1,Needs attention
C016139,390,1,1232.0,2,1,1,Lost
C018994,310,1,1232.0,3,1,1,Needs attention
C023967,219,1,1232.0,3,1,1,Needs attention
C026777,166,1,1232.0,4,1,1,New or promising
C032892,55,1,1232.0,5,1,1,New or promising
C022341,214,1,1233.0,3,1,1,Needs attention
C008797,595,1,1242.0,1,1,1,Lost
C025148,200,1,1245.0,4,1,1,New or promising
C003122,762,1,1248.0,1,1,1,Lost
C008236,603,1,1248.0,1,1,1,Lost
C011641,516,1,1248.0,2,1,1,Lost
C022075,175,2,1248.0,4,3,1,Loyal
C000410,885,2,1249.0,1,3,1,At risk
C000796,878,1,1249.0,1,1,1,Lost
C000845,876,1,1249.0,1,1,1,Lost
C002062,765,1,1249.0,1,1,1,Lost
C002318,810,1,1249.0,1,1,1,Lost
C002432,809,1,1249.0,1,1,1,Lost
C003379,765,1,1249.0,1,1,1,Lost
C004018,744,1,1249.0,1,1,1,Lost
C004172,735,1,1249.0,1,1,1,Lost
C004689,685,1,1249.0,1,1,1,Lost
C004929,713,1,1249.0,1,1,1,Lost
C006522,661,1,1249.0,1,1,1,Lost
C006849,517,2,1249.0,2,3,1,At risk
C007140,638,1,1249.0,1,1,1,Lost
C008876,329,2,1249.0,3,3,1,Loyal
C009023,588,1,1249.0,1,1,1,Lost
C009273,579,1,1249.0,1,1,1,Lost
C009806,568,1,1249.0,2,1,1,Lost
C010165,562,1,1249.0,2,1,1,Lost
C010523,549,1,1249.0,2,1,1,Lost
C010562,548,1,1249.0,2,1,1,Lost
C010879,536,1,1249.0,2,1,1,Lost
C011492,518,1,1249.0,2,1,1,Lost
C011518,519,1,1249.0,2,1,1,Lost
C012300,487,2,1249.0,2,3,1,At risk
C013046,474,1,1249.0,2,1,1,Lost
C014435,435,1,1249.0,2,1,1,Lost
C015670,401,1,1249.0,2,1,1,Lost
C015764,345,1,1249.0,3,1,1,Needs attention
C016553,372,1,1249.0,2,1,1,Lost
C016978,358,1,1249.0,3,1,1,Needs attention
C018180,338,1,1249.0,3,1,1,Needs attention
C018648,274,1,1249.0,3,1,1,Needs attention
C019464,292,1,1249.0,3,1,1,Needs attention
C019728,304,1,1249.0,3,1,1,Needs attention
C021276,267,1,1249.0,3,1,1,Needs attention
C021718,230,2,1249.0,3,3,1,Loyal
C022325,245,1,1249.0,3,1,1,Needs attention
C023479,229,1,1249.0,3,1,1,Needs attention
C023829,220,1,1249.0,3,1,1,Needs attention
C024685,209,1,1249.0,4,1,1,New or promising
C024753,45,2,1249.0,5,3,1,Loyal
C024808,204,1,1249.0,4,1,1,New or promising
C024878,205,1,1249.0,4,1,1,New or promising
C026329,4,1,1249.0,5,1,1,New or promising
C026620,175,1,1249.0,4,1,1,New or promising
C026955,168,1,1249.0,4,1,1,New or promising
C027197,163,1,1249.0,4,1,1,New or promising
C027601,154,1,1249.0,4,1,1,New or promising
C027986,91,1,1249.0,4,1,1,New or promising
C028692,109,1,1249.0,4,1,1,New or promising
C029868,107,1,1249.0,4,1,1,New or promising
C030897,92,1,1249.0,4,1,1,New or promising
C030946,65,1,1249.0,5,1,1,New or promising
C030954,91,1,1249.0,4,1,1,New or promising
C031031,87,1,1249.0,4,1,1,New or promising
C033277,34,1,1249.0,5,1,1,New or promising
C033421,45,1,1249.0,5,1,1,New or promising
C033702,33,1,1249.0,5,1,1,New or promising
C034017,33,1,1249.0,5,1,1,New or promising
C034288,29,1,1249.0,5,1,1,New or promising
C034299,29,1,1249.0,5,1,1,New or promising
C034571,24,1,1249.0,5,1,1,New or promising
C034994,17,1,1249.0,5,1,1,New or promising
C035334,11,1,1249.0,5,1,1,New or promising
C035462,9,1,1249.0,5,1,1,New or promising
C035529,5,1,1249.0,5,1,1,New or promising
C035559,7,1,1249.0,5,1,1,New or promising
C023442,230,1,1250.0,3,1,1,Needs attention
C023451,226,1,1251.0,3,1,1,Needs attention
C008777,595,1,1259.0,1,1,1,Lost
C013363,464,1,1259.0,2,1,1,Lost
C009743,562,2,1263.0,2,3,1,At risk
C019060,320,1,1265.0,3,1,1,Needs attention
C024339,214,1,1266.0,3,1,1,Needs attention
C005935,681,1,1272.0,1,1,1,Lost
C035625,6,1,1272.0,5,1,1,New or promising
C001516,822,1,1273.0,1,1,1,Lost
C034759,21,1,1273.0,5,1,1,New or promising
C001688,840,1,1274.0,1,1,1,Lost
C002767,795,1,1274.0,1,1,1,Lost
C003863,742,1,1274.0,1,1,1,Lost
C004903,712,1,1274.0,1,1,1,Lost
C005570,681,1,1274.0,1,1,1,Lost
C006753,631,1,1274.0,1,1,1,Lost
C009570,576,1,1274.0,2,1,1,Lost
C011188,528,1,1274.0,2,1,1,Lost
C011238,528,1,1274.0,2,1,1,Lost
C014908,423,1,1274.0,2,1,1,Lost
C016643,377,1,1274.0,2,1,1,Lost
C016653,376,1,1274.0,2,1,1,Lost
C017255,360,1,1274.0,3,1,1,Needs attention
C017303,359,1,1274.0,3,1,1,Needs attention
C019309,315,1,1274.0,3,1,1,Needs attention
C019815,298,1,1274.0,3,1,1,Needs attention
C020372,274,1,1274.0,3,1,1,Needs attention
C022379,243,1,1274.0,3,1,1,Needs attention
C022399,243,1,1274.0,3,1,1,Needs attention
C023271,223,1,1274.0,3,1,1,Needs attention
C023663,223,1,1274.0,3,1,1,Needs attention
C026014,186,1,1274.0,4,1,1,New or promising
C027938,136,2,1274.0,4,3,1,Loyal
C028574,136,1,1274.0,4,1,1,New or promising
C028596,136,1,1274.0,4,1,1,New or promising
C030033,105,1,1274.0,4,1,1,New or promising
C030923,91,1,1274.0,4,1,1,New or promising
C031755,72,1,1274.0,5,1,1,New or promising
C033380,44,1,1274.0,5,1,1,New or promising
C033767,36,1,1274.0,5,1,1,New or promising
C034401,27,1,1274.0,5,1,1,New or promising
C034430,26,1,1274.0,5,1,1,New or promising
C015961,320,2,1275.0,3,3,1,Loyal
C007848,596,1,1279.0,1,1,1,Lost
C008315,564,1,1285.0,2,1,1,Lost
C008798,595,1,1289.0,1,1,1,Lost
C000250,902,1,1298.0,1,1,1,Lost
C003278,775,1,1298.0,1,1,1,Lost
C004021,747,1,1298.0,1,1,1,Lost
C004780,713,1,1298.0,1,1,1,Lost
C005632,687,1,1298.0,1,1,1,Lost
C008131,607,1,1298.0,1,1,1,Lost
C009079,555,1,1298.0,2,1,1,Lost
C009481,567,1,1298.0,2,1,1,Lost
C010248,550,1,1298.0,2,1,1,Lost
C011387,514,1,1298.0,2,1,1,Lost
C011943,468,1,1298.0,2,1,1,Lost
C013815,375,1,1298.0,2,1,1,Lost
C013914,449,1,1298.0,2,1,1,Lost
C014037,435,1,1298.0,2,1,1,Lost
C015608,405,1,1298.0,2,1,1,Lost
C016085,392,1,1298.0,2,1,1,Lost
C016642,326,1,1298.0,3,1,1,Needs attention
C016994,350,1,1298.0,3,1,1,Needs attention
C017611,351,1,1298.0,3,1,1,Needs attention
C018114,340,1,1298.0,3,1,1,Needs attention
C018711,326,1,1298.0,3,1,1,Needs attention
C020902,276,1,1298.0,3,1,1,Needs attention
C021448,245,1,1298.0,3,1,1,Needs attention
C021602,260,1,1298.0,3,1,1,Needs attention
C021880,247,1,1298.0,3,1,1,Needs attention
C022915,232,1,1298.0,3,1,1,Needs attention
C023569,220,1,1298.0,3,1,1,Needs attention
C025934,188,1,1298.0,4,1,1,New or promising
C026079,41,1,1298.0,5,1,1,New or promising
C026783,171,1,1298.0,4,1,1,New or promising
C029212,115,1,1298.0,4,1,1,New or promising
C029770,65,2,1298.0,5,3,1,Loyal
C030862,92,1,1298.0,4,1,1,New or promising
C031038,89,1,1298.0,4,1,1,New or promising
C031444,77,1,1298.0,5,1,1,New or promising
C033810,33,1,1298.0,5,1,1,New or promising
C034216,27,1,1298.0,5,1,1,New or promising
C034614,23,1,1298.0,5,1,1,New or promising
C035089,15,1,1298.0,5,1,1,New or promising
C035544,4,1,1298.0,5,1,1,New or promising
C000236,902,1,1299.0,1,1,1,Lost
C000482,888,1,1299.0,1,1,1,Lost
C000567,888,1,1299.0,1,1,1,Lost
C000617,875,1,1299.0,1,1,1,Lost
C000865,875,1,1299.0,1,1,1,Lost
C000942,869,1,1299.0,1,1,1,Lost
C001101,865,1,1299.0,1,1,1,Lost
C001128,863,1,1299.0,1,1,1,Lost
C001179,862,1,1299.0,1,1,1,Lost
C001294,857,1,1299.0,1,1,1,Lost
C001386,832,1,1299.0,1,1,1,Lost
C001991,825,1,1299.0,1,1,1,Lost
C002026,821,1,1299.0,1,1,1,Lost
C002213,753,1,1299.0,1,1,1,Lost
C002230,813,1,1299.0,1,1,1,Lost
C002300,814,1,1299.0,1,1,1,Lost
C002463,808,1,1299.0,1,1,1,Lost
C002636,800,1,1299.0,1,1,1,Lost
C002663,799,1,1299.0,1,1,1,Lost
C002765,796,1,1299.0,1,1,1,Lost
C002841,793,1,1299.0,1,1,1,Lost
C003069,750,1,1299.0,1,1,1,Lost
C003155,778,1,1299.0,1,1,1,Lost
C003574,762,1,1299.0,1,1,1,Lost
C003608,761,1,1299.0,1,1,1,Lost
C004014,656,1,1299.0,1,1,1,Lost
C004378,733,1,1299.0,1,1,1,Lost
C004420,731,1,1299.0,1,1,1,Lost
C004453,709,1,1299.0,1,1,1,Lost
C004579,726,1,1299.0,1,1,1,Lost
C004828,717,1,1299.0,1,1,1,Lost
C005009,709,1,1299.0,1,1,1,Lost
C005091,706,1,1299.0,1,1,1,Lost
C005121,705,1,1299.0,1,1,1,Lost
C005360,680,1,1299.0,1,1,1,Lost
C005425,695,1,1299.0,1,1,1,Lost
C005617,689,1,1299.0,1,1,1,Lost
C005638,680,1,1299.0,1,1,1,Lost
C005696,687,1,1299.0,1,1,1,Lost
C005782,679,1,1299.0,1,1,1,Lost
C006251,665,1,1299.0,1,1,1,Lost
C006512,658,1,1299.0,1,1,1,Lost
C006754,652,1,1299.0,1,1,1,Lost
C007077,641,1,1299.0,1,1,1,Lost
C007141,638,1,1299.0,1,1,1,Lost
C007180,637,1,1299.0,1,1,1,Lost
C007207,596,1,1299.0,1,1,1,Lost
C007269,541,2,1299.0,2,3,1,At risk
C007556,613,1,1299.0,1,1,1,Lost
C007624,616,1,1299.0,1,1,1,Lost
C007832,611,1,1299.0,1,1,1,Lost
C007970,611,1,1299.0,1,1,1,Lost
C008498,597,1,1299.0,1,1,1,Lost
C008549,596,1,1299.0,1,1,1,Lost
C009084,556,1,1299.0,2,1,1,Lost
C009245,570,2,1299.0,2,3,1,At risk
C009306,565,1,1299.0,2,1,1,Lost
C009618,573,1,1299.0,2,1,1,Lost
C009921,565,1,1299.0,2,1,1,Lost
C010167,560,1,1299.0,2,1,1,Lost
C010478,547,1,1299.0,2,1,1,Lost
C010507,550,1,1299.0,2,1,1,Lost
C010516,550,1,1299.0,2,1,1,Lost
C010719,541,1,1299.0,2,1,1,Lost
C010927,468,1,1299.0,2,1,1,Lost
C011107,524,1,1299.0,2,1,1,Lost
C011317,525,1,1299.0,2,1,1,Lost
C011930,507,1,1299.0,2,1,1,Lost
C012705,484,1,1299.0,2,1,1,Lost
C012833,480,1,1299.0,2,1,1,Lost
C012857,450,1,1299.0,2,1,1,Lost
C012874,465,1,1299.0,2,1,1,Lost
C012880,462,1,1299.0,2,1,1,Lost
C013051,474,1,1299.0,2,1,1,Lost
C013061,473,1,1299.0,2,1,1,Lost
C013284,415,2,1299.0,2,3,1,At risk
C013590,458,1,1299.0,2,1,1,Lost
C013909,445,1,1299.0,2,1,1,Lost
C014003,447,1,1299.0,2,1,1,Lost
C014187,442,1,1299.0,2,1,1,Lost
C014734,428,1,1299.0,2,1,1,Lost
C014911,423,1,1299.0,2,1,1,Lost
C014993,420,1,1299.0,2,1,1,Lost
C015063,419,1,1299.0,2,1,1,Lost
C015600,405,1,1299.0,2,1,1,Lost
C015640,395,1,1299.0,2,1,1,Lost
C016089,391,1,1299.0,2,1,1,Lost
C016104,387,1,1299.0,2,1,1,Lost
C016195,317,2,1299.0,3,3,1,Loyal
C016223,316,2,1299.0,3,3,1,Loyal
C016275,386,1,1299.0,2,1,1,Lost
C016366,384,1,1299.0,2,1,1,Lost
C016463,362,1,1299.0,3,1,1,Needs attention
C016503,380,1,1299.0,2,1,1,Lost
C016706,368,1,1299.0,3,1,1,Needs attention
C017027,366,1,1299.0,3,1,1,Needs attention
C017057,347,1,1299.0,3,1,1,Needs attention
C017060,365,1,1299.0,3,1,1,Needs attention
C017090,364,1,1299.0,3,1,1,Needs attention
C017292,352,1,1299.0,3,1,1,Needs attention
C017341,353,1,1299.0,3,1,1,Needs attention
C017500,354,1,1299.0,3,1,1,Needs attention
C017511,258,1,1299.0,3,1,1,Needs attention
C017570,351,1,1299.0,3,1,1,Needs attention
C017746,349,1,1299.0,3,1,1,Needs attention
C017873,249,1,1299.0,3,1,1,Needs attention
C017926,344,1,1299.0,3,1,1,Needs attention
C017950,341,1,1299.0,3,1,1,Needs attention
C018063,329,1,1299.0,3,1,1,Needs attention
C018139,332,1,1299.0,3,1,1,Needs attention
C018149,339,1,1299.0,3,1,1,Needs attention
C018321,334,2,1299.0,3,3,1,Loyal
C018337,327,1,1299.0,3,1,1,Needs attention
C018386,334,1,1299.0,3,1,1,Needs attention
C018732,326,1,1299.0,3,1,1,Needs attention
C018799,324,1,1299.0,3,1,1,Needs attention
C018960,307,1,1299.0,3,1,1,Needs attention
C018970,320,1,1299.0,3,1,1,Needs attention
C018992,320,1,1299.0,3,1,1,Needs attention
C019204,317,1,1299.0,3,1,1,Needs attention
C019209,313,1,1299.0,3,1,1,Needs attention
C019219,317,1,1299.0,3,1,1,Needs attention
C019242,316,1,1299.0,3,1,1,Needs attention
C019293,315,1,1299.0,3,1,1,Needs attention
C019656,306,1,1299.0,3,1,1,Needs attention
C019714,305,1,1299.0,3,1,1,Needs attention
C019934,300,1,1299.0,3,1,1,Needs attention
C020019,298,1,1299.0,3,1,1,Needs attention
C020137,295,1,1299.0,3,1,1,Needs attention
C020148,293,1,1299.0,3,1,1,Needs attention
C020182,294,1,1299.0,3,1,1,Needs attention
C020472,277,1,1299.0,3,1,1,Needs attention
C020499,286,1,1299.0,3,1,1,Needs attention
C020612,283,1,1299.0,3,1,1,Needs attention
C020617,242,1,1299.0,3,1,1,Needs attention
C020631,276,1,1299.0,3,1,1,Needs attention
C020770,279,1,1299.0,3,1,1,Needs attention
C021126,271,1,1299.0,3,1,1,Needs attention
C021418,210,1,1299.0,4,1,1,New or promising
C021494,240,1,1299.0,3,1,1,Needs attention
C021630,254,1,1299.0,3,1,1,Needs attention
C021768,256,1,1299.0,3,1,1,Needs attention
C021862,254,1,1299.0,3,1,1,Needs attention
C021903,254,1,1299.0,3,1,1,Needs attention
C022177,231,2,1299.0,3,3,1,Loyal
C022275,246,1,1299.0,3,1,1,Needs attention
C022366,214,1,1299.0,3,1,1,Needs attention
C022530,239,1,1299.0,3,1,1,Needs attention
C022541,106,1,1299.0,4,1,1,New or promising
C022636,238,1,1299.0,3,1,1,Needs attention
C022649,238,1,1299.0,3,1,1,Needs attention
C023192,225,1,1299.0,3,1,1,Needs attention
C023234,229,1,1299.0,3,1,1,Needs attention
C023246,231,1,1299.0,3,1,1,Needs attention
C023525,228,1,1299.0,3,1,1,Needs attention
C023754,223,1,1299.0,3,1,1,Needs attention
C023773,214,2,1299.0,3,3,1,Loyal
C023791,177,2,1299.0,4,3,1,Loyal
C023978,218,1,1299.0,3,1,1,Needs attention
C023982,217,1,1299.0,3,1,1,Needs attention
C023995,218,1,1299.0,3,1,1,Needs attention
C024307,96,1,1299.0,4,1,1,New or promising
C024701,209,1,1299.0,4,1,1,New or promising
C024756,207,1,1299.0,4,1,1,New or promising
C024814,206,1,1299.0,4,1,1,New or promising
C025013,202,1,1299.0,4,1,1,New or promising
C025081,193,1,1299.0,4,1,1,New or promising
C025558,195,1,1299.0,4,1,1,New or promising
C025572,193,1,1299.0,4,1,1,New or promising
C025782,191,1,1299.0,4,1,1,New or promising
C025826,170,1,1299.0,4,1,1,New or promising
C025854,189,1,1299.0,4,1,1,New or promising
C025896,189,1,1299.0,4,1,1,New or promising
C026015,186,1,1299.0,4,1,1,New or promising
C026061,186,1,1299.0,4,1,1,New or promising
C026193,183,1,1299.0,4,1,1,New or promising
C026489,177,1,1299.0,4,1,1,New or promising
C026730,172,1,1299.0,4,1,1,New or promising
C026765,172,1,1299.0,4,1,1,New or promising
C026855,167,1,1299.0,4,1,1,New or promising
C026937,168,1,1299.0,4,1,1,New or promising
C027000,167,1,1299.0,4,1,1,New or promising
C027063,165,1,1299.0,4,1,1,New or promising
C027559,31,1,1299.0,5,1,1,New or promising
C027573,155,1,1299.0,4,1,1,New or promising
C027832,99,1,1299.0,4,1,1,New or promising
C028033,13,1,1299.0,5,1,1,New or promising
C028087,145,1,1299.0,4,1,1,New or promising
C028209,141,1,1299.0,4,1,1,New or promising
C028233,31,1,1299.0,5,1,1,New or promising
C028270,137,1,1299.0,4,1,1,New or promising
C028541,123,2,1299.0,4,3,1,Loyal
C028610,128,1,1299.0,4,1,1,New or promising
C028872,131,1,1299.0,4,1,1,New or promising
C028997,128,1,1299.0,4,1,1,New or promising
C029005,128,1,1299.0,4,1,1,New or promising
C029184,117,1,1299.0,4,1,1,New or promising
C029732,111,1,1299.0,4,1,1,New or promising
C029892,109,1,1299.0,4,1,1,New or promising
C029926,95,1,1299.0,4,1,1,New or promising
C029982,18,1,1299.0,5,1,1,New or promising
C030289,104,1,1299.0,4,1,1,New or promising
C030401,73,1,1299.0,5,1,1,New or promising
C030425,102,1,1299.0,4,1,1,New or promising
C030601,92,1,1299.0,4,1,1,New or promising
C030629,97,1,1299.0,4,1,1,New or promising
C030680,23,1,1299.0,5,1,1,New or promising
C030813,88,1,1299.0,4,1,1,New or promising
C030885,92,1,1299.0,4,1,1,New or promising
C031180,86,1,1299.0,4,1,1,New or promising
C031195,86,1,1299.0,4,1,1,New or promising
C031245,85,1,1299.0,5,1,1,New or promising
C031359,83,1,1299.0,5,1,1,New or promising
C031413,82,1,1299.0,5,1,1,New or promising
C031507,80,1,1299.0,5,1,1,New or promising
C031777,76,1,1299.0,5,1,1,New or promising
C031971,60,1,1299.0,5,1,1,New or promising
C031977,42,1,1299.0,5,1,1,New or promising
C032082,70,1,1299.0,5,1,1,New or promising
C032117,58,1,1299.0,5,1,1,New or promising
C032182,17,1,1299.0,5,1,1,New or promising
C032199,67,1,1299.0,5,1,1,New or promising
C032202,64,1,1299.0,5,1,1,New or promising
C032216,68,1,1299.0,5,1,1,New or promising
C032255,63,1,1299.0,5,1,1,New or promising
C032261,67,1,1299.0,5,1,1,New or promising
C032277,60,1,1299.0,5,1,1,New or promising
C032381,42,1,1299.0,5,1,1,New or promising
C032422,64,1,1299.0,5,1,1,New or promising
C032503,62,1,1299.0,5,1,1,New or promising
C032579,61,1,1299.0,5,1,1,New or promising
C032592,59,1,1299.0,5,1,1,New or promising
C032667,59,1,1299.0,5,1,1,New or promising
C032676,59,1,1299.0,5,1,1,New or promising
C032720,57,1,1299.0,5,1,1,New or promising
C032745,58,1,1299.0,5,1,1,New or promising
C032878,55,1,1299.0,5,1,1,New or promising
C032987,53,1,1299.0,5,1,1,New or promising
C033007,53,1,1299.0,5,1,1,New or promising
C033132,38,2,1299.0,5,3,1,Loyal
C033163,49,1,1299.0,5,1,1,New or promising
C033261,48,1,1299.0,5,1,1,New or promising
C033351,40,1,1299.0,5,1,1,New or promising
C033388,46,1,1299.0,5,1,1,New or promising
C033640,1,1,1299.0,5,1,1,New or promising
C033860,35,1,1299.0,5,1,1,New or promising
C033871,37,1,1299.0,5,1,1,New or promising
C033879,36,1,1299.0,5,1,1,New or promising
C034030,35,1,1299.0,5,1,1,New or promising
C034063,26,1,1299.0,5,1,1,New or promising
C034064,34,1,1299.0,5,1,1,New or promising
C034356,28,1,1299.0,5,1,1,New or promising
C034447,15,1,1299.0,5,1,1,New or promising
C034533,25,1,1299.0,5,1,1,New or promising
C034782,21,1,1299.0,5,1,1,New or promising
C034877,15,1,1299.0,5,1,1,New or promising
C034922,6,1,1299.0,5,1,1,New or promising
C034944,18,1,1299.0,5,1,1,New or promising
C034958,13,1,1299.0,5,1,1,New or promising
C034960,18,1,1299.0,5,1,1,New or promising
C035105,14,1,1299.0,5,1,1,New or promising
C035233,8,1,1299.0,5,1,1,New or promising
C035318,11,1,1299.0,5,1,1,New or promising
C035340,11,1,1299.0,5,1,1,New or promising
C035432,9,1,1299.0,5,1,1,New or promising
C024500,213,1,1308.0,3,1,1,Needs attention
C024087,214,1,1314.0,3,1,1,Needs attention
C012385,492,1,1316.0,2,1,1,Lost
C021108,271,1,1316.0,3,1,1,Needs attention
C026747,172,1,1316.0,4,1,1,New or promising
C001371,842,1,1317.0,1,1,1,Lost
C002417,809,1,1317.0,1,1,1,Lost
C006151,672,1,1317.0,1,1,1,Lost
C007679,592,2,1317.0,1,3,1,At risk
C024535,201,1,1317.0,4,1,1,New or promising
C028809,131,1,1317.0,4,1,1,New or promising
C028868,131,1,1317.0,4,1,1,New or promising
C029483,117,1,1317.0,4,1,1,New or promising
C030191,105,1,1317.0,4,1,1,New or promising
C034119,30,1,1317.0,5,1,1,New or promising
C035389,10,1,1317.0,5,1,1,New or promising
C023277,231,1,1322.0,3,1,1,Needs attention
C025303,199,1,1329.0,4,1,1,New or promising
C009360,578,1,1340.0,2,1,1,Lost
C025037,201,1,1341.0,4,1,1,New or promising
C005747,586,1,1344.0,1,1,1,Lost
C017505,348,1,1347.0,3,1,1,Needs attention
C018368,319,1,1347.0,3,1,1,Needs attention
C021591,260,1,1347.0,3,1,1,Needs attention
C022819,234,1,1347.0,3,1,1,Needs attention
C031126,56,2,1347.0,5,3,1,Loyal
C000895,874,1,1349.0,1,1,1,Lost
C002508,799,1,1349.0,1,1,1,Lost
C002884,779,2,1349.0,1,3,1,At risk
C005605,689,2,1349.0,1,3,1,At risk
C009861,567,1,1349.0,2,1,1,Lost
C010164,562,1,1349.0,2,1,1,Lost
C011260,459,1,1349.0,2,1,1,Lost
C012779,467,1,1349.0,2,1,1,Lost
C013128,469,1,1349.0,2,1,1,Lost
C013602,459,1,1349.0,2,1,1,Lost
C014526,433,1,1349.0,2,1,1,Lost
C017775,315,1,1349.0,3,1,1,Needs attention
C019984,290,1,1349.0,3,1,1,Needs attention
C022045,250,1,1349.0,3,1,1,Needs attention
C027072,165,1,1349.0,4,1,1,New or promising
C030889,92,1,1349.0,4,1,1,New or promising
C031130,86,1,1349.0,4,1,1,New or promising
C034815,14,1,1349.0,5,1,1,New or promising
C035421,9,1,1349.0,5,1,1,New or promising
C035598,4,1,1349.0,5,1,1,New or promising
C010591,540,1,1358.0,2,1,1,Lost
C010863,539,1,1358.0,2,1,1,Lost
C020590,283,1,1358.0,3,1,1,Needs attention
C023973,208,1,1358.0,4,1,1,New or promising
C027815,140,1,1358.0,4,1,1,New or promising
C028274,117,2,1358.0,4,3,1,Loyal
C030753,95,1,1358.0,4,1,1,New or promising
C000253,902,1,1359.0,1,1,1,Lost
C001831,670,1,1359.0,1,1,1,Lost
C003016,786,1,1359.0,1,1,1,Lost
C011777,512,1,1359.0,2,1,1,Lost
C012248,498,1,1359.0,2,1,1,Lost
C013462,462,1,1359.0,2,1,1,Lost
C013560,460,1,1359.0,2,1,1,Lost
C013644,445,1,1359.0,2,1,1,Lost
C013936,449,1,1359.0,2,1,1,Lost
C016367,384,1,1359.0,2,1,1,Lost
C022641,238,1,1359.0,3,1,1,Needs attention
C023119,219,1,1359.0,3,1,1,Needs attention
C024410,206,1,1359.0,4,1,1,New or promising
C025378,199,1,1359.0,4,1,1,New or promising
C028081,145,1,1359.0,4,1,1,New or promising
C028178,110,1,1359.0,4,1,1,New or promising
C030342,103,1,1359.0,4,1,1,New or promising
C030385,102,1,1359.0,4,1,1,New or promising
C034736,22,1,1359.0,5,1,1,New or promising
C034983,10,1,1359.0,5,1,1,New or promising
C008515,596,1,1370.0,1,1,1,Lost
C023055,231,1,1381.0,3,1,1,Needs attention
C019078,320,1,1384.0,3,1,1,Needs attention
C029921,109,1,1394.0,4,1,1,New or promising
C008483,596,1,1396.0,1,1,1,Lost
C003917,746,1,1398.0,1,1,1,Lost
C005341,698,1,1398.0,1,1,1,Lost
C007075,622,2,1398.0,1,3,1,At risk
C008811,594,1,1398.0,1,1,1,Lost
C011871,500,1,1398.0,2,1,1,Lost
C012638,487,1,1398.0,2,1,1,Lost
C014248,330,2,1398.0,3,3,1,Loyal
C014310,438,1,1398.0,2,1,1,Lost
C016660,316,1,1398.0,3,1,1,Needs attention
C019907,300,1,1398.0,3,1,1,Needs attention
C023816,222,1,1398.0,3,1,1,Needs attention
C024986,25,2,1398.0,5,3,1,Loyal
C025472,197,1,1398.0,4,1,1,New or promising
C034438,26,1,1398.0,5,1,1,New or promising
C000146,840,1,1399.0,1,1,1,Lost
C000919,873,1,1399.0,1,1,1,Lost
C002117,820,1,1399.0,1,1,1,Lost
C004655,724,1,1399.0,1,1,1,Lost
C005000,706,1,1399.0,1,1,1,Lost
C005909,682,1,1399.0,1,1,1,Lost
C005949,677,1,1399.0,1,1,1,Lost
C006348,664,1,1399.0,1,1,1,Lost
C006669,655,1,1399.0,1,1,1,Lost
C007059,641,1,1399.0,1,1,1,Lost
C007220,623,1,1399.0,1,1,1,Lost
C008147,606,1,1399.0,1,1,1,Lost
C009365,578,1,1399.0,2,1,1,Lost
C009407,577,1,1399.0,2,1,1,Lost
C010036,558,1,1399.0,2,1,1,Lost
C010503,550,1,1399.0,2,1,1,Lost
C010905,472,2,1399.0,2,3,1,At risk
C011655,515,1,1399.0,2,1,1,Lost
C013621,457,1,1399.0,2,1,1,Lost
C013731,457,1,1399.0,2,1,1,Lost
C014366,437,1,1399.0,2,1,1,Lost
C015478,372,1,1399.0,2,1,1,Lost
C015486,407,1,1399.0,2,1,1,Lost
C016429,382,1,1399.0,2,1,1,Lost
C017737,346,2,1399.0,3,3,1,Loyal
C020063,297,1,1399.0,3,1,1,Needs attention
C020607,278,1,1399.0,3,1,1,Needs attention
C020646,276,1,1399.0,3,1,1,Needs attention
C021096,255,2,1399.0,3,3,1,Loyal
C021553,261,1,1399.0,3,1,1,Needs attention
C023311,228,1,1399.0,3,1,1,Needs attention
C024224,214,1,1399.0,3,1,1,Needs attention
C024518,210,1,1399.0,4,1,1,New or promising
C025444,193,1,1399.0,4,1,1,New or promising
C026838,170,1,1399.0,4,1,1,New or promising
C026895,163,1,1399.0,4,1,1,New or promising
C027214,159,2,1399.0,4,3,1,Loyal
C028230,140,1,1399.0,4,1,1,New or promising
C028275,139,1,1399.0,4,1,1,New or promising
C028276,108,1,1399.0,4,1,1,New or promising
C028662,132,1,1399.0,4,1,1,New or promising
C029349,120,1,1399.0,4,1,1,New or promising
C030900,92,1,1399.0,4,1,1,New or promising
C031460,53,1,1399.0,5,1,1,New or promising
C031855,74,1,1399.0,5,1,1,New or promising
C032072,67,1,1399.0,5,1,1,New or promising
C032349,55,1,1399.0,5,1,1,New or promising
C032411,46,1,1399.0,5,1,1,New or promising
C032417,5,1,1399.0,5,1,1,New or promising
C033779,30,1,1399.0,5,1,1,New or promising
C034578,24,1,1399.0,5,1,1,New or promising
C034981,17,1,1399.0,5,1,1,New or promising
C035218,13,1,1399.0,5,1,1,New or promising
C035397,10,1,1399.0,5,1,1,New or promising
C035482,8,1,1399.0,5,1,1,New or promising
C035833,2,1,1399.0,5,1,1,New or promising
C001948,806,1,1401.0,1,1,1,Lost
C000534,500,2,1402.0,2,3,1,At risk
C007335,632,1,1402.0,1,1,1,Lost
C007474,627,1,1402.0,1,1,1,Lost
C007560,624,1,1402.0,1,1,1,Lost
C009945,550,1,1402.0,2,1,1,Lost
C010766,532,1,1402.0,2,1,1,Lost
C014365,437,1,1402.0,2,1,1,Lost
C015252,414,1,1402.0,2,1,1,Lost
C016833,368,1,1402.0,3,1,1,Needs attention
C017408,356,1,1402.0,3,1,1,Needs attention
C019046,320,1,1402.0,3,1,1,Needs attention
C020970,275,1,1402.0,3,1,1,Needs attention
C021351,260,1,1402.0,3,1,1,Needs attention
C022757,235,1,1402.0,3,1,1,Needs attention
C023841,221,1,1402.0,3,1,1,Needs attention
C023979,218,1,1402.0,3,1,1,Needs attention
C024755,204,1,1402.0,4,1,1,New or promising
C029781,108,1,1402.0,4,1,1,New or promising
C030038,100,1,1402.0,4,1,1,New or promising
C030283,98,1,1402.0,4,1,1,New or promising
C030586,98,1,1402.0,4,1,1,New or promising
C030661,92,1,1402.0,4,1,1,New or promising
C031552,80,1,1402.0,5,1,1,New or promising
C032039,69,1,1402.0,5,1,1,New or promising
C032482,60,1,1402.0,5,1,1,New or promising
C033329,47,1,1402.0,5,1,1,New or promising
C008604,596,1,1405.0,1,1,1,Lost
C023367,230,1,1405.0,3,1,1,Needs attention
C012604,462,2,1416.0,2,3,1,At risk
C024212,214,1,1416.0,3,1,1,Needs attention
C025145,200,1,1423.0,4,1,1,New or promising
C009468,564,1,1430.0,2,1,1,Lost
C029641,113,1,1439.0,4,1,1,New or promising
C021726,200,2,1441.0,4,3,1,Loyal
C002028,797,1,1444.0,1,1,1,Lost
C003566,762,1,1444.0,1,1,1,Lost
C003926,749,1,1444.0,1,1,1,Lost
C006863,648,1,1444.0,1,1,1,Lost
C009138,584,1,1444.0,1,1,1,Lost
C009567,574,1,1444.0,2,1,1,Lost
C010027,559,1,1444.0,2,1,1,Lost
C011048,534,1,1444.0,2,1,1,Lost
C016386,384,1,1444.0,2,1,1,Lost
C016634,324,2,1444.0,3,3,1,Loyal
C018883,320,1,1444.0,3,1,1,Needs attention
C021919,253,1,1444.0,3,1,1,Needs attention
C025536,196,1,1444.0,4,1,1,New or promising
C025994,186,1,1444.0,4,1,1,New or promising
C026219,183,1,1444.0,4,1,1,New or promising
C028915,129,1,1444.0,4,1,1,New or promising
C032497,58,1,1444.0,5,1,1,New or promising
C033544,41,1,1444.0,5,1,1,New or promising
C030095,86,1,1448.0,4,1,1,New or promising
C033469,27,2,1448.0,5,3,1,Loyal
C033701,40,1,1448.0,5,1,1,New or promising
C001288,857,1,1449.0,1,1,1,Lost
C002447,799,1,1449.0,1,1,1,Lost
C003973,748,1,1449.0,1,1,1,Lost
C011772,503,1,1449.0,2,1,1,Lost
C020672,282,1,1449.0,3,1,1,Needs attention
C023692,224,1,1449.0,3,1,1,Needs attention
C027537,156,1,1449.0,4,1,1,New or promising
C030476,7,1,1449.0,5,1,1,New or promising
C032145,69,1,1449.0,5,1,1,New or promising
C034764,21,1,1449.0,5,1,1,New or promising
C035437,9,1,1449.0,5,1,1,New or promising
C022706,214,1,1451.0,3,1,1,Needs attention
C024506,213,1,1454.0,3,1,1,Needs attention
C027155,52,2,1456.0,5,3,1,Loyal
C014633,192,2,1461.0,4,3,1,Loyal
C024121,215,1,1461.0,3,1,1,Needs attention
C024358,214,1,1467.0,3,1,1,Needs attention
C026043,151,2,1471.0,4,3,1,Loyal
C024397,214,1,1478.0,3,1,1,Needs attention
C023079,231,1,1483.0,3,1,1,Needs attention
C028521,45,1,1484.0,5,1,1,New or promising
C002314,809,1,1486.0,1,1,1,Lost
C015006,421,1,1486.0,2,1,1,Lost
C000065,909,1,1487.0,1,1,1,Lost
C010188,559,1,1487.0,2,1,1,Lost
C011710,508,1,1487.0,2,1,1,Lost
C013374,464,1,1487.0,2,1,1,Lost
C015151,417,1,1487.0,2,1,1,Lost
C016003,394,1,1487.0,2,1,1,Lost
C021631,259,1,1487.0,3,1,1,Needs attention
C031942,73,1,1487.0,5,1,1,New or promising
C033456,45,1,1487.0,5,1,1,New or promising
C025190,200,1,1489.0,4,1,1,New or promising
C007785,615,1,1497.0,1,1,1,Lost
C015383,391,2,1497.0,2,3,1,At risk
C031980,60,2,1497.0,5,3,1,Loyal
C033959,36,1,1497.0,5,1,1,New or promising
C007897,559,1,1498.0,2,1,1,Lost
C019949,227,1,1498.0,3,1,1,Needs attention
C020186,257,2,1498.0,3,3,1,Loyal
C028154,144,1,1498.0,4,1,1,New or promising
C031812,63,1,1498.0,5,1,1,New or promising
C034036,35,1,1498.0,5,1,1,New or promising
C034273,29,1,1498.0,5,1,1,New or promising
C000749,810,1,1499.0,1,1,1,Lost
C000762,870,1,1499.0,1,1,1,Lost
C001395,853,1,1499.0,1,1,1,Lost
C001644,842,1,1499.0,1,1,1,Lost
C001820,824,1,1499.0,1,1,1,Lost
C002071,790,1,1499.0,1,1,1,Lost
C002646,798,1,1499.0,1,1,1,Lost
C002945,788,1,1499.0,1,1,1,Lost
C005062,633,1,1499.0,1,1,1,Lost
C009001,588,1,1499.0,1,1,1,Lost
C012299,487,1,1499.0,2,1,1,Lost
C013741,454,1,1499.0,2,1,1,Lost
C013842,452,1,1499.0,2,1,1,Lost
C013955,448,1,1499.0,2,1,1,Lost
C014789,208,1,1499.0,4,1,1,New or promising
C015236,415,1,1499.0,2,1,1,Lost
C015421,400,2,1499.0,2,3,1,At risk
C016197,387,1,1499.0,2,1,1,Lost
C018590,327,1,1499.0,3,1,1,Needs attention
C019846,297,1,1499.0,3,1,1,Needs attention
C023461,223,1,1499.0,3,1,1,Needs attention
C027722,149,1,1499.0,4,1,1,New or promising
C028611,107,1,1499.0,4,1,1,New or promising
C028720,107,1,1499.0,4,1,1,New or promising
C028727,133,1,1499.0,4,1,1,New or promising
C032498,45,1,1499.0,5,1,1,New or promising
C032687,59,1,1499.0,5,1,1,New or promising
C032943,54,1,1499.0,5,1,1,New or promising
C034765,21,1,1499.0,5,1,1,New or promising
C034891,9,1,1499.0,5,1,1,New or promising
C035237,10,1,1499.0,5,1,1,New or promising
C035490,8,1,1499.0,5,1,1,New or promising
C026385,90,2,1503.0,4,3,1,Loyal
C032274,24,2,1503.0,5,3,1,Loyal
C003471,671,2,1511.0,1,3,1,At risk
C022792,214,2,1520.0,3,3,1,Loyal
C008473,597,1,1521.0,1,1,1,Lost
C007867,615,1,1527.0,1,1,1,Lost
C026537,176,1,1527.0,4,1,1,New or promising
C026924,163,1,1527.0,4,1,1,New or promising
C027323,158,1,1527.0,4,1,1,New or promising
C002235,816,1,1528.0,1,1,1,Lost
C004758,720,1,1528.0,1,1,1,Lost
C007962,608,1,1528.0,1,1,1,Lost
C011057,520,1,1528.0,2,1,1,Lost
C011990,502,1,1528.0,2,1,1,Lost
C013198,464,1,1528.0,2,1,1,Lost
C013386,460,1,1528.0,2,1,1,Lost
C015784,397,1,1528.0,2,1,1,Lost
C020741,280,1,1528.0,3,1,1,Needs attention
C021842,242,1,1528.0,3,1,1,Needs attention
C028165,144,1,1528.0,4,1,1,New or promising
C032600,58,1,1528.0,5,1,1,New or promising
C033621,36,1,1528.0,5,1,1,New or promising
C001131,864,1,1529.0,1,1,1,Lost
C003237,777,1,1529.0,1,1,1,Lost
C004061,746,1,1529.0,1,1,1,Lost
C005100,704,1,1529.0,1,1,1,Lost
C013307,465,1,1529.0,2,1,1,Lost
C021495,262,1,1529.0,3,1,1,Needs attention
C028041,0,1,1529.0,5,1,1,New or promising
C029759,110,1,1529.0,4,1,1,New or promising
C029852,104,1,1529.0,4,1,1,New or promising
C030002,103,1,1529.0,4,1,1,New or promising
C030325,103,1,1529.0,4,1,1,New or promising
C032015,50,1,1529.0,5,1,1,New or promising
C033831,38,1,1529.0,5,1,1,New or promising
C035332,11,1,1529.0,5,1,1,New or promising
C035540,3,1,1529.0,5,1,1,New or promising
C022475,232,1,1530.0,3,1,1,Needs attention
C008605,596,1,1531.0,1,1,1,Lost
C018428,287,2,1536.0,3,3,1,Loyal
C009678,565,2,1541.0,2,3,1,At risk
C024126,215,1,1547.0,3,1,1,Needs attention
C008496,590,1,1548.0,1,1,1,Lost
C010043,560,1,1548.0,2,1,1,Lost
C014328,438,1,1548.0,2,1,1,Lost
C027959,142,2,1548.0,4,3,1,Loyal
C028448,17,2,1548.0,5,3,1,Loyal
C034626,23,1,1548.0,5,1,1,New or promising
C004666,719,1,1549.0,1,1,1,Lost
C005872,680,1,1549.0,1,1,1,Lost
C006030,669,1,1549.0,1,1,1,Lost
C006271,442,1,1549.0,2,1,1,Lost
C007341,628,1,1549.0,1,1,1,Lost
C010228,559,1,1549.0,2,1,1,Lost
C012149,501,1,1549.0,2,1,1,Lost
C014610,431,1,1549.0,2,1,1,Lost
C016476,277,2,1549.0,3,3,1,Loyal
C017155,359,1,1549.0,3,1,1,Needs attention
C017935,344,1,1549.0,3,1,1,Needs attention
C018728,207,1,1549.0,4,1,1,New or promising
C019776,304,1,1549.0,3,1,1,Needs attention
C020218,265,1,1549.0,3,1,1,Needs attention
C021032,273,1,1549.0,3,1,1,Needs attention
C021185,93,2,1549.0,4,3,1,Loyal
C021320,266,1,1549.0,3,1,1,Needs attention
C023662,218,1,1549.0,3,1,1,Needs attention
C026954,35,2,1549.0,5,3,1,Loyal
C027808,75,2,1549.0,5,3,1,Loyal
C031850,74,1,1549.0,5,1,1,New or promising
C032391,64,1,1549.0,5,1,1,New or promising
C034219,19,1,1549.0,5,1,1,New or promising
C034408,27,1,1549.0,5,1,1,New or promising
C035007,17,1,1549.0,5,1,1,New or promising
C008445,597,1,1554.0,1,1,1,Lost
C024370,214,1,1560.0,3,1,1,Needs attention
C022263,190,2,1563.0,4,3,1,Loyal
C022934,232,1,1563.0,3,1,1,Needs attention
C001771,801,3,1568.0,1,4,1,At risk
C005854,684,1,1568.0,1,1,1,Lost
C007563,596,1,1569.0,1,1,1,Lost
C001247,859,1,1570.0,1,1,1,Lost
C001721,814,1,1571.0,1,1,1,Lost
C021900,254,1,1571.0,3,1,1,Needs attention
C027545,150,1,1571.0,4,1,1,New or promising
C007621,596,1,1572.0,1,1,1,Lost
C008770,570,1,1572.0,2,1,1,Lost
C009433,578,1,1572.0,2,1,1,Lost
C010127,558,1,1572.0,2,1,1,Lost
C012451,490,1,1572.0,2,1,1,Lost
C013594,459,1,1572.0,2,1,1,Lost
C015092,413,1,1572.0,2,1,1,Lost
C017588,352,1,1572.0,3,1,1,Needs attention
C022019,241,1,1572.0,3,1,1,Needs attention
C025262,198,1,1572.0,4,1,1,New or promising
C025743,191,1,1572.0,4,1,1,New or promising
C033440,39,1,1572.0,5,1,1,New or promising
C034200,31,1,1572.0,5,1,1,New or promising
C023641,213,2,1576.0,3,3,1,Loyal
C027968,102,2,1576.0,4,3,1,Loyal
C009370,578,1,1597.0,2,1,1,Lost
C028474,138,1,1597.0,4,1,1,New or promising
C002586,802,1,1598.0,1,1,1,Lost
C005758,680,1,1598.0,1,1,1,Lost
C006024,591,2,1598.0,1,3,1,At risk
C010544,548,1,1598.0,2,1,1,Lost
C012851,360,2,1598.0,3,3,1,Loyal
C014618,431,1,1598.0,2,1,1,Lost
C015259,414,1,1598.0,2,1,1,Lost
C017982,343,1,1598.0,3,1,1,Needs attention
C024646,210,1,1598.0,4,1,1,New or promising
C025914,188,1,1598.0,4,1,1,New or promising
C027566,152,1,1598.0,4,1,1,New or promising
C032183,54,2,1598.0,5,3,1,Loyal
C033385,46,1,1598.0,5,1,1,New or promising
C000088,908,1,1599.0,1,1,1,Lost
C000507,891,1,1599.0,1,1,1,Lost
C002822,693,1,1599.0,1,1,1,Lost
C003306,750,1,1599.0,1,1,1,Lost
C004149,742,1,1599.0,1,1,1,Lost
C004804,718,1,1599.0,1,1,1,Lost
C005818,685,1,1599.0,1,1,1,Lost
C006391,653,1,1599.0,1,1,1,Lost
C006850,625,2,1599.0,1,3,1,At risk
C007562,624,1,1599.0,1,1,1,Lost
C008409,598,1,1599.0,1,1,1,Lost
C009013,588,1,1599.0,1,1,1,Lost
C009565,574,1,1599.0,2,1,1,Lost
C010112,563,1,1599.0,2,1,1,Lost
C011555,518,1,1599.0,2,1,1,Lost
C012819,462,1,1599.0,2,1,1,Lost
C013133,471,1,1599.0,2,1,1,Lost
C014919,309,1,1599.0,3,1,1,Needs attention
C015897,397,1,1599.0,2,1,1,Lost
C016311,385,1,1599.0,2,1,1,Lost
C016741,374,1,1599.0,2,1,1,Lost
C019197,317,1,1599.0,3,1,1,Needs attention
C019923,299,1,1599.0,3,1,1,Needs attention
C020554,232,2,1599.0,3,3,1,Loyal
C021936,253,1,1599.0,3,1,1,Needs attention
C022442,232,1,1599.0,3,1,1,Needs attention
C023538,216,2,1599.0,3,3,1,Loyal
C023789,222,1,1599.0,3,1,1,Needs attention
C025458,197,1,1599.0,4,1,1,New or promising
C027130,164,1,1599.0,4,1,1,New or promising
C028251,142,1,1599.0,4,1,1,New or promising
C029207,121,1,1599.0,4,1,1,New or promising
C031628,78,1,1599.0,5,1,1,New or promising
C032267,67,1,1599.0,5,1,1,New or promising
C032654,59,1,1599.0,5,1,1,New or promising
C032746,58,1,1599.0,5,1,1,New or promising
C034313,29,1,1599.0,5,1,1,New or promising
C034740,22,1,1599.0,5,1,1,New or promising
C035369,10,1,1599.0,5,1,1,New or promising
C035660,4,1,1599.0,5,1,1,New or promising
C010077,564,1,1601.0,2,1,1,Lost
C020976,201,2,1603.0,4,3,1,Loyal
C023258,231,1,1604.0,3,1,1,Needs attention
C022997,232,1,1608.0,3,1,1,Needs attention
C005706,685,1,1610.0,1,1,1,Lost
C001130,863,2,1613.0,1,3,1,At risk
C002087,820,1,1614.0,1,1,1,Lost
C008451,592,1,1614.0,1,1,1,Lost
C009255,545,1,1614.0,2,1,1,Lost
C012799,482,1,1614.0,2,1,1,Lost
C017166,358,1,1614.0,3,1,1,Needs attention
C021406,264,1,1614.0,3,1,1,Needs attention
C022164,229,1,1614.0,3,1,1,Needs attention
C023220,228,1,1614.0,3,1,1,Needs attention
C023495,229,1,1614.0,3,1,1,Needs attention
C027290,158,1,1614.0,4,1,1,New or promising
C027356,30,1,1614.0,5,1,1,New or promising
C029738,111,1,1614.0,4,1,1,New or promising
C029765,108,1,1614.0,4,1,1,New or promising
C012948,477,1,1618.0,2,1,1,Lost
C013106,472,1,1618.0,2,1,1,Lost
C010064,564,1,1620.0,2,1,1,Lost
C009876,565,1,1628.0,2,1,1,Lost
C030785,56,2,1628.0,5,3,1,Loyal
C024285,214,1,1634.0,3,1,1,Needs attention
C008506,596,1,1641.0,1,1,1,Lost
C028244,138,1,1647.0,4,1,1,New or promising
C032666,58,2,1647.0,5,3,1,Loyal
C009251,580,1,1648.0,1,1,1,Lost
C016538,244,1,1648.0,3,1,1,Needs attention
C027279,161,1,1648.0,4,1,1,New or promising
C033336,36,2,1648.0,5,3,1,Loyal
C000502,891,1,1649.0,1,1,1,Lost
C001422,852,1,1649.0,1,1,1,Lost
C002179,818,1,1649.0,1,1,1,Lost
C004358,734,1,1649.0,1,1,1,Lost
C005087,706,1,1649.0,1,1,1,Lost
C006719,587,2,1649.0,1,3,1,At risk
C006941,644,1,1649.0,1,1,1,Lost
C007008,628,1,1649.0,1,1,1,Lost
C007168,638,1,1649.0,1,1,1,Lost
C007967,597,2,1649.0,1,3,1,At risk
C008253,603,1,1649.0,1,1,1,Lost
C008618,593,1,1649.0,1,1,1,Lost
C011405,522,1,1649.0,2,1,1,Lost
C011499,510,1,1649.0,2,1,1,Lost
C011626,517,1,1649.0,2,1,1,Lost
C011694,514,1,1649.0,2,1,1,Lost
C012179,464,1,1649.0,2,1,1,Lost
C014074,445,1,1649.0,2,1,1,Lost
C014457,435,1,1649.0,2,1,1,Lost
C015060,419,1,1649.0,2,1,1,Lost
C015102,418,1,1649.0,2,1,1,Lost
C016147,345,2,1649.0,3,3,1,Loyal
C016157,390,1,1649.0,2,1,1,Lost
C017612,351,1,1649.0,3,1,1,Needs attention
C018047,341,1,1649.0,3,1,1,Needs attention
C019600,308,1,1649.0,3,1,1,Needs attention
C020513,285,1,1649.0,3,1,1,Needs attention
C022491,231,1,1649.0,3,1,1,Needs attention
C022565,240,1,1649.0,3,1,1,Needs attention
C024046,217,1,1649.0,3,1,1,Needs attention
C024295,211,1,1649.0,4,1,1,New or promising
C024450,213,1,1649.0,3,1,1,Needs attention
C025021,202,1,1649.0,4,1,1,New or promising
C025443,188,1,1649.0,4,1,1,New or promising
C025505,188,1,1649.0,4,1,1,New or promising
C028969,125,1,1649.0,4,1,1,New or promising
C029442,105,1,1649.0,4,1,1,New or promising
C030209,104,1,1649.0,4,1,1,New or promising
C030260,102,1,1649.0,4,1,1,New or promising
C030457,95,1,1649.0,4,1,1,New or promising
C031243,85,1,1649.0,5,1,1,New or promising
C031407,82,1,1649.0,5,1,1,New or promising
C031694,70,1,1649.0,5,1,1,New or promising
C031975,72,1,1649.0,5,1,1,New or promising
C032698,52,1,1649.0,5,1,1,New or promising
C034018,35,1,1649.0,5,1,1,New or promising
C034752,21,1,1649.0,5,1,1,New or promising
C035373,10,1,1649.0,5,1,1,New or promising
C001190,859,1,1656.0,1,1,1,Lost
C003698,687,1,1656.0,1,1,1,Lost
C007662,620,1,1656.0,1,1,1,Lost
C010538,541,1,1656.0,2,1,1,Lost
C015984,394,1,1656.0,2,1,1,Lost
C017269,358,1,1656.0,3,1,1,Needs attention
C020511,285,1,1656.0,3,1,1,Needs attention
C024165,215,1,1656.0,3,1,1,Needs attention
C024213,214,1,1656.0,3,1,1,Needs attention
C028882,130,1,1656.0,4,1,1,New or promising
C029582,114,1,1656.0,4,1,1,New or promising
C034938,18,1,1656.0,5,1,1,New or promising
C035111,7,1,1656.0,5,1,1,New or promising
C000825,876,1,1657.0,1,1,1,Lost
C001446,851,1,1657.0,1,1,1,Lost
C002197,817,1,1657.0,1,1,1,Lost
C003446,768,1,1657.0,1,1,1,Lost
C005654,581,1,1657.0,1,1,1,Lost
C005736,676,1,1657.0,1,1,1,Lost
C005911,679,1,1657.0,1,1,1,Lost
C008874,592,1,1657.0,1,1,1,Lost
C009274,579,1,1657.0,1,1,1,Lost
C010040,549,1,1657.0,2,1,1,Lost
C011432,521,1,1657.0,2,1,1,Lost
C014076,445,1,1657.0,2,1,1,Lost
C014149,442,1,1657.0,2,1,1,Lost
C016257,387,1,1657.0,2,1,1,Lost
C017066,365,1,1657.0,3,1,1,Needs attention
C018764,325,1,1657.0,3,1,1,Needs attention
C019177,318,1,1657.0,3,1,1,Needs attention
C019657,306,1,1657.0,3,1,1,Needs attention
C019896,300,1,1657.0,3,1,1,Needs attention
C020525,285,1,1657.0,3,1,1,Needs attention
C021787,241,1,1657.0,3,1,1,Needs attention
C025621,94,2,1657.0,4,3,1,Loyal
C028553,132,1,1657.0,4,1,1,New or promising
C028570,136,1,1657.0,4,1,1,New or promising
C031801,75,1,1657.0,5,1,1,New or promising
C032257,65,1,1657.0,5,1,1,New or promising
C033400,44,1,1657.0,5,1,1,New or promising
C034451,2,1,1657.0,5,1,1,New or promising
C034647,23,1,1657.0,5,1,1,New or promising
C024412,214,1,1667.0,3,1,1,Needs attention
C005792,685,1,1674.0,1,1,1,Lost
C005726,686,1,1677.0,1,1,1,Lost
C019014,320,1,1681.0,3,1,1,Needs attention
C023061,231,1,1690.0,3,1,1,Needs attention
C023349,214,2,1690.0,3,3,1,Loyal
C000118,907,1,1698.0,1,1,1,Lost
C013001,381,2,1698.0,2,3,1,At risk
C018429,333,1,1698.0,3,1,1,Needs attention
C028702,102,2,1698.0,4,3,1,Loyal
C030422,102,1,1698.0,4,1,1,New or promising
C032420,60,1,1698.0,5,1,1,New or promising
C034756,21,1,1698.0,5,1,1,New or promising
C000914,873,1,1699.0,1,1,1,Lost
C001013,869,1,1699.0,1,1,1,Lost
C001887,830,1,1699.0,1,1,1,Lost
C002374,812,1,1699.0,1,1,1,Lost
C002414,809,1,1699.0,1,1,1,Lost
C003977,748,1,1699.0,1,1,1,Lost
C004571,501,2,1699.0,2,3,1,At risk
C005404,696,1,1699.0,1,1,1,Lost
C005414,679,1,1699.0,1,1,1,Lost
C006222,640,2,1699.0,1,3,1,At risk
C006377,659,1,1699.0,1,1,1,Lost
C006896,646,1,1699.0,1,1,1,Lost
C007173,637,1,1699.0,1,1,1,Lost
C007584,623,1,1699.0,1,1,1,Lost
C007991,611,1,1699.0,1,1,1,Lost
C008003,611,1,1699.0,1,1,1,Lost
C008373,599,1,1699.0,1,1,1,Lost
C009144,584,1,1699.0,1,1,1,Lost
C009205,576,1,1699.0,2,1,1,Lost
C009476,532,1,1699.0,2,1,1,Lost
C009544,572,1,1699.0,2,1,1,Lost
C010216,560,1,1699.0,2,1,1,Lost
C010439,541,1,1699.0,2,1,1,Lost
C011186,526,1,1699.0,2,1,1,Lost
C011347,524,1,1699.0,2,1,1,Lost
C011699,363,1,1699.0,3,1,1,Needs attention
C012306,496,1,1699.0,2,1,1,Lost
C013565,460,1,1699.0,2,1,1,Lost
C013873,451,1,1699.0,2,1,1,Lost
C014044,446,1,1699.0,2,1,1,Lost
C014214,435,1,1699.0,2,1,1,Lost
C015461,409,1,1699.0,2,1,1,Lost
C015852,383,2,1699.0,2,3,1,At risk
C016061,391,1,1699.0,2,1,1,Lost
C016721,373,1,1699.0,2,1,1,Lost
C017537,339,1,1699.0,3,1,1,Needs attention
C017626,351,1,1699.0,3,1,1,Needs attention
C018770,325,1,1699.0,3,1,1,Needs attention
C018875,314,1,1699.0,3,1,1,Needs attention
C019948,299,1,1699.0,3,1,1,Needs attention
C020088,296,1,1699.0,3,1,1,Needs attention
C021316,265,1,1699.0,3,1,1,Needs attention
C022051,250,1,1699.0,3,1,1,Needs attention
C022116,231,1,1699.0,3,1,1,Needs attention
C022267,237,1,1699.0,3,1,1,Needs attention
C022365,244,1,1699.0,3,1,1,Needs attention
C022419,243,1,1699.0,3,1,1,Needs attention
C023380,228,1,1699.0,3,1,1,Needs attention
C023706,224,1,1699.0,3,1,1,Needs attention
C023803,208,1,1699.0,4,1,1,New or promising
C024029,212,1,1699.0,3,1,1,Needs attention
C024076,180,1,1699.0,4,1,1,New or promising
C024297,214,1,1699.0,3,1,1,Needs attention
C024726,192,1,1699.0,4,1,1,New or promising
C024999,194,1,1699.0,4,1,1,New or promising
C025017,194,1,1699.0,4,1,1,New or promising
C025586,194,1,1699.0,4,1,1,New or promising
C025816,190,1,1699.0,4,1,1,New or promising
C025955,188,1,1699.0,4,1,1,New or promising
C026974,158,1,1699.0,4,1,1,New or promising
C027791,107,1,1699.0,4,1,1,New or promising
C027862,149,1,1699.0,4,1,1,New or promising
C028336,140,1,1699.0,4,1,1,New or promising
C028470,0,1,1699.0,5,1,1,New or promising
C029532,108,1,1699.0,4,1,1,New or promising
C030274,103,1,1699.0,4,1,1,New or promising
C031113,88,1,1699.0,4,1,1,New or promising
C031131,87,1,1699.0,4,1,1,New or promising
C031179,86,1,1699.0,4,1,1,New or promising
C031693,77,1,1699.0,5,1,1,New or promising
C031774,76,1,1699.0,5,1,1,New or promising
C031805,75,1,1699.0,5,1,1,New or promising
C031857,13,1,1699.0,5,1,1,New or promising
C031890,73,1,1699.0,5,1,1,New or promising
C031913,67,1,1699.0,5,1,1,New or promising
C031918,62,1,1699.0,5,1,1,New or promising
C031996,71,1,1699.0,5,1,1,New or promising
C032077,62,1,1699.0,5,1,1,New or promising
C032309,66,1,1699.0,5,1,1,New or promising
C032449,63,1,1699.0,5,1,1,New or promising
C032685,59,1,1699.0,5,1,1,New or promising
C032820,7,1,1699.0,5,1,1,New or promising
C032868,52,1,1699.0,5,1,1,New or promising
C032920,55,1,1699.0,5,1,1,New or promising
C033722,2,1,1699.0,5,1,1,New or promising
C033823,38,1,1699.0,5,1,1,New or promising
C033920,37,1,1699.0,5,1,1,New or promising
C034135,18,2,1699.0,5,3,1,Loyal
C034140,32,1,1699.0,5,1,1,New or promising
C034279,4,1,1699.0,5,1,1,New or promising
C034564,24,1,1699.0,5,1,1,New or promising
C035190,6,1,1699.0,5,1,1,New or promising
C035865,2,1,1699.0,5,1,1,New or promising
C009400,578,1,1706.0,2,1,1,Lost
C029570,107,2,1708.0,4,3,1,Loyal
C013562,460,1,1709.0,2,1,1,Lost
C023158,231,1,1712.0,3,1,1,Needs attention
C009279,579,1,1714.0,1,1,1,Lost
C023355,230,1,1720.0,3,1,1,Needs attention
C019018,320,1,1723.0,3,1,1,Needs attention
C027422,113,2,1729.0,4,3,1,Loyal
C029171,116,2,1731.0,4,3,1,Loyal
C019091,319,1,1732.0,3,1,1,Needs attention
C025332,200,1,1732.0,4,1,1,New or promising
C010438,552,1,1741.0,2,1,1,Lost
C019970,299,1,1741.0,3,1,1,Needs attention
C004187,678,2,1743.0,1,3,1,At risk
C008536,565,2,1743.0,2,3,1,At risk
C003732,734,3,1747.0,1,4,1,At risk
C004237,674,2,1747.0,1,3,1,At risk
C022653,214,1,1747.0,3,1,1,Needs attention
C004416,598,2,1748.0,1,3,1,At risk
C004617,695,2,1748.0,1,3,1,At risk
C005464,665,2,1748.0,1,3,1,At risk
C008562,592,1,1748.0,1,1,1,Lost
C009658,573,1,1748.0,2,1,1,Lost
C012581,466,2,1748.0,2,3,1,At risk
C014509,430,2,1748.0,2,3,1,At risk
C017355,355,1,1748.0,3,1,1,Needs attention
C018567,303,2,1748.0,3,3,1,Loyal
C025957,159,2,1748.0,4,3,1,Loyal
C027995,146,1,1748.0,4,1,1,New or promising
C034315,11,2,1748.0,5,3,1,Loyal
C000558,876,1,1749.0,1,1,1,Lost
C001104,865,1,1749.0,1,1,1,Lost
C001643,842,1,1749.0,1,1,1,Lost
C002400,804,1,1749.0,1,1,1,Lost
C004725,721,1,1749.0,1,1,1,Lost
C008636,596,1,1749.0,1,1,1,Lost
C013459,462,1,1749.0,2,1,1,Lost
C013538,456,1,1749.0,2,1,1,Lost
C014156,443,1,1749.0,2,1,1,Lost
C014394,437,1,1749.0,2,1,1,Lost
C015696,384,1,1749.0,2,1,1,Lost
C017330,358,1,1749.0,3,1,1,Needs attention
C018363,183,2,1749.0,4,3,1,Loyal
C018793,324,1,1749.0,3,1,1,Needs attention
C018901,322,1,1749.0,3,1,1,Needs attention
C019730,305,1,1749.0,3,1,1,Needs attention
C024488,209,1,1749.0,4,1,1,New or promising
C026173,184,1,1749.0,4,1,1,New or promising
C030234,104,1,1749.0,4,1,1,New or promising
C033362,46,1,1749.0,5,1,1,New or promising
C033397,42,1,1749.0,5,1,1,New or promising
C034183,1,1,1749.0,5,1,1,New or promising
C035306,11,1,1749.0,5,1,1,New or promising
C035505,8,1,1749.0,5,1,1,New or promising
C029084,125,1,1752.0,4,1,1,New or promising
C028767,119,1,1753.0,4,1,1,New or promising
C029686,111,1,1754.0,4,1,1,New or promising
C009899,566,1,1756.0,2,1,1,Lost
C015387,87,2,1761.0,4,3,1,Loyal
C009872,310,3,1765.0,3,4,1,Loyal
C018441,320,1,1765.0,3,1,1,Needs attention
C006230,671,1,1782.0,1,1,1,Lost
C004513,712,1,1783.0,1,1,1,Lost
C022334,245,1,1783.0,3,1,1,Needs attention
C023685,225,1,1783.0,3,1,1,Needs attention
C031672,9,1,1783.0,5,1,1,New or promising
C035676,5,1,1783.0,5,1,1,New or promising
C000488,891,1,1784.0,1,1,1,Lost
C000619,886,1,1784.0,1,1,1,Lost
C004037,746,1,1784.0,1,1,1,Lost
C012542,456,1,1784.0,2,1,1,Lost
C014141,444,1,1784.0,2,1,1,Lost
C015304,413,1,1784.0,2,1,1,Lost
C017265,360,1,1784.0,3,1,1,Needs attention
C017356,358,1,1784.0,3,1,1,Needs attention
C018461,332,1,1784.0,3,1,1,Needs attention
C019213,317,1,1784.0,3,1,1,Needs attention
C019569,308,1,1784.0,3,1,1,Needs attention
C019611,307,1,1784.0,3,1,1,Needs attention
C019709,294,1,1784.0,3,1,1,Needs attention
C020147,295,1,1784.0,3,1,1,Needs attention
C020757,276,1,1784.0,3,1,1,Needs attention
C021644,259,1,1784.0,3,1,1,Needs attention
C022660,234,1,1784.0,3,1,1,Needs attention
C023885,220,1,1784.0,3,1,1,Needs attention
C025027,202,1,1784.0,4,1,1,New or promising
C026067,140,2,1784.0,4,3,1,Loyal
C026236,182,1,1784.0,4,1,1,New or promising
C026418,178,1,1784.0,4,1,1,New or promising
C027751,151,1,1784.0,4,1,1,New or promising
C028048,143,1,1784.0,4,1,1,New or promising
C028844,129,1,1784.0,4,1,1,New or promising
C030687,93,1,1784.0,4,1,1,New or promising
C031654,78,1,1784.0,5,1,1,New or promising
C031816,71,1,1784.0,5,1,1,New or promising
C033075,42,1,1784.0,5,1,1,New or promising
C033251,43,1,1784.0,5,1,1,New or promising
C033315,47,1,1784.0,5,1,1,New or promising
C033357,35,1,1784.0,5,1,1,New or promising
C034463,26,1,1784.0,5,1,1,New or promising
C035145,14,1,1784.0,5,1,1,New or promising
C008407,595,1,1786.0,1,1,1,Lost
C013593,458,2,1788.0,2,3,1,At risk
C022009,214,1,1791.0,3,1,1,Needs attention
C021016,273,1,1796.0,3,1,1,Needs attention
C001049,867,1,1797.0,1,1,1,Lost
C008485,579,1,1797.0,1,1,1,Lost
C024446,87,1,1797.0,4,1,1,New or promising
C027688,106,2,1797.0,4,3,1,Loyal
C000714,847,2,1798.0,1,3,1,At risk
C001195,861,1,1798.0,1,1,1,Lost
C005920,682,1,1798.0,1,1,1,Lost
C010589,490,2,1798.0,2,3,1,At risk
C011659,501,1,1798.0,2,1,1,Lost
C012230,478,2,1798.0,2,3,1,At risk
C015209,411,1,1798.0,2,1,1,Lost
C019110,317,1,1798.0,3,1,1,Needs attention
C019664,306,1,1798.0,3,1,1,Needs attention
C024970,203,1,1798.0,4,1,1,New or promising
C025084,195,1,1798.0,4,1,1,New or promising
C025752,192,1,1798.0,4,1,1,New or promising
C025974,112,2,1798.0,4,3,1,Loyal
C027782,133,1,1798.0,4,1,1,New or promising
C031167,31,2,1798.0,5,3,1,Loyal
C031244,49,2,1798.0,5,3,1,Loyal
C033799,38,1,1798.0,5,1,1,New or promising
C034322,29,1,1798.0,5,1,1,New or promising
C034358,28,1,1798.0,5,1,1,New or promising
C001076,793,1,1799.0,1,1,1,Lost
C001760,824,1,1799.0,1,1,1,Lost
C002174,818,1,1799.0,1,1,1,Lost
C007580,575,2,1799.0,2,3,1,At risk
C008126,607,1,1799.0,1,1,1,Lost
C008229,603,1,1799.0,1,1,1,Lost
C010767,532,1,1799.0,2,1,1,Lost
C016271,387,1,1799.0,2,1,1,Lost
C018298,325,1,1799.0,3,1,1,Needs attention
C022392,212,1,1799.0,3,1,1,Needs attention
C022511,241,1,1799.0,3,1,1,Needs attention
C024303,209,1,1799.0,4,1,1,New or promising
C026278,181,1,1799.0,4,1,1,New or promising
C027257,162,1,1799.0,4,1,1,New or promising
C028999,101,1,1799.0,4,1,1,New or promising
C029440,106,1,1799.0,4,1,1,New or promising
C029518,116,1,1799.0,4,1,1,New or promising
C033672,41,1,1799.0,5,1,1,New or promising
C035327,1,1,1799.0,5,1,1,New or promising
C035379,10,1,1799.0,5,1,1,New or promising
C035447,5,1,1799.0,5,1,1,New or promising
C018812,321,1,1807.0,3,1,1,Needs attention
C007587,596,1,1810.0,1,1,1,Lost
C005296,498,2,1826.0,2,3,1,At risk
C023848,220,1,1826.0,3,1,1,Needs attention
C027883,148,1,1826.0,4,1,1,New or promising
C003442,762,2,1831.0,1,3,1,At risk
C009395,565,1,1833.0,2,1,1,Lost
C005666,686,1,1834.0,1,1,1,Lost
C009507,566,2,1836.0,2,3,1,At risk
C025233,199,1,1836.0,4,1,1,New or promising
C024507,200,1,1839.0,4,1,1,New or promising
C025316,162,2,1840.0,4,3,1,Loyal
C023040,231,1,1846.0,3,1,1,Needs attention
C017251,339,1,1847.0,3,1,1,Needs attention
C010841,531,2,1848.0,2,3,1,At risk
C014082,403,1,1848.0,2,1,1,Lost
C016564,377,2,1848.0,2,3,1,At risk
C018200,308,2,1848.0,3,3,1,Loyal
C024676,186,1,1848.0,4,1,1,New or promising
C029147,109,2,1848.0,4,3,1,Loyal
C005493,691,1,1849.0,1,1,1,Lost
C008054,609,1,1849.0,1,1,1,Lost
C012667,486,1,1849.0,2,1,1,Lost
C014054,421,2,1849.0,2,3,1,At risk
C014723,428,1,1849.0,2,1,1,Lost
C015902,397,1,1849.0,2,1,1,Lost
C024713,208,1,1849.0,4,1,1,New or promising
C025625,190,1,1849.0,4,1,1,New or promising
C025688,193,1,1849.0,4,1,1,New or promising
C028029,18,1,1849.0,5,1,1,New or promising
C030278,104,1,1849.0,4,1,1,New or promising
C032116,17,1,1849.0,5,1,1,New or promising
C032371,65,1,1849.0,5,1,1,New or promising
C033646,0,1,1849.0,5,1,1,New or promising
C034537,25,1,1849.0,5,1,1,New or promising
C029371,74,2,1853.0,5,3,1,Loyal
C014049,171,2,1856.0,4,3,1,Loyal
C030648,26,2,1856.0,5,3,1,Loyal
C021780,247,2,1863.0,3,3,1,Loyal
C018068,341,1,1867.0,3,1,1,Needs attention
C014845,425,1,1868.0,2,1,1,Lost
C022131,245,1,1868.0,3,1,1,Needs attention
C000220,901,1,1869.0,1,1,1,Lost
C000854,872,1,1869.0,1,1,1,Lost
C000960,871,1,1869.0,1,1,1,Lost
C000971,818,1,1869.0,1,1,1,Lost
C001044,866,1,1869.0,1,1,1,Lost
C001265,858,1,1869.0,1,1,1,Lost
C001431,851,1,1869.0,1,1,1,Lost
C001495,842,1,1869.0,1,1,1,Lost
C002576,803,1,1869.0,1,1,1,Lost
C002826,793,1,1869.0,1,1,1,Lost
C002852,792,1,1869.0,1,1,1,Lost
C003950,623,1,1869.0,1,1,1,Lost
C005921,681,1,1869.0,1,1,1,Lost
C006606,651,1,1869.0,1,1,1,Lost
C006646,656,1,1869.0,1,1,1,Lost
C006654,656,1,1869.0,1,1,1,Lost
C006956,629,1,1869.0,1,1,1,Lost
C007422,531,2,1869.0,2,3,1,At risk
C008022,610,1,1869.0,1,1,1,Lost
C009193,249,1,1869.0,3,1,1,Needs attention
C009765,570,1,1869.0,2,1,1,Lost
C010913,527,1,1869.0,2,1,1,Lost
C012331,495,1,1869.0,2,1,1,Lost
C013109,472,1,1869.0,2,1,1,Lost
C014569,432,1,1869.0,2,1,1,Lost
C014974,422,1,1869.0,2,1,1,Lost
C015119,408,1,1869.0,2,1,1,Lost
C015125,274,1,1869.0,3,1,1,Needs attention
C015161,414,1,1869.0,2,1,1,Lost
C015199,416,1,1869.0,2,1,1,Lost
C015496,408,1,1869.0,2,1,1,Lost
C016468,378,1,1869.0,2,1,1,Lost
C017135,362,1,1869.0,3,1,1,Needs attention
C017222,354,1,1869.0,3,1,1,Needs attention
C017904,345,1,1869.0,3,1,1,Needs attention
C018085,340,1,1869.0,3,1,1,Needs attention
C018269,337,1,1869.0,3,1,1,Needs attention
C018693,324,1,1869.0,3,1,1,Needs attention
C020269,291,1,1869.0,3,1,1,Needs attention
C020336,290,1,1869.0,3,1,1,Needs attention
C021122,271,1,1869.0,3,1,1,Needs attention
C021665,248,1,1869.0,3,1,1,Needs attention
C021914,250,1,1869.0,3,1,1,Needs attention
C022010,181,2,1869.0,4,3,1,Loyal
C022891,224,1,1869.0,3,1,1,Needs attention
C022953,228,1,1869.0,3,1,1,Needs attention
C023650,226,1,1869.0,3,1,1,Needs attention
C024969,203,1,1869.0,4,1,1,New or promising
C024975,193,1,1869.0,4,1,1,New or promising
C027575,147,1,1869.0,4,1,1,New or promising
C029116,125,1,1869.0,4,1,1,New or promising
C029815,104,1,1869.0,4,1,1,New or promising
C030013,107,1,1869.0,4,1,1,New or promising
C030935,91,1,1869.0,4,1,1,New or promising
C031140,59,1,1869.0,5,1,1,New or promising
C031178,84,1,1869.0,5,1,1,New or promising
C031948,73,1,1869.0,5,1,1,New or promising
C032474,56,1,1869.0,5,1,1,New or promising
C032487,16,1,1869.0,5,1,1,New or promising
C033522,43,1,1869.0,5,1,1,New or promising
C034178,31,1,1869.0,5,1,1,New or promising
C034452,26,1,1869.0,5,1,1,New or promising
C034697,22,1,1869.0,5,1,1,New or promising
C034710,20,1,1869.0,5,1,1,New or promising
C035422,4,1,1869.0,5,1,1,New or promising
C035804,3,1,1869.0,5,1,1,New or promising
C035872,2,1,1869.0,5,1,1,New or promising
C008634,534,1,1876.0,2,1,1,Lost
C022408,214,1,1884.0,3,1,1,Needs attention
C001911,829,1,1889.0,1,1,1,Lost
C012735,484,1,1889.0,2,1,1,Lost
C013244,467,1,1889.0,2,1,1,Lost
C013643,458,1,1889.0,2,1,1,Lost
C028924,129,1,1889.0,4,1,1,New or promising
C028990,124,1,1889.0,4,1,1,New or promising
C025829,110,2,1891.0,4,3,1,Loyal
C009439,578,1,1894.0,2,1,1,Lost
C021234,268,1,1897.0,3,1,1,Needs attention
C023142,222,1,1897.0,3,1,1,Needs attention
C035723,4,1,1897.0,5,1,1,New or promising
C001806,834,1,1898.0,1,1,1,Lost
C005755,685,1,1898.0,1,1,1,Lost
C006957,555,2,1898.0,2,3,1,At risk
C007321,593,2,1898.0,1,3,1,At risk
C010556,519,2,1898.0,2,3,1,At risk
C013144,438,2,1898.0,2,3,1,At risk
C013686,452,2,1898.0,2,3,1,At risk
C015827,253,2,1898.0,3,3,1,Loyal
C017387,355,2,1898.0,3,3,1,Loyal
C020175,294,1,1898.0,3,1,1,Needs attention
C021888,254,1,1898.0,3,1,1,Needs attention
C025209,196,1,1898.0,4,1,1,New or promising
C030594,94,1,1898.0,4,1,1,New or promising
C032516,62,1,1898.0,5,1,1,New or promising
C035413,10,1,1898.0,5,1,1,New or promising
C003649,759,1,1899.0,1,1,1,Lost
C004010,746,1,1899.0,1,1,1,Lost
C012045,504,1,1899.0,2,1,1,Lost
C016051,389,1,1899.0,2,1,1,Lost
C017788,347,1,1899.0,3,1,1,Needs attention
C018754,290,1,1899.0,3,1,1,Needs attention
C025724,192,1,1899.0,4,1,1,New or promising
C027171,41,2,1899.0,5,3,1,Loyal
C029785,107,1,1899.0,4,1,1,New or promising
C029793,110,1,1899.0,4,1,1,New or promising
C003880,86,2,1903.0,4,3,1,Loyal
C006189,672,1,1911.0,1,1,1,Lost
C006515,654,1,1911.0,1,1,1,Lost
C013616,459,1,1911.0,2,1,1,Lost
C029748,106,1,1911.0,4,1,1,New or promising
C034966,4,1,1911.0,5,1,1,New or promising
C023116,231,1,1919.0,3,1,1,Needs attention
C013153,470,1,1933.0,2,1,1,Lost
C005926,598,2,1936.0,1,3,1,At risk
C008663,596,1,1941.0,1,1,1,Lost
C001413,852,1,1947.0,1,1,1,Lost
C005069,685,1,1947.0,1,1,1,Lost
C011323,525,1,1947.0,2,1,1,Lost
C012288,496,1,1947.0,2,1,1,Lost
C013075,352,2,1947.0,3,3,1,Loyal
C015734,396,1,1947.0,2,1,1,Lost
C016371,379,1,1947.0,2,1,1,Lost
C020118,267,1,1947.0,3,1,1,Needs attention
C021668,258,1,1947.0,3,1,1,Needs attention
C021829,236,1,1947.0,3,1,1,Needs attention
C025553,195,1,1947.0,4,1,1,New or promising
C030931,84,1,1947.0,5,1,1,New or promising
C031222,86,1,1947.0,4,1,1,New or promising
C033508,44,1,1947.0,5,1,1,New or promising
C034625,18,1,1947.0,5,1,1,New or promising
C035076,15,1,1947.0,5,1,1,New or promising
C001204,806,2,1948.0,1,3,1,At risk
C005026,710,1,1948.0,1,1,1,Lost
C011923,507,1,1948.0,2,1,1,Lost
C015177,380,2,1948.0,2,3,1,At risk
C021291,245,2,1948.0,3,3,1,Loyal
C023378,224,1,1948.0,3,1,1,Needs attention
C027755,0,1,1948.0,5,1,1,New or promising
C028159,144,1,1948.0,4,1,1,New or promising
C028840,37,2,1948.0,5,3,1,Loyal
C029456,66,2,1948.0,5,3,1,Loyal
C035346,11,1,1948.0,5,1,1,New or promising
C000500,891,1,1949.0,1,1,1,Lost
C002252,801,1,1949.0,1,1,1,Lost
C003045,785,1,1949.0,1,1,1,Lost
C003971,733,1,1949.0,1,1,1,Lost
C004004,747,1,1949.0,1,1,1,Lost
C004785,709,1,1949.0,1,1,1,Lost
C006205,672,1,1949.0,1,1,1,Lost
C006303,668,1,1949.0,1,1,1,Lost
C010158,558,1,1949.0,2,1,1,Lost
C010593,541,1,1949.0,2,1,1,Lost
C010747,534,1,1949.0,2,1,1,Lost
C010972,536,1,1949.0,2,1,1,Lost
C011128,531,1,1949.0,2,1,1,Lost
C011379,523,1,1949.0,2,1,1,Lost
C011434,521,1,1949.0,2,1,1,Lost
C011666,515,1,1949.0,2,1,1,Lost
C011773,509,1,1949.0,2,1,1,Lost
C011892,508,1,1949.0,2,1,1,Lost
C012130,501,1,1949.0,2,1,1,Lost
C012249,486,1,1949.0,2,1,1,Lost
C012610,487,1,1949.0,2,1,1,Lost
C013210,457,1,1949.0,2,1,1,Lost
C013327,453,1,1949.0,2,1,1,Lost
C015297,413,1,1949.0,2,1,1,Lost
C015599,202,2,1949.0,4,3,1,Loyal
C015710,402,1,1949.0,2,1,1,Lost
C016142,389,1,1949.0,2,1,1,Lost
C017545,353,1,1949.0,3,1,1,Needs attention
C017592,352,1,1949.0,3,1,1,Needs attention
C017672,350,1,1949.0,3,1,1,Needs attention
C019165,318,1,1949.0,3,1,1,Needs attention
C019479,301,1,1949.0,3,1,1,Needs attention
C019539,309,1,1949.0,3,1,1,Needs attention
C019636,307,1,1949.0,3,1,1,Needs attention
C021531,261,1,1949.0,3,1,1,Needs attention
C023613,220,1,1949.0,3,1,1,Needs attention
C024245,209,1,1949.0,4,1,1,New or promising
C024705,206,1,1949.0,4,1,1,New or promising
C024718,207,1,1949.0,4,1,1,New or promising
C024946,186,1,1949.0,4,1,1,New or promising
C025527,196,1,1949.0,4,1,1,New or promising
C027070,164,1,1949.0,4,1,1,New or promising
C027084,165,1,1949.0,4,1,1,New or promising
C027115,162,1,1949.0,4,1,1,New or promising
C027546,155,1,1949.0,4,1,1,New or promising
C027980,147,1,1949.0,4,1,1,New or promising
C029262,122,1,1949.0,4,1,1,New or promising
C029533,108,1,1949.0,4,1,1,New or promising
C031397,16,1,1949.0,5,1,1,New or promising
C031748,77,1,1949.0,5,1,1,New or promising
C031809,65,1,1949.0,5,1,1,New or promising
C032342,61,1,1949.0,5,1,1,New or promising
C033723,40,1,1949.0,5,1,1,New or promising
C033773,31,1,1949.0,5,1,1,New or promising
C033885,29,1,1949.0,5,1,1,New or promising
C033921,37,1,1949.0,5,1,1,New or promising
C034572,24,1,1949.0,5,1,1,New or promising
C034673,0,1,1949.0,5,1,1,New or promising
C035026,14,1,1949.0,5,1,1,New or promising
C035643,5,1,1949.0,5,1,1,New or promising
C006220,655,2,1951.0,1,3,1,At risk
C004526,721,1,1953.0,1,1,1,Lost
C021721,255,1,1953.0,3,1,1,Needs attention
C000656,884,1,1954.0,1,1,1,Lost
C002545,795,1,1954.0,1,1,1,Lost
C002903,785,1,1954.0,1,1,1,Lost
C003403,769,1,1954.0,1,1,1,Lost
C005994,679,1,1954.0,1,1,1,Lost
C006253,670,1,1954.0,1,1,1,Lost
C006773,649,1,1954.0,1,1,1,Lost
C007706,619,1,1954.0,1,1,1,Lost
C008471,593,1,1954.0,1,1,1,Lost
C008835,593,1,1954.0,1,1,1,Lost
C010075,553,1,1954.0,2,1,1,Lost
C011445,516,1,1954.0,2,1,1,Lost
C011843,510,1,1954.0,2,1,1,Lost
C011919,507,1,1954.0,2,1,1,Lost
C012570,489,1,1954.0,2,1,1,Lost
C013389,451,1,1954.0,2,1,1,Lost
C013807,282,1,1954.0,3,1,1,Needs attention
C013857,451,1,1954.0,2,1,1,Lost
C018132,337,1,1954.0,3,1,1,Needs attention
C018240,326,1,1954.0,3,1,1,Needs attention
C018687,327,1,1954.0,3,1,1,Needs attention
C019284,316,1,1954.0,3,1,1,Needs attention
C019871,301,1,1954.0,3,1,1,Needs attention
C021366,265,1,1954.0,3,1,1,Needs attention
C022876,233,1,1954.0,3,1,1,Needs attention
C022904,233,1,1954.0,3,1,1,Needs attention
C023531,228,1,1954.0,3,1,1,Needs attention
C026929,168,1,1954.0,4,1,1,New or promising
C027910,148,1,1954.0,4,1,1,New or promising
C029955,102,1,1954.0,4,1,1,New or promising
C032124,69,1,1954.0,5,1,1,New or promising
C033086,22,1,1954.0,5,1,1,New or promising
C034024,35,1,1954.0,5,1,1,New or promising
C034123,32,1,1954.0,5,1,1,New or promising
C034320,23,1,1954.0,5,1,1,New or promising
C034339,28,1,1954.0,5,1,1,New or promising
C034548,24,1,1954.0,5,1,1,New or promising
C034677,22,1,1954.0,5,1,1,New or promising
C035471,9,1,1954.0,5,1,1,New or promising
C035473,9,1,1954.0,5,1,1,New or promising
C035587,6,1,1954.0,5,1,1,New or promising
C024129,214,1,1963.0,3,1,1,Needs attention
C018920,321,1,1968.0,3,1,1,Needs attention
C018805,320,2,1972.0,3,3,1,Loyal
C029015,125,1,1979.0,4,1,1,New or promising
C029060,2,1,1979.0,5,1,1,New or promising
C030427,102,1,1979.0,4,1,1,New or promising
C023811,199,2,1994.0,4,3,1,Loyal
C014651,430,1,1996.0,2,1,1,Lost
C028506,97,1,1996.0,4,1,1,New or promising
C016964,362,2,1997.0,3,3,1,Loyal
C017655,294,3,1997.0,3,4,1,Loyal
C032265,43,2,1997.0,5,3,1,Loyal
C000353,884,2,1998.0,1,3,1,At risk
C004740,670,2,1998.0,1,3,1,At risk
C005955,681,1,1998.0,1,1,1,Lost
C010050,565,1,1998.0,2,1,1,Lost
C019493,309,1,1998.0,3,1,1,Needs attention
C023621,226,1,1998.0,3,1,1,Needs attention
C025177,173,1,1998.0,4,1,1,New or promising
C025305,152,3,1998.0,4,4,1,Champions
C028066,45,2,1998.0,5,3,1,Loyal
C030994,90,1,1998.0,4,1,1,New or promising
C031228,55,2,1998.0,5,3,1,Loyal
C033704,24,2,1998.0,5,3,1,Loyal
C000374,896,1,1999.0,1,1,1,Lost
C000480,800,1,1999.0,1,1,1,Lost
C000712,874,1,1999.0,1,1,1,Lost
C000839,843,1,1999.0,1,1,1,Lost
C001027,868,1,1999.0,1,1,1,Lost
C001233,844,1,1999.0,1,1,1,Lost
C001597,844,1,1999.0,1,1,1,Lost
C001750,795,1,1999.0,1,1,1,Lost
C001882,830,1,1999.0,1,1,1,Lost
C001888,573,1,1999.0,2,1,1,Lost
C002018,824,1,1999.0,1,1,1,Lost
C003098,782,1,1999.0,1,1,1,Lost
C003536,745,1,1999.0,1,1,1,Lost
C003690,758,1,1999.0,1,1,1,Lost
C003725,757,1,1999.0,1,1,1,Lost
C004408,727,1,1999.0,1,1,1,Lost
C004525,728,1,1999.0,1,1,1,Lost
C004819,717,1,1999.0,1,1,1,Lost
C007469,627,1,1999.0,1,1,1,Lost
C007522,624,1,1999.0,1,1,1,Lost
C007869,614,1,1999.0,1,1,1,Lost
C008178,599,1,1999.0,1,1,1,Lost
C008346,546,1,1999.0,2,1,1,Lost
C008991,587,1,1999.0,1,1,1,Lost
C009125,584,1,1999.0,1,1,1,Lost
C009795,569,1,1999.0,2,1,1,Lost
C010475,551,1,1999.0,2,1,1,Lost
C010484,541,1,1999.0,2,1,1,Lost
C011054,531,1,1999.0,2,1,1,Lost
C011356,523,1,1999.0,2,1,1,Lost
C011415,522,1,1999.0,2,1,1,Lost
C011447,521,1,1999.0,2,1,1,Lost
C011669,515,1,1999.0,2,1,1,Lost
C012235,460,1,1999.0,2,1,1,Lost
C012251,497,1,1999.0,2,1,1,Lost
C013536,461,1,1999.0,2,1,1,Lost
C013583,460,1,1999.0,2,1,1,Lost
C013763,449,1,1999.0,2,1,1,Lost
C013800,453,1,1999.0,2,1,1,Lost
C013925,396,1,1999.0,2,1,1,Lost
C013957,206,1,1999.0,4,1,1,New or promising
C013993,401,1,1999.0,2,1,1,Lost
C014064,444,1,1999.0,2,1,1,Lost
C014132,325,1,1999.0,3,1,1,Needs attention
C014452,431,1,1999.0,2,1,1,Lost
C014762,427,1,1999.0,2,1,1,Lost
C014835,420,1,1999.0,2,1,1,Lost
C014979,411,1,1999.0,2,1,1,Lost
C015524,386,1,1999.0,2,1,1,Lost
C015979,395,1,1999.0,2,1,1,Lost
C016711,367,1,1999.0,3,1,1,Needs attention
C016934,346,1,1999.0,3,1,1,Needs attention
C016976,367,1,1999.0,3,1,1,Needs attention
C017002,366,1,1999.0,3,1,1,Needs attention
C017401,355,1,1999.0,3,1,1,Needs attention
C017483,352,1,1999.0,3,1,1,Needs attention
C017638,301,1,1999.0,3,1,1,Needs attention
C017675,291,2,1999.0,3,3,1,Loyal
C017790,347,1,1999.0,3,1,1,Needs attention
C017948,344,1,1999.0,3,1,1,Needs attention
C019076,310,1,1999.0,3,1,1,Needs attention
C019466,311,1,1999.0,3,1,1,Needs attention
C019774,304,1,1999.0,3,1,1,Needs attention
C020058,297,1,1999.0,3,1,1,Needs attention
C020225,293,1,1999.0,3,1,1,Needs attention
C020373,289,1,1999.0,3,1,1,Needs attention
C020486,286,1,1999.0,3,1,1,Needs attention
C021031,265,1,1999.0,3,1,1,Needs attention
C021616,260,1,1999.0,3,1,1,Needs attention
C021962,243,2,1999.0,3,3,1,Loyal
C022175,248,1,1999.0,3,1,1,Needs attention
C023215,225,1,1999.0,3,1,1,Needs attention
C023764,223,1,1999.0,3,1,1,Needs attention
C024078,216,1,1999.0,3,1,1,Needs attention
C024355,212,1,1999.0,3,1,1,Needs attention
C024546,212,1,1999.0,4,1,1,New or promising
C024737,207,1,1999.0,4,1,1,New or promising
C024790,207,1,1999.0,4,1,1,New or promising
C024866,205,1,1999.0,4,1,1,New or promising
C025203,191,1,1999.0,4,1,1,New or promising
C025576,195,1,1999.0,4,1,1,New or promising
C026182,184,1,1999.0,4,1,1,New or promising
C026360,103,2,1999.0,4,3,1,Loyal
C026599,167,2,1999.0,4,3,1,Loyal
C026796,171,1,1999.0,4,1,1,New or promising
C027204,163,1,1999.0,4,1,1,New or promising
C027613,154,1,1999.0,4,1,1,New or promising
C027793,149,1,1999.0,4,1,1,New or promising
C028011,129,1,1999.0,4,1,1,New or promising
C028253,138,1,1999.0,4,1,1,New or promising
C028339,140,1,1999.0,4,1,1,New or promising
C028382,134,1,1999.0,4,1,1,New or promising
C028469,137,1,1999.0,4,1,1,New or promising
C028729,133,1,1999.0,4,1,1,New or promising
C028731,120,2,1999.0,4,3,1,Loyal
C028771,132,1,1999.0,4,1,1,New or promising
C028828,125,1,1999.0,4,1,1,New or promising
C029062,86,1,1999.0,4,1,1,New or promising
C029077,125,1,1999.0,4,1,1,New or promising
C029362,110,1,1999.0,4,1,1,New or promising
C029587,56,1,1999.0,5,1,1,New or promising
C029711,111,1,1999.0,4,1,1,New or promising
C029901,109,1,1999.0,4,1,1,New or promising
C029912,109,1,1999.0,4,1,1,New or promising
C030188,105,1,1999.0,4,1,1,New or promising
C030245,104,1,1999.0,4,1,1,New or promising
C031059,30,1,1999.0,5,1,1,New or promising
C031691,77,1,1999.0,5,1,1,New or promising
C031704,77,1,1999.0,5,1,1,New or promising
C031848,74,1,1999.0,5,1,1,New or promising
C032233,67,1,1999.0,5,1,1,New or promising
C032334,66,1,1999.0,5,1,1,New or promising
C033745,35,1,1999.0,5,1,1,New or promising
C034386,27,1,1999.0,5,1,1,New or promising
C034590,24,1,1999.0,5,1,1,New or promising
C034601,24,1,1999.0,5,1,1,New or promising
C034853,20,1,1999.0,5,1,1,New or promising
C035630,5,1,1999.0,5,1,1,New or promising
C035665,3,1,1999.0,5,1,1,New or promising
C035694,2,1,1999.0,5,1,1,New or promising
C035769,3,1,1999.0,5,1,1,New or promising
C022936,232,1,2000.0,3,1,1,Needs attention
C023667,214,1,2004.0,3,1,1,Needs attention
C023325,231,1,2005.0,3,1,1,Needs attention
C000265,808,2,2007.0,1,3,1,At risk
C025340,199,1,2024.0,4,1,1,New or promising
C025931,170,2,2026.0,4,3,1,Loyal
C023830,214,2,2027.0,3,3,1,Loyal
C009890,549,1,2029.0,2,1,1,Lost
C025353,199,1,2031.0,4,1,1,New or promising
C002258,810,1,2037.0,1,1,1,Lost
C023088,231,1,2037.0,3,1,1,Needs attention
C000462,893,1,2039.0,1,1,1,Lost
C002133,804,1,2039.0,1,1,1,Lost
C002342,813,1,2039.0,1,1,1,Lost
C002344,813,1,2039.0,1,1,1,Lost
C002679,799,1,2039.0,1,1,1,Lost
C003173,779,1,2039.0,1,1,1,Lost
C003804,754,1,2039.0,1,1,1,Lost
C003996,745,1,2039.0,1,1,1,Lost
C004364,728,1,2039.0,1,1,1,Lost
C006238,671,1,2039.0,1,1,1,Lost
C006273,642,1,2039.0,1,1,1,Lost
C006734,653,1,2039.0,1,1,1,Lost
C007279,596,2,2039.0,1,3,1,At risk
C008063,609,1,2039.0,1,1,1,Lost
C009303,579,1,2039.0,1,1,1,Lost
C009587,575,1,2039.0,2,1,1,Lost
C010044,565,1,2039.0,2,1,1,Lost
C010399,554,1,2039.0,2,1,1,Lost
C011308,526,1,2039.0,2,1,1,Lost
C011578,518,1,2039.0,2,1,1,Lost
C011599,517,1,2039.0,2,1,1,Lost
C011612,511,1,2039.0,2,1,1,Lost
C014495,427,1,2039.0,2,1,1,Lost
C015176,416,1,2039.0,2,1,1,Lost
C016562,366,1,2039.0,3,1,1,Needs attention
C017435,356,1,2039.0,3,1,1,Needs attention
C017677,350,1,2039.0,3,1,1,Needs attention
C018761,324,1,2039.0,3,1,1,Needs attention
C021023,273,1,2039.0,3,1,1,Needs attention
C021647,259,1,2039.0,3,1,1,Needs attention
C022777,233,1,2039.0,3,1,1,Needs attention
C023446,198,1,2039.0,4,1,1,New or promising
C023599,224,1,2039.0,3,1,1,Needs attention
C024062,216,1,2039.0,3,1,1,Needs attention
C024638,210,1,2039.0,4,1,1,New or promising
C024653,208,1,2039.0,4,1,1,New or promising
C025249,197,1,2039.0,4,1,1,New or promising
C025477,196,1,2039.0,4,1,1,New or promising
C026580,164,1,2039.0,4,1,1,New or promising
C027605,154,1,2039.0,4,1,1,New or promising
C028421,139,1,2039.0,4,1,1,New or promising
C028796,117,2,2039.0,4,3,1,Loyal
C029527,116,1,2039.0,4,1,1,New or promising
C029635,104,1,2039.0,4,1,1,New or promising
C029992,95,1,2039.0,4,1,1,New or promising
C030639,97,1,2039.0,4,1,1,New or promising
C031186,85,1,2039.0,5,1,1,New or promising
C032009,60,1,2039.0,5,1,1,New or promising
C032660,56,1,2039.0,5,1,1,New or promising
C032695,59,1,2039.0,5,1,1,New or promising
C033597,38,1,2039.0,5,1,1,New or promising
C033763,25,1,2039.0,5,1,1,New or promising
C033998,26,1,2039.0,5,1,1,New or promising
C034025,35,1,2039.0,5,1,1,New or promising
C034092,33,1,2039.0,5,1,1,New or promising
C034152,31,1,2039.0,5,1,1,New or promising
C034377,27,1,2039.0,5,1,1,New or promising
C034676,23,1,2039.0,5,1,1,New or promising
C034825,20,1,2039.0,5,1,1,New or promising
C034940,17,1,2039.0,5,1,1,New or promising
C035086,15,1,2039.0,5,1,1,New or promising
C035256,13,1,2039.0,5,1,1,New or promising
C035627,5,1,2039.0,5,1,1,New or promising
C035847,2,1,2039.0,5,1,1,New or promising
C001210,816,2,2047.0,1,3,1,At risk
C024865,205,1,2047.0,4,1,1,New or promising
C000115,893,2,2048.0,1,3,1,At risk
C003245,775,2,2048.0,1,3,1,At risk
C004415,718,2,2048.0,1,3,1,At risk
C006755,652,1,2048.0,1,1,1,Lost
C010332,556,1,2048.0,2,1,1,Lost
C012689,459,3,2048.0,2,4,1,At risk
C018935,246,2,2048.0,3,3,1,Loyal
C018973,292,1,2048.0,3,1,1,Needs attention
C020673,282,1,2048.0,3,1,1,Needs attention
C028028,146,1,2048.0,4,1,1,New or promising
C028564,136,1,2048.0,4,1,1,New or promising
C032352,65,1,2048.0,5,1,1,New or promising
C032434,49,2,2048.0,5,3,1,Loyal
C033081,42,1,2048.0,5,1,1,New or promising
C034746,17,1,2048.0,5,1,1,New or promising
C009498,442,1,2050.0,2,1,1,Lost
C023095,200,1,2050.0,4,1,1,New or promising
C032150,29,2,2051.0,5,3,1,Loyal
C006656,643,2,2053.0,1,3,1,At risk
C031588,31,2,2053.0,5,3,1,Loyal
C008071,535,3,2056.0,2,4,1,At risk
C023222,231,1,2059.0,3,1,1,Needs attention
C001829,830,2,2062.0,1,3,1,At risk
C023126,231,1,2062.0,3,1,1,Needs attention
C009442,577,1,2073.0,2,1,1,Lost
C006023,678,1,2081.0,1,1,1,Lost
C019282,316,1,2081.0,3,1,1,Needs attention
C020476,286,1,2081.0,3,1,1,Needs attention
C009925,565,1,2091.0,2,1,1,Lost
C007186,628,2,2093.0,1,3,1,At risk
C014311,438,1,2096.0,2,1,1,Lost
C003885,682,2,2097.0,1,3,1,At risk
C023821,222,1,2097.0,3,1,1,Needs attention
C031436,13,2,2097.0,5,3,1,Loyal
C000308,365,1,2098.0,3,1,1,Needs attention
C001083,866,1,2098.0,1,1,1,Lost
C003385,770,1,2098.0,1,1,1,Lost
C004317,736,1,2098.0,1,1,1,Lost
C004807,715,1,2098.0,1,1,1,Lost
C005599,688,1,2098.0,1,1,1,Lost
C006367,666,1,2098.0,1,1,1,Lost
C010546,549,1,2098.0,2,1,1,Lost
C015024,420,1,2098.0,2,1,1,Lost
C016149,391,1,2098.0,2,1,1,Lost
C018058,317,2,2098.0,3,3,1,Loyal
C018444,316,1,2098.0,3,1,1,Needs attention
C020366,216,1,2098.0,3,1,1,Needs attention
C020613,226,2,2098.0,3,3,1,Loyal
C025072,201,1,2098.0,4,1,1,New or promising
C025746,161,1,2098.0,4,1,1,New or promising
C029042,127,1,2098.0,4,1,1,New or promising
C030100,100,1,2098.0,4,1,1,New or promising
C032808,57,1,2098.0,5,1,1,New or promising
C033097,48,2,2098.0,5,3,1,Loyal
C000240,902,1,2099.0,1,1,1,Lost
C001945,827,1,2099.0,1,1,1,Lost
C001973,826,1,2099.0,1,1,1,Lost
C002455,808,1,2099.0,1,1,1,Lost
C002466,802,1,2099.0,1,1,1,Lost
C002743,797,1,2099.0,1,1,1,Lost
C003390,770,1,2099.0,1,1,1,Lost
C004078,682,2,2099.0,1,3,1,At risk
C004568,727,1,2099.0,1,1,1,Lost
C004658,598,1,2099.0,1,1,1,Lost
C004979,712,1,2099.0,1,1,1,Lost
C005084,707,1,2099.0,1,1,1,Lost
C005104,702,1,2099.0,1,1,1,Lost
C006468,662,1,2099.0,1,1,1,Lost
C009475,575,1,2099.0,2,1,1,Lost
C009656,515,2,2099.0,2,3,1,At risk
C010177,560,1,2099.0,2,1,1,Lost
C010907,524,1,2099.0,2,1,1,Lost
C011564,518,1,2099.0,2,1,1,Lost
C011787,393,1,2099.0,2,1,1,Lost
C012587,488,1,2099.0,2,1,1,Lost
C015117,403,2,2099.0,2,3,1,At risk
C015301,413,1,2099.0,2,1,1,Lost
C015611,405,1,2099.0,2,1,1,Lost
C016209,389,1,2099.0,2,1,1,Lost
C017404,315,2,2099.0,3,3,1,Loyal
C017609,352,1,2099.0,3,1,1,Needs attention
C020229,293,1,2099.0,3,1,1,Needs attention
C021123,59,2,2099.0,5,3,1,Loyal
C021226,265,1,2099.0,3,1,1,Needs attention
C022345,244,1,2099.0,3,1,1,Needs attention
C022560,240,1,2099.0,3,1,1,Needs attention
C023025,171,1,2099.0,4,1,1,New or promising
C023556,228,1,2099.0,3,1,1,Needs attention
C024322,204,1,2099.0,4,1,1,New or promising
C025058,17,2,2099.0,5,3,1,Loyal
C025324,196,1,2099.0,4,1,1,New or promising
C026068,159,1,2099.0,4,1,1,New or promising
C026505,173,1,2099.0,4,1,1,New or promising
C026539,175,1,2099.0,4,1,1,New or promising
C026885,162,1,2099.0,4,1,1,New or promising
C027757,139,1,2099.0,4,1,1,New or promising
C027922,127,1,2099.0,4,1,1,New or promising
C028079,145,1,2099.0,4,1,1,New or promising
C028090,145,1,2099.0,4,1,1,New or promising
C028808,132,1,2099.0,4,1,1,New or promising
C029066,117,2,2099.0,4,3,1,Loyal
C030060,107,1,2099.0,4,1,1,New or promising
C031111,88,1,2099.0,4,1,1,New or promising
C031440,71,1,2099.0,5,1,1,New or promising
C031596,58,2,2099.0,5,3,1,Loyal
C031758,64,1,2099.0,5,1,1,New or promising
C032328,66,1,2099.0,5,1,1,New or promising
C032573,61,1,2099.0,5,1,1,New or promising
C033098,51,1,2099.0,5,1,1,New or promising
C033443,30,1,2099.0,5,1,1,New or promising
C033502,44,1,2099.0,5,1,1,New or promising
C034126,24,1,2099.0,5,1,1,New or promising
C018937,321,1,2101.0,3,1,1,Needs attention
C008470,546,2,2103.0,2,3,1,At risk
C025277,200,1,2103.0,4,1,1,New or promising
C020478,219,2,2106.0,3,3,1,Loyal
C032749,18,2,2106.0,5,3,1,Loyal
C024455,213,1,2113.0,3,1,1,Needs attention
C009323,577,1,2116.0,2,1,1,Lost
C010095,564,1,2122.0,2,1,1,Lost
C023353,230,1,2122.0,3,1,1,Needs attention
C000767,879,1,2123.0,1,1,1,Lost
C031876,71,1,2123.0,5,1,1,New or promising
C000788,875,1,2124.0,1,1,1,Lost
C001646,839,1,2124.0,1,1,1,Lost
C002737,745,2,2124.0,1,3,1,At risk
C003740,756,1,2124.0,1,1,1,Lost
C003837,753,1,2124.0,1,1,1,Lost
C004279,731,1,2124.0,1,1,1,Lost
C004308,736,1,2124.0,1,1,1,Lost
C005160,698,1,2124.0,1,1,1,Lost
C005966,680,1,2124.0,1,1,1,Lost
C006123,674,1,2124.0,1,1,1,Lost
C008842,593,1,2124.0,1,1,1,Lost
C008956,590,1,2124.0,1,1,1,Lost
C009402,560,1,2124.0,2,1,1,Lost
C010822,540,1,2124.0,2,1,1,Lost
C012114,502,1,2124.0,2,1,1,Lost
C012225,498,1,2124.0,2,1,1,Lost
C013251,445,2,2124.0,2,3,1,At risk
C014223,419,1,2124.0,2,1,1,Lost
C014946,423,1,2124.0,2,1,1,Lost
C015030,412,1,2124.0,2,1,1,Lost
C015798,400,1,2124.0,2,1,1,Lost
C017081,365,1,2124.0,3,1,1,Needs attention
C017134,357,1,2124.0,3,1,1,Needs attention
C017293,359,1,2124.0,3,1,1,Needs attention
C021906,253,1,2124.0,3,1,1,Needs attention
C022737,236,1,2124.0,3,1,1,Needs attention
C023146,231,1,2124.0,3,1,1,Needs attention
C023335,228,1,2124.0,3,1,1,Needs attention
C024022,215,1,2124.0,3,1,1,Needs attention
C026138,183,1,2124.0,4,1,1,New or promising
C031132,86,1,2124.0,4,1,1,New or promising
C032933,54,1,2124.0,5,1,1,New or promising
C033297,45,1,2124.0,5,1,1,New or promising
C033969,36,1,2124.0,5,1,1,New or promising
C034138,32,1,2124.0,5,1,1,New or promising
C034177,31,1,2124.0,5,1,1,New or promising
C034199,31,1,2124.0,5,1,1,New or promising
C034421,21,1,2124.0,5,1,1,New or promising
C034987,2,1,2124.0,5,1,1,New or promising
C035019,11,1,2124.0,5,1,1,New or promising
C035134,15,1,2124.0,5,1,1,New or promising
C035201,2,1,2124.0,5,1,1,New or promising
C005195,664,2,2126.0,1,3,1,At risk
C024053,215,1,2133.0,3,1,1,Needs attention
C008247,595,1,2136.0,1,1,1,Lost
C023174,231,1,2137.0,3,1,1,Needs attention
C024301,193,2,2139.0,4,3,1,Loyal
C003960,712,2,2148.0,1,3,1,At risk
C005010,684,1,2148.0,1,1,1,Lost
C009522,571,2,2148.0,2,3,1,At risk
C010437,515,1,2148.0,2,1,1,Lost
C016720,345,2,2148.0,3,3,1,Loyal
C023139,225,1,2148.0,3,1,1,Needs attention
C023645,215,2,2148.0,3,3,1,Loyal
C025560,147,2,2148.0,4,3,1,Loyal
C028619,96,2,2148.0,4,3,1,Loyal
C024515,213,1,2149.0,3,1,1,Needs attention
C024184,214,1,2152.0,3,1,1,Needs attention
C024390,214,1,2152.0,3,1,1,Needs attention
C025393,199,1,2152.0,4,1,1,New or promising
C001471,833,1,2159.0,1,1,1,Lost
C029628,113,1,2159.0,4,1,1,New or promising
C009990,565,1,2160.0,2,1,1,Lost
C002410,810,1,2166.0,1,1,1,Lost
C002747,797,1,2166.0,1,1,1,Lost
C005248,672,1,2166.0,1,1,1,Lost
C008030,565,2,2166.0,2,3,1,At risk
C013259,435,1,2166.0,2,1,1,Lost
C016322,385,1,2166.0,2,1,1,Lost
C026828,170,1,2166.0,4,1,1,New or promising
C029088,125,1,2166.0,4,1,1,New or promising
C034146,32,1,2166.0,5,1,1,New or promising
C024484,213,1,2175.0,3,1,1,Needs attention
C010076,564,1,2183.0,2,1,1,Lost
C018981,320,1,2183.0,3,1,1,Needs attention
C011309,501,2,2191.0,2,3,1,At risk
C017896,294,2,2191.0,3,3,1,Loyal
C022071,126,2,2196.0,4,3,1,Loyal
C035261,12,1,2196.0,5,1,1,New or promising
C005143,666,2,2197.0,1,3,1,At risk
C006982,643,1,2197.0,1,1,1,Lost
C011560,422,2,2197.0,2,3,1,At risk
C013308,465,1,2197.0,2,1,1,Lost
C033751,30,2,2197.0,5,3,1,Loyal
C003944,706,2,2198.0,1,3,1,At risk
C004889,704,2,2198.0,1,3,1,At risk
C005279,700,1,2198.0,1,1,1,Lost
C006098,606,2,2198.0,1,3,1,At risk
C009230,555,2,2198.0,2,3,1,At risk
C011567,514,1,2198.0,2,1,1,Lost
C012786,433,2,2198.0,2,3,1,At risk
C016598,362,2,2198.0,3,3,1,Loyal
C020279,284,2,2198.0,3,3,1,Loyal
C023424,230,1,2198.0,3,1,1,Needs attention
C027786,76,2,2198.0,5,3,1,Loyal
C027858,99,2,2198.0,4,3,1,Loyal
C031185,86,1,2198.0,4,1,1,New or promising
C032388,65,1,2198.0,5,1,1,New or promising
C032992,49,1,2198.0,5,1,1,New or promising
C034426,18,1,2198.0,5,1,1,New or promising
C034661,23,1,2198.0,5,1,1,New or promising
C034797,20,1,2198.0,5,1,1,New or promising
C035433,9,1,2198.0,5,1,1,New or promising
C000481,797,1,2199.0,1,1,1,Lost
C001296,780,1,2199.0,1,1,1,Lost
C001351,850,1,2199.0,1,1,1,Lost
C001570,845,1,2199.0,1,1,1,Lost
C001740,808,1,2199.0,1,1,1,Lost
C002426,809,1,2199.0,1,1,1,Lost
C002611,801,1,2199.0,1,1,1,Lost
C002865,791,1,2199.0,1,1,1,Lost
C002920,789,1,2199.0,1,1,1,Lost
C003361,771,1,2199.0,1,1,1,Lost
C003439,767,1,2199.0,1,1,1,Lost
C003929,749,1,2199.0,1,1,1,Lost
C004027,747,1,2199.0,1,1,1,Lost
C004057,746,1,2199.0,1,1,1,Lost
C004064,746,1,2199.0,1,1,1,Lost
C004663,723,1,2199.0,1,1,1,Lost
C004778,717,1,2199.0,1,1,1,Lost
C005112,706,1,2199.0,1,1,1,Lost
C005265,701,1,2199.0,1,1,1,Lost
C005292,700,1,2199.0,1,1,1,Lost
C005362,683,1,2199.0,1,1,1,Lost
C005487,693,1,2199.0,1,1,1,Lost
C005571,598,1,2199.0,1,1,1,Lost
C005811,676,1,2199.0,1,1,1,Lost
C005817,685,1,2199.0,1,1,1,Lost
C006300,571,1,2199.0,2,1,1,Lost
C006770,651,1,2199.0,1,1,1,Lost
C007274,627,1,2199.0,1,1,1,Lost
C007355,598,1,2199.0,1,1,1,Lost
C007367,626,1,2199.0,1,1,1,Lost
C007748,618,1,2199.0,1,1,1,Lost
C007817,616,1,2199.0,1,1,1,Lost
C009533,512,1,2199.0,2,1,1,Lost
C009552,565,1,2199.0,2,1,1,Lost
C010006,565,1,2199.0,2,1,1,Lost
C010272,553,1,2199.0,2,1,1,Lost
C010337,541,1,2199.0,2,1,1,Lost
C010434,553,1,2199.0,2,1,1,Lost
C010755,542,1,2199.0,2,1,1,Lost
C011208,472,2,2199.0,2,3,1,At risk
C011252,527,1,2199.0,2,1,1,Lost
C011399,512,1,2199.0,2,1,1,Lost
C011443,521,1,2199.0,2,1,1,Lost
C011742,486,1,2199.0,2,1,1,Lost
C012014,501,1,2199.0,2,1,1,Lost
C012159,500,1,2199.0,2,1,1,Lost
C012169,495,1,2199.0,2,1,1,Lost
C012210,499,1,2199.0,2,1,1,Lost
C012357,494,1,2199.0,2,1,1,Lost
C012460,491,1,2199.0,2,1,1,Lost
C012820,481,1,2199.0,2,1,1,Lost
C013038,474,1,2199.0,2,1,1,Lost
C013449,462,1,2199.0,2,1,1,Lost
C013549,460,1,2199.0,2,1,1,Lost
C013744,456,1,2199.0,2,1,1,Lost
C013757,455,1,2199.0,2,1,1,Lost
C013766,453,1,2199.0,2,1,1,Lost
C013785,453,1,2199.0,2,1,1,Lost
C013841,448,1,2199.0,2,1,1,Lost
C014056,444,1,2199.0,2,1,1,Lost
C014091,415,1,2199.0,2,1,1,Lost
C014459,435,1,2199.0,2,1,1,Lost
C014814,422,1,2199.0,2,1,1,Lost
C015105,312,1,2199.0,3,1,1,Needs attention
C015195,416,1,2199.0,2,1,1,Lost
C015941,375,1,2199.0,2,1,1,Lost
C015990,394,1,2199.0,2,1,1,Lost
C016236,388,1,2199.0,2,1,1,Lost
C016342,384,1,2199.0,2,1,1,Lost
C016451,381,1,2199.0,2,1,1,Lost
C016755,347,1,2199.0,3,1,1,Needs attention
C017232,358,1,2199.0,3,1,1,Needs attention
C017496,325,1,2199.0,3,1,1,Needs attention
C017564,353,1,2199.0,3,1,1,Needs attention
C017598,352,1,2199.0,3,1,1,Needs attention
C017830,275,2,2199.0,3,3,1,Loyal
C017836,342,1,2199.0,3,1,1,Needs attention
C017981,335,1,2199.0,3,1,1,Needs attention
C018265,239,2,2199.0,3,3,1,Loyal
C018735,326,1,2199.0,3,1,1,Needs attention
C018858,323,1,2199.0,3,1,1,Needs attention
C018886,310,2,2199.0,3,3,1,Loyal
C018943,314,1,2199.0,3,1,1,Needs attention
C019150,318,1,2199.0,3,1,1,Needs attention
C019335,304,1,2199.0,3,1,1,Needs attention
C019564,309,1,2199.0,3,1,1,Needs attention
C020057,293,1,2199.0,3,1,1,Needs attention
C020300,291,1,2199.0,3,1,1,Needs attention
C021038,273,1,2199.0,3,1,1,Needs attention
C021106,271,1,2199.0,3,1,1,Needs attention
C021180,269,1,2199.0,3,1,1,Needs attention
C023165,165,1,2199.0,4,1,1,New or promising
C023342,41,1,2199.0,5,1,1,New or promising
C023410,229,1,2199.0,3,1,1,Needs attention
C023675,225,1,2199.0,3,1,1,Needs attention
C023983,218,1,2199.0,3,1,1,Needs attention
C024032,211,2,2199.0,4,3,1,Loyal
C024050,217,1,2199.0,3,1,1,Needs attention
C024393,214,1,2199.0,3,1,1,Needs attention
C024578,211,1,2199.0,4,1,1,New or promising
C024971,203,1,2199.0,4,1,1,New or promising
C025635,194,1,2199.0,4,1,1,New or promising
C026621,175,1,2199.0,4,1,1,New or promising
C026953,165,1,2199.0,4,1,1,New or promising
C027182,157,1,2199.0,4,1,1,New or promising
C027500,103,1,2199.0,4,1,1,New or promising
C027694,152,1,2199.0,4,1,1,New or promising
C028191,80,2,2199.0,5,3,1,Loyal
C028429,104,1,2199.0,4,1,1,New or promising
C028623,135,1,2199.0,4,1,1,New or promising
C028948,129,1,2199.0,4,1,1,New or promising
C029418,100,2,2199.0,4,3,1,Loyal
C029446,102,2,2199.0,4,3,1,Loyal
C029979,103,1,2199.0,4,1,1,New or promising
C030501,97,1,2199.0,4,1,1,New or promising
C030681,95,1,2199.0,4,1,1,New or promising
C031023,0,1,2199.0,5,1,1,New or promising
C031393,83,1,2199.0,5,1,1,New or promising
C031417,82,1,2199.0,5,1,1,New or promising
C031441,72,1,2199.0,5,1,1,New or promising
C032221,20,2,2199.0,5,3,1,Loyal
C032293,66,1,2199.0,5,1,1,New or promising
C032906,55,1,2199.0,5,1,1,New or promising
C032948,54,1,2199.0,5,1,1,New or promising
C033034,52,1,2199.0,5,1,1,New or promising
C033436,45,1,2199.0,5,1,1,New or promising
C033551,36,1,2199.0,5,1,1,New or promising
C033664,41,1,2199.0,5,1,1,New or promising
C033750,40,1,2199.0,5,1,1,New or promising
C033819,38,1,2199.0,5,1,1,New or promising
C034342,28,1,2199.0,5,1,1,New or promising
C034714,22,1,2199.0,5,1,1,New or promising
C034859,13,1,2199.0,5,1,1,New or promising
C035010,17,1,2199.0,5,1,1,New or promising
C035103,10,1,2199.0,5,1,1,New or promising
C035281,12,1,2199.0,5,1,1,New or promising
C035293,12,1,2199.0,5,1,1,New or promising
C035454,9,1,2199.0,5,1,1,New or promising
C035572,7,1,2199.0,5,1,1,New or promising
C035605,6,1,2199.0,5,1,1,New or promising
C035613,6,1,2199.0,5,1,1,New or promising
C035640,5,1,2199.0,5,1,1,New or promising
C035650,5,1,2199.0,5,1,1,New or promising
C001196,861,1,2208.0,1,1,1,Lost
C001501,848,1,2208.0,1,1,1,Lost
C004134,743,1,2208.0,1,1,1,Lost
C004567,726,1,2208.0,1,1,1,Lost
C004958,712,1,2208.0,1,1,1,Lost
C009812,553,1,2208.0,2,1,1,Lost
C009968,565,1,2208.0,2,1,1,Lost
C011663,511,1,2208.0,2,1,1,Lost
C012198,498,1,2208.0,2,1,1,Lost
C012721,470,1,2208.0,2,1,1,Lost
C015440,410,1,2208.0,2,1,1,Lost
C015890,397,1,2208.0,2,1,1,Lost
C017820,343,1,2208.0,3,1,1,Needs attention
C018066,341,1,2208.0,3,1,1,Needs attention
C021606,257,1,2208.0,3,1,1,Needs attention
C024363,214,1,2208.0,3,1,1,Needs attention
C025881,181,1,2208.0,4,1,1,New or promising
C027194,163,1,2208.0,4,1,1,New or promising
C028606,136,1,2208.0,4,1,1,New or promising
C028687,120,1,2208.0,4,1,1,New or promising
C033355,46,1,2208.0,5,1,1,New or promising
C000493,891,1,2209.0,1,1,1,Lost
C002514,806,1,2209.0,1,1,1,Lost
C002637,800,1,2209.0,1,1,1,Lost
C002891,788,1,2209.0,1,1,1,Lost
C004251,738,1,2209.0,1,1,1,Lost
C005108,706,1,2209.0,1,1,1,Lost
C005370,691,1,2209.0,1,1,1,Lost
C008041,592,1,2209.0,1,1,1,Lost
C008123,607,1,2209.0,1,1,1,Lost
C008425,598,1,2209.0,1,1,1,Lost
C008879,565,2,2209.0,2,3,1,At risk
C009536,577,1,2209.0,2,1,1,Lost
C009696,561,1,2209.0,2,1,1,Lost
C009855,567,1,2209.0,2,1,1,Lost
C010861,486,1,2209.0,2,1,1,Lost
C013360,462,1,2209.0,2,1,1,Lost
C015812,400,1,2209.0,2,1,1,Lost
C016781,373,1,2209.0,2,1,1,Lost
C017331,356,1,2209.0,3,1,1,Needs attention
C018460,332,1,2209.0,3,1,1,Needs attention
C019270,315,1,2209.0,3,1,1,Needs attention
C019480,307,1,2209.0,3,1,1,Needs attention
C020457,287,1,2209.0,3,1,1,Needs attention
C020626,271,1,2209.0,3,1,1,Needs attention
C023364,218,1,2209.0,3,1,1,Needs attention
C024284,214,1,2209.0,3,1,1,Needs attention
C026390,174,1,2209.0,4,1,1,New or promising
C029726,89,1,2209.0,4,1,1,New or promising
C030478,101,1,2209.0,4,1,1,New or promising
C030844,92,1,2209.0,4,1,1,New or promising
C031375,74,1,2209.0,5,1,1,New or promising
C032620,55,1,2209.0,5,1,1,New or promising
C033274,48,1,2209.0,5,1,1,New or promising
C034303,29,1,2209.0,5,1,1,New or promising
C034387,27,1,2209.0,5,1,1,New or promising
C010014,565,1,2214.0,2,1,1,Lost
C024128,215,1,2216.0,3,1,1,Needs attention
C022627,231,1,2220.0,3,1,1,Needs attention
C009489,577,1,2233.0,2,1,1,Lost
C018811,321,1,2233.0,3,1,1,Needs attention
C001602,814,2,2243.0,1,3,1,At risk
C009667,573,1,2247.0,2,1,1,Lost
C018213,231,1,2247.0,3,1,1,Needs attention
C030506,94,1,2247.0,4,1,1,New or promising
C005212,697,1,2248.0,1,1,1,Lost
C008793,552,1,2248.0,2,1,1,Lost
C010830,537,2,2248.0,2,3,1,At risk
C015525,407,1,2248.0,2,1,1,Lost
C015992,384,2,2248.0,2,3,1,At risk
C018922,321,1,2248.0,3,1,1,Needs attention
C022229,227,2,2248.0,3,3,1,Loyal
C027391,146,1,2248.0,4,1,1,New or promising
C031116,26,2,2248.0,5,3,1,Loyal
C031561,79,1,2248.0,5,1,1,New or promising
C014424,415,1,2251.0,2,1,1,Lost
C021852,254,1,2251.0,3,1,1,Needs attention
C026764,160,2,2251.0,4,3,1,Loyal
C025170,131,2,2256.0,4,3,1,Loyal
C028142,123,2,2256.0,4,3,1,Loyal
C023403,230,1,2261.0,3,1,1,Needs attention
C025154,200,1,2266.0,4,1,1,New or promising
C021149,231,2,2288.0,3,3,1,Loyal
C009947,551,1,2292.0,2,1,1,Lost
C011824,510,1,2292.0,2,1,1,Lost
C026976,167,1,2292.0,4,1,1,New or promising
C033341,45,1,2292.0,5,1,1,New or promising
C030402,99,1,2293.0,4,1,1,New or promising
C000058,903,1,2294.0,1,1,1,Lost
C000136,904,1,2294.0,1,1,1,Lost
C000633,883,1,2294.0,1,1,1,Lost
C001086,866,1,2294.0,1,1,1,Lost
C003806,742,1,2294.0,1,1,1,Lost
C005793,685,1,2294.0,1,1,1,Lost
C008884,592,1,2294.0,1,1,1,Lost
C010598,547,1,2294.0,2,1,1,Lost
C011394,519,1,2294.0,2,1,1,Lost
C014500,434,1,2294.0,2,1,1,Lost
C014716,428,1,2294.0,2,1,1,Lost
C015153,411,1,2294.0,2,1,1,Lost
C015231,415,1,2294.0,2,1,1,Lost
C015583,406,1,2294.0,2,1,1,Lost
C016064,393,1,2294.0,2,1,1,Lost
C016968,361,1,2294.0,3,1,1,Needs attention
C017039,365,1,2294.0,3,1,1,Needs attention
C020155,295,1,2294.0,3,1,1,Needs attention
C020390,289,1,2294.0,3,1,1,Needs attention
C021563,261,1,2294.0,3,1,1,Needs attention
C027581,154,1,2294.0,4,1,1,New or promising
C028229,104,1,2294.0,4,1,1,New or promising
C029241,122,1,2294.0,4,1,1,New or promising
C029387,99,2,2294.0,4,3,1,Loyal
C031726,77,1,2294.0,5,1,1,New or promising
C032659,0,1,2294.0,5,1,1,New or promising
C032957,54,1,2294.0,5,1,1,New or promising
C034318,29,1,2294.0,5,1,1,New or promising
C034962,18,1,2294.0,5,1,1,New or promising
C035110,15,1,2294.0,5,1,1,New or promising
C035382,10,1,2294.0,5,1,1,New or promising
C001837,812,2,2298.0,1,3,1,At risk
C005101,681,2,2298.0,1,3,1,At risk
C007495,626,1,2298.0,1,1,1,Lost
C007500,588,2,2298.0,1,3,1,At risk
C009676,565,2,2298.0,2,3,1,At risk
C010364,555,1,2298.0,2,1,1,Lost
C020471,286,1,2298.0,3,1,1,Needs attention
C021008,274,1,2298.0,3,1,1,Needs attention
C021594,250,2,2298.0,3,3,1,Loyal
C022908,196,3,2298.0,4,4,1,Champions
C025520,196,1,2298.0,4,1,1,New or promising
C000274,884,2,2299.0,1,3,1,At risk
C000811,877,1,2299.0,1,1,1,Lost
C001460,850,1,2299.0,1,1,1,Lost
C001468,711,2,2299.0,1,3,1,At risk
C001951,827,1,2299.0,1,1,1,Lost
C002131,819,1,2299.0,1,1,1,Lost
C002327,814,1,2299.0,1,1,1,Lost
C002411,806,1,2299.0,1,1,1,Lost
C002845,780,2,2299.0,1,3,1,At risk
C002994,787,1,2299.0,1,1,1,Lost
C003308,773,1,2299.0,1,1,1,Lost
C005510,685,1,2299.0,1,1,1,Lost
C006005,679,1,2299.0,1,1,1,Lost
C006045,677,1,2299.0,1,1,1,Lost
C006317,668,1,2299.0,1,1,1,Lost
C006403,664,1,2299.0,1,1,1,Lost
C006481,660,1,2299.0,1,1,1,Lost
C007444,628,1,2299.0,1,1,1,Lost
C009504,577,1,2299.0,2,1,1,Lost
C010202,559,1,2299.0,2,1,1,Lost
C010290,557,1,2299.0,2,1,1,Lost
C010359,553,1,2299.0,2,1,1,Lost
C010758,530,1,2299.0,2,1,1,Lost
C011897,495,1,2299.0,2,1,1,Lost
C012209,495,1,2299.0,2,1,1,Lost
C012258,495,1,2299.0,2,1,1,Lost
C012267,491,1,2299.0,2,1,1,Lost
C012418,492,1,2299.0,2,1,1,Lost
C013478,462,1,2299.0,2,1,1,Lost
C013742,448,1,2299.0,2,1,1,Lost
C016443,382,1,2299.0,2,1,1,Lost
C016470,381,1,2299.0,2,1,1,Lost
C016557,379,1,2299.0,2,1,1,Lost
C016975,343,1,2299.0,3,1,1,Needs attention
C017236,361,1,2299.0,3,1,1,Needs attention
C017361,358,1,2299.0,3,1,1,Needs attention
C017871,333,2,2299.0,3,3,1,Loyal
C018373,183,1,2299.0,4,1,1,New or promising
C019682,303,1,2299.0,3,1,1,Needs attention
C020459,282,1,2299.0,3,1,1,Needs attention
C020542,284,1,2299.0,3,1,1,Needs attention
C021776,256,1,2299.0,3,1,1,Needs attention
C023427,194,2,2299.0,4,3,1,Loyal
C024684,209,1,2299.0,4,1,1,New or promising
C025398,179,1,2299.0,4,1,1,New or promising
C025991,187,1,2299.0,4,1,1,New or promising
C026059,181,1,2299.0,4,1,1,New or promising
C026069,185,1,2299.0,4,1,1,New or promising
C026522,176,1,2299.0,4,1,1,New or promising
C027041,166,1,2299.0,4,1,1,New or promising
C027226,162,1,2299.0,4,1,1,New or promising
C027796,68,2,2299.0,5,3,1,Loyal
C028063,108,2,2299.0,4,3,1,Loyal
C029172,117,1,2299.0,4,1,1,New or promising
C029710,103,1,2299.0,4,1,1,New or promising
C029764,110,1,2299.0,4,1,1,New or promising
C029986,100,1,2299.0,4,1,1,New or promising
C030273,104,1,2299.0,4,1,1,New or promising
C030440,102,1,2299.0,4,1,1,New or promising
C030509,56,1,2299.0,5,1,1,New or promising
C030578,82,1,2299.0,5,1,1,New or promising
C031361,77,1,2299.0,5,1,1,New or promising
C031368,83,1,2299.0,5,1,1,New or promising
C032048,71,1,2299.0,5,1,1,New or promising
C032416,64,1,2299.0,5,1,1,New or promising
C032501,59,1,2299.0,5,1,1,New or promising
C032640,60,1,2299.0,5,1,1,New or promising
C032956,47,2,2299.0,5,3,1,Loyal
C033076,43,1,2299.0,5,1,1,New or promising
C033943,30,1,2299.0,5,1,1,New or promising
C034037,35,1,2299.0,5,1,1,New or promising
C034442,26,1,2299.0,5,1,1,New or promising
C035301,12,1,2299.0,5,1,1,New or promising
C035312,11,1,2299.0,5,1,1,New or promising
C035384,10,1,2299.0,5,1,1,New or promising
C035457,9,1,2299.0,5,1,1,New or promising
C004906,701,2,2300.0,1,3,1,At risk
C024344,214,1,2302.0,3,1,1,Needs attention
C025345,199,1,2306.0,4,1,1,New or promising
C015424,334,2,2307.0,3,3,1,Loyal
C009513,577,1,2309.0,2,1,1,Lost
C008454,597,1,2312.0,1,1,1,Lost
C005237,640,2,2318.0,1,3,1,At risk
C008556,596,1,2331.0,1,1,1,Lost
C006017,678,1,2336.0,1,1,1,Lost
C030763,93,1,2336.0,4,1,1,New or promising
C035234,12,1,2336.0,5,1,1,New or promising
C035575,6,1,2336.0,5,1,1,New or promising
C008731,595,1,2338.0,1,1,1,Lost
C013037,466,1,2339.0,2,1,1,Lost
C013064,473,1,2339.0,2,1,1,Lost
C029198,105,1,2339.0,4,1,1,New or promising
C029652,113,1,2339.0,4,1,1,New or promising
C023007,200,1,2340.0,4,1,1,New or promising
C006167,673,1,2347.0,1,1,1,Lost
C009857,486,2,2348.0,2,3,1,At risk
C015371,366,1,2348.0,3,1,1,Needs attention
C018324,335,1,2348.0,3,1,1,Needs attention
C024271,214,1,2348.0,3,1,1,Needs attention
C025578,188,2,2348.0,4,3,1,Loyal
C032964,54,1,2348.0,5,1,1,New or promising
C033207,4,1,2348.0,5,1,1,New or promising
C033735,11,2,2348.0,5,3,1,Loyal
C035600,6,1,2348.0,5,1,1,New or promising
C019005,320,1,2350.0,3,1,1,Needs attention
C008359,599,2,2353.0,1,3,1,At risk
C015276,192,2,2353.0,4,3,1,Loyal
C035381,5,2,2358.0,5,3,1,Loyal
C008834,573,2,2361.0,2,3,1,At risk
C028875,33,2,2363.0,5,3,1,Loyal
C008547,596,1,2368.0,1,1,1,Lost
C008509,578,2,2378.0,2,3,1,At risk
C030061,91,1,2378.0,4,1,1,New or promising
C030968,88,1,2378.0,4,1,1,New or promising
C003508,765,1,2379.0,1,1,1,Lost
C003747,756,1,2379.0,1,1,1,Lost
C005193,703,1,2379.0,1,1,1,Lost
C005612,632,1,2379.0,1,1,1,Lost
C005835,669,1,2379.0,1,1,1,Lost
C011733,513,1,2379.0,2,1,1,Lost
C011827,503,1,2379.0,2,1,1,Lost
C012437,474,1,2379.0,2,1,1,Lost
C013977,445,1,2379.0,2,1,1,Lost
C014547,428,1,2379.0,2,1,1,Lost
C018008,342,1,2379.0,3,1,1,Needs attention
C023787,210,1,2379.0,4,1,1,New or promising
C024715,207,1,2379.0,4,1,1,New or promising
C025679,193,1,2379.0,4,1,1,New or promising
C028651,135,1,2379.0,4,1,1,New or promising
C029398,118,1,2379.0,4,1,1,New or promising
C029939,103,1,2379.0,4,1,1,New or promising
C030353,102,1,2379.0,4,1,1,New or promising
C031519,80,1,2379.0,5,1,1,New or promising
C033856,38,1,2379.0,5,1,1,New or promising
C034553,24,1,2379.0,5,1,1,New or promising
C034996,17,1,2379.0,5,1,1,New or promising
C035707,4,1,2379.0,5,1,1,New or promising
C023303,231,1,2389.0,3,1,1,Needs attention
C011435,511,2,2396.0,2,3,1,At risk
C027069,116,2,2396.0,4,3,1,Loyal
C001696,840,1,2397.0,1,1,1,Lost
C011171,522,1,2397.0,2,1,1,Lost
C011346,305,2,2397.0,3,3,1,Loyal
C028212,143,1,2397.0,4,1,1,New or promising
C030377,103,1,2397.0,4,1,1,New or promising
C003106,782,1,2398.0,1,1,1,Lost
C005618,680,1,2398.0,1,1,1,Lost
C007455,627,2,2398.0,1,3,1,At risk
C008079,584,2,2398.0,1,3,1,At risk
C008408,594,1,2398.0,1,1,1,Lost
C009594,575,1,2398.0,2,1,1,Lost
C013006,355,1,2398.0,3,1,1,Needs attention
C014479,434,1,2398.0,2,1,1,Lost
C016827,371,1,2398.0,2,1,1,Lost
C024006,209,1,2398.0,4,1,1,New or promising
C025924,188,1,2398.0,4,1,1,New or promising
C026598,145,2,2398.0,4,3,1,Loyal
C031173,82,1,2398.0,5,1,1,New or promising
C031227,61,2,2398.0,5,3,1,Loyal
C031524,62,1,2398.0,5,1,1,New or promising
C000235,902,1,2399.0,1,1,1,Lost
C000334,896,1,2399.0,1,1,1,Lost
C000797,748,1,2399.0,1,1,1,Lost
C001731,829,1,2399.0,1,1,1,Lost
C002992,729,1,2399.0,1,1,1,Lost
C003076,783,1,2399.0,1,1,1,Lost
C003463,702,1,2399.0,1,1,1,Lost
C003776,750,1,2399.0,1,1,1,Lost
C004071,735,1,2399.0,1,1,1,Lost
C004185,740,1,2399.0,1,1,1,Lost
C004774,624,1,2399.0,1,1,1,Lost
C005428,695,1,2399.0,1,1,1,Lost
C005434,694,1,2399.0,1,1,1,Lost
C005996,386,1,2399.0,2,1,1,Lost
C006209,672,1,2399.0,1,1,1,Lost
C007325,617,2,2399.0,1,3,1,At risk
C007768,618,1,2399.0,1,1,1,Lost
C008620,578,2,2399.0,2,3,1,At risk
C008895,588,1,2399.0,1,1,1,Lost
C009065,513,1,2399.0,2,1,1,Lost
C009451,578,1,2399.0,2,1,1,Lost
C009824,568,1,2399.0,2,1,1,Lost
C009896,526,1,2399.0,2,1,1,Lost
C013546,457,1,2399.0,2,1,1,Lost
C013969,315,1,2399.0,3,1,1,Needs attention
C014862,425,1,2399.0,2,1,1,Lost
C014991,320,2,2399.0,3,3,1,Loyal
C015111,418,1,2399.0,2,1,1,Lost
C015157,417,1,2399.0,2,1,1,Lost
C015234,415,1,2399.0,2,1,1,Lost
C015656,402,1,2399.0,2,1,1,Lost
C015911,385,2,2399.0,2,3,1,At risk
C016185,389,2,2399.0,2,3,1,At risk
C016769,370,1,2399.0,2,1,1,Lost
C016959,367,1,2399.0,3,1,1,Needs attention
C017666,350,1,2399.0,3,1,1,Needs attention
C017822,346,1,2399.0,3,1,1,Needs attention
C018014,342,1,2399.0,3,1,1,Needs attention
C018308,336,1,2399.0,3,1,1,Needs attention
C018487,330,1,2399.0,3,1,1,Needs attention
C018658,321,1,2399.0,3,1,1,Needs attention
C018836,191,2,2399.0,4,3,1,Loyal
C018912,307,1,2399.0,3,1,1,Needs attention
C020422,284,2,2399.0,3,3,1,Loyal
C020562,263,1,2399.0,3,1,1,Needs attention
C020585,284,1,2399.0,3,1,1,Needs attention
C021556,259,1,2399.0,3,1,1,Needs attention
C021662,258,1,2399.0,3,1,1,Needs attention
C021681,241,1,2399.0,3,1,1,Needs attention
C021739,255,1,2399.0,3,1,1,Needs attention
C021816,255,1,2399.0,3,1,1,Needs attention
C022004,251,1,2399.0,3,1,1,Needs attention
C022258,246,1,2399.0,3,1,1,Needs attention
C023032,231,1,2399.0,3,1,1,Needs attention
C023327,224,1,2399.0,3,1,1,Needs attention
C023463,229,1,2399.0,3,1,1,Needs attention
C023925,220,1,2399.0,3,1,1,Needs attention
C024027,217,1,2399.0,3,1,1,Needs attention
C024376,208,1,2399.0,4,1,1,New or promising
C024490,205,1,2399.0,4,1,1,New or promising
C024607,201,1,2399.0,4,1,1,New or promising
C024923,204,1,2399.0,4,1,1,New or promising
C024983,203,1,2399.0,4,1,1,New or promising
C025068,154,1,2399.0,4,1,1,New or promising
C025870,189,1,2399.0,4,1,1,New or promising
C026044,183,1,2399.0,4,1,1,New or promising
C026365,179,1,2399.0,4,1,1,New or promising
C026590,175,1,2399.0,4,1,1,New or promising
C026946,152,1,2399.0,4,1,1,New or promising
C027023,133,1,2399.0,4,1,1,New or promising
C027101,165,1,2399.0,4,1,1,New or promising
C027490,150,1,2399.0,4,1,1,New or promising
C027622,154,1,2399.0,4,1,1,New or promising
C028643,132,1,2399.0,4,1,1,New or promising
C029346,103,1,2399.0,4,1,1,New or promising
C029798,109,1,2399.0,4,1,1,New or promising
C029942,91,2,2399.0,4,3,1,Loyal
C030223,105,1,2399.0,4,1,1,New or promising
C030301,104,1,2399.0,4,1,1,New or promising
C030453,100,1,2399.0,4,1,1,New or promising
C030515,100,1,2399.0,4,1,1,New or promising
C030895,92,1,2399.0,4,1,1,New or promising
C031015,77,2,2399.0,5,3,1,Loyal
C031378,83,1,2399.0,5,1,1,New or promising
C031421,82,1,2399.0,5,1,1,New or promising
C031682,72,1,2399.0,5,1,1,New or promising
C031708,16,1,2399.0,5,1,1,New or promising
C031960,72,1,2399.0,5,1,1,New or promising
C032236,67,1,2399.0,5,1,1,New or promising
C032593,60,1,2399.0,5,1,1,New or promising
C032793,57,1,2399.0,5,1,1,New or promising
C032882,55,1,2399.0,5,1,1,New or promising
C033138,51,1,2399.0,5,1,1,New or promising
C033444,45,1,2399.0,5,1,1,New or promising
C033623,23,1,2399.0,5,1,1,New or promising
C033627,41,1,2399.0,5,1,1,New or promising
C033931,21,1,2399.0,5,1,1,New or promising
C034222,29,1,2399.0,5,1,1,New or promising
C034331,28,1,2399.0,5,1,1,New or promising
C034524,25,1,2399.0,5,1,1,New or promising
C034591,13,1,2399.0,5,1,1,New or promising
C034731,22,1,2399.0,5,1,1,New or promising
C034802,20,1,2399.0,5,1,1,New or promising
C035270,12,1,2399.0,5,1,1,New or promising
C035400,10,1,2399.0,5,1,1,New or promising
C035410,10,1,2399.0,5,1,1,New or promising
C035481,8,1,2399.0,5,1,1,New or promising
C011986,482,2,2402.0,2,3,1,At risk
C010346,542,2,2403.0,2,3,1,At risk
C012641,458,2,2403.0,2,3,1,At risk
C014496,433,2,2403.0,2,3,1,At risk
C023873,214,1,2403.0,3,1,1,Needs attention
C024255,214,1,2405.0,3,1,1,Needs attention
C028120,103,2,2408.0,4,3,1,Loyal
C017627,322,2,2413.0,3,3,1,Loyal
C030027,102,2,2416.0,4,3,1,Loyal
C000616,886,1,2421.0,1,1,1,Lost
C006789,648,1,2421.0,1,1,1,Lost
C009152,583,1,2421.0,1,1,1,Lost
C018438,177,2,2421.0,4,3,1,Loyal
C032246,67,1,2421.0,5,1,1,New or promising
C033490,37,2,2421.0,5,3,1,Loyal
C033731,40,1,2421.0,5,1,1,New or promising
C001775,815,1,2428.0,1,1,1,Lost
C026318,114,1,2428.0,4,1,1,New or promising
C029372,119,1,2429.0,4,1,1,New or promising
C008644,595,1,2444.0,1,1,1,Lost
C022492,197,1,2445.0,4,1,1,New or promising
C028519,116,2,2445.0,4,3,1,Loyal
C035403,10,1,2447.0,5,1,1,New or promising
C004642,720,1,2448.0,1,1,1,Lost
C004846,716,1,2448.0,1,1,1,Lost
C005117,683,2,2448.0,1,3,1,At risk
C006981,643,1,2448.0,1,1,1,Lost
C009486,569,1,2448.0,2,1,1,Lost
C015249,412,1,2448.0,2,1,1,Lost
C018630,320,2,2448.0,3,3,1,Loyal
C020335,280,2,2448.0,3,3,1,Loyal
C021791,250,1,2448.0,3,1,1,Needs attention
C022271,227,2,2448.0,3,3,1,Loyal
C025029,202,1,2448.0,4,1,1,New or promising
C026735,172,1,2448.0,4,1,1,New or promising
C031028,47,2,2448.0,5,3,1,Loyal
C031692,35,1,2448.0,5,1,1,New or promising
C032151,31,2,2450.0,5,3,1,Loyal
C019093,319,1,2451.0,3,1,1,Needs attention
C030756,95,1,2462.0,4,1,1,New or promising
C000072,908,1,2463.0,1,1,1,Lost
C003858,737,1,2463.0,1,1,1,Lost
C017473,355,1,2463.0,3,1,1,Needs attention
C002475,800,1,2464.0,1,1,1,Lost
C007389,630,1,2464.0,1,1,1,Lost
C011478,519,1,2464.0,2,1,1,Lost
C011767,513,1,2464.0,2,1,1,Lost
C016169,390,1,2464.0,2,1,1,Lost
C016242,388,1,2464.0,2,1,1,Lost
C019189,316,1,2464.0,3,1,1,Needs attention
C019338,314,1,2464.0,3,1,1,Needs attention
C020228,292,1,2464.0,3,1,1,Needs attention
C022358,244,1,2464.0,3,1,1,Needs attention
C023240,227,1,2464.0,3,1,1,Needs attention
C030499,100,1,2464.0,4,1,1,New or promising
C030980,90,1,2464.0,4,1,1,New or promising
C033069,52,1,2464.0,5,1,1,New or promising
C034048,34,1,2464.0,5,1,1,New or promising
C035335,0,1,2464.0,5,1,1,New or promising
C035475,8,1,2464.0,5,1,1,New or promising
C035526,7,1,2464.0,5,1,1,New or promising
C022836,232,1,2466.0,3,1,1,Needs attention
C001769,825,1,2473.0,1,1,1,Lost
C032212,39,2,2477.0,5,3,1,Loyal
C009446,565,2,2481.0,2,3,1,At risk
C009148,565,1,2485.0,2,1,1,Lost
C022983,154,1,2485.0,4,1,1,New or promising
C010878,464,2,2487.0,2,3,1,At risk
C015649,370,2,2490.0,2,3,1,At risk
C024312,214,1,2492.0,3,1,1,Needs attention
C021767,231,2,2494.0,3,3,1,Loyal
C023004,164,2,2494.0,4,3,1,Loyal
C024418,214,1,2496.0,3,1,1,Needs attention
C033148,44,1,2496.0,5,1,1,New or promising
C003152,780,1,2497.0,1,1,1,Lost
C006016,650,2,2497.0,1,3,1,At risk
C003193,672,2,2498.0,1,3,1,At risk
C003612,761,1,2498.0,1,1,1,Lost
C005580,689,1,2498.0,1,1,1,Lost
C005718,686,1,2498.0,1,1,1,Lost
C006583,658,1,2498.0,1,1,1,Lost
C007105,629,1,2498.0,1,1,1,Lost
C007561,624,1,2498.0,1,1,1,Lost
C009190,551,1,2498.0,2,1,1,Lost
C010270,558,1,2498.0,2,1,1,Lost
C010800,541,1,2498.0,2,1,1,Lost
C011512,520,1,2498.0,2,1,1,Lost
C013896,406,1,2498.0,2,1,1,Lost
C014133,442,2,2498.0,2,3,1,At risk
C015777,367,1,2498.0,3,1,1,Needs attention
C016509,380,1,2498.0,2,1,1,Lost
C016586,332,2,2498.0,3,3,1,Loyal
C017858,346,1,2498.0,3,1,1,Needs attention
C019467,300,2,2498.0,3,3,1,Loyal
C019791,293,1,2498.0,3,1,1,Needs attention
C020327,290,1,2498.0,3,1,1,Needs attention
C021845,241,2,2498.0,3,3,1,Loyal
C023842,214,1,2498.0,3,1,1,Needs attention
C024650,210,1,2498.0,4,1,1,New or promising
C025725,165,1,2498.0,4,1,1,New or promising
C025888,84,2,2498.0,5,3,1,Loyal
C027154,164,1,2498.0,4,1,1,New or promising
C027673,153,1,2498.0,4,1,1,New or promising
C028496,137,1,2498.0,4,1,1,New or promising
C029358,119,1,2498.0,4,1,1,New or promising
C029952,108,1,2498.0,4,1,1,New or promising
C030086,70,1,2498.0,5,1,1,New or promising
C030997,49,2,2498.0,5,3,1,Loyal
C031832,75,1,2498.0,5,1,1,New or promising
C032608,60,1,2498.0,5,1,1,New or promising
C033622,3,2,2498.0,5,3,1,Loyal
C035355,11,1,2498.0,5,1,1,New or promising
C001357,855,1,2499.0,1,1,1,Lost
C001898,830,1,2499.0,1,1,1,Lost
C002423,809,1,2499.0,1,1,1,Lost
C003303,774,1,2499.0,1,1,1,Lost
C003549,754,1,2499.0,1,1,1,Lost
C004588,726,1,2499.0,1,1,1,Lost
C005098,694,1,2499.0,1,1,1,Lost
C005890,683,1,2499.0,1,1,1,Lost
C005940,679,1,2499.0,1,1,1,Lost
C006901,646,1,2499.0,1,1,1,Lost
C006969,641,1,2499.0,1,1,1,Lost
C007152,593,1,2499.0,1,1,1,Lost
C007235,636,1,2499.0,1,1,1,Lost
C007659,620,1,2499.0,1,1,1,Lost
C007872,613,1,2499.0,1,1,1,Lost
C008771,591,1,2499.0,1,1,1,Lost
C009131,584,1,2499.0,1,1,1,Lost
C009569,576,1,2499.0,2,1,1,Lost
C009943,563,1,2499.0,2,1,1,Lost
C010961,343,2,2499.0,3,3,1,Loyal
C011212,529,1,2499.0,2,1,1,Lost
C011249,508,1,2499.0,2,1,1,Lost
C012008,498,1,2499.0,2,1,1,Lost
C012099,502,1,2499.0,2,1,1,Lost
C012973,461,1,2499.0,2,1,1,Lost
C013572,458,1,2499.0,2,1,1,Lost
C013770,454,1,2499.0,2,1,1,Lost
C013806,444,2,2499.0,2,3,1,At risk
C014250,439,1,2499.0,2,1,1,Lost
C014808,426,1,2499.0,2,1,1,Lost
C015169,416,1,2499.0,2,1,1,Lost
C016241,388,1,2499.0,2,1,1,Lost
C016712,374,1,2499.0,2,1,1,Lost
C017130,363,1,2499.0,3,1,1,Needs attention
C019285,316,1,2499.0,3,1,1,Needs attention
C019310,312,1,2499.0,3,1,1,Needs attention
C019390,313,1,2499.0,3,1,1,Needs attention
C019841,292,1,2499.0,3,1,1,Needs attention
C020001,298,1,2499.0,3,1,1,Needs attention
C020559,213,1,2499.0,3,1,1,Needs attention
C021042,273,1,2499.0,3,1,1,Needs attention
C021744,257,1,2499.0,3,1,1,Needs attention
C021973,243,1,2499.0,3,1,1,Needs attention
C022161,132,1,2499.0,4,1,1,New or promising
C022465,242,1,2499.0,3,1,1,Needs attention
C022784,233,1,2499.0,3,1,1,Needs attention
C022853,234,1,2499.0,3,1,1,Needs attention
C023532,219,1,2499.0,3,1,1,Needs attention
C023553,227,1,2499.0,3,1,1,Needs attention
C023629,212,1,2499.0,3,1,1,Needs attention
C024789,207,1,2499.0,4,1,1,New or promising
C025089,201,1,2499.0,4,1,1,New or promising
C025111,199,1,2499.0,4,1,1,New or promising
C025908,188,1,2499.0,4,1,1,New or promising
C027181,154,1,2499.0,4,1,1,New or promising
C027463,157,1,2499.0,4,1,1,New or promising
C028742,125,2,2499.0,4,3,1,Loyal
C028762,84,1,2499.0,5,1,1,New or promising
C029167,124,1,2499.0,4,1,1,New or promising
C029296,121,1,2499.0,4,1,1,New or promising
C029437,118,1,2499.0,4,1,1,New or promising
C030130,106,1,2499.0,4,1,1,New or promising
C030295,104,1,2499.0,4,1,1,New or promising
C030710,96,1,2499.0,4,1,1,New or promising
C031791,68,1,2499.0,5,1,1,New or promising
C032757,40,1,2499.0,5,1,1,New or promising
C033245,49,1,2499.0,5,1,1,New or promising
C034295,21,1,2499.0,5,1,1,New or promising
C035391,10,1,2499.0,5,1,1,New or promising
C035637,4,1,2499.0,5,1,1,New or promising
C024273,214,1,2504.0,3,1,1,Needs attention
C006586,658,1,2506.0,1,1,1,Lost
C022707,236,1,2506.0,3,1,1,Needs attention
C023994,214,1,2506.0,3,1,1,Needs attention
C024927,204,1,2506.0,4,1,1,New or promising
C016977,206,3,2511.0,4,4,1,Champions
C022496,199,2,2519.0,4,3,1,Loyal
C030055,107,1,2519.0,4,1,1,New or promising
C005877,684,1,2522.0,1,1,1,Lost
C021251,231,1,2526.0,3,1,1,Needs attention
C025157,200,1,2528.0,4,1,1,New or promising
C024382,214,1,2539.0,3,1,1,Needs attention
C004077,692,2,2547.0,1,3,1,At risk
C008097,592,1,2547.0,1,1,1,Lost
C020603,277,1,2547.0,3,1,1,Needs attention
C000606,757,2,2548.0,1,3,1,At risk
C001118,862,2,2548.0,1,3,1,At risk
C002876,792,1,2548.0,1,1,1,Lost
C004365,560,2,2548.0,2,3,1,At risk
C007707,619,1,2548.0,1,1,1,Lost
C010340,533,2,2548.0,2,3,1,At risk
C010835,462,3,2548.0,2,4,1,At risk
C016306,381,1,2548.0,2,1,1,Lost
C020892,265,2,2548.0,3,3,1,Loyal
C022437,234,1,2548.0,3,1,1,Needs attention
C025450,198,1,2548.0,4,1,1,New or promising
C025818,190,1,2548.0,4,1,1,New or promising
C026247,182,1,2548.0,4,1,1,New or promising
C026723,172,1,2548.0,4,1,1,New or promising
C028151,141,1,2548.0,4,1,1,New or promising
C030327,94,2,2548.0,4,3,1,Loyal
C033002,22,2,2548.0,5,3,1,Loyal
C001668,841,1,2549.0,1,1,1,Lost
C003136,781,1,2549.0,1,1,1,Lost
C004067,746,1,2549.0,1,1,1,Lost
C005537,691,1,2549.0,1,1,1,Lost
C006581,658,1,2549.0,1,1,1,Lost
C009648,573,1,2549.0,2,1,1,Lost
C009682,573,1,2549.0,2,1,1,Lost
C009766,570,1,2549.0,2,1,1,Lost
C011414,522,1,2549.0,2,1,1,Lost
C012339,471,1,2549.0,2,1,1,Lost
C014324,438,1,2549.0,2,1,1,Lost
C017128,363,1,2549.0,3,1,1,Needs attention
C017690,350,1,2549.0,3,1,1,Needs attention
C018071,320,1,2549.0,3,1,1,Needs attention
C019273,316,1,2549.0,3,1,1,Needs attention
C019670,300,1,2549.0,3,1,1,Needs attention
C020078,237,1,2549.0,3,1,1,Needs attention
C020141,295,1,2549.0,3,1,1,Needs attention
C022715,236,1,2549.0,3,1,1,Needs attention
C023017,224,1,2549.0,3,1,1,Needs attention
C023883,220,1,2549.0,3,1,1,Needs attention
C024639,210,1,2549.0,4,1,1,New or promising
C026020,184,1,2549.0,4,1,1,New or promising
C026449,178,1,2549.0,4,1,1,New or promising
C026565,176,1,2549.0,4,1,1,New or promising
C027404,152,1,2549.0,4,1,1,New or promising
C030062,107,1,2549.0,4,1,1,New or promising
C031501,78,1,2549.0,5,1,1,New or promising
C032198,59,1,2549.0,5,1,1,New or promising
C032264,67,1,2549.0,5,1,1,New or promising
C033420,45,1,2549.0,5,1,1,New or promising
C034946,17,1,2549.0,5,1,1,New or promising
C035363,10,1,2549.0,5,1,1,New or promising
C023445,230,1,2555.0,3,1,1,Needs attention
C024204,214,1,2555.0,3,1,1,Needs attention
C028511,103,2,2561.0,4,3,1,Loyal
C025252,200,1,2564.0,4,1,1,New or promising
C004316,337,3,2568.0,3,4,1,Loyal
C009987,565,1,2568.0,2,1,1,Lost
C009129,578,1,2570.0,2,1,1,Lost
C009291,574,2,2570.0,2,3,1,At risk
C005834,685,1,2571.0,1,1,1,Lost
C021202,231,2,2572.0,3,3,1,Loyal
C019068,320,1,2578.0,3,1,1,Needs attention
C008546,596,1,2581.0,1,1,1,Lost
C018906,319,1,2584.0,3,1,1,Needs attention
C009005,566,2,2586.0,2,3,1,At risk
C011232,472,2,2587.0,2,3,1,At risk
C010278,558,1,2590.0,2,1,1,Lost
C012907,477,1,2591.0,2,1,1,Lost
C002806,695,2,2593.0,1,3,1,At risk
C012920,413,2,2597.0,2,3,1,At risk
C014950,359,2,2597.0,3,3,1,Loyal
C018052,330,1,2597.0,3,1,1,Needs attention
C029918,78,2,2597.0,5,3,1,Loyal
C000551,889,1,2598.0,1,1,1,Lost
C001041,863,1,2598.0,1,1,1,Lost
C001254,859,1,2598.0,1,1,2,Lost
C005073,708,1,2598.0,1,1,2,Lost
C005503,693,1,2598.0,1,1,2,Lost
C005801,685,1,2598.0,1,1,2,Lost
C006008,679,1,2598.0,1,1,2,Lost
C006298,669,1,2598.0,1,1,2,Lost
C006884,633,1,2598.0,1,1,2,Lost
C007552,624,1,2598.0,1,1,2,Lost
C007938,612,1,2598.0,1,1,2,Lost
C008848,589,1,2598.0,1,1,2,Lost
C010008,560,1,2598.0,2,1,2,Lost
C010902,538,1,2598.0,2,1,2,Lost
C011473,514,1,2598.0,2,1,2,Lost
C012923,239,3,2598.0,3,4,2,Loyal
C014818,426,1,2598.0,2,1,2,Lost
C015934,396,1,2598.0,2,1,2,Lost
C016895,369,1,2598.0,3,1,2,Needs attention
C017179,362,1,2598.0,3,1,2,Needs attention
C017231,349,1,2598.0,3,1,2,Needs attention
C017662,350,1,2598.0,3,1,2,Needs attention
C019880,301,1,2598.0,3,1,2,Needs attention
C020197,159,2,2598.0,4,3,2,Loyal
C021175,270,1,2598.0,3,1,2,Needs attention
C021612,229,1,2598.0,3,1,2,Needs attention
C021656,254,2,2598.0,3,3,2,Loyal
C022335,245,1,2598.0,3,1,2,Needs attention
C022479,189,2,2598.0,4,3,2,Loyal
C023182,231,1,2598.0,3,1,2,Needs attention
C023710,155,2,2598.0,4,3,2,Loyal
C024141,187,2,2598.0,4,3,2,Loyal
C027458,155,1,2598.0,4,1,2,New or promising
C027710,27,2,2598.0,5,3,2,Loyal
C028009,139,1,2598.0,4,1,2,New or promising
C028332,137,1,2598.0,4,1,2,New or promising
C029959,108,1,2598.0,4,1,2,New or promising
C031172,10,2,2598.0,5,3,2,Loyal
C032268,17,1,2598.0,5,1,2,New or promising
C032917,47,2,2598.0,5,3,2,Loyal
C033237,47,1,2598.0,5,1,2,New or promising
C033985,36,1,2598.0,5,1,2,New or promising
C035314,7,1,2598.0,5,1,2,New or promising
C035512,8,1,2598.0,5,1,2,New or promising
C000025,911,1,2599.0,1,1,2,Lost
C003417,769,1,2599.0,1,1,2,Lost
C004792,717,1,2599.0,1,1,2,Lost
C005443,694,1,2599.0,1,1,2,Lost
C006509,661,1,2599.0,1,1,2,Lost
C008068,609,1,2599.0,1,1,2,Lost
C008982,589,1,2599.0,1,1,2,Lost
C009110,585,1,2599.0,1,1,2,Lost
C009258,545,2,2599.0,2,3,2,At risk
C009295,579,1,2599.0,1,1,2,Lost
C009985,542,1,2599.0,2,1,2,Lost
C011642,516,1,2599.0,2,1,2,Lost
C011652,516,1,2599.0,2,1,2,Lost
C011952,411,1,2599.0,2,1,2,Lost
C012160,497,1,2599.0,2,1,2,Lost
C013017,475,1,2599.0,2,1,2,Lost
C014247,441,1,2599.0,2,1,2,Lost
C014470,434,1,2599.0,2,1,2,Lost
C014587,432,1,2599.0,2,1,2,Lost
C014785,420,1,2599.0,2,1,2,Lost
C015732,397,1,2599.0,2,1,2,Lost
C015820,398,1,2599.0,2,1,2,Lost
C015868,398,1,2599.0,2,1,2,Lost
C016006,350,1,2599.0,3,1,2,Needs attention
C017249,312,1,2599.0,3,1,2,Needs attention
C017708,40,1,2599.0,5,1,2,New or promising
C018145,339,1,2599.0,3,1,2,Needs attention
C018191,338,1,2599.0,3,1,2,Needs attention
C018235,276,1,2599.0,3,1,2,Needs attention
C018251,337,1,2599.0,3,1,2,Needs attention
C018952,312,1,2599.0,3,1,2,Needs attention
C020170,293,1,2599.0,3,1,2,Needs attention
C020760,163,1,2599.0,4,1,2,New or promising
C021336,258,1,2599.0,3,1,2,Needs attention
C021405,264,1,2599.0,3,1,2,Needs attention
C021564,145,1,2599.0,4,1,2,New or promising
C021624,259,1,2599.0,3,1,2,Needs attention
C021784,256,1,2599.0,3,1,2,Needs attention
C021901,254,1,2599.0,3,1,2,Needs attention
C023362,228,1,2599.0,3,1,2,Needs attention
C023673,225,1,2599.0,3,1,2,Needs attention
C024211,214,1,2599.0,3,1,2,Needs attention
C024327,203,1,2599.0,4,1,2,New or promising
C024668,209,1,2599.0,4,1,2,New or promising
C025142,196,1,2599.0,4,1,2,New or promising
C025254,200,1,2599.0,4,1,2,New or promising
C025519,196,1,2599.0,4,1,2,New or promising
C025776,191,1,2599.0,4,1,2,New or promising
C026583,175,1,2599.0,4,1,2,New or promising
C029762,110,1,2599.0,4,1,2,New or promising
C030053,107,1,2599.0,4,1,2,New or promising
C030113,106,1,2599.0,4,1,2,New or promising
C031254,80,1,2599.0,5,1,2,New or promising
C031305,84,1,2599.0,5,1,2,New or promising
C031991,72,1,2599.0,5,1,2,New or promising
C032519,62,1,2599.0,5,1,2,New or promising
C032597,53,2,2599.0,5,3,2,Loyal
C033771,34,1,2599.0,5,1,2,New or promising
C034148,31,1,2599.0,5,1,2,New or promising
C034206,30,1,2599.0,5,1,2,New or promising
C034840,20,1,2599.0,5,1,2,New or promising
C035154,5,1,2599.0,5,1,2,New or promising
C035285,0,1,2599.0,5,1,2,New or promising
C009037,578,1,2601.0,2,1,2,Lost
C023175,231,1,2606.0,3,1,2,Needs attention
C002045,823,1,2608.0,1,1,2,Lost
C025079,201,1,2612.0,4,1,2,New or promising
C024502,213,1,2615.0,3,1,2,Needs attention
C015271,404,2,2616.0,2,3,2,At risk
C029546,102,2,2618.0,4,3,2,Loyal
C018927,320,1,2620.0,3,1,2,Needs attention
C024103,124,2,2630.0,4,3,2,Loyal
C024510,213,1,2631.0,3,1,2,Needs attention
C004194,740,1,2632.0,1,1,2,Lost
C004400,725,1,2633.0,1,1,2,Lost
C027005,155,1,2633.0,4,1,2,New or promising
C031009,56,2,2633.0,5,3,2,Loyal
C002499,806,1,2634.0,1,1,2,Lost
C005325,674,1,2634.0,1,1,2,Lost
C008995,588,1,2634.0,1,1,2,Lost
C014770,424,1,2634.0,2,1,2,Lost
C018103,340,1,2634.0,3,1,2,Needs attention
C019036,317,1,2634.0,3,1,2,Needs attention
C022106,246,1,2634.0,3,1,2,Needs attention
C025108,198,1,2634.0,4,1,2,New or promising
C026412,178,1,2634.0,4,1,2,New or promising
C026801,88,1,2634.0,4,1,2,New or promising
C027285,161,1,2634.0,4,1,2,New or promising
C027528,156,1,2634.0,4,1,2,New or promising
C027779,150,1,2634.0,4,1,2,New or promising
C030752,95,1,2634.0,4,1,2,New or promising
C031340,84,1,2634.0,5,1,2,New or promising
C031829,75,1,2634.0,5,1,2,New or promising
C033900,27,1,2634.0,5,1,2,New or promising
C034605,1,1,2634.0,5,1,2,New or promising
C025160,199,1,2642.0,4,1,2,New or promising
C018917,321,1,2643.0,3,1,2,Needs attention
C023237,231,1,2646.0,3,1,2,Needs attention
C002810,720,2,2647.0,1,3,2,At risk
C009556,576,1,2647.0,2,1,2,Lost
C016585,370,2,2647.0,2,3,2,At risk
C022531,231,1,2647.0,3,1,2,Needs attention
C000700,803,2,2648.0,1,3,2,At risk
C002916,777,2,2648.0,1,3,2,At risk
C011996,323,2,2648.0,3,3,2,Loyal
C014524,427,1,2648.0,2,1,2,Lost
C020576,252,2,2648.0,3,3,2,Loyal
C022862,214,2,2648.0,3,3,2,Loyal
C023795,222,1,2648.0,3,1,2,Needs attention
C026276,181,1,2648.0,4,1,2,New or promising
C017898,339,2,2653.0,3,3,2,Loyal
C028804,104,2,2660.0,4,3,2,Loyal
C010024,565,1,2664.0,2,1,2,Lost
C000170,877,2,2667.0,1,3,2,At risk
C023041,231,1,2668.0,3,1,2,Needs attention
C017239,355,1,2675.0,3,1,2,Needs attention
C003937,749,1,2676.0,1,1,2,Lost
C004039,746,1,2676.0,1,1,2,Lost
C004083,745,1,2676.0,1,1,2,Lost
C017101,364,1,2676.0,3,1,2,Needs attention
C018708,312,1,2676.0,3,1,2,Needs attention
C020667,240,1,2676.0,3,1,2,Needs attention
C026789,171,1,2676.0,4,1,2,New or promising
C035720,4,1,2676.0,5,1,2,New or promising
C023217,231,1,2687.0,3,1,2,Needs attention
C024296,214,1,2688.0,3,1,2,Needs attention
C001658,834,1,2697.0,1,1,2,Lost
C009572,576,1,2697.0,2,1,2,Lost
C010054,565,1,2697.0,2,1,2,Lost
C010149,562,1,2697.0,2,1,2,Lost
C017823,315,2,2697.0,3,3,2,Loyal
C021215,234,1,2697.0,3,1,2,Needs attention
C021798,251,1,2697.0,3,1,2,Needs attention
C022110,243,1,2697.0,3,1,2,Needs attention
C032468,52,1,2697.0,5,1,2,New or promising
C032711,57,1,2697.0,5,1,2,New or promising
C001561,846,1,2698.0,1,1,2,Lost
C002501,706,2,2698.0,1,3,2,At risk
C003801,754,1,2698.0,1,1,2,Lost
C004636,668,2,2698.0,1,3,2,At risk
C009657,570,2,2698.0,2,3,2,At risk
C010948,537,1,2698.0,2,1,2,Lost
C013208,454,1,2698.0,2,1,2,Lost
C016094,392,1,2698.0,2,1,2,Lost
C018963,321,1,2698.0,3,1,2,Needs attention
C019248,312,1,2698.0,3,1,2,Needs attention
C021344,208,2,2698.0,4,3,2,Loyal
C023678,225,1,2698.0,3,1,2,Needs attention
C026411,168,1,2698.0,4,1,2,New or promising
C029232,122,1,2698.0,4,1,2,New or promising
C030162,76,1,2698.0,5,1,2,New or promising
C030748,68,2,2698.0,5,3,2,Loyal
C035792,3,1,2698.0,5,1,2,New or promising
C001567,814,1,2699.0,1,1,2,Lost
C002292,815,1,2699.0,1,1,2,Lost
C002552,774,1,2699.0,1,1,2,Lost
C005866,682,1,2699.0,1,1,2,Lost
C007720,538,1,2699.0,2,1,2,Lost
C007964,610,1,2699.0,1,1,2,Lost
C008599,594,1,2699.0,1,1,2,Lost
C010204,560,1,2699.0,2,1,2,Lost
C011648,499,1,2699.0,2,1,2,Lost
C011668,509,1,2699.0,2,1,2,Lost
C012337,495,1,2699.0,2,1,2,Lost
C012348,494,1,2699.0,2,1,2,Lost
C012499,458,1,2699.0,2,1,2,Lost
C014710,341,2,2699.0,3,3,2,Loyal
C016573,357,1,2699.0,3,1,2,Needs attention
C016734,299,1,2699.0,3,1,2,Needs attention
C018037,341,1,2699.0,3,1,2,Needs attention
C018482,326,1,2699.0,3,1,2,Needs attention
C019374,313,1,2699.0,3,1,2,Needs attention
C019817,297,1,2699.0,3,1,2,Needs attention
C020517,276,2,2699.0,3,3,2,Loyal
C023206,200,1,2699.0,4,1,2,New or promising
C023594,224,1,2699.0,3,1,2,Needs attention
C024298,213,1,2699.0,3,1,2,Needs attention
C024538,212,1,2699.0,4,1,2,New or promising
C025164,198,1,2699.0,4,1,2,New or promising
C025522,196,1,2699.0,4,1,2,New or promising
C026466,177,1,2699.0,4,1,2,New or promising
C027085,147,1,2699.0,4,1,2,New or promising
C027129,153,2,2699.0,4,3,2,Loyal
C028638,135,1,2699.0,4,1,2,New or promising
C029165,124,1,2699.0,4,1,2,New or promising
C029244,109,1,2699.0,4,1,2,New or promising
C029490,108,1,2699.0,4,1,2,New or promising
C030247,104,1,2699.0,4,1,2,New or promising
C030500,100,1,2699.0,4,1,2,New or promising
C031121,88,1,2699.0,4,1,2,New or promising
C031366,83,1,2699.0,5,1,2,New or promising
C031483,65,1,2699.0,5,1,2,New or promising
C031696,77,1,2699.0,5,1,2,New or promising
C032318,65,1,2699.0,5,1,2,New or promising
C033695,40,1,2699.0,5,1,2,New or promising
C034570,19,1,2699.0,5,1,2,New or promising
C034742,21,1,2699.0,5,1,2,New or promising
C035618,6,1,2699.0,5,1,2,New or promising
C035798,3,1,2699.0,5,1,2,New or promising
C022800,214,2,2702.0,3,3,2,Loyal
C024201,214,1,2702.0,3,1,2,Needs attention
C006428,645,2,2703.0,1,3,2,At risk
C024335,201,2,2707.0,4,3,2,Loyal
C001952,667,2,2713.0,1,3,2,At risk
C001889,830,1,2718.0,1,1,2,Lost
C033825,38,1,2718.0,5,1,2,New or promising
C000746,880,1,2719.0,1,1,2,Lost
C002531,805,1,2719.0,1,1,2,Lost
C006277,669,1,2719.0,1,1,2,Lost
C007043,639,1,2719.0,1,1,2,Lost
C010328,556,1,2719.0,2,1,2,Lost
C013013,475,1,2719.0,2,1,2,Lost
C013267,466,1,2719.0,2,1,2,Lost
C013926,449,1,2719.0,2,1,2,Lost
C016232,382,1,2719.0,2,1,2,Lost
C017794,323,1,2719.0,3,1,2,Needs attention
C018022,342,1,2719.0,3,1,2,Needs attention
C018412,328,1,2719.0,3,1,2,Needs attention
C021150,269,1,2719.0,3,1,2,Needs attention
C023570,227,1,2719.0,3,1,2,Needs attention
C024313,211,1,2719.0,4,1,2,New or promising
C025268,178,1,2719.0,4,1,2,New or promising
C026018,180,1,2719.0,4,1,2,New or promising
C026762,172,1,2719.0,4,1,2,New or promising
C027377,155,1,2719.0,4,1,2,New or promising
C028592,135,1,2719.0,4,1,2,New or promising
C031667,78,1,2719.0,5,1,2,New or promising
C032251,67,1,2719.0,5,1,2,New or promising
C032461,8,1,2719.0,5,1,2,New or promising
C032832,55,1,2719.0,5,1,2,New or promising
C033063,52,1,2719.0,5,1,2,New or promising
C033279,48,1,2719.0,5,1,2,New or promising
C034227,21,1,2719.0,5,1,2,New or promising
C034965,18,1,2719.0,5,1,2,New or promising
C035017,17,1,2719.0,5,1,2,New or promising
C007939,578,2,2720.0,1,3,2,At risk
C009803,564,1,2721.0,2,1,2,Lost
C008056,597,1,2722.0,1,1,2,Lost
C018717,319,1,2723.0,3,1,2,Needs attention
C021260,231,3,2727.0,3,4,2,Loyal
C008078,595,1,2729.0,1,1,2,Lost
C023317,231,1,2729.0,3,1,2,Needs attention
C009285,579,1,2733.0,1,1,2,Lost
C024458,213,1,2746.0,3,1,2,Needs attention
C033488,28,3,2746.0,5,4,2,Champions
C002775,783,2,2747.0,1,3,2,At risk
C007194,637,1,2747.0,1,1,2,Lost
C003111,758,2,2748.0,1,3,2,At risk
C003756,743,1,2748.0,1,1,2,Lost
C006566,656,2,2748.0,1,3,2,At risk
C008869,592,1,2748.0,1,1,2,Lost
C011115,531,1,2748.0,2,1,2,Lost
C012505,412,2,2748.0,2,3,2,At risk
C013152,382,2,2748.0,2,3,2,At risk
C016144,312,2,2748.0,3,3,2,Loyal
C016542,369,1,2748.0,3,1,2,Needs attention
C025646,194,1,2748.0,4,1,2,New or promising
C030636,97,1,2748.0,4,1,2,New or promising
C017370,320,1,2755.0,3,1,2,Needs attention
C024545,200,2,2755.0,4,3,2,Loyal
C023677,225,1,2760.0,3,1,2,Needs attention
C001473,809,1,2761.0,1,1,2,Lost
C018455,332,1,2761.0,3,1,2,Needs attention
C019367,313,1,2761.0,3,1,2,Needs attention
C023958,219,1,2761.0,3,1,2,Needs attention
C029677,112,1,2761.0,4,1,2,New or promising
C031512,80,1,2761.0,5,1,2,New or promising
C032394,62,1,2761.0,5,1,2,New or promising
C034768,17,1,2761.0,5,1,2,New or promising
C024512,213,1,2762.0,3,1,2,Needs attention
C022928,232,1,2765.0,3,1,2,Needs attention
C005441,685,2,2766.0,1,3,2,At risk
C024658,200,1,2769.0,4,1,2,New or promising
C005837,685,1,2773.0,1,1,2,Lost
C018038,318,2,2773.0,3,3,2,Loyal
C026739,148,2,2773.0,4,3,2,Loyal
C027885,56,2,2773.0,5,3,2,Loyal
C020986,183,2,2776.0,4,3,2,Loyal
C025183,200,1,2778.0,4,1,2,New or promising
C025382,199,1,2778.0,4,1,2,New or promising
C008163,582,2,2780.0,1,3,2,At risk
C022661,230,1,2785.0,3,1,2,Needs attention
C009283,575,3,2786.0,2,4,2,At risk
C006297,663,2,2788.0,1,3,2,At risk
C024396,214,1,2795.0,3,1,2,Needs attention
C023711,217,1,2796.0,3,1,2,Needs attention
C003480,767,1,2797.0,1,1,2,Lost
C012044,504,1,2797.0,2,1,2,Lost
C018248,313,2,2797.0,3,3,2,Loyal
C024796,23,3,2797.0,5,4,2,Champions
C002104,805,1,2798.0,1,1,2,Lost
C008062,609,1,2798.0,1,1,2,Lost
C008313,540,2,2798.0,2,3,2,At risk
C009626,574,1,2798.0,2,1,2,Lost
C010303,557,1,2798.0,2,1,2,Lost
C019725,305,1,2798.0,3,1,2,Needs attention
C022668,234,1,2798.0,3,1,2,Needs attention
C026648,156,2,2798.0,4,3,2,Loyal
C028488,136,2,2798.0,4,3,2,Loyal
C030333,103,1,2798.0,4,1,2,New or promising
C031183,82,1,2798.0,5,1,2,New or promising
C001493,849,1,2799.0,1,1,2,Lost
C001865,831,1,2799.0,1,1,2,Lost
C002778,783,1,2799.0,1,1,2,Lost
C003762,756,1,2799.0,1,1,2,Lost
C005578,682,1,2799.0,1,1,2,Lost
C006665,618,2,2799.0,1,3,2,At risk
C007108,638,1,2799.0,1,1,2,Lost
C007595,623,1,2799.0,1,1,2,Lost
C008893,289,1,2799.0,3,1,2,Needs attention
C010150,548,1,2799.0,2,1,2,Lost
C010780,541,1,2799.0,2,1,2,Lost
C011731,514,1,2799.0,2,1,2,Lost
C012174,495,1,2799.0,2,1,2,Lost
C012264,497,1,2799.0,2,1,2,Lost
C013107,457,1,2799.0,2,1,2,Lost
C013294,441,2,2799.0,2,3,2,At risk
C013410,463,1,2799.0,2,1,2,Lost
C013628,301,1,2799.0,3,1,2,Needs attention
C014320,432,1,2799.0,2,1,2,Lost
C014421,436,1,2799.0,2,1,2,Lost
C015235,415,1,2799.0,2,1,2,Lost
C017816,346,1,2799.0,3,1,2,Needs attention
C018591,329,1,2799.0,3,1,2,Needs attention
C018787,324,1,2799.0,3,1,2,Needs attention
C021046,273,1,2799.0,3,1,2,Needs attention
C021584,260,1,2799.0,3,1,2,Needs attention
C023477,229,1,2799.0,3,1,2,Needs attention
C026337,180,1,2799.0,4,1,2,New or promising
C027203,161,1,2799.0,4,1,2,New or promising
C027328,130,2,2799.0,4,3,2,Loyal
C027923,145,1,2799.0,4,1,2,New or promising
C028578,132,1,2799.0,4,1,2,New or promising
C028690,134,1,2799.0,4,1,2,New or promising
C029805,110,1,2799.0,4,1,2,New or promising
C031060,30,1,2799.0,5,1,2,New or promising
C032829,33,1,2799.0,5,1,2,New or promising
C033484,44,1,2799.0,5,1,2,New or promising
C033927,36,1,2799.0,5,1,2,New or promising
C034849,20,1,2799.0,5,1,2,New or promising
C034917,18,1,2799.0,5,1,2,New or promising
C034921,18,1,2799.0,5,1,2,New or promising
C035530,7,1,2799.0,5,1,2,New or promising
C035778,3,1,2799.0,5,1,2,New or promising
C019652,306,1,2801.0,3,1,2,Needs attention
C002758,787,1,2803.0,1,1,2,Lost
C015771,401,1,2803.0,2,1,2,Lost
C016948,368,1,2803.0,3,1,2,Needs attention
C020522,285,1,2803.0,3,1,2,Needs attention
C031742,77,1,2803.0,5,1,2,New or promising
C000017,911,1,2804.0,1,1,2,Lost
C001425,851,1,2804.0,1,1,2,Lost
C002120,820,1,2804.0,1,1,2,Lost
C003887,751,1,2804.0,1,1,2,Lost
C005266,701,1,2804.0,1,1,2,Lost
C005521,692,1,2804.0,1,1,2,Lost
C007633,621,1,2804.0,1,1,2,Lost
C008103,608,1,2804.0,1,1,2,Lost
C008589,596,1,2804.0,1,1,2,Lost
C012238,498,1,2804.0,2,1,2,Lost
C012567,489,1,2804.0,2,1,2,Lost
C014046,446,1,2804.0,2,1,2,Lost
C015916,396,1,2804.0,2,1,2,Lost
C017405,356,1,2804.0,3,1,2,Needs attention
C018370,117,2,2804.0,4,3,2,Loyal
C022494,241,1,2804.0,3,1,2,Needs attention
C022620,238,1,2804.0,3,1,2,Needs attention
C023144,231,1,2804.0,3,1,2,Needs attention
C024318,214,1,2804.0,3,1,2,Needs attention
C026877,169,1,2804.0,4,1,2,New or promising
C027520,154,2,2804.0,4,3,2,Loyal
C028415,139,1,2804.0,4,1,2,New or promising
C029032,127,1,2804.0,4,1,2,New or promising
C029953,108,1,2804.0,4,1,2,New or promising
C030203,101,1,2804.0,4,1,2,New or promising
C031114,49,1,2804.0,5,1,2,New or promising
C033802,38,1,2804.0,5,1,2,New or promising
C034858,14,1,2804.0,5,1,2,New or promising
C035555,7,1,2804.0,5,1,2,New or promising
C013864,436,2,2808.0,2,3,2,At risk
C014839,186,2,2808.0,4,3,2,Loyal
C025949,54,2,2808.0,5,3,2,Loyal
C023125,231,1,2814.0,3,1,2,Needs attention
C005843,684,1,2815.0,1,1,2,Lost
C005367,615,2,2826.0,1,3,2,At risk
C013372,464,1,2832.0,2,1,2,Lost
C026456,91,2,2838.0,4,3,2,Loyal
C031860,56,2,2843.0,5,3,2,Loyal
C009904,566,1,2844.0,2,1,2,Lost
C025078,185,1,2844.0,4,1,2,New or promising
C005199,703,1,2845.0,1,1,2,Lost
C023636,226,1,2845.0,3,1,2,Needs attention
C014172,312,2,2846.0,3,3,2,Loyal
C014758,373,1,2846.0,2,1,2,Lost
C027402,158,1,2846.0,4,1,2,New or promising
C030632,97,1,2846.0,4,1,2,New or promising
C034558,24,1,2846.0,5,1,2,New or promising
C001121,864,1,2847.0,1,1,2,Lost
C006760,651,1,2847.0,1,1,2,Lost
C010304,467,3,2847.0,2,4,2,At risk
C010744,497,3,2847.0,2,4,2,At risk
C021937,240,1,2847.0,3,1,2,Needs attention
C023812,222,1,2847.0,3,1,2,Needs attention
C026126,185,1,2847.0,4,1,2,New or promising
C028400,114,3,2847.0,4,4,2,Champions
C030863,88,1,2847.0,4,1,2,New or promising
C003633,760,1,2848.0,1,1,2,Lost
C012860,477,1,2848.0,2,1,2,Lost
C015876,313,2,2848.0,3,3,2,Loyal
C018730,326,1,2848.0,3,1,2,Needs attention
C018934,321,1,2848.0,3,1,2,Needs attention
C030435,102,1,2848.0,4,1,2,New or promising
C009418,578,1,2851.0,2,1,2,Lost
C023719,200,1,2858.0,4,1,2,New or promising
C024519,213,1,2858.0,3,1,2,Needs attention
C008930,578,1,2868.0,2,1,2,Lost
C009423,544,2,2868.0,2,3,2,At risk
C029861,102,2,2868.0,4,3,2,Loyal
C029655,112,1,2878.0,4,1,2,New or promising
C000815,813,1,2879.0,1,1,2,Lost
C027173,120,1,2879.0,4,1,2,New or promising
C029496,114,1,2879.0,4,1,2,New or promising
C029848,109,1,2879.0,4,1,2,New or promising
C030199,102,1,2879.0,4,1,2,New or promising
C008148,578,1,2880.0,2,1,2,Lost
C023359,230,1,2882.0,3,1,2,Needs attention
C023212,231,1,2884.0,3,1,2,Needs attention
C031082,88,1,2886.0,4,1,2,New or promising
C012464,491,1,2888.0,2,1,2,Lost
C018405,333,1,2888.0,3,1,2,Needs attention
C019897,301,1,2888.0,3,1,2,Needs attention
C032743,58,1,2888.0,5,1,2,New or promising
C032764,51,1,2888.0,5,1,2,New or promising
C033757,3,1,2888.0,5,1,2,New or promising
C000260,896,1,2889.0,1,1,2,Lost
C001458,850,1,2889.0,1,1,2,Lost
C004600,725,1,2889.0,1,1,2,Lost
C005526,692,1,2889.0,1,1,2,Lost
C010711,539,1,2889.0,2,1,2,Lost
C014254,440,1,2889.0,2,1,2,Lost
C014255,440,1,2889.0,2,1,2,Lost
C017324,308,1,2889.0,3,1,2,Needs attention
C023748,224,1,2889.0,3,1,2,Needs attention
C030044,107,1,2889.0,4,1,2,New or promising
C030454,101,1,2889.0,4,1,2,New or promising
C033686,31,1,2889.0,5,1,2,New or promising
C034547,24,1,2889.0,5,1,2,New or promising
C023809,200,2,2896.0,4,3,2,Loyal
C029555,110,2,2896.0,4,3,2,Loyal
C002980,776,1,2897.0,1,1,2,Lost
C008635,596,1,2897.0,1,1,2,Lost
C008291,592,1,2898.0,1,1,2,Lost
C012196,477,2,2898.0,2,3,2,At risk
C013740,428,2,2898.0,2,3,2,At risk
C014872,425,1,2898.0,2,1,2,Lost
C016780,373,1,2898.0,2,1,2,Lost
C017970,320,2,2898.0,3,3,2,Loyal
C026444,178,1,2898.0,4,1,2,New or promising
C033555,42,1,2898.0,5,1,2,New or promising
C001879,810,1,2899.0,1,1,2,Lost
C004151,742,1,2899.0,1,1,2,Lost
C004542,726,2,2899.0,1,3,2,At risk
C004970,712,1,2899.0,1,1,2,Lost
C006931,642,1,2899.0,1,1,2,Lost
C009633,570,1,2899.0,2,1,2,Lost
C010406,549,1,2899.0,2,1,2,Lost
C010943,532,1,2899.0,2,1,2,Lost
C011207,486,1,2899.0,2,1,2,Lost
C011744,513,1,2899.0,2,1,2,Lost
C012058,499,1,2899.0,2,1,2,Lost
C012240,498,1,2899.0,2,1,2,Lost
C013503,458,1,2899.0,2,1,2,Lost
C014964,422,1,2899.0,2,1,2,Lost
C016647,370,1,2899.0,2,1,2,Lost
C016678,375,1,2899.0,2,1,2,Lost
C016909,369,1,2899.0,3,1,2,Needs attention
C018246,57,1,2899.0,5,1,2,New or promising
C018698,326,1,2899.0,3,1,2,Needs attention
C019356,314,1,2899.0,3,1,2,Needs attention
C020795,190,1,2899.0,4,1,2,New or promising
C022705,237,1,2899.0,3,1,2,Needs attention
C023130,231,1,2899.0,3,1,2,Needs attention
C023648,226,1,2899.0,3,1,2,Needs attention
C023778,223,1,2899.0,3,1,2,Needs attention
C026261,182,1,2899.0,4,2,2,New or promising
C026797,171,1,2899.0,4,2,2,New or promising
C030176,105,1,2899.0,4,2,2,New or promising
C030538,93,1,2899.0,4,2,2,New or promising
C031888,73,1,2899.0,5,2,2,New or promising
C032217,26,1,2899.0,5,2,2,New or promising
C033009,53,1,2899.0,5,2,2,New or promising
C033713,40,1,2899.0,5,2,2,New or promising
C033897,37,1,2899.0,5,2,2,New or promising
C034081,33,1,2899.0,5,2,2,New or promising
C034466,22,1,2899.0,5,2,2,New or promising
C034494,25,1,2899.0,5,2,2,New or promising
C035282,12,1,2899.0,5,2,2,New or promising
C035796,3,1,2899.0,5,2,2,New or promising
C023207,208,2,2902.0,4,3,2,Loyal
C022961,232,1,2915.0,3,2,2,Needs attention
C019026,320,1,2921.0,3,2,2,Needs attention
C008610,578,2,2923.0,2,3,2,At risk
C025352,199,1,2926.0,4,2,2,New or promising
C023309,231,1,2929.0,3,2,2,Needs attention
C009325,578,1,2930.0,2,2,2,Lost
C006741,652,1,2931.0,1,2,2,Lost
C010693,543,1,2931.0,2,2,2,Lost
C016129,390,1,2931.0,2,2,2,Lost
C017866,345,1,2931.0,3,2,2,Needs attention
C028705,127,1,2931.0,4,2,2,New or promising
C033846,38,1,2931.0,5,2,2,New or promising
C014934,315,3,2939.0,3,4,2,Loyal
C003148,780,1,2946.0,1,2,2,Lost
C019445,309,1,2946.0,3,2,2,Needs attention
C026665,142,2,2946.0,4,3,2,Loyal
C005953,681,1,2947.0,1,2,2,Lost
C006588,593,2,2947.0,1,3,2,At risk
C010423,426,3,2947.0,2,4,2,At risk
C019999,176,1,2947.0,4,2,2,New or promising
C021548,261,1,2947.0,3,2,2,Needs attention
C028722,111,2,2947.0,4,3,2,Loyal
C000132,906,1,2948.0,1,2,2,Lost
C000340,898,1,2948.0,1,2,2,Lost
C004154,737,1,2948.0,1,2,2,Lost
C005308,677,2,2948.0,1,3,2,At risk
C007917,205,2,2948.0,4,3,2,Loyal
C009457,574,1,2948.0,2,2,2,Lost
C009560,576,1,2948.0,2,2,2,Lost
C010371,499,2,2948.0,2,3,2,At risk
C013445,390,1,2948.0,2,2,2,Lost
C013772,453,1,2948.0,2,2,2,Lost
C021485,262,1,2948.0,3,2,2,Needs attention
C022127,210,2,2948.0,4,3,2,Loyal
C022436,226,1,2948.0,3,2,2,Needs attention
C024514,208,1,2948.0,4,2,2,New or promising
C026178,165,2,2948.0,4,3,2,Loyal
C029002,105,3,2948.0,4,4,2,Champions
C029211,50,1,2948.0,5,2,2,New or promising
C029950,101,1,2948.0,4,2,2,New or promising
C031337,84,1,2948.0,5,2,2,New or promising
C031418,82,1,2948.0,5,2,2,New or promising
C032360,60,1,2948.0,5,2,2,New or promising
C035328,11,1,2948.0,5,2,2,New or promising
C026366,150,2,2951.0,4,3,2,Loyal
C024258,214,1,2953.0,3,2,2,Needs attention
C034069,28,2,2953.0,5,3,2,Loyal
C031753,8,2,2958.0,5,3,2,Loyal
C028943,124,2,2963.0,4,3,2,Loyal
C035594,6,1,2972.0,5,2,2,New or promising
C004008,747,1,2973.0,1,2,2,Lost
C006714,653,1,2973.0,1,2,2,Lost
C013778,454,1,2973.0,2,2,2,Lost
C031040,80,1,2973.0,5,2,2,New or promising
C000082,908,1,2974.0,1,2,2,Lost
C004283,691,1,2974.0,1,2,2,Lost
C004534,726,1,2974.0,1,2,2,Lost
C004621,725,1,2974.0,1,2,2,Lost
C006453,663,1,2974.0,1,2,2,Lost
C007886,614,1,2974.0,1,2,2,Lost
C008140,606,1,2974.0,1,2,2,Lost
C008503,586,1,2974.0,1,2,2,Lost
C008685,565,2,2974.0,2,3,2,At risk
C009321,578,1,2974.0,2,2,2,Lost
C010401,533,1,2974.0,2,2,2,Lost
C010531,549,1,2974.0,2,2,2,Lost
C010611,547,1,2974.0,2,2,2,Lost
C011927,502,1,2974.0,2,2,2,Lost
C011955,506,1,2974.0,2,2,2,Lost
C012252,497,1,2974.0,2,2,2,Lost
C012998,466,1,2974.0,2,2,2,Lost
C015046,419,1,2974.0,2,2,2,Lost
C015250,415,1,2974.0,2,2,2,Lost
C015808,398,1,2974.0,2,2,2,Lost
C015863,398,1,2974.0,2,2,2,Lost
C016816,366,1,2974.0,3,2,2,Needs attention
C017118,353,1,2974.0,3,2,2,Needs attention
C018065,340,1,2974.0,3,2,2,Needs attention
C019214,317,1,2974.0,3,2,2,Needs attention
C019223,307,1,2974.0,3,2,2,Needs attention
C020320,252,1,2974.0,3,2,2,Needs attention
C024483,211,1,2974.0,4,2,2,New or promising
C024973,203,1,2974.0,4,2,2,New or promising
C025016,173,2,2974.0,4,3,2,Loyal
C026218,183,1,2974.0,4,2,2,New or promising
C028512,137,1,2974.0,4,2,2,New or promising
C029573,115,1,2974.0,4,2,2,New or promising
C030226,102,1,2974.0,4,2,2,New or promising
C030821,92,1,2974.0,4,2,2,New or promising
C031235,86,1,2974.0,4,2,2,New or promising
C031657,73,1,2974.0,5,2,2,New or promising
C032333,24,1,2974.0,5,2,2,New or promising
C032561,55,1,2974.0,5,2,2,New or promising
C032817,57,1,2974.0,5,2,2,New or promising
C033244,49,1,2974.0,5,2,2,New or promising
C033960,36,1,2974.0,5,2,2,New or promising
C034818,20,1,2974.0,5,2,2,New or promising
C035525,7,1,2974.0,5,2,2,New or promising
C023583,216,2,2976.0,3,3,2,Loyal
C022615,214,1,2981.0,3,2,2,Needs attention
C023471,213,2,2984.0,3,3,2,Loyal
C019555,224,2,2988.0,3,3,2,Loyal
C008027,577,2,2990.0,2,3,2,At risk
C012790,321,2,2992.0,3,3,2,Loyal
C013350,453,1,2996.0,2,2,2,Lost
C020120,183,3,2996.0,4,4,2,Champions
C020111,265,2,2997.0,3,3,2,Loyal
C021851,123,3,2997.0,4,4,2,Champions
C026840,150,2,2997.0,4,3,2,Loyal
C029938,101,1,2997.0,4,2,2,New or promising
C000696,883,1,2998.0,1,2,2,Lost
C003601,740,2,2998.0,1,3,2,At risk
C005544,691,1,2998.0,1,2,2,Lost
C007836,612,1,2998.0,1,2,2,Lost
C008021,578,2,2998.0,2,3,2,At risk
C008093,586,2,2998.0,1,3,2,At risk
C008600,235,2,2998.0,3,3,2,Loyal
C011615,511,1,2998.0,2,2,2,Lost
C014700,383,1,2998.0,2,2,2,Lost
C015474,409,1,2998.0,2,2,2,Lost
C015662,289,3,2998.0,3,4,2,Loyal
C017827,346,1,2998.0,3,2,2,Needs attention
C018044,313,2,2998.0,3,3,2,Loyal
C021737,257,1,2998.0,3,2,2,Needs attention
C024025,208,1,2998.0,4,2,2,New or promising
C027406,157,1,2998.0,4,2,2,New or promising
C029180,53,2,2998.0,5,3,2,Loyal
C032363,57,1,2998.0,5,2,2,New or promising
C032826,53,1,2998.0,5,2,2,New or promising
C034052,33,1,2998.0,5,2,2,New or promising
C034861,19,1,2998.0,5,2,2,New or promising
C000254,902,1,2999.0,1,2,2,Lost
C000932,865,1,2999.0,1,2,2,Lost
C001126,864,1,2999.0,1,2,2,Lost
C001513,842,1,2999.0,1,2,2,Lost
C002212,804,1,2999.0,1,2,2,Lost
C002591,726,1,2999.0,1,2,2,Lost
C002716,798,1,2999.0,1,2,2,Lost
C003358,757,1,2999.0,1,2,2,Lost
C003623,758,1,2999.0,1,2,2,Lost
C003659,759,1,2999.0,1,2,2,Lost
C003729,757,1,2999.0,1,2,2,Lost
C004941,707,1,2999.0,1,2,2,Lost
C005901,683,1,2999.0,1,2,2,Lost
C007085,639,1,2999.0,1,2,2,Lost
C007237,615,2,2999.0,1,3,2,At risk
C007292,632,1,2999.0,1,2,2,Lost
C008907,565,1,2999.0,2,2,2,Lost
C008918,591,1,2999.0,1,2,2,Lost
C009312,570,1,2999.0,2,2,2,Lost
C009523,577,1,2999.0,2,2,2,Lost
C009539,577,1,2999.0,2,2,2,Lost
C009683,561,1,2999.0,2,2,2,Lost
C012097,502,1,2999.0,2,2,2,Lost
C012131,501,1,2999.0,2,2,2,Lost
C013211,468,1,2999.0,2,2,2,Lost
C015821,384,1,2999.0,2,2,2,Lost
C016426,318,2,2999.0,3,3,2,Loyal
C017049,365,1,2999.0,3,2,2,Needs attention
C017423,356,1,2999.0,3,2,2,Needs attention
C017770,346,1,2999.0,3,2,2,Needs attention
C018706,326,1,2999.0,3,2,2,Needs attention
C018961,311,1,2999.0,3,2,2,Needs attention
C020423,288,1,2999.0,3,2,2,Needs attention
C021308,266,1,2999.0,3,2,2,Needs attention
C021697,258,1,2999.0,3,2,2,Needs attention
C023585,224,1,2999.0,3,2,2,Needs attention
C023702,178,1,2999.0,4,2,2,New or promising
C023899,220,1,2999.0,3,2,2,Needs attention
C024326,89,1,2999.0,4,2,2,New or promising
C024417,214,1,2999.0,3,2,2,Needs attention
C024623,210,1,2999.0,4,2,2,New or promising
C025242,195,1,2999.0,4,2,2,New or promising
C025579,195,1,2999.0,4,2,2,New or promising
C025800,188,1,2999.0,4,2,2,New or promising
C027732,151,1,2999.0,4,2,2,New or promising
C028257,79,1,2999.0,5,2,2,New or promising
C028489,137,1,2999.0,4,2,2,New or promising
C028920,127,1,2999.0,4,2,2,New or promising
C029676,112,1,2999.0,4,2,2,New or promising
C030299,73,1,2999.0,5,2,2,New or promising
C030767,94,1,2999.0,4,2,2,New or promising
C031284,71,1,2999.0,5,2,2,New or promising
C032081,70,1,2999.0,5,2,2,New or promising
C033051,51,1,2999.0,5,2,2,New or promising
C033104,51,1,2999.0,5,2,2,New or promising
C034787,21,1,2999.0,5,2,2,New or promising
C034913,19,1,2999.0,5,2,2,New or promising
C035128,15,1,2999.0,5,2,2,New or promising
C004143,709,2,3003.0,1,3,2,At risk
C021426,166,2,3003.0,4,3,2,Loyal
C009320,578,1,3004.0,2,2,2,Lost
C009444,577,1,3006.0,2,2,2,Lost
C028098,107,2,3008.0,4,3,2,Loyal
C005731,683,1,3016.0,1,2,2,Lost
C017164,361,1,3016.0,3,2,2,Needs attention
C017888,345,1,3016.0,3,2,2,Needs attention
C024288,214,1,3016.0,3,2,2,Needs attention
C008887,578,2,3031.0,2,3,2,At risk
C009384,578,1,3035.0,2,2,2,Lost
C025315,200,1,3035.0,4,2,2,New or promising
C008747,595,1,3038.0,1,2,2,Lost
C024826,204,2,3038.0,4,3,2,Loyal
C031137,69,2,3046.0,5,3,2,Loyal
C012389,493,1,3047.0,2,2,2,Lost
C000157,905,1,3048.0,1,2,2,Lost
C003021,786,1,3048.0,1,2,2,Lost
C003057,784,1,3048.0,1,2,2,Lost
C005307,700,1,3048.0,1,2,2,Lost
C006150,485,2,3048.0,2,3,2,At risk
C006885,575,2,3048.0,2,3,2,At risk
C007940,542,1,3048.0,2,2,2,Lost
C008154,603,1,3048.0,1,2,2,Lost
C008465,596,1,3048.0,1,2,2,Lost
C010991,536,1,3048.0,2,2,2,Lost
C012517,484,1,3048.0,2,2,2,Lost
C015472,406,1,3048.0,2,2,2,Lost
C015586,346,2,3048.0,3,3,2,Loyal
C016137,384,2,3048.0,2,3,2,At risk
C030243,104,1,3048.0,4,2,2,New or promising
C034522,25,1,3048.0,5,2,2,New or promising
C035122,15,1,3048.0,5,2,2,New or promising
C022288,223,2,3052.0,3,3,2,Loyal
C002420,808,2,3053.0,1,3,2,At risk
C018255,307,2,3053.0,3,3,2,Loyal
C029669,112,1,3057.0,4,2,2,New or promising
C001200,861,1,3058.0,1,2,2,Lost
C012884,479,1,3058.0,2,2,2,Lost
C012886,458,1,3058.0,2,2,2,Lost
C034437,17,1,3058.0,5,2,2,New or promising
C005142,703,1,3059.0,1,2,2,Lost
C007598,596,1,3059.0,1,2,2,Lost
C008495,597,1,3059.0,1,2,2,Lost
C008818,591,1,3059.0,1,2,2,Lost
C009090,586,1,3059.0,1,2,2,Lost
C010936,537,1,3059.0,2,2,2,Lost
C011898,505,1,3059.0,2,2,2,Lost
C013502,458,1,3059.0,2,2,2,Lost
C014186,379,1,3059.0,2,2,2,Lost
C014570,426,2,3059.0,2,3,2,At risk
C016198,389,1,3059.0,2,2,2,Lost
C017643,351,1,3059.0,3,2,2,Needs attention
C018159,314,1,3059.0,3,2,2,Needs attention
C022094,250,1,3059.0,3,2,2,Needs attention
C022685,237,1,3059.0,3,2,2,Needs attention
C023739,224,1,3059.0,3,2,2,Needs attention
C026909,169,1,3059.0,4,2,2,New or promising
C030590,90,1,3059.0,4,2,2,New or promising
C031438,0,1,3059.0,5,2,2,New or promising
C031891,73,1,3059.0,5,2,2,New or promising
C032960,1,1,3059.0,5,2,2,New or promising
C033285,48,1,3059.0,5,2,2,New or promising
C033570,43,1,3059.0,5,2,2,New or promising
C032143,23,2,3061.0,5,3,2,Loyal
C009403,578,1,3076.0,2,2,2,Lost
C001466,708,3,3079.0,1,4,2,At risk
C013846,386,2,3088.0,2,3,2,At risk
C012086,455,2,3093.0,2,3,2,At risk
C018925,321,1,3093.0,3,2,2,Needs attention
C033255,30,2,3093.0,5,3,2,Loyal
C008543,596,1,3095.0,1,2,2,Lost
C017892,322,2,3096.0,3,3,2,Loyal
C003868,747,2,3097.0,1,3,2,At risk
C007348,630,1,3097.0,1,2,2,Lost
C010471,502,3,3097.0,2,4,2,At risk
C012294,476,1,3097.0,2,2,2,Lost
C018905,129,3,3097.0,4,4,2,Champions
C020882,130,2,3097.0,4,3,2,Loyal
C026821,170,1,3097.0,4,2,2,New or promising
C028211,143,1,3097.0,4,2,2,New or promising
C028602,0,1,3097.0,5,2,2,New or promising
C007959,606,1,3098.0,1,2,2,Lost
C011217,448,2,3098.0,2,3,2,At risk
C018620,325,2,3098.0,3,3,2,Loyal
C019943,298,2,3098.0,3,3,2,Loyal
C021912,231,1,3098.0,3,2,2,Needs attention
C024953,190,2,3098.0,4,3,2,Loyal
C026586,121,2,3098.0,4,3,2,Loyal
C027643,147,2,3098.0,4,3,2,Loyal
C029593,103,2,3098.0,4,3,2,Loyal
C031516,66,1,3098.0,5,2,2,New or promising
C031847,18,2,3098.0,5,3,2,Loyal
C032966,54,1,3098.0,5,2,2,New or promising
C002581,803,1,3099.0,1,2,2,Lost
C003787,754,1,3099.0,1,2,2,Lost
C004245,738,1,3099.0,1,2,2,Lost
C005011,710,1,3099.0,1,2,2,Lost
C005785,681,1,3099.0,1,2,2,Lost
C006290,669,1,3099.0,1,2,2,Lost
C006723,649,1,3099.0,1,2,2,Lost
C007412,625,1,3099.0,1,2,2,Lost
C007477,627,1,3099.0,1,2,2,Lost
C008139,606,1,3099.0,1,2,2,Lost
C009208,580,2,3099.0,1,3,2,At risk
C009673,545,1,3099.0,2,2,2,Lost
C009894,566,1,3099.0,2,2,2,Lost
C010070,564,1,3099.0,2,2,2,Lost
C012613,487,1,3099.0,2,2,2,Lost
C018835,323,1,3099.0,3,2,2,Needs attention
C020339,290,1,3099.0,3,2,2,Needs attention
C020720,281,1,3099.0,3,2,2,Needs attention
C022225,247,1,3099.0,3,2,2,Needs attention
C022453,165,1,3099.0,4,2,2,New or promising
C022650,238,1,3099.0,3,2,2,Needs attention
C022901,233,1,3099.0,3,2,2,Needs attention
C023319,231,1,3099.0,3,2,2,Needs attention
C023494,229,1,3099.0,3,2,2,Needs attention
C023506,228,1,3099.0,3,2,2,Needs attention
C025126,198,1,3099.0,4,2,2,New or promising
C026669,160,1,3099.0,4,2,2,New or promising
C027972,138,1,3099.0,4,2,2,New or promising
C029560,111,1,3099.0,4,2,2,New or promising
C029922,109,1,3099.0,4,2,2,New or promising
C030560,63,1,3099.0,5,2,2,New or promising
C030759,77,2,3099.0,5,3,2,Loyal
C031165,87,1,3099.0,4,2,2,New or promising
C032610,60,1,3099.0,5,2,2,New or promising
C032694,48,1,3099.0,5,2,2,New or promising
C033842,34,1,3099.0,5,2,2,New or promising
C033936,36,1,3099.0,5,2,2,New or promising
C034472,1,1,3099.0,5,2,2,New or promising
C034678,6,1,3099.0,5,2,2,New or promising
C035474,8,1,3099.0,5,2,2,New or promising
C010080,564,1,3100.0,2,2,2,Lost
C013692,448,1,3101.0,2,2,2,Lost
C024648,210,1,3101.0,4,2,2,New or promising
C029409,112,1,3101.0,4,2,2,New or promising
C029664,112,1,3101.0,4,2,2,New or promising
C034057,31,1,3101.0,5,2,2,New or promising
C012974,464,1,3103.0,2,2,2,Lost
C022571,200,1,3104.0,4,2,2,New or promising
C023373,204,2,3106.0,4,3,2,Loyal
C023043,214,1,3112.0,3,2,2,Needs attention
C029158,57,2,3112.0,5,3,2,Loyal
C009379,578,1,3113.0,2,2,2,Lost
C025119,200,1,3115.0,4,2,2,New or promising
C015530,339,2,3133.0,3,3,2,Loyal
C022608,214,2,3138.0,3,3,2,Loyal
C001941,827,1,3143.0,1,2,2,Lost
C011991,448,2,3143.0,2,3,2,At risk
C013092,467,1,3143.0,2,2,2,Lost
C021062,253,1,3143.0,3,2,2,Needs attention
C000775,879,1,3144.0,1,2,2,Lost
C001272,858,1,3144.0,1,2,2,Lost
C003007,786,1,3144.0,1,2,2,Lost
C003614,578,1,3144.0,1,2,2,Lost
C003691,752,1,3144.0,1,2,2,Lost
C004246,729,1,3144.0,1,2,2,Lost
C004673,723,1,3144.0,1,2,2,Lost
C005154,704,1,3144.0,1,2,2,Lost
C005447,694,1,3144.0,1,2,2,Lost
C005795,682,1,3144.0,1,2,2,Lost
C006037,677,1,3144.0,1,2,2,Lost
C006492,660,1,3144.0,1,2,2,Lost
C007669,620,1,3144.0,1,2,2,Lost
C007783,601,2,3144.0,1,3,2,At risk
C008901,591,1,3144.0,1,2,2,Lost
C009276,578,1,3144.0,2,2,2,Lost
C009336,567,1,3144.0,2,2,2,Lost
C009529,577,1,3144.0,2,2,2,Lost
C010223,560,1,3144.0,2,2,2,Lost
C010419,553,1,3144.0,2,2,2,Lost
C010738,542,1,3144.0,2,2,2,Lost
C010842,540,1,3144.0,2,2,2,Lost
C011386,518,1,3144.0,2,2,2,Lost
C013262,466,1,3144.0,2,2,2,Lost
C016189,389,1,3144.0,2,2,2,Lost
C017306,354,1,3144.0,3,2,2,Needs attention
C018651,328,1,3144.0,3,2,2,Needs attention
C019648,304,1,3144.0,3,2,2,Needs attention
C020393,289,1,3144.0,3,2,2,Needs attention
C020679,278,1,3144.0,3,2,2,Needs attention
C020971,268,1,3144.0,3,2,2,Needs attention
C021505,262,1,3144.0,3,2,2,Needs attention
C021740,252,1,3144.0,3,2,2,Needs attention
C025667,71,1,3144.0,5,2,2,New or promising
C027657,153,1,3144.0,4,2,2,New or promising
C027831,149,1,3144.0,4,2,2,New or promising
C029095,117,1,3144.0,4,2,2,New or promising
C029644,113,1,3144.0,4,2,2,New or promising
C029707,105,1,3144.0,4,2,2,New or promising
C030412,101,1,3144.0,4,2,2,New or promising
C031181,86,1,3144.0,4,2,2,New or promising
C031207,86,1,3144.0,4,2,2,New or promising
C031804,75,1,3144.0,5,2,2,New or promising
C032179,68,1,3144.0,5,2,2,New or promising
C032321,62,1,3144.0,5,2,2,New or promising
C032469,63,1,3144.0,5,2,2,New or promising
C032567,41,1,3144.0,5,2,2,New or promising
C032721,58,1,3144.0,5,2,2,New or promising
C032806,56,1,3144.0,5,2,2,New or promising
C033087,50,1,3144.0,5,2,2,New or promising
C033154,37,1,3144.0,5,2,2,New or promising
C033463,37,1,3144.0,5,2,2,New or promising
C033527,30,1,3144.0,5,2,2,New or promising
C033625,42,1,3144.0,5,2,2,New or promising
C034176,31,1,3144.0,5,2,2,New or promising
C034864,19,1,3144.0,5,2,2,New or promising
C035250,13,1,3144.0,5,2,2,New or promising
C035456,9,1,3144.0,5,2,2,New or promising
C035742,4,1,3144.0,5,2,2,New or promising
C000989,866,1,3147.0,1,2,2,Lost
C001370,786,2,3147.0,1,3,2,At risk
C010243,527,2,3147.0,2,3,2,At risk
C016916,368,1,3147.0,3,2,2,Needs attention
C028331,140,1,3147.0,4,2,2,New or promising
C030866,29,3,3147.0,5,4,2,Champions
C033849,28,1,3147.0,5,2,2,New or promising
C000868,875,1,3148.0,1,2,2,Lost
C004681,705,2,3148.0,1,3,2,At risk
C005916,667,1,3148.0,1,2,2,Lost
C009435,504,3,3148.0,2,4,2,At risk
C010306,2,4,3148.0,5,5,2,Champions
C010846,520,2,3148.0,2,3,2,At risk
C015283,407,1,3148.0,2,2,2,Lost
C015819,399,1,3148.0,2,2,2,Lost
C023322,231,1,3148.0,3,2,2,Needs attention
C023813,179,2,3148.0,4,3,2,Loyal
C026663,130,1,3148.0,4,2,2,New or promising
C032983,37,2,3148.0,5,3,2,Loyal
C033902,37,1,3148.0,5,2,2,New or promising
C034041,35,1,3148.0,5,2,2,New or promising
C008430,597,1,3149.0,1,2,2,Lost
C012447,465,1,3149.0,2,2,2,Lost
C028962,128,1,3149.0,4,2,2,New or promising
C029355,110,1,3149.0,4,2,2,New or promising
C030052,107,1,3149.0,4,2,2,New or promising
C004938,558,3,3158.0,2,4,2,At risk
C024560,210,2,3168.0,4,3,2,Loyal
C025920,165,2,3176.0,4,3,2,Loyal
C000715,816,3,3177.0,1,4,2,At risk
C008737,596,1,3185.0,1,2,2,Lost
C005981,669,1,3186.0,1,2,2,Lost
C008351,600,1,3186.0,1,2,2,Lost
C010642,544,1,3186.0,2,2,2,Lost
C018201,334,1,3186.0,3,2,2,Needs attention
C020638,282,1,3186.0,3,2,2,Needs attention
C034663,23,1,3186.0,5,2,2,New or promising
C024346,214,1,3191.0,3,2,2,Needs attention
C009972,517,1,3195.0,2,2,2,Lost
C024848,197,2,3195.0,4,3,2,Loyal
C016956,356,2,3196.0,3,3,2,Loyal
C003552,763,1,3197.0,1,2,2,Lost
C008480,597,1,3197.0,1,2,2,Lost
C026646,157,2,3197.0,4,3,2,Loyal
C000621,886,1,3198.0,1,2,2,Lost
C004468,680,2,3198.0,1,3,2,At risk
C006404,655,1,3198.0,1,2,2,Lost
C008814,594,1,3198.0,1,2,2,Lost
C011754,499,1,3198.0,2,2,2,Lost
C011818,453,2,3198.0,2,3,2,At risk
C012896,478,1,3198.0,2,2,2,Lost
C012963,461,1,3198.0,2,2,2,Lost
C015544,308,2,3198.0,3,3,2,Loyal
C016992,290,1,3198.0,3,2,2,Needs attention
C017287,359,1,3198.0,3,2,2,Needs attention
C025938,124,2,3198.0,4,3,2,Loyal
C027015,161,1,3198.0,4,2,2,New or promising
C027407,98,2,3198.0,4,3,2,Loyal
C029540,52,2,3198.0,5,3,2,Loyal
C034929,18,1,3198.0,5,2,2,New or promising
C000752,879,1,3199.0,1,2,2,Lost
C000784,875,1,3199.0,1,2,2,Lost
C002960,778,1,3199.0,1,2,2,Lost
C003392,770,1,3199.0,1,2,2,Lost
C003627,760,1,3199.0,1,2,2,Lost
C003970,748,1,3199.0,1,2,2,Lost
C005304,700,1,3199.0,1,2,2,Lost
C005985,667,1,3199.0,1,2,2,Lost
C006019,678,1,3199.0,1,2,2,Lost
C006144,660,1,3199.0,1,2,2,Lost
C006710,611,1,3199.0,1,2,2,Lost
C006934,644,1,3199.0,1,2,2,Lost
C007044,629,1,3199.0,1,2,2,Lost
C008677,593,1,3199.0,1,2,2,Lost
C008812,589,1,3199.0,1,2,2,Lost
C008971,589,1,3199.0,1,2,2,Lost
C009045,587,1,3199.0,1,2,2,Lost
C009112,577,1,3199.0,2,2,2,Lost
C009358,578,1,3199.0,2,2,2,Lost
C009600,574,1,3199.0,2,2,2,Lost
C009693,560,1,3199.0,2,2,2,Lost
C009780,557,1,3199.0,2,2,2,Lost
C010786,541,1,3199.0,2,2,2,Lost
C011736,513,1,3199.0,2,2,2,Lost
C013816,451,1,3199.0,2,2,2,Lost
C014096,445,1,3199.0,2,2,2,Lost
C015213,403,1,3199.0,2,2,2,Lost
C015285,398,1,3199.0,2,2,2,Lost
C015358,412,1,3199.0,2,2,2,Lost
C016315,385,1,3199.0,2,2,2,Lost
C017905,334,1,3199.0,3,2,2,Needs attention
C019616,231,2,3199.0,3,3,2,Loyal
C020281,228,1,3199.0,3,2,2,Needs attention
C021073,271,1,3199.0,3,2,2,Needs attention
C021284,267,1,3199.0,3,2,2,Needs attention
C022333,245,1,3199.0,3,2,2,Needs attention
C023436,230,1,3199.0,3,2,2,Needs attention
C023810,222,1,3199.0,3,2,2,Needs attention
C024207,214,1,3199.0,3,2,2,Needs attention
C024521,212,1,3199.0,3,2,2,Needs attention
C027403,21,2,3199.0,5,3,2,Loyal
C028518,136,1,3199.0,4,2,2,New or promising
C028901,130,1,3199.0,4,2,2,New or promising
C029406,118,1,3199.0,4,2,2,New or promising
C029810,106,1,3199.0,4,2,2,New or promising
C030498,100,1,3199.0,4,2,2,New or promising
C030571,98,1,3199.0,4,2,2,New or promising
C030800,94,1,3199.0,4,2,2,New or promising
C031328,83,1,3199.0,5,2,2,New or promising
C031882,70,1,3199.0,5,2,2,New or promising
C032803,57,1,3199.0,5,2,2,New or promising
C032805,57,1,3199.0,5,2,2,New or promising
C033784,29,1,3199.0,5,2,2,New or promising
C034411,27,1,3199.0,5,2,2,New or promising
C035348,6,1,3199.0,5,2,2,New or promising
C035489,6,1,3199.0,5,2,2,New or promising
C015090,385,2,3206.0,2,3,2,At risk
C006521,575,2,3218.0,2,3,2,At risk
C008330,595,1,3218.0,1,2,2,Lost
C016353,321,2,3227.0,3,3,2,Loyal
C011849,507,1,3228.0,2,2,2,Lost
C013130,471,1,3228.0,2,2,2,Lost
C021417,264,1,3228.0,3,2,2,Needs attention
C022206,247,1,3228.0,3,2,2,Needs attention
C035351,11,1,3228.0,5,2,2,New or promising
C004481,729,1,3229.0,1,2,2,Lost
C006199,671,1,3229.0,1,2,2,Lost
C010069,564,1,3229.0,2,2,2,Lost
C015782,396,1,3229.0,2,2,2,Lost
C017290,355,1,3229.0,3,2,2,Needs attention
C026156,184,1,3229.0,4,2,2,New or promising
C026611,175,1,3229.0,4,2,2,New or promising
C035172,14,1,3229.0,5,2,2,New or promising
C028583,104,3,3238.0,4,4,2,Champions
C002093,820,1,3239.0,1,2,2,Lost
C013519,461,1,3239.0,2,2,2,Lost
C021467,96,3,3246.0,4,4,2,Champions
C028111,145,1,3246.0,4,2,2,New or promising
C006917,645,1,3247.0,1,2,2,Lost
C010032,565,1,3247.0,2,2,2,Lost
C031935,73,1,3247.0,5,2,2,New or promising
C008018,602,1,3248.0,1,2,2,Lost
C011623,423,1,3248.0,2,2,2,Lost
C012012,499,2,3248.0,2,3,2,At risk
C012254,497,1,3248.0,2,2,2,Lost
C013718,457,1,3248.0,2,2,2,Lost
C015074,405,2,3248.0,2,3,2,At risk
C015580,406,1,3248.0,2,2,2,Lost
C017335,358,1,3248.0,3,2,2,Needs attention
C020557,261,2,3248.0,3,3,2,Loyal
C024791,207,1,3248.0,4,2,2,New or promising
C024993,108,2,3248.0,4,3,2,Loyal
C026253,182,1,3248.0,4,2,2,New or promising
C029813,54,2,3248.0,5,3,2,Loyal
C031629,78,1,3248.0,5,2,2,New or promising
C025051,125,2,3249.0,4,3,2,Loyal
C007687,578,2,3253.0,1,3,2,At risk
C016465,375,2,3253.0,2,3,2,At risk
C024463,213,1,3267.0,3,2,2,Needs attention
C008411,575,2,3268.0,2,3,2,At risk
C014783,426,1,3271.0,2,2,2,Lost
C016420,241,2,3271.0,3,3,2,Loyal
C028173,140,1,3271.0,4,2,2,New or promising
C022837,231,2,3272.0,3,3,2,Loyal
C024423,214,1,3275.0,3,2,2,Needs attention
C019860,200,2,3276.0,4,3,2,Loyal
C009917,565,1,3278.0,2,2,2,Lost
C024320,214,1,3278.0,3,2,2,Needs attention
C008561,596,1,3293.0,1,2,2,Lost
C007086,331,3,3296.0,3,4,2,Loyal
C020768,264,2,3296.0,3,3,2,Loyal
C024143,215,1,3296.0,3,2,2,Needs attention
C000104,907,1,3297.0,1,2,2,Lost
C002782,785,1,3297.0,1,2,2,Lost
C004895,676,2,3297.0,1,3,2,At risk
C007041,642,1,3297.0,1,2,2,Lost
C007099,640,1,3297.0,1,2,2,Lost
C011043,534,1,3297.0,2,2,2,Lost
C015141,417,1,3297.0,2,2,2,Lost
C021113,271,1,3297.0,3,2,2,Needs attention
C023504,228,1,3297.0,3,2,2,Needs attention
C023878,208,2,3297.0,4,3,2,Loyal
C026139,166,2,3297.0,4,3,2,Loyal
C028043,146,1,3297.0,4,2,2,New or promising
C034888,19,1,3297.0,5,2,2,New or promising
C001786,835,1,3298.0,1,2,2,Lost
C007926,601,2,3298.0,1,3,2,At risk
C008736,596,1,3298.0,1,2,2,Lost
C010590,529,3,3298.0,2,4,2,At risk
C014047,446,1,3298.0,2,2,2,Lost
C014295,439,1,3298.0,2,2,2,Lost
C015274,412,1,3298.0,2,2,2,Lost
C016162,390,1,3298.0,2,2,2,Lost
C016732,374,1,3298.0,2,2,2,Lost
C019379,313,1,3298.0,3,2,2,Needs attention
C019836,302,1,3298.0,3,2,2,Needs attention
C021107,231,2,3298.0,3,3,2,Loyal
C030167,103,1,3298.0,4,2,2,New or promising
C033496,18,2,3298.0,5,3,2,Loyal
C033815,33,2,3298.0,5,3,2,Loyal
C000444,894,1,3299.0,1,2,2,Lost
C000813,728,1,3299.0,1,2,2,Lost
C001488,813,1,3299.0,1,2,2,Lost
C001702,839,1,3299.0,1,2,2,Lost
C002443,784,1,3299.0,1,2,2,Lost
C002923,789,1,3299.0,1,2,2,Lost
C004878,715,1,3299.0,1,2,2,Lost
C004989,711,1,3299.0,1,2,2,Lost
C007551,560,2,3299.0,2,3,2,At risk
C008101,527,1,3299.0,2,2,2,Lost
C008220,590,1,3299.0,1,2,2,Lost
C009067,585,1,3299.0,1,2,2,Lost
C009206,559,1,3299.0,2,2,2,Lost
C009747,570,1,3299.0,2,2,2,Lost
C009951,565,1,3299.0,2,2,2,Lost
C010148,562,1,3299.0,2,2,2,Lost
C010233,527,1,3299.0,2,2,2,Lost
C010573,526,2,3299.0,2,3,2,At risk
C011388,133,1,3299.0,4,2,2,New or promising
C011474,521,1,3299.0,2,2,2,Lost
C011633,516,1,3299.0,2,2,2,Lost
C012298,481,1,3299.0,2,2,2,Lost
C013524,454,1,3299.0,2,2,2,Lost
C014174,441,1,3299.0,2,2,2,Lost
C014816,426,1,3299.0,2,2,2,Lost
C014888,424,1,3299.0,2,2,2,Lost
C015127,417,1,3299.0,2,2,2,Lost
C015363,412,1,3299.0,2,2,2,Lost
C015657,404,1,3299.0,2,2,2,Lost
C015986,395,1,3299.0,2,2,2,Lost
C016764,370,1,3299.0,2,2,2,Lost
C016892,269,1,3299.0,3,2,2,Needs attention
C017227,361,1,3299.0,3,2,2,Needs attention
C017859,346,1,3299.0,3,2,2,Needs attention
C018334,317,1,3299.0,3,2,2,Needs attention
C018650,328,1,3299.0,3,2,2,Needs attention
C020223,285,1,3299.0,3,2,2,Needs attention
C020705,276,1,3299.0,3,2,2,Needs attention
C021048,271,1,3299.0,3,2,2,Needs attention
C022592,216,2,3299.0,3,3,2,Loyal
C022720,225,1,3299.0,3,2,2,Needs attention
C023401,230,1,3299.0,3,2,2,Needs attention
C023980,218,1,3299.0,3,2,2,Needs attention
C024328,203,1,3299.0,4,2,2,New or promising
C025895,189,1,3299.0,4,2,2,New or promising
C026232,182,1,3299.0,4,2,2,New or promising
C026480,177,1,3299.0,4,2,2,New or promising
C026986,167,1,3299.0,4,2,2,New or promising
C027242,162,1,3299.0,4,2,2,New or promising
C028951,129,1,3299.0,4,2,2,New or promising
C029125,107,1,3299.0,4,2,2,New or promising
C029420,118,1,3299.0,4,2,2,New or promising
C030513,100,1,3299.0,4,2,2,New or promising
C031894,73,1,3299.0,5,2,2,New or promising
C031917,73,1,3299.0,5,2,2,New or promising
C032088,70,1,3299.0,5,2,2,New or promising
C032099,68,1,3299.0,5,2,2,New or promising
C032203,68,1,3299.0,5,2,2,New or promising
C032430,53,1,3299.0,5,2,2,New or promising
C033246,49,1,3299.0,5,2,2,New or promising
C034034,35,1,3299.0,5,2,2,New or promising
C034272,29,1,3299.0,5,2,2,New or promising
C035175,14,1,3299.0,5,2,2,New or promising
C026776,124,2,3303.0,4,3,2,Loyal
C008676,596,1,3310.0,1,2,2,Lost
C008892,590,1,3312.0,1,2,2,Lost
C016933,368,1,3312.0,3,2,2,Needs attention
C018121,340,1,3312.0,3,2,2,Needs attention
C022665,237,1,3312.0,3,2,2,Needs attention
C033149,47,1,3312.0,5,2,2,New or promising
C011124,526,1,3313.0,2,2,2,Lost
C026103,185,1,3313.0,4,2,2,New or promising
C000006,911,1,3314.0,1,2,2,Lost
C000014,911,1,3314.0,1,2,2,Lost
C000166,905,1,3314.0,1,2,2,Lost
C001388,789,1,3314.0,1,2,2,Lost
C002013,824,1,3314.0,1,2,2,Lost
C002042,813,1,3314.0,1,2,2,Lost
C002182,818,1,3314.0,1,2,2,Lost
C002632,800,1,3314.0,1,2,2,Lost
C003115,780,1,3314.0,1,2,2,Lost
C003369,771,1,3314.0,1,2,2,Lost
C003838,746,1,3314.0,1,2,2,Lost
C003841,753,1,3314.0,1,2,2,Lost
C003969,746,1,3314.0,1,2,2,Lost
C004421,731,1,3314.0,1,2,2,Lost
C004683,722,1,3314.0,1,2,2,Lost
C005247,701,1,3314.0,1,2,2,Lost
C005312,699,1,3314.0,1,2,2,Lost
C005420,689,1,3314.0,1,2,2,Lost
C005838,685,1,3314.0,1,2,2,Lost
C006133,674,1,3314.0,1,2,2,Lost
C006605,652,1,3314.0,1,2,2,Lost
C007033,642,1,3314.0,1,2,2,Lost
C007460,627,1,3314.0,1,2,2,Lost
C008877,592,1,3314.0,1,2,2,Lost
C009470,578,1,3314.0,2,2,2,Lost
C009607,572,1,3314.0,2,2,2,Lost
C009692,572,1,3314.0,2,2,2,Lost
C009813,501,1,3314.0,2,2,2,Lost
C009918,551,1,3314.0,2,2,2,Lost
C010128,563,1,3314.0,2,2,2,Lost
C010142,562,1,3314.0,2,2,2,Lost
C010320,556,1,3314.0,2,2,2,Lost
C010384,554,1,3314.0,2,2,2,Lost
C010876,489,1,3314.0,2,2,2,Lost
C011233,525,1,3314.0,2,2,2,Lost
C011324,525,1,3314.0,2,2,2,Lost
C011452,521,1,3314.0,2,2,2,Lost
C011765,513,1,3314.0,2,2,2,Lost
C012195,467,1,3314.0,2,2,2,Lost
C012663,477,1,3314.0,2,2,2,Lost
C013132,471,1,3314.0,2,2,2,Lost
C013134,471,1,3314.0,2,2,2,Lost
C013415,460,1,3314.0,2,2,2,Lost
C013490,462,1,3314.0,2,2,2,Lost
C013637,458,1,3314.0,2,2,2,Lost
C013711,457,1,3314.0,2,2,2,Lost
C013899,439,1,3314.0,2,2,2,Lost
C014160,443,1,3314.0,2,2,2,Lost
C014170,443,1,3314.0,2,2,2,Lost
C014317,438,1,3314.0,2,2,2,Lost
C014423,436,1,3314.0,2,2,2,Lost
C014744,427,1,3314.0,2,2,2,Lost
C015930,387,1,3314.0,2,2,2,Lost
C016259,387,1,3314.0,2,2,2,Lost
C016807,372,1,3314.0,2,2,2,Lost
C016990,356,1,3314.0,3,2,2,Needs attention
C018170,338,1,3314.0,3,2,2,Needs attention
C018395,278,1,3314.0,3,2,2,Needs attention
C018403,333,1,3314.0,3,2,2,Needs attention
C018541,325,1,3314.0,3,2,2,Needs attention
C018719,309,1,3314.0,3,2,2,Needs attention
C018945,316,1,3314.0,3,2,2,Needs attention
C019157,314,1,3314.0,3,2,2,Needs attention
C019288,315,1,3314.0,3,2,2,Needs attention
C019451,311,1,3314.0,3,2,2,Needs attention
C019814,302,1,3314.0,3,2,2,Needs attention
C020075,294,1,3314.0,3,2,2,Needs attention
C020224,293,1,3314.0,3,2,2,Needs attention
C020246,292,1,3314.0,3,2,2,Needs attention
C021092,247,2,3314.0,3,3,2,Loyal
C021421,264,1,3314.0,3,2,2,Needs attention
C022355,244,1,3314.0,3,2,2,Needs attention
C023216,150,2,3314.0,4,3,2,Loyal
C023530,227,1,3314.0,3,2,2,Needs attention
C023546,228,1,3314.0,3,2,2,Needs attention
C023756,223,1,3314.0,3,2,2,Needs attention
C024137,215,1,3314.0,3,2,2,Needs attention
C024233,204,1,3314.0,4,2,2,New or promising
C024591,211,1,3314.0,4,2,2,New or promising
C024620,208,1,3314.0,4,2,2,New or promising
C024841,206,1,3314.0,4,2,2,New or promising
C025346,192,1,3314.0,4,2,2,New or promising
C025348,190,1,3314.0,4,2,2,New or promising
C025581,172,1,3314.0,4,2,2,New or promising
C025613,194,1,3314.0,4,2,2,New or promising
C026566,170,1,3314.0,4,2,2,New or promising
C026718,173,1,3314.0,4,2,2,New or promising
C026983,167,1,3314.0,4,2,2,New or promising
C027616,154,1,3314.0,4,2,2,New or promising
C027647,138,1,3314.0,4,2,2,New or promising
C027674,153,1,3314.0,4,2,2,New or promising
C028472,138,1,3314.0,4,2,2,New or promising
C028527,133,1,3314.0,4,2,2,New or promising
C029279,121,1,3314.0,4,2,2,New or promising
C029313,86,1,3314.0,4,2,2,New or promising
C029794,105,1,3314.0,4,2,2,New or promising
C029836,106,1,3314.0,4,2,2,New or promising
C030525,99,1,3314.0,4,2,2,New or promising
C031443,81,1,3314.0,5,2,2,New or promising
C031486,81,1,3314.0,5,2,2,New or promising
C031907,56,1,3314.0,5,2,2,New or promising
C032697,54,1,3314.0,5,2,2,New or promising
C033219,30,1,3314.0,5,2,2,New or promising
C033477,44,1,3314.0,5,2,2,New or promising
C033628,42,1,3314.0,5,2,2,New or promising
C033635,29,1,3314.0,5,2,2,New or promising
C033684,41,1,3314.0,5,2,2,New or promising
C033711,37,1,3314.0,5,2,2,New or promising
C033776,31,1,3314.0,5,2,2,New or promising
C033816,38,1,3314.0,5,2,2,New or promising
C034122,32,1,3314.0,5,2,2,New or promising
C034194,31,1,3314.0,5,2,2,New or promising
C034531,25,1,3314.0,5,2,2,New or promising
C034640,23,1,3314.0,5,2,2,New or promising
C034686,22,1,3314.0,5,2,2,New or promising
C034757,21,1,3314.0,5,2,2,New or promising
C034865,15,1,3314.0,5,2,2,New or promising
C035000,17,1,3314.0,5,2,2,New or promising
C035015,16,1,3314.0,5,2,2,New or promising
C035136,15,1,3314.0,5,2,2,New or promising
C035170,14,1,3314.0,5,2,2,New or promising
C035215,5,1,3314.0,5,2,2,New or promising
C013468,462,1,3329.0,2,2,2,Lost
C023092,106,1,3329.0,4,2,2,New or promising
C029120,125,1,3329.0,4,2,2,New or promising
C029768,104,1,3329.0,4,2,2,New or promising
C024933,10,2,3330.0,5,3,2,Loyal
C019032,231,3,3334.0,3,4,2,Loyal
C015755,160,2,3337.0,4,3,2,Loyal
C022130,243,1,3346.0,3,2,2,Needs attention
C015086,244,2,3347.0,3,3,2,Loyal
C004797,677,2,3348.0,1,3,2,At risk
C005065,641,2,3348.0,1,3,2,At risk
C008338,600,1,3348.0,1,2,2,Lost
C011540,518,2,3348.0,2,3,2,At risk
C011798,462,2,3348.0,2,3,2,At risk
C017420,329,1,3348.0,3,2,2,Needs attention
C018136,304,2,3348.0,3,3,2,Loyal
C020879,263,2,3348.0,3,3,2,Loyal
C023913,207,1,3348.0,4,2,2,New or promising
C024352,206,2,3348.0,4,3,2,Loyal
C025614,194,1,3348.0,4,2,2,New or promising
C027362,159,1,3348.0,4,2,2,New or promising
C028444,76,2,3348.0,5,3,2,Loyal
C029403,41,2,3348.0,5,3,2,Loyal
C023910,198,2,3349.0,4,3,2,Loyal
C006436,614,2,3351.0,1,3,2,At risk
C003939,749,1,3355.0,1,2,2,Lost
C013385,464,1,3355.0,2,2,2,Lost
C003563,762,1,3356.0,1,2,2,Lost
C015223,387,1,3356.0,2,2,2,Lost
C019975,299,1,3356.0,3,2,2,Needs attention
C029630,113,1,3356.0,4,2,2,New or promising
C022586,149,2,3357.0,4,3,2,Loyal
C009898,561,2,3360.0,2,3,2,At risk
C013077,332,2,3363.0,3,3,2,Loyal
C032580,17,2,3366.0,5,3,2,Loyal
C035203,6,2,3366.0,5,3,2,Loyal
C000013,814,2,3368.0,1,3,2,At risk
C012882,458,2,3368.0,2,3,2,At risk
C027750,105,1,3373.0,4,2,2,New or promising
C009383,578,1,3376.0,2,2,2,Lost
C025102,157,2,3377.0,4,3,2,Loyal
C023058,230,1,3390.0,3,2,2,Needs attention
C032060,61,2,3395.0,5,3,2,Loyal
C002107,607,2,3397.0,1,3,2,At risk
C020587,282,1,3397.0,3,2,2,Needs attention
C021517,231,2,3397.0,3,3,2,Loyal
C023562,227,1,3397.0,3,2,2,Needs attention
C025031,7,2,3397.0,5,3,2,Loyal
C025163,186,1,3397.0,4,2,2,New or promising
C030047,104,1,3397.0,4,2,2,New or promising
C034854,20,1,3397.0,5,2,2,New or promising
C003761,752,1,3398.0,1,2,2,Lost
C005056,705,1,3398.0,1,2,2,Lost
C007209,551,2,3398.0,2,3,2,At risk
C010227,547,1,3398.0,2,2,2,Lost
C011354,510,2,3398.0,2,3,2,At risk
C012165,333,2,3398.0,3,3,2,Loyal
C013666,353,2,3398.0,3,3,2,Loyal
C014105,444,1,3398.0,2,2,2,Lost
C015388,407,1,3398.0,2,2,2,Lost
C017326,358,1,3398.0,3,2,2,Needs attention
C018244,337,1,3398.0,3,2,2,Needs attention
C018432,232,1,3398.0,3,2,2,Needs attention
C019258,316,1,3398.0,3,2,2,Needs attention
C021875,254,1,3398.0,3,2,2,Needs attention
C022898,220,1,3398.0,3,2,2,Needs attention
C025909,183,1,3398.0,4,2,2,New or promising
C028628,135,1,3398.0,4,2,2,New or promising
C030404,102,1,3398.0,4,2,2,New or promising
C031150,87,1,3398.0,4,2,2,New or promising
C031296,84,1,3398.0,5,2,2,New or promising
C031602,79,1,3398.0,5,2,2,New or promising
C032688,59,1,3398.0,5,2,2,New or promising
C032989,39,2,3398.0,5,3,2,Loyal
C033298,48,1,3398.0,5,2,2,New or promising
C000077,908,1,3399.0,1,2,2,Lost
C000206,903,1,3399.0,1,2,2,Lost
C000267,892,1,3399.0,1,2,2,Lost
C000577,888,1,3399.0,1,2,2,Lost
C000632,850,1,3399.0,1,2,2,Lost
C000770,879,1,3399.0,1,2,2,Lost
C001035,858,1,3399.0,1,2,2,Lost
C001087,866,1,3399.0,1,2,2,Lost
C001112,864,1,3399.0,1,2,2,Lost
C001141,827,1,3399.0,1,2,2,Lost
C001794,832,1,3399.0,1,2,2,Lost
C003092,642,1,3399.0,1,2,2,Lost
C003153,780,1,3399.0,1,2,2,Lost
C003331,772,1,3399.0,1,2,2,Lost
C003650,756,1,3399.0,1,2,2,Lost
C004121,744,1,3399.0,1,2,2,Lost
C004375,733,1,3399.0,1,2,2,Lost
C004431,730,1,3399.0,1,2,2,Lost
C004460,725,1,3399.0,1,2,2,Lost
C004483,729,1,3399.0,1,2,2,Lost
C004551,722,1,3399.0,1,2,2,Lost
C004652,717,1,3399.0,1,2,2,Lost
C005034,709,1,3399.0,1,2,2,Lost
C005211,702,1,3399.0,1,2,2,Lost
C005717,686,1,3399.0,1,2,2,Lost
C006684,601,1,3399.0,1,2,2,Lost
C006721,653,1,3399.0,1,2,2,Lost
C007148,638,1,3399.0,1,2,2,Lost
C007763,604,1,3399.0,1,2,2,Lost
C007915,613,1,3399.0,1,2,2,Lost
C008713,467,1,3399.0,2,2,2,Lost
C009558,570,1,3399.0,2,2,2,Lost
C009690,569,1,3399.0,2,2,2,Lost
C010152,562,1,3399.0,2,2,2,Lost
C010251,559,1,3399.0,2,2,2,Lost
C010349,516,1,3399.0,2,2,2,Lost
C011596,517,1,3399.0,2,2,2,Lost
C011667,507,1,3399.0,2,2,2,Lost
C011809,511,1,3399.0,2,2,2,Lost
C012442,492,1,3399.0,2,2,2,Lost
C012791,480,1,3399.0,2,2,2,Lost
C013361,464,1,3399.0,2,2,2,Lost
C013797,420,1,3399.0,2,2,2,Lost
C014126,444,1,3399.0,2,2,2,Lost
C014222,441,1,3399.0,2,2,2,Lost
C014841,425,1,3399.0,2,2,2,Lost
C015052,419,1,3399.0,2,2,2,Lost
C015377,408,1,3399.0,2,2,2,Lost
C016158,369,1,3399.0,3,2,2,Needs attention
C016577,340,1,3399.0,3,2,2,Needs attention
C016789,372,1,3399.0,2,2,2,Lost
C016984,355,1,3399.0,3,2,2,Needs attention
C017171,360,1,3399.0,3,2,2,Needs attention
C017512,344,1,3399.0,3,2,2,Needs attention
C017917,345,1,3399.0,3,2,2,Needs attention
C018131,339,1,3399.0,3,2,2,Needs attention
C018596,329,1,3399.0,3,2,2,Needs attention
C018753,325,1,3399.0,3,2,2,Needs attention
C018947,321,1,3399.0,3,2,2,Needs attention
C019296,315,1,3399.0,3,2,2,Needs attention
C019427,312,1,3399.0,3,2,2,Needs attention
C019599,307,1,3399.0,3,2,2,Needs attention
C019853,302,1,3399.0,3,2,2,Needs attention
C020242,290,1,3399.0,3,2,2,Needs attention
C020345,290,1,3399.0,3,2,2,Needs attention
C020354,289,1,3399.0,3,2,2,Needs attention
C020402,288,1,3399.0,3,2,2,Needs attention
C020635,266,1,3399.0,3,2,2,Needs attention
C020642,282,1,3399.0,3,2,2,Needs attention
C020959,273,1,3399.0,3,2,2,Needs attention
C021245,266,1,3399.0,3,2,2,Needs attention
C021250,267,1,3399.0,3,2,2,Needs attention
C021469,263,1,3399.0,3,2,2,Needs attention
C022504,122,1,3399.0,4,2,2,New or promising
C022939,232,1,3399.0,3,2,2,Needs attention
C023486,229,1,3399.0,3,2,2,Needs attention
C023643,191,1,3399.0,4,2,2,New or promising
C024935,204,1,3399.0,4,2,2,New or promising
C025198,198,1,3399.0,4,2,2,New or promising
C025556,195,1,3399.0,4,2,2,New or promising
C025970,187,1,3399.0,4,2,2,New or promising
C025999,171,1,3399.0,4,2,2,New or promising
C026947,2,1,3399.0,5,2,2,New or promising
C027529,156,1,3399.0,4,2,2,New or promising
C027582,154,1,3399.0,4,2,2,New or promising
C029393,104,1,3399.0,4,2,2,New or promising
C029817,59,1,3399.0,5,2,2,New or promising
C030237,104,1,3399.0,4,2,2,New or promising
C030317,103,1,3399.0,4,2,2,New or promising
C030883,72,1,3399.0,5,2,2,New or promising
C032514,62,1,3399.0,5,2,2,New or promising
C032970,54,1,3399.0,5,2,2,New or promising
C033010,53,1,3399.0,5,2,2,New or promising
C033082,51,1,3399.0,5,2,2,New or promising
C033343,47,1,3399.0,5,2,2,New or promising
C033688,41,1,3399.0,5,2,2,New or promising
C033993,35,1,3399.0,5,2,2,New or promising
C034195,31,1,3399.0,5,2,2,New or promising
C034534,25,1,3399.0,5,2,2,New or promising
C034580,24,1,3399.0,5,2,2,New or promising
C034656,23,1,3399.0,5,2,2,New or promising
C034833,20,1,3399.0,5,2,2,New or promising
C035414,4,1,3399.0,5,2,2,New or promising
C035840,2,1,3399.0,5,2,2,New or promising
C001818,812,3,3407.0,1,4,2,At risk
C008716,578,2,3408.0,2,3,2,At risk
C011628,466,2,3408.0,2,3,2,At risk
C009335,565,2,3413.0,2,3,2,At risk
C024511,213,1,3413.0,3,2,2,Needs attention
C008724,596,1,3414.0,1,2,2,Lost
C030032,42,2,3418.0,5,3,2,Loyal
C004385,697,2,3423.0,1,3,2,At risk
C009219,565,2,3424.0,2,3,2,At risk
C014461,419,2,3428.0,2,3,2,At risk
C023106,214,2,3428.0,3,3,2,Loyal
C023127,231,1,3434.0,3,2,2,Needs attention
C028757,109,2,3438.0,4,3,2,Loyal
C010021,565,1,3440.0,2,2,2,Lost
C035693,4,1,3441.0,5,2,2,New or promising
C012673,424,2,3442.0,2,3,2,At risk
C000838,852,2,3445.0,1,3,2,At risk
C031549,71,1,3445.0,5,2,2,New or promising
C003099,699,2,3446.0,1,3,2,At risk
C003644,683,2,3446.0,1,3,2,At risk
C024246,214,1,3446.0,3,2,2,Needs attention
C035493,8,1,3446.0,5,2,2,New or promising
C002308,814,1,3447.0,1,2,2,Lost
C002564,796,1,3447.0,1,2,2,Lost
C011751,513,1,3447.0,2,2,2,Lost
C005643,688,1,3448.0,1,2,2,Lost
C006240,632,2,3448.0,1,3,2,At risk
C006312,664,1,3448.0,1,2,2,Lost
C010828,540,1,3448.0,2,2,2,Lost
C019651,306,1,3448.0,3,2,2,Needs attention
C020831,170,2,3448.0,4,3,2,Loyal
C021085,225,2,3448.0,3,3,2,Loyal
C023762,153,4,3448.0,4,5,2,Champions
C028373,132,2,3448.0,4,3,2,Loyal
C029531,115,1,3448.0,4,2,2,New or promising
C031219,82,1,3448.0,5,2,2,New or promising
C034010,16,1,3448.0,5,2,2,New or promising
C034397,27,1,3448.0,5,2,2,New or promising
C035071,16,1,3448.0,5,2,2,New or promising
C035445,9,1,3448.0,5,2,2,New or promising
C022557,139,2,3452.0,4,3,2,Loyal
C008654,573,2,3453.0,2,3,2,At risk
C001175,860,2,3457.0,1,3,2,At risk
C029983,10,2,3462.0,5,3,2,Loyal
C005746,684,1,3468.0,1,2,2,Lost
C010513,521,3,3472.0,2,4,2,At risk
C010041,565,1,3481.0,2,2,2,Lost
C010186,561,1,3482.0,2,2,2,Lost
C004749,720,1,3483.0,1,2,2,Lost
C022199,243,1,3483.0,3,2,2,Needs attention
C027446,148,1,3483.0,4,2,2,New or promising
C027857,149,1,3483.0,4,2,2,New or promising
C030180,105,1,3483.0,4,2,2,New or promising
C034763,19,1,3483.0,5,2,2,New or promising
C000231,903,1,3484.0,1,2,2,Lost
C000523,890,1,3484.0,1,2,2,Lost
C000691,883,1,3484.0,1,2,2,Lost
C000810,862,1,3484.0,1,2,2,Lost
C001221,860,1,3484.0,1,2,2,Lost
C001243,841,1,3484.0,1,2,2,Lost
C001323,856,1,3484.0,1,2,2,Lost
C001500,841,1,3484.0,1,2,2,Lost
C001969,819,1,3484.0,1,2,2,Lost
C001987,825,1,3484.0,1,2,2,Lost
C002016,824,1,3484.0,1,2,2,Lost
C002223,817,1,3484.0,1,2,2,Lost
C002541,805,1,3484.0,1,2,2,Lost
C002544,796,1,3484.0,1,2,2,Lost
C002821,787,1,3484.0,1,2,2,Lost
C004406,732,1,3484.0,1,2,2,Lost
C004761,719,1,3484.0,1,2,2,Lost
C004973,707,1,3484.0,1,2,2,Lost
C006342,667,1,3484.0,1,2,2,Lost
C006361,666,1,3484.0,1,2,2,Lost
C007025,642,1,3484.0,1,2,2,Lost
C007262,635,1,3484.0,1,2,2,Lost
C007419,629,1,3484.0,1,2,2,Lost
C008902,589,2,3484.0,1,3,2,At risk
C009107,585,1,3484.0,1,2,2,Lost
C010229,535,1,3484.0,2,2,2,Lost
C010671,528,1,3484.0,2,2,2,Lost
C011522,519,1,3484.0,2,2,2,Lost
C012163,495,1,3484.0,2,2,2,Lost
C012324,495,1,3484.0,2,2,2,Lost
C012506,489,1,3484.0,2,2,2,Lost
C013287,456,1,3484.0,2,2,2,Lost
C013473,462,1,3484.0,2,2,2,Lost
C013512,461,1,3484.0,2,2,2,Lost
C013732,457,1,3484.0,2,2,2,Lost
C014297,439,1,3484.0,2,2,2,Lost
C014966,422,1,3484.0,2,2,2,Lost
C015002,421,1,3484.0,2,2,2,Lost
C015138,350,2,3484.0,3,3,2,Loyal
C015684,403,1,3484.0,2,2,2,Lost
C016218,389,1,3484.0,2,2,2,Lost
C016611,333,1,3484.0,3,2,2,Needs attention
C016783,373,1,3484.0,2,2,2,Lost
C017132,354,1,3484.0,3,2,2,Needs attention
C017146,363,1,3484.0,3,2,2,Needs attention
C017184,360,1,3484.0,3,2,2,Needs attention
C017923,216,1,3484.0,3,2,2,Needs attention
C018032,334,1,3484.0,3,2,2,Needs attention
C018695,326,1,3484.0,3,2,2,Needs attention
C019967,289,1,3484.0,3,2,2,Needs attention
C020763,276,1,3484.0,3,2,2,Needs attention
C020793,279,1,3484.0,3,2,2,Needs attention
C021076,263,1,3484.0,3,2,2,Needs attention
C021363,265,1,3484.0,3,2,2,Needs attention
C021601,252,1,3484.0,3,2,2,Needs attention
C022086,244,1,3484.0,3,2,2,Needs attention
C022139,249,1,3484.0,3,2,2,Needs attention
C022924,232,1,3484.0,3,2,2,Needs attention
C022964,232,1,3484.0,3,2,2,Needs attention
C024235,214,1,3484.0,3,2,2,Needs attention
C025663,193,1,3484.0,4,2,2,New or promising
C025707,187,1,3484.0,4,2,2,New or promising
C026070,186,1,3484.0,4,2,2,New or promising
C026324,178,1,3484.0,4,2,2,New or promising
C026798,171,1,3484.0,4,2,2,New or promising
C027141,164,1,3484.0,4,2,2,New or promising
C028594,136,1,3484.0,4,2,2,New or promising
C029507,107,1,3484.0,4,2,2,New or promising
C030182,105,1,3484.0,4,2,2,New or promising
C030374,103,1,3484.0,4,2,2,New or promising
C030843,92,1,3484.0,4,2,2,New or promising
C031026,89,1,3484.0,4,2,2,New or promising
C031223,85,1,3484.0,5,2,2,New or promising
C031344,83,1,3484.0,5,2,2,New or promising
C031363,83,1,3484.0,5,2,2,New or promising
C031399,82,1,3484.0,5,2,2,New or promising
C031539,80,1,3484.0,5,2,2,New or promising
C032125,69,1,3484.0,5,2,2,New or promising
C032315,54,1,3484.0,5,2,2,New or promising
C032536,59,1,3484.0,5,2,2,New or promising
C032628,60,1,3484.0,5,2,2,New or promising
C032724,58,1,3484.0,5,2,2,New or promising
C033165,46,1,3484.0,5,2,2,New or promising
C033194,40,1,3484.0,5,2,2,New or promising
C033521,43,1,3484.0,5,2,2,New or promising
C033966,36,1,3484.0,5,2,2,New or promising
C033981,36,1,3484.0,5,2,2,New or promising
C034006,35,1,3484.0,5,2,2,New or promising
C034154,31,1,3484.0,5,2,2,New or promising
C034252,26,1,3484.0,5,2,2,New or promising
C034319,29,1,3484.0,5,2,2,New or promising
C034487,25,1,3484.0,5,2,2,New or promising
C034857,19,1,3484.0,5,2,2,New or promising
C034900,19,1,3484.0,5,2,2,New or promising
C034916,13,1,3484.0,5,2,2,New or promising
C035044,16,1,3484.0,5,2,2,New or promising
C035116,15,1,3484.0,5,2,2,New or promising
C035229,8,1,3484.0,5,2,2,New or promising
C035276,12,1,3484.0,5,2,2,New or promising
C035284,5,1,3484.0,5,2,2,New or promising
C035554,7,1,3484.0,5,2,2,New or promising
C035607,4,1,3484.0,5,2,2,New or promising
C001683,817,2,3493.0,1,3,2,At risk
C012543,462,1,3496.0,2,2,2,Lost
C022916,232,1,3496.0,3,2,2,Needs attention
C028282,141,1,3496.0,4,2,2,New or promising
C005886,576,3,3497.0,2,4,2,At risk
C011291,174,3,3497.0,4,4,2,Champions
C013808,402,2,3497.0,2,3,2,At risk
C031073,78,2,3497.0,5,3,2,Loyal
C003209,762,2,3498.0,1,3,2,At risk
C007851,593,2,3498.0,1,3,2,At risk
C008094,368,3,3498.0,3,4,2,Loyal
C008821,535,2,3498.0,2,3,2,At risk
C008845,456,2,3498.0,2,3,2,At risk
C014823,312,3,3498.0,3,4,2,Loyal
C016152,376,1,3498.0,2,2,2,Lost
C016802,361,1,3498.0,3,2,2,Needs attention
C016847,371,1,3498.0,2,2,2,Lost
C017105,364,1,3498.0,3,2,2,Needs attention
C018451,332,1,3498.0,3,2,2,Needs attention
C020496,286,1,3498.0,3,2,2,Needs attention
C021100,262,1,3498.0,3,2,2,Needs attention
C026249,159,2,3498.0,4,3,2,Loyal
C029713,109,1,3498.0,4,2,2,New or promising
C029944,2,2,3498.0,5,3,2,Loyal
C031814,67,1,3498.0,5,2,2,New or promising
C032191,68,1,3498.0,5,2,2,New or promising
C033189,43,2,3498.0,5,3,2,Loyal
C034637,23,1,3498.0,5,2,2,New or promising
C034810,13,2,3498.0,5,3,2,Loyal
C035366,10,1,3498.0,5,2,2,New or promising
C000135,867,1,3499.0,1,2,2,Lost
C001755,837,1,3499.0,1,2,2,Lost
C002492,807,1,3499.0,1,2,2,Lost
C002957,788,1,3499.0,1,2,2,Lost
C003059,784,1,3499.0,1,2,2,Lost
C003657,759,1,3499.0,1,2,2,Lost
C003710,753,1,3499.0,1,2,2,Lost
C003932,731,2,3499.0,1,3,2,At risk
C004449,730,1,3499.0,1,2,2,Lost
C005002,711,1,3499.0,1,2,2,Lost
C005019,684,2,3499.0,1,3,2,At risk
C005660,688,1,3499.0,1,2,2,Lost
C006033,677,1,3499.0,1,2,2,Lost
C006053,677,1,3499.0,1,2,2,Lost
C006708,654,1,3499.0,1,2,2,Lost
C006906,646,1,3499.0,1,2,2,Lost
C007202,637,1,3499.0,1,2,2,Lost
C008134,607,1,3499.0,1,2,2,Lost
C008340,600,1,3499.0,1,2,2,Lost
C008697,596,1,3499.0,1,2,2,Lost
C009170,583,1,3499.0,1,2,2,Lost
C009220,581,1,3499.0,1,2,2,Lost
C009344,578,1,3499.0,2,2,2,Lost
C011169,529,1,3499.0,2,2,2,Lost
C011873,502,1,3499.0,2,2,2,Lost
C012378,489,1,3499.0,2,2,2,Lost
C012564,489,1,3499.0,2,2,2,Lost
C013636,456,1,3499.0,2,2,2,Lost
C014159,443,1,3499.0,2,2,2,Lost
C014514,433,1,3499.0,2,2,2,Lost
C014608,431,1,3499.0,2,2,2,Lost
C014738,421,1,3499.0,2,2,2,Lost
C016086,388,2,3499.0,2,3,2,At risk
C016486,369,1,3499.0,3,2,2,Needs attention
C016735,374,1,3499.0,2,2,2,Lost
C016750,371,2,3499.0,2,3,2,At risk
C017140,363,1,3499.0,3,2,2,Needs attention
C017973,343,1,3499.0,3,2,2,Needs attention
C018178,334,1,3499.0,3,2,2,Needs attention
C018791,324,1,3499.0,3,2,2,Needs attention
C019041,316,1,3499.0,3,2,2,Needs attention
C019132,318,1,3499.0,3,2,2,Needs attention
C019690,306,1,3499.0,3,2,2,Needs attention
C020084,296,1,3499.0,3,2,2,Needs attention
C020302,289,1,3499.0,3,2,2,Needs attention
C020748,280,1,3499.0,3,2,2,Needs attention
C021252,220,1,3499.0,3,2,2,Needs attention
C021374,265,1,3499.0,3,2,2,Needs attention
C021457,263,1,3499.0,3,2,2,Needs attention
C022346,244,1,3499.0,3,2,2,Needs attention
C023612,226,1,3499.0,3,2,2,Needs attention
C024356,214,1,3499.0,3,2,2,Needs attention
C024385,214,1,3499.0,3,2,2,Needs attention
C025033,195,1,3499.0,4,2,2,New or promising
C025377,77,2,3499.0,5,3,2,Loyal
C025405,198,1,3499.0,4,2,2,New or promising
C025435,176,1,3499.0,4,2,2,New or promising
C025611,194,1,3499.0,4,2,2,New or promising
C025661,193,1,3499.0,4,2,2,New or promising
C026733,171,1,3499.0,4,2,2,New or promising
C027012,164,2,3499.0,4,3,2,Loyal
C027855,143,1,3499.0,4,2,2,New or promising
C028390,139,1,3499.0,4,2,2,New or promising
C028910,126,1,3499.0,4,2,2,New or promising
C029091,104,1,3499.0,4,2,2,New or promising
C030066,105,1,3499.0,4,2,2,New or promising
C030394,102,1,3499.0,4,2,2,New or promising
C030984,90,1,3499.0,4,2,2,New or promising
C031944,73,1,3499.0,5,2,2,New or promising
C032186,68,1,3499.0,5,2,2,New or promising
C032873,55,1,3499.0,5,2,2,New or promising
C033022,52,1,3499.0,5,2,2,New or promising
C033050,44,1,3499.0,5,2,2,New or promising
C033267,44,1,3499.0,5,2,2,New or promising
C033338,47,1,3499.0,5,2,2,New or promising
C033870,31,1,3499.0,5,2,2,New or promising
C034679,22,1,3499.0,5,2,2,New or promising
C035288,12,1,3499.0,5,2,2,New or promising
C035451,8,1,3499.0,5,2,2,New or promising
C035563,7,1,3499.0,5,2,2,New or promising
C035645,5,1,3499.0,5,2,2,New or promising
C009097,579,1,3504.0,1,2,2,Lost
C023251,230,1,3504.0,3,2,2,Needs attention
C012843,480,1,3507.0,2,2,2,Lost
C012800,482,1,3508.0,2,2,2,Lost
C013365,413,1,3509.0,2,2,2,Lost
C013443,462,1,3509.0,2,2,2,Lost
C025697,106,1,3509.0,4,2,2,New or promising
C030364,103,1,3509.0,4,2,2,New or promising
C008569,542,2,3510.0,2,3,2,At risk
C004697,643,3,3512.0,1,4,2,At risk
C016928,214,2,3519.0,3,3,2,Loyal
C008378,596,2,3520.0,1,3,2,At risk
C000202,899,2,3524.0,1,3,2,At risk
C034633,23,1,3525.0,5,2,2,New or promising
C003506,765,1,3526.0,1,2,2,Lost
C012062,503,1,3526.0,2,2,2,Lost
C016710,369,1,3526.0,3,2,2,Needs attention
C018297,314,2,3526.0,3,3,2,Loyal
C026597,175,1,3526.0,4,2,2,New or promising
C008050,565,2,3527.0,2,3,2,At risk
C010852,472,2,3528.0,2,3,2,At risk
C007668,596,2,3529.0,1,3,2,At risk
C009386,578,1,3536.0,2,2,2,Lost
C009957,565,1,3538.0,2,2,2,Lost
C001725,782,2,3543.0,1,3,2,At risk
C033239,10,2,3543.0,5,3,2,Loyal
C012939,453,2,3545.0,2,3,2,At risk
C009484,578,1,3546.0,2,2,2,Lost
C012392,270,2,3546.0,3,3,2,Loyal
C005710,683,1,3548.0,1,2,2,Lost
C006868,631,1,3548.0,1,2,2,Lost
C009997,561,1,3548.0,2,2,2,Lost
C011778,512,1,3548.0,2,2,2,Lost
C012260,496,1,3548.0,2,2,2,Lost
C012441,492,1,3548.0,2,2,2,Lost
C017115,363,1,3548.0,3,2,2,Needs attention
C021057,260,1,3548.0,3,2,2,Needs attention
C024994,190,1,3548.0,4,2,2,New or promising
C026660,161,2,3548.0,4,3,2,Loyal
C029844,19,2,3548.0,5,3,2,Loyal
C030604,50,2,3548.0,5,3,2,Loyal
C033243,18,2,3548.0,5,3,2,Loyal
C035732,4,1,3548.0,5,2,2,New or promising
C022945,232,1,3552.0,3,2,2,Needs attention
C024375,214,1,3556.0,3,2,2,Needs attention
C021424,231,1,3558.0,3,2,2,Needs attention
C020778,214,3,3559.0,3,4,2,Loyal
C023956,196,2,3560.0,4,3,2,Loyal
C024454,50,2,3560.0,5,3,2,Loyal
C005845,684,1,3561.0,1,2,2,Lost
C007736,566,3,3562.0,2,4,2,At risk
C024260,214,1,3564.0,3,2,2,Needs attention
C025615,194,1,3567.0,4,2,2,New or promising
C034893,19,1,3567.0,5,2,2,New or promising
C001122,864,1,3568.0,1,2,2,Lost
C002225,817,1,3568.0,1,2,2,Lost
C003860,752,1,3568.0,1,2,2,Lost
C010108,563,1,3568.0,2,2,2,Lost
C013575,460,1,3568.0,2,2,2,Lost
C020616,283,1,3568.0,3,2,2,Needs attention
C023211,231,1,3568.0,3,2,2,Needs attention
C028193,142,2,3568.0,4,3,2,Loyal
C032827,56,1,3568.0,5,2,2,New or promising
C035539,6,1,3568.0,5,2,2,New or promising
C002783,794,1,3569.0,1,2,2,Lost
C008004,593,1,3569.0,1,2,2,Lost
C008326,601,1,3569.0,1,2,2,Lost
C012011,505,1,3569.0,2,2,2,Lost
C024149,211,1,3569.0,4,2,2,New or promising
C032848,12,1,3569.0,5,2,2,New or promising
C034405,27,1,3569.0,5,2,2,New or promising
C034959,18,1,3569.0,5,2,2,New or promising
C035545,7,1,3569.0,5,2,2,New or promising
C028223,139,2,3570.0,4,3,2,Loyal
C029291,88,2,3572.0,4,3,2,Loyal
C014685,344,2,3573.0,3,3,2,Loyal
C021557,187,3,3581.0,4,4,2,Champions
C024132,215,1,3582.0,3,2,2,Needs attention
C009979,565,1,3584.0,2,2,2,Lost
C023053,231,1,3584.0,3,2,2,Needs attention
C023431,230,1,3584.0,3,2,2,Needs attention
C025220,200,1,3584.0,4,2,2,New or promising
C009309,220,3,3586.0,3,4,2,Loyal
C005679,673,2,3592.0,1,3,2,At risk
C027303,114,2,3592.0,4,3,2,Loyal
C033325,47,1,3596.0,5,2,2,New or promising
C005005,688,2,3597.0,1,3,2,At risk
C008199,535,2,3597.0,2,3,2,At risk
C015298,356,2,3597.0,3,3,2,Loyal
C028008,50,2,3597.0,5,3,2,Loyal
C034610,18,1,3597.0,5,2,2,New or promising
C001901,809,1,3598.0,1,2,2,Lost
C004629,683,2,3598.0,1,3,2,At risk
C005127,675,2,3598.0,1,3,2,At risk
C006387,665,1,3598.0,1,2,2,Lost
C012863,444,2,3598.0,2,3,2,At risk
C015616,391,1,3598.0,2,2,2,Lost
C025226,156,1,3598.0,4,2,2,New or promising
C025441,196,1,3598.0,4,2,2,New or promising
C028368,106,2,3598.0,4,3,2,Loyal
C030940,79,2,3598.0,5,3,2,Loyal
C031398,44,2,3598.0,5,3,2,Loyal
C031994,72,1,3598.0,5,2,2,New or promising
C032402,43,2,3598.0,5,3,2,Loyal
C033781,8,1,3598.0,5,2,2,New or promising
C034121,32,1,3598.0,5,2,2,New or promising
C034232,30,1,3598.0,5,2,2,New or promising
C034246,15,1,3598.0,5,2,2,New or promising
C034634,23,1,3598.0,5,2,2,New or promising
C034791,21,1,3598.0,5,2,2,New or promising
C034798,5,1,3598.0,5,2,2,New or promising
C002271,689,1,3599.0,1,2,2,Lost
C003983,744,1,3599.0,1,2,2,Lost
C004127,743,1,3599.0,1,2,2,Lost
C004324,726,1,3599.0,1,2,2,Lost
C004391,622,2,3599.0,1,3,2,At risk
C005363,695,1,3599.0,1,2,2,Lost
C007016,640,1,3599.0,1,2,2,Lost
C007428,619,1,3599.0,1,2,2,Lost
C008742,595,1,3599.0,1,2,2,Lost
C009414,571,1,3599.0,2,2,2,Lost
C010610,539,1,3599.0,2,2,2,Lost
C011280,524,1,3599.0,2,2,2,Lost
C011467,514,1,3599.0,2,2,2,Lost
C013177,450,1,3599.0,2,2,2,Lost
C013497,326,1,3599.0,3,2,2,Needs attention
C014277,339,1,3599.0,3,2,2,Needs attention
C014849,328,1,3599.0,3,2,2,Needs attention
C015686,396,1,3599.0,2,2,2,Lost
C016608,378,1,3599.0,2,2,2,Lost
C016661,194,1,3599.0,4,2,2,New or promising
C016881,370,1,3599.0,2,2,2,Lost
C017602,348,1,3599.0,3,2,2,Needs attention
C018228,337,1,3599.0,3,2,2,Needs attention
C018597,329,1,3599.0,3,2,2,Needs attention
C018860,320,1,3599.0,3,2,2,Needs attention
C020040,241,1,3599.0,3,2,2,Needs attention
C020713,281,1,3599.0,3,2,2,Needs attention
C020785,272,1,3599.0,3,2,2,Needs attention
C022883,233,1,3599.0,3,2,2,Needs attention
C024517,206,1,3599.0,4,2,2,New or promising
C029201,123,1,3599.0,4,2,2,New or promising
C029350,120,1,3599.0,4,2,2,New or promising
C030588,98,1,3599.0,4,2,2,New or promising
C030768,27,1,3599.0,5,2,2,New or promising
C032622,58,1,3599.0,5,2,2,New or promising
C033187,46,1,3599.0,5,2,2,New or promising
C034215,27,1,3599.0,5,2,2,New or promising
C004130,580,2,3603.0,1,3,2,At risk
C023908,214,2,3605.0,3,3,2,Loyal
C025125,200,1,3609.0,4,2,2,New or promising
C024342,214,1,3610.0,3,2,2,Needs attention
C029375,119,1,3610.0,4,2,2,New or promising
C033152,50,1,3610.0,5,2,2,New or promising
C019481,311,1,3611.0,3,2,2,Needs attention
C021140,231,1,3611.0,3,2,2,Needs attention
C032729,58,1,3611.0,5,2,2,New or promising
C007856,560,2,3623.0,2,3,2,At risk
C026428,166,2,3625.0,4,3,2,Loyal
C030859,54,3,3625.0,5,4,2,Champions
C018242,319,1,3626.0,3,2,2,Needs attention
C009532,577,1,3627.0,2,2,2,Lost
C016500,379,2,3628.0,2,3,2,At risk
C024262,200,2,3632.0,4,3,2,Loyal
C031334,2,3,3633.0,5,4,2,Champions
C009189,579,1,3637.0,1,2,2,Lost
C022677,231,1,3639.0,3,2,2,Needs attention
C013388,464,1,3642.0,2,2,2,Lost
C007913,577,2,3643.0,2,3,2,At risk
C001722,779,2,3645.0,1,3,2,At risk
C024885,200,2,3646.0,4,3,2,Loyal
C026605,52,2,3646.0,5,3,2,Loyal
C013047,474,1,3647.0,2,2,2,Lost
C014757,308,1,3647.0,3,2,2,Needs attention
C020185,122,1,3647.0,4,2,2,New or promising
C029486,23,2,3647.0,5,3,2,Loyal
C031698,77,1,3647.0,5,2,2,New or promising
C034984,5,1,3647.0,5,2,2,New or promising
C001139,863,1,3648.0,1,2,2,Lost
C007109,640,1,3648.0,1,2,2,Lost
C007143,638,1,3648.0,1,2,2,Lost
C007193,630,2,3648.0,1,3,2,At risk
C010460,552,1,3648.0,2,2,2,Lost
C013299,465,1,3648.0,2,2,2,Lost
C016063,292,1,3648.0,3,2,2,Needs attention
C026042,185,1,3648.0,4,2,2,New or promising
C030409,102,1,3648.0,4,2,2,New or promising
C030736,95,1,3648.0,4,2,2,New or promising
C031677,1,1,3648.0,5,2,2,New or promising
C033854,38,1,3648.0,5,2,2,New or promising
C034499,25,1,3648.0,5,2,2,New or promising
C024604,199,1,3649.0,4,2,2,New or promising
C018729,111,3,3651.0,4,4,2,Champions
C014521,429,1,3652.0,2,2,2,Lost
C005139,704,1,3653.0,1,2,2,Lost
C006074,667,1,3653.0,1,2,2,Lost
C012239,498,1,3653.0,2,2,2,Lost
C017581,289,2,3653.0,3,3,2,Loyal
C018107,339,1,3653.0,3,2,2,Needs attention
C022434,242,1,3653.0,3,2,2,Needs attention
C028923,129,1,3653.0,4,2,2,New or promising
C030004,101,1,3653.0,4,2,2,New or promising
C006553,660,1,3654.0,1,2,2,Lost
C012473,490,1,3654.0,2,2,2,Lost
C018864,322,1,3654.0,3,2,2,Needs attention
C028365,139,1,3654.0,4,2,2,New or promising
C034469,8,1,3654.0,5,2,2,New or promising
C034632,3,1,3654.0,5,2,2,New or promising
C035067,10,1,3654.0,5,2,2,New or promising
C023356,230,1,3656.0,3,2,2,Needs attention
C023166,231,1,3674.0,3,2,2,Needs attention
C024486,213,1,3675.0,3,2,2,Needs attention
C019111,319,1,3677.0,3,2,2,Needs attention
C031952,31,2,3678.0,5,3,2,Loyal
C002255,812,1,3689.0,1,2,2,Lost
C013195,469,1,3689.0,2,2,2,Lost
C028858,111,1,3689.0,4,2,2,New or promising
C029843,106,1,3689.0,4,2,2,New or promising
C030008,107,1,3689.0,4,2,2,New or promising
C023941,200,2,3692.0,4,3,2,Loyal
C002243,814,1,3696.0,1,2,2,Lost
C014518,433,1,3696.0,2,2,2,Lost
C017458,345,1,3696.0,3,2,2,Needs attention
C021152,270,1,3696.0,3,2,2,Needs attention
C025734,192,1,3696.0,4,2,2,New or promising
C030549,99,1,3696.0,4,2,2,New or promising
C034179,31,1,3696.0,5,2,2,New or promising
C027388,95,2,3697.0,4,3,2,Loyal
C001685,823,1,3698.0,1,2,2,Lost
C002706,689,2,3698.0,1,3,2,At risk
C006431,469,2,3698.0,2,3,2,At risk
C008144,587,2,3698.0,1,3,2,At risk
C012025,447,2,3698.0,2,3,2,At risk
C012476,466,1,3698.0,2,2,2,Lost
C017369,294,1,3698.0,3,2,2,Needs attention
C021582,218,2,3698.0,3,3,2,Loyal
C024879,205,1,3698.0,4,2,2,New or promising
C030378,99,1,3698.0,4,2,2,New or promising
C034551,16,1,3698.0,5,2,2,New or promising
C000535,889,1,3699.0,1,2,2,Lost
C000771,878,1,3699.0,1,2,2,Lost
C001893,830,1,3699.0,1,2,2,Lost
C002126,818,1,3699.0,1,2,2,Lost
C002244,814,1,3699.0,1,2,2,Lost
C002779,796,1,3699.0,1,2,2,Lost
C002962,788,1,3699.0,1,2,2,Lost
C002971,783,1,3699.0,1,2,2,Lost
C003015,786,1,3699.0,1,2,2,Lost
C003444,761,1,3699.0,1,2,2,Lost
C003936,649,1,3699.0,1,2,2,Lost
C004069,746,1,3699.0,1,2,2,Lost
C004233,739,1,3699.0,1,2,2,Lost
C004379,733,1,3699.0,1,2,2,Lost
C005461,694,1,3699.0,1,2,2,Lost
C005566,666,1,3699.0,1,2,2,Lost
C005626,689,1,3699.0,1,2,2,Lost
C005686,687,1,3699.0,1,2,2,Lost
C005697,687,1,3699.0,1,2,2,Lost
C005732,686,1,3699.0,1,2,2,Lost
C005779,680,1,3699.0,1,2,2,Lost
C006058,660,1,3699.0,1,2,2,Lost
C006573,536,1,3699.0,2,2,2,Lost
C006991,643,1,3699.0,1,2,2,Lost
C007288,634,1,3699.0,1,2,2,Lost
C007300,606,1,3699.0,1,2,2,Lost
C007677,620,1,3699.0,1,2,2,Lost
C007941,609,1,3699.0,1,2,2,Lost
C008627,591,1,3699.0,1,2,2,Lost
C008662,588,1,3699.0,1,2,2,Lost
C008831,591,1,3699.0,1,2,2,Lost
C010139,370,2,3699.0,2,3,2,At risk
C010612,547,1,3699.0,2,2,2,Lost
C010883,527,1,3699.0,2,2,2,Lost
C012394,493,1,3699.0,2,2,2,Lost
C012964,461,1,3699.0,2,2,2,Lost
C014127,444,1,3699.0,2,2,2,Lost
C014139,439,1,3699.0,2,2,2,Lost
C015212,414,1,3699.0,2,2,2,Lost
C015378,298,1,3699.0,3,2,2,Needs attention
C016120,390,1,3699.0,2,2,2,Lost
C016437,382,1,3699.0,2,2,2,Lost
C016466,381,1,3699.0,2,2,2,Lost
C016796,372,1,3699.0,2,2,2,Lost
C016857,370,1,3699.0,2,2,2,Lost
C016915,355,1,3699.0,3,2,2,Needs attention
C016997,366,1,3699.0,3,2,2,Needs attention
C017548,353,1,3699.0,3,2,2,Needs attention
C017723,338,1,3699.0,3,2,2,Needs attention
C018293,336,1,3699.0,3,2,2,Needs attention
C018985,273,1,3699.0,3,2,2,Needs attention
C019757,296,2,3699.0,3,3,2,Loyal
C020266,292,1,3699.0,3,2,2,Needs attention
C020435,287,1,3699.0,3,2,2,Needs attention
C020746,280,1,3699.0,3,2,2,Needs attention
C021082,269,1,3699.0,3,2,2,Needs attention
C021172,270,1,3699.0,3,2,2,Needs attention
C021515,262,1,3699.0,3,2,2,Needs attention
C021565,195,1,3699.0,4,2,2,New or promising
C021977,252,1,3699.0,3,2,2,Needs attention
C022154,234,1,3699.0,3,2,2,Needs attention
C022210,247,1,3699.0,3,2,2,Needs attention
C022239,194,1,3699.0,4,2,2,New or promising
C022248,246,1,3699.0,3,2,2,Needs attention
C022252,243,1,3699.0,3,2,2,Needs attention
C022796,235,1,3699.0,3,2,2,Needs attention
C022828,234,1,3699.0,3,2,2,Needs attention
C023015,231,1,3699.0,3,2,2,Needs attention
C023292,54,1,3699.0,5,2,2,New or promising
C023334,200,1,3699.0,4,2,2,New or promising
C023824,219,1,3699.0,3,2,2,Needs attention
C023998,102,1,3699.0,4,2,2,New or promising
C024160,206,1,3699.0,4,2,2,New or promising
C024930,204,1,3699.0,4,2,2,New or promising
C025321,200,1,3699.0,4,2,2,New or promising
C025339,196,1,3699.0,4,2,2,New or promising
C025386,199,1,3699.0,4,2,2,New or promising
C025410,152,1,3699.0,4,2,2,New or promising
C025494,168,2,3699.0,4,3,2,Loyal
C025562,186,1,3699.0,4,2,2,New or promising
C025623,194,1,3699.0,4,2,2,New or promising
C026212,130,1,3699.0,4,2,2,New or promising
C026310,181,1,3699.0,4,2,2,New or promising
C026325,180,1,3699.0,4,2,2,New or promising
C026353,180,1,3699.0,4,2,2,New or promising
C026433,177,1,3699.0,4,2,2,New or promising
C026519,177,1,3699.0,4,2,2,New or promising
C027423,158,1,3699.0,4,2,2,New or promising
C028000,146,1,3699.0,4,2,2,New or promising
C028074,145,1,3699.0,4,2,2,New or promising
C028218,142,1,3699.0,4,2,2,New or promising
C028314,5,1,3699.0,5,2,2,New or promising
C028688,134,1,3699.0,4,2,2,New or promising
C028711,127,1,3699.0,4,2,2,New or promising
C029227,123,1,3699.0,4,2,2,New or promising
C029233,110,1,3699.0,4,2,2,New or promising
C029386,119,1,3699.0,4,2,2,New or promising
C029519,116,1,3699.0,4,2,2,New or promising
C029729,111,1,3699.0,4,2,2,New or promising
C029870,63,1,3699.0,5,2,2,New or promising
C029875,109,1,3699.0,4,2,2,New or promising
C030063,107,1,3699.0,4,2,2,New or promising
C030563,97,1,3699.0,4,2,2,New or promising
C030574,78,1,3699.0,5,2,2,New or promising
C030761,93,1,3699.0,4,2,2,New or promising
C030808,93,1,3699.0,4,2,2,New or promising
C030819,93,1,3699.0,4,2,2,New or promising
C030901,92,1,3699.0,4,2,2,New or promising
C030951,91,1,3699.0,4,2,2,New or promising
C031280,40,1,3699.0,5,2,2,New or promising
C031303,84,1,3699.0,5,2,2,New or promising
C031626,78,1,3699.0,5,2,2,New or promising
C031637,78,1,3699.0,5,2,2,New or promising
C031915,57,1,3699.0,5,2,2,New or promising
C032144,69,1,3699.0,5,2,2,New or promising
C032232,67,1,3699.0,5,2,2,New or promising
C032344,65,1,3699.0,5,2,2,New or promising
C032541,62,1,3699.0,5,2,2,New or promising
C032623,60,1,3699.0,5,2,2,New or promising
C032853,56,1,3699.0,5,2,2,New or promising
C033031,52,2,3699.0,5,3,2,Loyal
C033135,51,1,3699.0,5,2,2,New or promising
C033480,35,1,3699.0,5,2,2,New or promising
C033566,39,1,3699.0,5,2,2,New or promising
C033743,40,1,3699.0,5,2,2,New or promising
C033818,38,1,3699.0,5,2,2,New or promising
C033937,33,1,3699.0,5,2,2,New or promising
C034142,6,1,3699.0,5,2,2,New or promising
C034193,26,1,3699.0,5,2,2,New or promising
C034543,24,1,3699.0,5,2,2,New or promising
C034884,17,1,3699.0,5,2,2,New or promising
C034924,11,1,3699.0,5,2,2,New or promising
C034937,18,1,3699.0,5,2,2,New or promising
C035132,15,1,3699.0,5,2,2,New or promising
C035239,7,1,3699.0,5,2,2,New or promising
C035362,10,1,3699.0,5,2,2,New or promising
C035458,9,1,3699.0,5,2,2,New or promising
C035464,9,1,3699.0,5,2,2,New or promising
C035514,5,1,3699.0,5,2,2,New or promising
C035548,7,1,3699.0,5,2,2,New or promising
C035658,3,1,3699.0,5,2,2,New or promising
C035734,4,1,3699.0,5,2,2,New or promising
C023738,188,2,3702.0,4,3,2,Loyal
C022040,193,2,3705.0,4,3,2,Loyal
C015465,377,2,3707.0,2,3,2,At risk
C005576,684,1,3709.0,1,2,2,Lost
C024026,95,2,3712.0,4,3,2,Loyal
C018831,320,1,3719.0,3,2,2,Needs attention
C007191,596,3,3721.0,1,4,2,At risk
C007442,521,3,3729.0,2,4,2,At risk
C005387,639,3,3730.0,1,4,2,At risk
C028433,77,1,3737.0,5,2,2,New or promising
C002144,786,1,3738.0,1,2,2,Lost
C002538,805,1,3738.0,1,2,2,Lost
C004462,730,1,3738.0,1,2,2,Lost
C006744,624,2,3738.0,1,3,2,At risk
C006898,607,2,3738.0,1,3,2,At risk
C013399,426,1,3738.0,2,2,2,Lost
C015683,395,1,3738.0,2,2,2,Lost
C019408,312,1,3738.0,3,2,2,Needs attention
C026659,174,1,3738.0,4,2,2,New or promising
C004766,719,1,3739.0,1,2,2,Lost
C006231,626,1,3739.0,1,2,2,Lost
C011711,509,1,3739.0,2,2,2,Lost
C014784,426,1,3739.0,2,2,2,Lost
C017138,363,1,3739.0,3,2,2,Needs attention
C018270,337,1,3739.0,3,2,2,Needs attention
C019145,318,1,3739.0,3,2,2,Needs attention
C023626,226,1,3739.0,3,2,2,Needs attention
C000298,900,1,3746.0,1,2,2,Lost
C033118,37,2,3746.0,5,3,2,Loyal
C000227,903,1,3747.0,1,2,2,Lost
C001155,857,1,3747.0,1,2,2,Lost
C003219,761,1,3747.0,1,2,2,Lost
C015790,400,1,3747.0,2,2,2,Lost
C016432,382,1,3747.0,2,2,2,Lost
C017750,345,1,3747.0,3,2,2,Needs attention
C025900,189,1,3747.0,4,2,2,New or promising
C031575,79,1,3747.0,5,2,2,New or promising
C032134,69,1,3747.0,5,2,2,New or promising
C005044,678,3,3748.0,1,4,2,At risk
C005288,699,1,3748.0,1,2,2,Lost
C015938,299,2,3748.0,3,3,2,Loyal
C019627,307,1,3748.0,3,2,2,Needs attention
C022371,152,2,3748.0,4,3,2,Loyal
C027479,127,2,3748.0,4,3,2,Loyal
C029481,117,1,3748.0,4,2,2,New or promising
C030777,94,1,3748.0,4,2,2,New or promising
C031265,12,2,3748.0,5,3,2,Loyal
C032087,70,1,3748.0,5,2,2,New or promising
C033215,18,2,3748.0,5,3,2,Loyal
C035541,5,2,3751.0,5,3,2,Loyal
C011096,375,2,3759.0,2,3,2,At risk
C010456,549,2,3760.0,2,3,2,At risk
C009224,578,2,3765.0,2,3,2,At risk
C015901,338,2,3773.0,3,3,2,Loyal
C009311,579,1,3774.0,1,2,2,Lost
C022972,225,2,3774.0,3,3,2,Loyal
C008721,596,1,3776.0,1,2,2,Lost
C029701,111,1,3778.0,4,2,2,New or promising
C029558,115,1,3779.0,4,2,2,New or promising
C018311,335,1,3781.0,3,2,2,Needs attention
C020733,277,1,3781.0,3,2,2,Needs attention
C020804,278,1,3781.0,3,2,2,Needs attention
C021056,265,1,3781.0,3,2,2,Needs attention
C023849,220,1,3781.0,3,2,2,Needs attention
C011335,391,3,3783.0,2,4,2,At risk
C023181,231,1,3783.0,3,2,2,Needs attention
C030872,39,3,3786.0,5,4,2,Champions
C024720,200,2,3795.0,4,3,2,Loyal
C033599,11,3,3796.0,5,4,2,Champions
C006539,654,2,3797.0,1,3,2,At risk
C019575,267,2,3797.0,3,3,2,Loyal
C019895,234,2,3797.0,3,3,2,Loyal
C025760,179,2,3797.0,4,3,2,Loyal
C031615,77,2,3797.0,5,3,2,Loyal
C002651,628,2,3798.0,1,3,2,At risk
C006569,621,2,3798.0,1,3,2,At risk
C008778,588,1,3798.0,1,2,2,Lost
C010417,553,1,3798.0,2,2,2,Lost
C015256,378,2,3798.0,2,3,2,At risk
C018525,92,2,3798.0,4,3,2,Loyal
C019696,301,1,3798.0,3,2,2,Needs attention
C021803,231,1,3798.0,3,2,2,Needs attention
C023478,229,1,3798.0,3,2,2,Needs attention
C027671,145,1,3798.0,4,2,2,New or promising
C031998,46,3,3798.0,5,4,2,Champions
C000684,883,1,3799.0,1,2,2,Lost
C007066,641,1,3799.0,1,2,2,Lost
C007484,626,1,3799.0,1,2,2,Lost
C008762,595,1,3799.0,1,2,2,Lost
C011552,488,1,3799.0,2,2,2,Lost
C017391,357,1,3799.0,3,2,2,Needs attention
C019169,318,1,3799.0,3,2,2,Needs attention
C019659,306,1,3799.0,3,2,2,Needs attention
C019962,265,1,3799.0,3,2,2,Needs attention
C021287,234,1,3799.0,3,2,2,Needs attention
C022070,158,2,3799.0,4,3,2,Loyal
C026744,172,1,3799.0,4,2,2,New or promising
C028273,103,1,3799.0,4,2,2,New or promising
C029617,113,1,3799.0,4,2,2,New or promising
C030934,91,1,3799.0,4,2,2,New or promising
C031636,78,1,3799.0,5,2,2,New or promising
C031728,75,1,3799.0,5,2,2,New or promising
C032562,52,1,3799.0,5,2,2,New or promising
C005054,481,2,3801.0,2,3,2,At risk
C034455,11,2,3802.0,5,3,2,Loyal
C004222,692,2,3803.0,1,3,2,At risk
C011687,512,2,3803.0,2,3,2,At risk
C000469,833,2,3808.0,1,3,2,At risk
C013180,467,2,3808.0,2,3,2,At risk
C023034,231,1,3809.0,3,2,2,Needs attention
C024919,50,2,3816.0,5,3,2,Loyal
C022816,231,1,3819.0,3,2,2,Needs attention
C028754,1,1,3822.0,5,2,2,New or promising
C034371,28,1,3822.0,5,2,2,New or promising
C003252,776,1,3823.0,1,2,2,Lost
C004718,721,1,3823.0,1,2,2,Lost
C006159,673,1,3823.0,1,2,2,Lost
C006170,673,1,3823.0,1,2,2,Lost
C008122,607,1,3823.0,1,2,2,Lost
C018484,331,1,3823.0,3,2,2,Needs attention
C020782,275,1,3823.0,3,2,2,Needs attention
C021620,259,1,3823.0,3,2,2,Needs attention
C024047,217,1,3823.0,3,2,2,Needs attention
C026230,182,1,3823.0,4,2,2,New or promising
C026779,162,1,3823.0,4,2,2,New or promising
C027781,150,1,3823.0,4,2,2,New or promising
C032527,62,1,3823.0,5,2,2,New or promising
C033018,31,2,3823.0,5,3,2,Loyal
C000261,871,1,3824.0,1,2,2,Lost
C000269,901,1,3824.0,1,2,2,Lost
C000809,877,1,3824.0,1,2,2,Lost
C001355,855,1,3824.0,1,2,2,Lost
C002362,805,1,3824.0,1,2,2,Lost
C002793,787,2,3824.0,1,3,2,At risk
C003054,784,1,3824.0,1,2,2,Lost
C003675,759,1,3824.0,1,2,2,Lost
C003790,754,1,3824.0,1,2,2,Lost
C003998,740,1,3824.0,1,2,2,Lost
C004509,728,1,3824.0,1,2,2,Lost
C005340,683,1,3824.0,1,2,2,Lost
C006084,655,2,3824.0,1,3,2,At risk
C006235,671,1,3824.0,1,2,2,Lost
C006242,666,1,3824.0,1,2,2,Lost
C006304,668,1,3824.0,1,2,2,Lost
C006426,664,1,3824.0,1,2,2,Lost
C007452,626,1,3824.0,1,2,2,Lost
C007616,622,1,3824.0,1,2,2,Lost
C007710,609,1,3824.0,1,2,2,Lost
C007749,578,1,3824.0,1,2,2,Lost
C008089,608,1,3824.0,1,2,2,Lost
C008206,571,1,3824.0,2,2,2,Lost
C008440,593,1,3824.0,1,2,2,Lost
C008607,596,1,3824.0,1,2,2,Lost
C010144,562,1,3824.0,2,2,2,Lost
C011063,523,1,3824.0,2,2,2,Lost
C012115,497,1,3824.0,2,2,2,Lost
C013142,470,1,3824.0,2,2,2,Lost
C013172,448,1,3824.0,2,2,2,Lost
C013439,463,1,3824.0,2,2,2,Lost
C013483,403,2,3824.0,2,3,2,At risk
C013619,459,1,3824.0,2,2,2,Lost
C013971,448,1,3824.0,2,2,2,Lost
C014370,437,1,3824.0,2,2,2,Lost
C014420,428,1,3824.0,2,2,2,Lost
C015190,416,1,3824.0,2,2,2,Lost
C015856,399,1,3824.0,2,2,2,Lost
C015998,394,1,3824.0,2,2,2,Lost
C016083,392,1,3824.0,2,2,2,Lost
C017133,363,1,3824.0,3,2,2,Needs attention
C017795,333,1,3824.0,3,2,2,Needs attention
C018302,336,1,3824.0,3,2,2,Needs attention
C019507,310,1,3824.0,3,2,2,Needs attention
C019876,300,1,3824.0,3,2,2,Needs attention
C020994,274,1,3824.0,3,2,2,Needs attention
C022103,238,1,3824.0,3,2,2,Needs attention
C022984,231,1,3824.0,3,2,2,Needs attention
C023336,231,1,3824.0,3,2,2,Needs attention
C024699,209,1,3824.0,4,2,2,New or promising
C025208,200,1,3824.0,4,2,2,New or promising
C025639,194,1,3824.0,4,2,2,New or promising
C025671,193,1,3824.0,4,2,2,New or promising
C026052,184,1,3824.0,4,2,2,New or promising
C026784,102,2,3824.0,4,3,2,Loyal
C026846,170,1,3824.0,4,2,2,New or promising
C027535,153,1,3824.0,4,2,2,New or promising
C028018,146,1,3824.0,4,2,2,New or promising
C028232,139,1,3824.0,4,2,2,New or promising
C029745,98,1,3824.0,4,2,2,New or promising
C030356,103,1,3824.0,4,2,2,New or promising
C030519,93,1,3824.0,4,2,2,New or promising
C030557,80,1,3824.0,5,2,2,New or promising
C030612,98,1,3824.0,4,2,2,New or promising
C031424,82,1,3824.0,5,2,2,New or promising
C031515,80,1,3824.0,5,2,2,New or promising
C031717,76,1,3824.0,5,2,2,New or promising
C031745,76,1,3824.0,5,2,2,New or promising
C031843,69,1,3824.0,5,2,2,New or promising
C032101,65,1,3824.0,5,2,2,New or promising
C032596,60,1,3824.0,5,2,2,New or promising
C033491,40,1,3824.0,5,2,2,New or promising
C033980,34,1,3824.0,5,2,2,New or promising
C034058,34,1,3824.0,5,2,2,New or promising
C034516,0,1,3824.0,5,2,2,New or promising
C034871,19,1,3824.0,5,2,2,New or promising
C035360,11,1,3824.0,5,2,2,New or promising
C035679,4,1,3824.0,5,2,2,New or promising
C034671,4,2,3832.0,5,3,2,Loyal
C020691,240,2,3833.0,3,3,2,Loyal
C024431,165,2,3833.0,4,3,2,Loyal
C025137,200,1,3838.0,4,2,2,New or promising
C007227,625,1,3846.0,1,2,2,Lost
C013317,443,2,3846.0,2,3,2,At risk
C034839,4,3,3846.0,5,4,2,Champions
C004888,687,2,3847.0,1,3,2,At risk
C006552,565,4,3847.0,2,5,2,At risk
C008597,543,2,3847.0,2,3,2,At risk
C018517,132,3,3847.0,4,4,2,Champions
C029102,106,2,3847.0,4,3,2,Loyal
C000122,873,2,3848.0,1,3,2,At risk
C010882,539,1,3848.0,2,2,2,Lost
C016348,384,1,3848.0,2,2,2,Lost
C023893,98,3,3848.0,4,4,2,Champions
C025064,201,1,3848.0,4,2,2,New or promising
C030534,61,2,3848.0,5,3,2,Loyal
C031037,67,2,3848.0,5,3,2,Loyal
C035662,0,1,3848.0,5,2,2,New or promising
C028047,35,3,3850.0,5,4,2,Champions
C018220,320,2,3864.0,3,3,2,Loyal
C016265,387,1,3865.0,2,2,2,Lost
C016453,381,1,3865.0,2,2,2,Lost
C010215,560,1,3866.0,2,2,2,Lost
C033427,45,1,3866.0,5,2,2,New or promising
C033460,37,1,3866.0,5,2,2,New or promising
C035208,13,1,3866.0,5,2,2,New or promising
C035522,2,1,3866.0,5,2,2,New or promising
C001974,631,2,3869.0,1,3,2,At risk
C023404,230,1,3869.0,3,2,2,Needs attention
C008710,596,1,3870.0,1,2,2,Lost
C021293,162,2,3873.0,4,3,2,Loyal
C007864,596,1,3874.0,1,2,2,Lost
C008343,430,3,3876.0,2,4,2,At risk
C023548,226,2,3877.0,3,3,2,Loyal
C028187,119,3,3877.0,4,4,2,Champions
C009359,578,1,3884.0,2,2,2,Lost
C011327,214,4,3887.0,3,5,2,Loyal
C029132,124,1,3896.0,4,2,2,New or promising
C003367,771,1,3897.0,1,2,2,Lost
C006040,672,1,3897.0,1,2,2,Lost
C007019,643,1,3897.0,1,2,2,Lost
C009501,572,1,3897.0,2,2,2,Lost
C010847,496,2,3897.0,2,3,2,At risk
C012707,450,1,3897.0,2,2,2,Lost
C013658,457,2,3897.0,2,3,2,At risk
C015146,416,1,3897.0,2,2,2,Lost
C016093,391,1,3897.0,2,2,2,Lost
C016939,323,1,3897.0,3,2,2,Needs attention
C017095,364,1,3897.0,3,2,2,Needs attention
C019676,298,1,3897.0,3,2,2,Needs attention
C024571,182,2,3897.0,4,3,2,Loyal
C027102,161,1,3897.0,4,2,2,New or promising
C027441,33,3,3897.0,5,4,2,Champions
C032932,54,1,3897.0,5,2,2,New or promising
C033880,36,1,3897.0,5,2,2,New or promising
C000452,834,2,3898.0,1,3,2,At risk
C001058,867,1,3898.0,1,2,2,Lost
C001449,783,2,3898.0,1,3,2,At risk
C001864,821,2,3898.0,1,3,2,At risk
C003512,765,1,3898.0,1,2,2,Lost
C007160,638,1,3898.0,1,2,2,Lost
C013784,377,2,3898.0,2,3,2,At risk
C015483,407,1,3898.0,2,2,2,Lost
C024928,202,1,3898.0,4,2,2,New or promising
C028779,119,1,3898.0,4,2,2,New or promising
C030972,1,2,3898.0,5,3,2,Loyal
C031118,88,1,3898.0,4,2,2,New or promising
C035278,12,1,3898.0,5,2,2,New or promising
C000175,897,1,3899.0,1,2,2,Lost
C000451,792,1,3899.0,1,2,2,Lost
C000510,890,1,3899.0,1,2,2,Lost
C000823,877,1,3899.0,1,2,2,Lost
C001113,862,1,3899.0,1,2,2,Lost
C001427,851,1,3899.0,1,2,2,Lost
C001656,801,1,3899.0,1,2,2,Lost
C001861,609,2,3899.0,1,3,2,At risk
C002063,821,1,3899.0,1,2,2,Lost
C002329,743,1,3899.0,1,2,2,Lost
C003223,764,1,3899.0,1,2,2,Lost
C003229,771,1,3899.0,1,2,2,Lost
C003641,756,1,3899.0,1,2,2,Lost
C003717,757,1,3899.0,1,2,2,Lost
C004063,744,1,3899.0,1,2,2,Lost
C004213,739,1,3899.0,1,2,2,Lost
C004489,729,1,3899.0,1,2,2,Lost
C004634,721,1,3899.0,1,2,2,Lost
C004917,707,1,3899.0,1,2,2,Lost
C005189,703,1,3899.0,1,2,2,Lost
C005205,702,1,3899.0,1,2,2,Lost
C005426,693,1,3899.0,1,2,2,Lost
C005471,636,2,3899.0,1,3,2,At risk
C005554,691,1,3899.0,1,2,2,Lost
C006067,633,2,3899.0,1,3,2,At risk
C006161,673,1,3899.0,1,2,2,Lost
C006526,658,1,3899.0,1,2,2,Lost
C006601,646,1,3899.0,1,2,2,Lost
C006717,653,1,3899.0,1,2,2,Lost
C006842,615,1,3899.0,1,2,2,Lost
C006855,648,1,3899.0,1,2,2,Lost
C006911,628,2,3899.0,1,3,2,At risk
C006914,646,1,3899.0,1,2,2,Lost
C007002,643,1,3899.0,1,2,2,Lost
C007046,607,2,3899.0,1,3,2,At risk
C007121,639,1,3899.0,1,2,2,Lost
C007270,635,1,3899.0,1,2,2,Lost
C007340,632,1,3899.0,1,2,2,Lost
C007362,616,1,3899.0,1,2,2,Lost
C007505,626,1,3899.0,1,2,2,Lost
C007585,617,1,3899.0,1,2,2,Lost
C007688,590,1,3899.0,1,2,2,Lost
C007779,596,1,3899.0,1,2,2,Lost
C007789,617,1,3899.0,1,2,2,Lost
C008045,503,2,3899.0,2,3,2,At risk
C008426,595,1,3899.0,1,2,2,Lost
C008668,578,2,3899.0,2,3,2,At risk
C008914,591,1,3899.0,1,2,2,Lost
C009030,588,1,3899.0,1,2,2,Lost
C009256,575,2,3899.0,2,3,2,At risk
C009343,578,1,3899.0,2,2,2,Lost
C009514,443,1,3899.0,2,2,2,Lost
C009639,552,1,3899.0,2,2,2,Lost
C009976,565,1,3899.0,2,2,2,Lost
C010196,553,1,3899.0,2,2,2,Lost
C010226,560,1,3899.0,2,2,2,Lost
C010380,490,1,3899.0,2,2,2,Lost
C010404,554,1,3899.0,2,2,2,Lost
C010527,547,1,3899.0,2,2,2,Lost
C010614,547,1,3899.0,2,2,2,Lost
C010686,518,1,3899.0,2,2,2,Lost
C010688,544,1,3899.0,2,2,2,Lost
C011041,458,1,3899.0,2,2,2,Lost
C011141,522,1,3899.0,2,2,2,Lost
C011177,529,1,3899.0,2,2,2,Lost
C011392,522,1,3899.0,2,2,2,Lost
C012182,500,1,3899.0,2,2,2,Lost
C012654,437,1,3899.0,2,2,2,Lost
C013089,469,1,3899.0,2,2,2,Lost
C013110,338,1,3899.0,3,2,2,Needs attention
C013119,471,1,3899.0,2,2,2,Lost
C013320,462,1,3899.0,2,2,2,Lost
C013506,451,1,3899.0,2,2,2,Lost
C013688,446,1,3899.0,2,2,2,Lost
C013950,448,1,3899.0,2,2,2,Lost
C014035,446,1,3899.0,2,2,2,Lost
C014252,440,1,3899.0,2,2,2,Lost
C014399,430,1,3899.0,2,2,2,Lost
C014480,255,1,3899.0,3,2,2,Needs attention
C014568,405,2,3899.0,2,3,2,At risk
C014626,430,1,3899.0,2,2,2,Lost
C014892,423,1,3899.0,2,2,2,Lost
C015001,421,1,3899.0,2,2,2,Lost
C015088,418,1,3899.0,2,2,2,Lost
C015116,395,2,3899.0,2,3,2,At risk
C015130,416,1,3899.0,2,2,2,Lost
C015189,416,1,3899.0,2,2,2,Lost
C015214,415,1,3899.0,2,2,2,Lost
C015246,415,1,3899.0,2,2,2,Lost
C015291,413,1,3899.0,2,2,2,Lost
C015391,411,1,3899.0,2,2,2,Lost
C015422,410,1,3899.0,2,2,2,Lost
C015445,383,1,3899.0,2,2,2,Lost
C015448,409,1,3899.0,2,2,2,Lost
C015516,408,1,3899.0,2,2,2,Lost
C016109,391,1,3899.0,2,2,2,Lost
C016224,389,1,3899.0,2,2,2,Lost
C016248,388,1,3899.0,2,2,2,Lost
C016375,384,1,3899.0,2,2,2,Lost
C016529,380,1,3899.0,2,2,2,Lost
C016844,371,1,3899.0,2,2,2,Lost
C017392,357,1,3899.0,3,2,2,Needs attention
C017507,344,1,3899.0,3,2,2,Needs attention
C017710,346,1,3899.0,3,2,2,Needs attention
C017841,335,1,3899.0,3,2,2,Needs attention
C017852,346,1,3899.0,3,2,2,Needs attention
C017928,344,1,3899.0,3,2,2,Needs attention
C018113,336,1,3899.0,3,2,2,Needs attention
C018218,337,1,3899.0,3,2,2,Needs attention
C018318,335,1,3899.0,3,2,2,Needs attention
C018388,332,1,3899.0,3,2,2,Needs attention
C018490,305,1,3899.0,3,2,2,Needs attention
C018519,330,1,3899.0,3,2,2,Needs attention
C018550,330,1,3899.0,3,2,2,Needs attention
C019646,299,1,3899.0,3,2,2,Needs attention
C019658,306,1,3899.0,3,2,2,Needs attention
C020160,141,2,3899.0,4,3,2,Loyal
C020217,151,1,3899.0,4,2,2,New or promising
C020470,286,1,3899.0,3,2,2,Needs attention
C020833,278,1,3899.0,3,2,2,Needs attention
C020880,254,1,3899.0,3,2,2,Needs attention
C020924,275,1,3899.0,3,2,2,Needs attention
C021064,209,2,3899.0,4,3,2,Loyal
C021068,152,1,3899.0,4,2,2,New or promising
C021078,272,1,3899.0,3,2,2,Needs attention
C021110,271,1,3899.0,3,2,2,Needs attention
C021233,268,1,3899.0,3,2,2,Needs attention
C021288,267,1,3899.0,3,2,2,Needs attention
C021381,265,1,3899.0,3,2,2,Needs attention
C021667,258,1,3899.0,3,2,2,Needs attention
C021752,257,1,3899.0,3,2,2,Needs attention
C021817,255,1,3899.0,3,2,2,Needs attention
C021866,254,1,3899.0,3,2,2,Needs attention
C021933,249,1,3899.0,3,2,2,Needs attention
C021954,252,1,3899.0,3,2,2,Needs attention
C022126,226,1,3899.0,3,2,2,Needs attention
C022204,243,1,3899.0,3,2,2,Needs attention
C022320,245,1,3899.0,3,2,2,Needs attention
C022477,242,1,3899.0,3,2,2,Needs attention
C022716,214,2,3899.0,3,3,2,Loyal
C022722,236,1,3899.0,3,2,2,Needs attention
C023209,223,1,3899.0,3,2,2,Needs attention
C023231,231,1,3899.0,3,2,2,Needs attention
C023473,229,1,3899.0,3,2,2,Needs attention
C023517,225,1,3899.0,3,2,2,Needs attention
C023804,222,1,3899.0,3,2,2,Needs attention
C024302,184,1,3899.0,4,2,2,New or promising
C024561,212,1,3899.0,4,2,2,New or promising
C024568,210,1,3899.0,4,2,2,New or promising
C024576,209,1,3899.0,4,2,2,New or promising
C024634,190,1,3899.0,4,2,2,New or promising
C024731,208,1,3899.0,4,2,2,New or promising
C024916,204,1,3899.0,4,2,2,New or promising
C025232,200,1,3899.0,4,2,2,New or promising
C025274,191,1,3899.0,4,2,2,New or promising
C025286,196,1,3899.0,4,2,2,New or promising
C025323,197,1,3899.0,4,2,2,New or promising
C025419,198,1,3899.0,4,2,2,New or promising
C025484,169,1,3899.0,4,2,2,New or promising
C025887,170,1,3899.0,4,2,2,New or promising
C026426,178,1,3899.0,4,2,2,New or promising
C026492,161,1,3899.0,4,2,2,New or promising
C026552,176,1,3899.0,4,2,2,New or promising
C026617,155,1,3899.0,4,2,2,New or promising
C026780,171,1,3899.0,4,2,2,New or promising
C026825,170,1,3899.0,4,2,2,New or promising
C026863,170,1,3899.0,4,2,2,New or promising
C026935,165,1,3899.0,4,2,2,New or promising
C027047,149,1,3899.0,4,2,2,New or promising
C027296,160,1,3899.0,4,2,2,New or promising
C027443,158,1,3899.0,4,2,2,New or promising
C027462,157,1,3899.0,4,2,2,New or promising
C028001,146,1,3899.0,4,2,2,New or promising
C028126,139,1,3899.0,4,2,2,New or promising
C028535,137,1,3899.0,4,2,2,New or promising
C028601,120,1,3899.0,4,2,2,New or promising
C028678,134,1,3899.0,4,2,2,New or promising
C028764,132,1,3899.0,4,2,2,New or promising
C029436,118,1,3899.0,4,2,2,New or promising
C029444,111,1,3899.0,4,2,2,New or promising
C029722,108,1,3899.0,4,2,2,New or promising
C029731,109,1,3899.0,4,2,2,New or promising
C029747,111,1,3899.0,4,2,2,New or promising
C029818,110,1,3899.0,4,2,2,New or promising
C030124,104,1,3899.0,4,2,2,New or promising
C030621,97,1,3899.0,4,2,2,New or promising
C030625,97,1,3899.0,4,2,2,New or promising
C030657,96,1,3899.0,4,2,2,New or promising
C030719,95,1,3899.0,4,2,2,New or promising
C030723,95,1,3899.0,4,2,2,New or promising
C030857,92,1,3899.0,4,2,2,New or promising
C030932,91,1,3899.0,4,2,2,New or promising
C031092,80,1,3899.0,5,2,2,New or promising
C031255,85,1,3899.0,5,2,2,New or promising
C031300,84,1,3899.0,5,2,2,New or promising
C031322,52,1,3899.0,5,2,2,New or promising
C031371,83,1,3899.0,5,2,2,New or promising
C031395,31,1,3899.0,5,2,2,New or promising
C031437,82,1,3899.0,5,2,2,New or promising
C031684,77,1,3899.0,5,2,2,New or promising
C031878,39,1,3899.0,5,2,2,New or promising
C031968,71,1,3899.0,5,2,2,New or promising
C032131,69,1,3899.0,5,2,2,New or promising
C032155,69,1,3899.0,5,2,2,New or promising
C032258,55,1,3899.0,5,2,2,New or promising
C032262,67,1,3899.0,5,2,2,New or promising
C032357,65,1,3899.0,5,2,2,New or promising
C032569,1,1,3899.0,5,2,2,New or promising
C032841,48,1,3899.0,5,2,2,New or promising
C032861,2,2,3899.0,5,3,2,Loyal
C032898,51,1,3899.0,5,2,2,New or promising
C033114,51,1,3899.0,5,2,2,New or promising
C033168,50,1,3899.0,5,2,2,New or promising
C033171,35,1,3899.0,5,2,2,New or promising
C033533,43,1,3899.0,5,2,2,New or promising
C033572,26,1,3899.0,5,2,2,New or promising
C033654,41,1,3899.0,5,2,2,New or promising
C033942,17,1,3899.0,5,2,2,New or promising
C034108,33,1,3899.0,5,2,2,New or promising
C034196,26,1,3899.0,5,2,2,New or promising
C034312,27,1,3899.0,5,2,2,New or promising
C034359,28,1,3899.0,5,2,2,New or promising
C034477,23,1,3899.0,5,2,2,New or promising
C034510,25,1,3899.0,5,2,2,New or promising
C034642,2,1,3899.0,5,2,2,New or promising
C034712,22,1,3899.0,5,2,2,New or promising
C034855,20,1,3899.0,5,2,2,New or promising
C034977,17,1,3899.0,5,2,2,New or promising
C035022,16,1,3899.0,5,2,2,New or promising
C035082,6,2,3899.0,5,3,2,Loyal
C035093,11,1,3899.0,5,2,2,New or promising
C035099,12,1,3899.0,5,2,2,New or promising
C035460,4,1,3899.0,5,2,2,New or promising
C035635,4,1,3899.0,5,2,2,New or promising
C035649,5,1,3899.0,5,2,2,New or promising
C018469,294,2,3902.0,3,3,2,Loyal
C014022,391,2,3903.0,2,3,2,At risk
C005231,702,1,3908.0,1,2,2,Lost
C011644,494,1,3908.0,2,2,2,Lost
C011896,398,1,3908.0,2,2,2,Lost
C019808,282,1,3908.0,3,2,2,Needs attention
C026497,164,1,3908.0,4,2,2,New or promising
C030393,102,1,3908.0,4,2,2,New or promising
C031144,79,1,3908.0,5,2,2,New or promising
C033821,38,1,3908.0,5,2,2,New or promising
C034488,21,1,3908.0,5,2,2,New or promising
C000195,897,2,3909.0,1,3,2,At risk
C000869,875,1,3909.0,1,2,2,Lost
C002390,812,1,3909.0,1,2,2,Lost
C024361,212,1,3909.0,3,2,2,Needs attention
C024470,206,1,3909.0,4,2,2,New or promising
C034418,27,1,3909.0,5,2,2,New or promising
C007215,596,2,3915.0,1,3,2,At risk
C024316,201,2,3917.0,4,3,2,Loyal
C023296,231,1,3919.0,3,2,2,Needs attention
C009426,578,1,3921.0,2,2,2,Lost
C019680,298,2,3922.0,3,3,2,Loyal
C023070,89,3,3924.0,4,4,2,Champions
C018857,319,1,3927.0,3,2,2,Needs attention
C009078,524,2,3928.0,2,3,2,At risk
C023619,201,1,3929.0,4,2,2,New or promising
C017802,340,2,3933.0,3,3,2,Loyal
C018897,319,1,3936.0,3,2,2,Needs attention
C020844,230,3,3940.0,3,4,2,Loyal
C017143,346,2,3945.0,3,3,2,Loyal
C000742,735,2,3946.0,1,3,2,At risk
C011382,523,1,3946.0,2,2,2,Lost
C014059,446,1,3946.0,2,2,2,Lost
C002943,650,3,3947.0,1,4,2,At risk
C023633,226,1,3947.0,3,2,2,Needs attention
C024380,26,2,3947.0,5,3,2,Loyal
C025767,99,1,3947.0,4,2,2,New or promising
C027888,102,2,3947.0,4,3,2,Loyal
C009573,576,1,3948.0,2,2,2,Lost
C012335,489,1,3948.0,2,2,2,Lost
C016554,336,2,3948.0,3,3,2,Loyal
C021522,262,1,3948.0,3,2,2,Needs attention
C026312,110,2,3948.0,4,3,2,Loyal
C028661,106,2,3948.0,4,3,2,Loyal
C029178,105,1,3948.0,4,2,2,New or promising
C030853,85,1,3948.0,5,2,2,New or promising
C031541,78,1,3948.0,5,2,2,New or promising
C035698,4,1,3948.0,5,2,2,New or promising
C024544,210,1,3949.0,4,2,2,New or promising
C002102,820,1,3951.0,1,2,2,Lost
C003147,780,1,3951.0,1,2,2,Lost
C004139,742,1,3951.0,1,2,2,Lost
C015917,394,1,3951.0,2,2,2,Lost
C031508,80,1,3951.0,5,2,2,New or promising
C008692,560,2,3953.0,2,3,2,At risk
C010124,194,2,3953.0,4,3,2,Loyal
C030706,30,2,3953.0,5,3,2,Loyal
C022545,232,1,3954.0,3,2,2,Needs attention
C024395,214,1,3955.0,3,2,2,Needs attention
C013157,470,1,3958.0,2,2,2,Lost
C008150,478,2,3966.0,2,3,2,At risk
C030073,70,2,3966.0,5,3,2,Loyal
C009247,539,2,3972.0,2,3,2,At risk
C005844,684,1,3975.0,1,2,2,Lost
C008354,596,2,3979.0,1,3,2,At risk
C016689,299,2,3983.0,3,3,2,Loyal
C033208,10,2,3983.0,5,3,2,Loyal
C032115,38,2,3990.0,5,3,2,Loyal
C032457,61,1,3992.0,5,2,2,New or promising
C006032,678,1,3993.0,1,2,2,Lost
C015959,278,2,3993.0,3,3,2,Loyal
C015993,389,1,3993.0,2,2,2,Lost
C018419,297,1,3993.0,3,2,2,Needs attention
C021129,255,1,3993.0,3,2,2,Needs attention
C025504,196,1,3993.0,4,2,2,New or promising
C027029,166,1,3993.0,4,2,2,New or promising
C028468,138,1,3993.0,4,2,2,New or promising
C032005,72,1,3993.0,5,2,2,New or promising
C033891,19,1,3993.0,5,2,2,New or promising
C000582,887,1,3994.0,1,2,2,Lost
C014621,431,1,3994.0,2,2,2,Lost
C030184,101,1,3994.0,4,2,2,New or promising
C014204,435,1,3996.0,2,2,2,Lost
C016058,161,5,3996.0,4,5,2,Champions
C025062,102,3,3996.0,4,4,2,Champions
C026372,118,2,3996.0,4,3,2,Loyal
C004198,740,1,3997.0,1,2,2,Lost
C011374,523,1,3997.0,2,2,2,Lost
C014771,427,1,3997.0,2,2,2,Lost
C026090,185,1,3997.0,4,2,2,New or promising
C034672,5,2,3997.0,5,3,2,Loyal
C002680,760,2,3998.0,1,3,2,At risk
C003567,758,1,3998.0,1,2,2,Lost
C004669,684,2,3998.0,1,3,2,At risk
C005220,702,1,3998.0,1,2,2,Lost
C005268,639,2,3998.0,1,3,2,At risk
C007369,544,2,3998.0,2,3,2,At risk
C008353,591,2,3998.0,1,3,2,At risk
C015594,405,1,3998.0,2,2,2,Lost
C018579,311,2,3998.0,3,3,2,Loyal
C021712,257,1,3998.0,3,2,2,Needs attention
C022998,232,1,3998.0,3,2,2,Needs attention
C024056,217,1,3998.0,3,2,2,Needs attention
C033170,5,2,3998.0,5,3,2,Loyal
C034163,22,1,3998.0,5,2,2,New or promising
C000103,904,1,3999.0,1,2,2,Lost
C000907,873,1,3999.0,1,2,2,Lost
C001206,861,1,3999.0,1,2,2,Lost
C002526,805,1,3999.0,1,2,2,Lost
C002548,804,1,3999.0,1,2,2,Lost
C002604,802,1,3999.0,1,2,2,Lost
C003639,760,1,3999.0,1,2,2,Lost
C003706,758,1,3999.0,1,2,2,Lost
C004463,730,1,3999.0,1,2,2,Lost
C005113,706,1,3999.0,1,2,2,Lost
C005488,693,1,3999.0,1,2,2,Lost
C005615,688,1,3999.0,1,2,2,Lost
C005906,682,1,3999.0,1,2,2,Lost
C005925,680,1,3999.0,1,2,2,Lost
C006628,634,1,3999.0,1,2,2,Lost
C006861,641,1,3999.0,1,2,2,Lost
C007826,548,1,3999.0,2,2,2,Lost
C007920,591,1,3999.0,1,2,2,Lost
C008355,549,1,3999.0,2,2,2,Lost
C009372,569,1,3999.0,2,2,2,Lost
C009706,562,1,3999.0,2,2,2,Lost
C009710,551,1,3999.0,2,2,2,Lost
C010225,560,1,3999.0,2,2,2,Lost
C010381,554,1,3999.0,2,2,2,Lost
C010729,542,1,3999.0,2,2,2,Lost
C011003,533,1,3999.0,2,2,2,Lost
C011174,530,1,3999.0,2,2,2,Lost
C011959,506,1,3999.0,2,2,2,Lost
C012137,497,1,3999.0,2,2,2,Lost
C012801,482,1,3999.0,2,2,2,Lost
C013034,474,1,3999.0,2,2,2,Lost
C013045,474,1,3999.0,2,2,2,Lost
C013295,465,1,3999.0,2,2,2,Lost
C013700,448,1,3999.0,2,2,2,Lost
C013817,443,1,3999.0,2,2,2,Lost
C013820,452,1,3999.0,2,2,2,Lost
C013999,447,1,3999.0,2,2,2,Lost
C014067,445,1,3999.0,2,2,2,Lost
C014194,395,1,3999.0,2,2,2,Lost
C014307,436,1,3999.0,2,2,2,Lost
C014419,436,1,3999.0,2,2,2,Lost
C014439,435,1,3999.0,2,2,2,Lost
C015007,421,1,3999.0,2,2,2,Lost
C015690,403,1,3999.0,2,2,2,Lost
C015803,400,1,3999.0,2,2,2,Lost
C015942,386,1,3999.0,2,2,2,Lost
C016011,394,1,3999.0,2,2,2,Lost
C016115,391,1,3999.0,2,2,2,Lost
C016155,376,1,3999.0,2,2,2,Lost
C016671,376,1,3999.0,2,2,2,Lost
C017183,222,2,3999.0,3,3,2,Loyal
C017400,309,1,3999.0,3,2,2,Needs attention
C017686,350,1,3999.0,3,2,2,Needs attention
C017779,347,1,3999.0,3,2,2,Needs attention
C018091,340,1,3999.0,3,2,2,Needs attention
C018320,335,1,3999.0,3,2,2,Needs attention
C018825,318,1,3999.0,3,2,2,Needs attention
C019274,316,1,3999.0,3,2,2,Needs attention
C019276,316,1,3999.0,3,2,2,Needs attention
C019997,298,1,3999.0,3,2,2,Needs attention
C020046,297,1,3999.0,3,2,2,Needs attention
C020972,257,1,3999.0,3,2,2,Needs attention
C021367,244,1,3999.0,3,2,2,Needs attention
C021729,257,1,3999.0,3,2,2,Needs attention
C022394,243,1,3999.0,3,2,2,Needs attention
C022724,236,1,3999.0,3,2,2,Needs attention
C022779,225,2,3999.0,3,3,2,Loyal
C023449,228,1,3999.0,3,2,2,Needs attention
C023634,226,1,3999.0,3,2,2,Needs attention
C024153,206,1,3999.0,4,2,2,New or promising
C024268,209,1,3999.0,4,2,2,New or promising
C024868,195,1,3999.0,4,2,2,New or promising
C025528,130,1,3999.0,4,2,2,New or promising
C025601,159,2,3999.0,4,3,2,Loyal
C026161,184,1,3999.0,4,2,2,New or promising
C026561,108,2,3999.0,4,3,2,Loyal
C026678,173,1,3999.0,4,2,2,New or promising
C026870,161,1,3999.0,4,2,2,New or promising
C027165,164,1,3999.0,4,2,2,New or promising
C027280,159,1,3999.0,4,2,2,New or promising
C027283,161,1,3999.0,4,2,2,New or promising
C027507,150,1,3999.0,4,2,2,New or promising
C027667,145,1,3999.0,4,2,2,New or promising
C027956,147,1,3999.0,4,2,2,New or promising
C028453,138,1,3999.0,4,2,2,New or promising
C028812,104,1,3999.0,4,2,2,New or promising
C028842,122,1,3999.0,4,2,2,New or promising
C029217,75,2,3999.0,5,3,2,Loyal
C029218,111,1,3999.0,4,2,2,New or promising
C029309,121,1,3999.0,4,2,2,New or promising
C029341,120,1,3999.0,4,2,2,New or promising
C029705,111,1,3999.0,4,2,2,New or promising
C029845,78,1,3999.0,5,2,2,New or promising
C029985,108,1,3999.0,4,2,2,New or promising
C030466,101,1,3999.0,4,2,2,New or promising
C030517,100,1,3999.0,4,2,2,New or promising
C030765,91,1,3999.0,4,2,2,New or promising
C030829,93,1,3999.0,4,2,2,New or promising
C031267,85,1,3999.0,5,2,2,New or promising
C032319,66,1,3999.0,5,2,2,New or promising
C032323,66,1,3999.0,5,2,2,New or promising
C032679,59,1,3999.0,5,2,2,New or promising
C032867,43,1,3999.0,5,2,2,New or promising
C033110,51,1,3999.0,5,2,2,New or promising
C033275,47,1,3999.0,5,2,2,New or promising
C033489,44,1,3999.0,5,2,2,New or promising
C033588,38,1,3999.0,5,2,2,New or promising
C033732,40,1,3999.0,5,2,2,New or promising
C033741,40,1,3999.0,5,2,2,New or promising
C033876,32,1,3999.0,5,2,2,New or promising
C034054,29,1,3999.0,5,2,2,New or promising
C034189,31,1,3999.0,5,2,2,New or promising
C034329,28,1,3999.0,5,2,2,New or promising
C034414,27,1,3999.0,5,2,2,New or promising
C034868,19,1,3999.0,5,2,2,New or promising
C034931,11,1,3999.0,5,2,2,New or promising
C034936,16,1,3999.0,5,2,2,New or promising
C034971,10,1,3999.0,5,2,2,New or promising
C035417,9,1,3999.0,5,2,2,New or promising
C035468,9,1,3999.0,5,2,2,New or promising
C035542,7,1,3999.0,5,2,2,New or promising
C005457,596,3,4000.0,1,4,2,At risk
C023249,231,1,4004.0,3,2,2,Needs attention
C012427,336,2,4008.0,3,3,2,Loyal
C006330,583,3,4016.0,1,4,2,At risk
C008077,551,2,4018.0,2,3,2,At risk
C024158,154,2,4019.0,4,3,2,Loyal
C008469,555,2,4028.0,2,3,2,At risk
C020997,269,1,4035.0,3,2,2,Needs attention
C009538,572,1,4036.0,2,2,2,Lost
C011538,519,1,4036.0,2,2,2,Lost
C018874,220,2,4038.0,3,3,2,Loyal
C034530,8,2,4038.0,5,3,2,Loyal
C015733,212,3,4040.0,3,4,2,Loyal
C021475,231,2,4041.0,3,3,2,Loyal
C015404,372,2,4043.0,2,3,2,At risk
C024021,56,2,4043.0,5,3,2,Loyal
C015857,393,2,4044.0,2,3,2,At risk
C010500,550,1,4045.0,2,2,2,Lost
C021227,108,3,4045.0,4,4,2,Champions
C035038,16,1,4045.0,5,2,2,New or promising
C000544,813,2,4047.0,1,3,2,At risk
C003845,752,1,4047.0,1,2,2,Lost
C013322,465,1,4047.0,2,2,2,Lost
C020272,261,2,4047.0,3,3,2,Loyal
C025551,195,1,4047.0,4,2,2,New or promising
C029333,120,1,4047.0,4,2,2,New or promising
C007425,629,1,4048.0,1,2,2,Lost
C014675,278,2,4048.0,3,3,2,Loyal
C016504,348,2,4048.0,3,3,2,Loyal
C017863,291,1,4048.0,3,2,2,Needs attention
C020908,275,1,4048.0,3,2,2,Needs attention
C023898,194,2,4048.0,4,3,2,Loyal
C024092,209,1,4048.0,4,2,2,New or promising
C024613,211,1,4048.0,4,2,2,New or promising
C027373,9,3,4048.0,5,4,2,Champions
C031010,90,1,4048.0,4,2,2,New or promising
C013298,465,1,4049.0,2,2,2,Lost
C004795,527,3,4055.0,2,4,2,At risk
C025196,162,2,4056.0,4,3,2,Loyal
C019129,275,2,4069.0,3,3,2,Loyal
C022688,200,2,4074.0,4,3,2,Loyal
C032164,69,1,4077.0,5,2,2,New or promising
C010250,559,1,4078.0,2,2,2,Lost
C016770,373,1,4078.0,2,2,2,Lost
C018846,323,1,4078.0,3,2,2,Needs attention
C021749,253,1,4078.0,3,2,2,Needs attention
C024043,217,1,4078.0,3,2,2,Needs attention
C000652,884,1,4079.0,1,2,2,Lost
C002388,812,1,4079.0,1,2,2,Lost
C003818,753,1,4079.0,1,2,2,Lost
C006562,638,1,4079.0,1,2,2,Lost
C008233,590,1,4079.0,1,2,2,Lost
C010765,542,1,4079.0,2,2,2,Lost
C011101,530,1,4079.0,2,2,2,Lost
C011968,487,1,4079.0,2,2,2,Lost
C020286,291,1,4079.0,3,2,2,Needs attention
C024771,207,1,4079.0,4,2,2,New or promising
C025771,191,1,4079.0,4,2,2,New or promising
C026767,172,1,4079.0,4,2,2,New or promising
C030903,92,1,4079.0,4,2,2,New or promising
C032870,55,1,4079.0,5,2,2,New or promising
C033720,40,1,4079.0,5,2,2,New or promising
C034995,17,1,4079.0,5,2,2,New or promising
C012905,445,3,4082.0,2,4,2,At risk
C027094,110,2,4082.0,4,3,2,Loyal
C001880,826,1,4093.0,1,2,2,Lost
C001996,401,2,4093.0,2,3,2,At risk
C024253,214,1,4093.0,3,2,2,Needs attention
C034584,21,1,4095.0,5,2,2,New or promising
C007929,612,1,4096.0,1,2,2,Lost
C003786,692,3,4097.0,1,4,2,At risk
C004110,744,1,4097.0,1,2,2,Lost
C007164,394,3,4097.0,2,4,2,At risk
C017013,208,3,4097.0,4,4,2,Champions
C026793,114,2,4097.0,4,3,2,Loyal
C029958,12,3,4097.0,5,4,2,Champions
C001226,783,2,4098.0,1,3,2,At risk
C008271,598,1,4098.0,1,2,2,Lost
C010919,536,1,4098.0,2,2,2,Lost
C016022,394,1,4098.0,2,2,2,Lost
C016906,362,2,4098.0,3,3,2,Loyal
C021119,267,2,4098.0,3,3,2,Loyal
C023598,227,1,4098.0,3,2,2,Needs attention
C029903,31,2,4098.0,5,3,2,Loyal
C031299,84,1,4098.0,5,2,2,New or promising
C035227,13,1,4098.0,5,2,2,New or promising
C035492,8,1,4098.0,5,2,2,New or promising
C000305,899,1,4099.0,1,2,2,Lost
C000453,893,1,4099.0,1,2,2,Lost
C000615,886,1,4099.0,1,2,2,Lost
C000625,886,1,4099.0,1,2,2,Lost
C000867,865,1,4099.0,1,2,2,Lost
C000992,869,1,4099.0,1,2,2,Lost
C001017,869,1,4099.0,1,2,2,Lost
C001632,842,1,4099.0,1,2,2,Lost
C001719,839,1,4099.0,1,2,2,Lost
C001870,831,1,4099.0,1,2,2,Lost
C001909,819,1,4099.0,1,2,2,Lost
C002189,809,1,4099.0,1,2,2,Lost
C002319,814,1,4099.0,1,2,2,Lost
C002631,800,1,4099.0,1,2,2,Lost
C002912,789,1,4099.0,1,2,2,Lost
C003435,700,1,4099.0,1,2,2,Lost
C003564,664,1,4099.0,1,2,2,Lost
C003889,750,2,4099.0,1,3,2,At risk
C003894,751,1,4099.0,1,2,2,Lost
C004017,745,1,4099.0,1,2,2,Lost
C004389,732,1,4099.0,1,2,2,Lost
C004500,709,1,4099.0,1,2,2,Lost
C004953,710,1,4099.0,1,2,2,Lost
C005577,679,1,4099.0,1,2,2,Lost
C005942,681,1,4099.0,1,2,2,Lost
C006071,676,1,4099.0,1,2,2,Lost
C006266,646,1,4099.0,1,2,2,Lost
C006332,667,1,4099.0,1,2,2,Lost
C006728,653,1,4099.0,1,2,2,Lost
C006731,652,1,4099.0,1,2,2,Lost
C006845,648,1,4099.0,1,2,2,Lost
C006989,643,1,4099.0,1,2,2,Lost
C007185,637,1,4099.0,1,2,2,Lost
C007658,620,1,4099.0,1,2,2,Lost
C007681,614,1,4099.0,1,2,2,Lost
C007853,604,1,4099.0,1,2,2,Lost
C008526,596,1,4099.0,1,2,2,Lost
C008987,576,1,4099.0,2,2,2,Lost
C009157,583,1,4099.0,1,2,2,Lost
C009460,575,1,4099.0,2,2,2,Lost
C009503,571,1,4099.0,2,2,2,Lost
C009929,565,1,4099.0,2,2,2,Lost
C010115,563,1,4099.0,2,2,2,Lost
C010247,559,1,4099.0,2,2,2,Lost
C010548,529,1,4099.0,2,2,2,Lost
C010896,488,1,4099.0,2,2,2,Lost
C011536,514,1,4099.0,2,2,2,Lost
C011635,516,1,4099.0,2,2,2,Lost
C011639,508,1,4099.0,2,2,2,Lost
C011770,513,1,4099.0,2,2,2,Lost
C011948,507,1,4099.0,2,2,2,Lost
C011960,487,1,4099.0,2,2,2,Lost
C012007,505,1,4099.0,2,2,2,Lost
C012107,502,1,4099.0,2,2,2,Lost
C012133,501,1,4099.0,2,2,2,Lost
C012221,498,1,4099.0,2,2,2,Lost
C012301,427,2,4099.0,2,3,2,At risk
C012347,445,1,4099.0,2,2,2,Lost
C012376,478,1,4099.0,2,2,2,Lost
C012523,463,1,4099.0,2,2,2,Lost
C012540,489,1,4099.0,2,2,2,Lost
C012547,484,1,4099.0,2,2,2,Lost
C012987,476,1,4099.0,2,2,2,Lost
C013043,459,1,4099.0,2,2,2,Lost
C013605,459,1,4099.0,2,2,2,Lost
C013723,396,1,4099.0,2,2,2,Lost
C013902,425,1,4099.0,2,2,2,Lost
C013952,448,1,4099.0,2,2,2,Lost
C014155,443,1,4099.0,2,2,2,Lost
C014182,442,1,4099.0,2,2,2,Lost
C014196,434,1,4099.0,2,2,2,Lost
C014794,410,1,4099.0,2,2,2,Lost
C014827,426,1,4099.0,2,2,2,Lost
C014920,410,1,4099.0,2,2,2,Lost
C015407,410,1,4099.0,2,2,2,Lost
C015888,289,2,4099.0,3,3,2,Loyal
C015957,385,1,4099.0,2,2,2,Lost
C016070,392,1,4099.0,2,2,2,Lost
C016278,386,1,4099.0,2,2,2,Lost
C016319,385,1,4099.0,2,2,2,Lost
C016897,363,1,4099.0,3,2,2,Needs attention
C016918,368,1,4099.0,3,2,2,Needs attention
C017020,366,1,4099.0,3,2,2,Needs attention
C017074,345,1,4099.0,3,2,2,Needs attention
C017125,363,1,4099.0,3,2,2,Needs attention
C017462,355,1,4099.0,3,2,2,Needs attention
C017485,355,1,4099.0,3,2,2,Needs attention
C017516,354,1,4099.0,3,2,2,Needs attention
C017547,334,1,4099.0,3,2,2,Needs attention
C017669,347,1,4099.0,3,2,2,Needs attention
C017687,350,1,4099.0,3,2,2,Needs attention
C017962,343,1,4099.0,3,2,2,Needs attention
C018026,335,1,4099.0,3,2,2,Needs attention
C018117,313,1,4099.0,3,2,2,Needs attention
C018266,337,1,4099.0,3,2,2,Needs attention
C018516,330,1,4099.0,3,2,2,Needs attention
C018533,330,1,4099.0,3,2,2,Needs attention
C018818,315,1,4099.0,3,2,2,Needs attention
C018838,220,1,4099.0,3,2,2,Needs attention
C018936,321,1,4099.0,3,2,2,Needs attention
C019194,317,1,4099.0,3,2,2,Needs attention
C019220,313,1,4099.0,3,2,2,Needs attention
C019227,301,1,4099.0,3,2,2,Needs attention
C019237,292,1,4099.0,3,2,2,Needs attention
C019243,308,1,4099.0,3,2,2,Needs attention
C019353,314,1,4099.0,3,2,2,Needs attention
C019473,309,1,4099.0,3,2,2,Needs attention
C019819,303,1,4099.0,3,2,2,Needs attention
C020070,297,1,4099.0,3,2,2,Needs attention
C020092,292,1,4099.0,3,2,2,Needs attention
C020456,287,1,4099.0,3,2,2,Needs attention
C020948,231,1,4099.0,3,2,2,Needs attention
C020981,275,1,4099.0,3,2,2,Needs attention
C021071,258,2,4099.0,3,3,2,Loyal
C021312,262,1,4099.0,3,2,2,Needs attention
C021703,257,1,4099.0,3,2,2,Needs attention
C022176,178,2,4099.0,4,3,2,Loyal
C022186,246,1,4099.0,3,2,2,Needs attention
C022308,208,2,4099.0,4,3,2,Loyal
C022573,240,1,4099.0,3,2,2,Needs attention
C022703,237,1,4099.0,3,2,2,Needs attention
C023018,231,1,4099.0,3,2,2,Needs attention
C023423,212,1,4099.0,3,2,2,Needs attention
C023430,229,1,4099.0,3,2,2,Needs attention
C023514,228,1,4099.0,3,2,2,Needs attention
C023515,228,1,4099.0,3,2,2,Needs attention
C023550,219,1,4099.0,3,2,2,Needs attention
C023600,227,1,4099.0,3,2,2,Needs attention
C023801,216,1,4099.0,3,2,2,Needs attention
C023818,222,1,4099.0,3,2,2,Needs attention
C024387,212,1,4099.0,3,2,2,Needs attention
C024572,211,1,4099.0,4,2,2,New or promising
C024687,193,1,4099.0,4,2,2,New or promising
C024847,203,1,4099.0,4,2,2,New or promising
C024904,16,1,4099.0,5,2,2,New or promising
C024958,202,1,4099.0,4,2,2,New or promising
C025257,200,1,4099.0,4,2,2,New or promising
C025357,199,1,4099.0,4,2,2,New or promising
C025411,195,1,4099.0,4,2,2,New or promising
C026110,185,1,4099.0,4,2,2,New or promising
C026121,127,1,4099.0,4,2,2,New or promising
C026268,173,1,4099.0,4,2,2,New or promising
C026432,18,2,4099.0,5,3,2,Loyal
C026467,177,1,4099.0,4,2,2,New or promising
C026469,177,1,4099.0,4,2,2,New or promising
C026593,175,1,4099.0,4,2,2,New or promising
C026594,108,2,4099.0,4,3,2,Loyal
C026869,169,1,4099.0,4,2,2,New or promising
C026963,105,1,4099.0,4,2,2,New or promising
C027418,158,1,4099.0,4,2,2,New or promising
C027456,157,1,4099.0,4,2,2,New or promising
C027861,149,1,4099.0,4,2,2,New or promising
C028320,141,1,4099.0,4,2,2,New or promising
C028725,133,1,4099.0,4,2,2,New or promising
C029911,109,1,4099.0,4,2,2,New or promising
C030000,107,1,4099.0,4,2,2,New or promising
C030115,6,1,4099.0,5,2,2,New or promising
C030474,92,1,4099.0,4,2,2,New or promising
C030599,98,1,4099.0,4,2,2,New or promising
C030747,92,1,4099.0,4,2,2,New or promising
C030849,93,1,4099.0,4,2,2,New or promising
C031277,81,1,4099.0,5,2,2,New or promising
C031353,83,1,4099.0,5,2,2,New or promising
C031594,79,1,4099.0,5,2,2,New or promising
C031963,72,1,4099.0,5,2,2,New or promising
C032019,71,1,4099.0,5,2,2,New or promising
C032113,69,1,4099.0,5,2,2,New or promising
C032137,62,1,4099.0,5,2,2,New or promising
C032162,44,2,4099.0,5,3,2,Loyal
C032269,43,2,4099.0,5,3,2,Loyal
C032295,48,2,4099.0,5,3,2,Loyal
C032345,65,1,4099.0,5,2,2,New or promising
C032450,40,1,4099.0,5,2,2,New or promising
C032471,53,1,4099.0,5,2,2,New or promising
C032554,55,1,4099.0,5,2,2,New or promising
C032786,57,1,4099.0,5,2,2,New or promising
C032881,55,1,4099.0,5,2,2,New or promising
C033001,53,1,4099.0,5,2,2,New or promising
C033176,24,1,4099.0,5,2,2,New or promising
C033258,48,1,4099.0,5,2,2,New or promising
C033450,45,1,4099.0,5,2,2,New or promising
C033494,41,1,4099.0,5,2,2,New or promising
C033630,32,2,4099.0,5,3,2,Loyal
C034155,31,1,4099.0,5,2,2,New or promising
C034201,29,1,4099.0,5,2,2,New or promising
C034265,30,1,4099.0,5,2,2,New or promising
C034563,24,1,4099.0,5,2,2,New or promising
C034638,23,1,4099.0,5,2,2,New or promising
C034878,15,1,4099.0,5,2,2,New or promising
C034879,19,1,4099.0,5,2,2,New or promising
C034947,12,1,4099.0,5,2,2,New or promising
C034973,18,1,4099.0,5,2,2,New or promising
C035202,13,1,4099.0,5,2,2,New or promising
C035222,13,1,4099.0,5,2,2,New or promising
C035578,6,1,4099.0,5,2,2,New or promising
C035614,6,1,4099.0,5,2,2,New or promising
C014422,360,2,4101.0,3,3,2,Loyal
C029803,19,2,4103.0,5,3,2,Loyal
C008720,596,1,4105.0,1,2,2,Lost
C009974,565,1,4108.0,2,2,2,Lost
C019124,290,2,4109.0,3,3,2,Loyal
C006408,664,1,4121.0,1,2,2,Lost
C014790,422,1,4121.0,2,2,2,Lost
C027044,103,1,4121.0,4,2,2,New or promising
C005712,684,1,4122.0,1,2,2,Lost
C002304,786,2,4123.0,1,3,2,At risk
C031518,26,2,4126.0,5,3,2,Loyal
C022411,231,2,4128.0,3,3,2,Loyal
C025241,140,2,4133.0,4,3,2,Loyal
C034622,19,2,4136.0,5,3,2,Loyal
C002241,814,1,4139.0,1,2,2,Lost
C029811,66,2,4145.0,5,3,2,Loyal
C029021,102,2,4146.0,4,3,2,Loyal
C007601,621,1,4147.0,1,2,2,Lost
C020188,287,1,4147.0,3,2,2,Needs attention
C025375,199,1,4147.0,4,2,2,New or promising
C029504,83,2,4147.0,5,3,2,Loyal
C030751,22,2,4147.0,5,3,2,Loyal
C034266,0,2,4147.0,5,3,2,Loyal
C002536,805,1,4148.0,1,2,2,Lost
C003493,733,2,4148.0,1,3,2,At risk
C005430,264,2,4148.0,3,3,2,Loyal
C006337,644,1,4148.0,1,2,2,Lost
C007629,598,2,4148.0,1,3,2,At risk
C014746,334,1,4148.0,3,2,2,Needs attention
C023627,176,2,4148.0,4,3,2,Loyal
C027355,159,1,4148.0,4,2,2,New or promising
C027877,148,1,4148.0,4,2,2,New or promising
C028934,110,1,4148.0,4,2,2,New or promising
C029457,107,2,4148.0,4,3,2,Loyal
C031104,16,2,4148.0,5,3,2,Loyal
C021676,201,2,4149.0,4,3,2,Loyal
C003522,764,1,4163.0,1,2,2,Lost
C005049,709,1,4163.0,1,2,2,Lost
C010390,554,1,4163.0,2,2,2,Lost
C010678,537,2,4163.0,2,3,2,At risk
C024747,208,1,4163.0,4,2,2,New or promising
C028376,140,1,4163.0,4,2,2,New or promising
C030958,90,1,4163.0,4,2,2,New or promising
C001724,836,1,4164.0,1,2,2,Lost
C003196,708,1,4164.0,1,2,2,Lost
C003680,755,1,4164.0,1,2,2,Lost
C003796,744,1,4164.0,1,2,2,Lost
C004120,744,1,4164.0,1,2,2,Lost
C006944,645,1,4164.0,1,2,2,Lost
C008953,590,1,4164.0,1,2,2,Lost
C010310,557,1,4164.0,2,2,2,Lost
C011149,524,1,4164.0,2,2,2,Lost
C011571,518,1,4164.0,2,2,2,Lost
C012155,420,2,4164.0,2,3,2,At risk
C012652,486,1,4164.0,2,2,2,Lost
C013786,435,1,4164.0,2,2,2,Lost
C013843,452,1,4164.0,2,2,2,Lost
C015537,407,1,4164.0,2,2,2,Lost
C016876,360,1,4164.0,3,2,2,Needs attention
C017585,352,1,4164.0,3,2,2,Needs attention
C017765,339,1,4164.0,3,2,2,Needs attention
C018212,337,1,4164.0,3,2,2,Needs attention
C018806,324,1,4164.0,3,2,2,Needs attention
C019103,317,1,4164.0,3,2,2,Needs attention
C019164,318,1,4164.0,3,2,2,Needs attention
C019435,312,1,4164.0,3,2,2,Needs attention
C021187,269,1,4164.0,3,2,2,Needs attention
C021480,263,1,4164.0,3,2,2,Needs attention
C022523,241,1,4164.0,3,2,2,Needs attention
C022902,233,1,4164.0,3,2,2,Needs attention
C024162,206,1,4164.0,4,2,2,New or promising
C025117,197,1,4164.0,4,2,2,New or promising
C025825,190,1,4164.0,4,2,2,New or promising
C026336,168,1,4164.0,4,2,2,New or promising
C027381,159,1,4164.0,4,2,2,New or promising
C027410,146,1,4164.0,4,2,2,New or promising
C029153,124,1,4164.0,4,2,2,New or promising
C030168,27,1,4164.0,5,2,2,New or promising
C030718,95,1,4164.0,4,2,2,New or promising
C031128,87,1,4164.0,4,2,2,New or promising
C031455,81,1,4164.0,5,2,2,New or promising
C032752,47,1,4164.0,5,2,2,New or promising
C032796,39,1,4164.0,5,2,2,New or promising
C034075,33,1,4164.0,5,2,2,New or promising
C034402,26,1,4164.0,5,2,2,New or promising
C034538,25,1,4164.0,5,2,2,New or promising
C034785,13,1,4164.0,5,2,2,New or promising
C035135,15,1,4164.0,5,2,2,New or promising
C035177,14,1,4164.0,5,2,2,New or promising
C035459,9,1,4164.0,5,2,2,New or promising
C035466,9,1,4164.0,5,2,2,New or promising
C035602,6,1,4164.0,5,2,2,New or promising
C031617,41,3,4174.0,5,4,2,Champions
C018911,321,1,4178.0,3,2,2,Needs attention
C021846,225,2,4182.0,3,3,2,Loyal
C023247,213,3,4182.0,3,4,2,Loyal
C007266,628,2,4185.0,1,3,2,At risk
C023056,207,2,4193.0,4,3,2,Loyal
C024400,214,1,4194.0,3,2,2,Needs attention
C006950,470,3,4196.0,2,4,2,At risk
C018759,323,1,4196.0,3,2,2,Needs attention
C022473,2,3,4196.0,5,4,2,Champions
C026498,123,2,4196.0,4,3,2,Loyal
C006258,666,1,4197.0,1,2,2,Lost
C009905,460,2,4197.0,2,3,2,At risk
C022485,16,3,4197.0,5,4,2,Champions
C024760,206,2,4197.0,4,3,2,Loyal
C025588,195,1,4197.0,4,2,2,New or promising
C029265,96,2,4197.0,4,3,2,Loyal
C001814,808,2,4198.0,1,3,2,At risk
C003355,677,2,4198.0,1,3,2,At risk
C003556,763,1,4198.0,1,2,2,Lost
C004881,693,2,4198.0,1,3,2,At risk
C005742,674,1,4198.0,1,2,2,Lost
C006246,639,2,4198.0,1,3,2,At risk
C006995,640,1,4198.0,1,2,2,Lost
C007564,624,1,4198.0,1,2,2,Lost
C013908,410,2,4198.0,2,3,2,At risk
C013985,326,2,4198.0,3,3,2,Loyal
C014375,427,1,4198.0,2,2,2,Lost
C014471,327,2,4198.0,3,3,2,Loyal
C017218,348,1,4198.0,3,2,2,Needs attention
C020037,221,2,4198.0,3,3,2,Loyal
C021538,261,1,4198.0,3,2,2,Needs attention
C024108,212,1,4198.0,3,2,2,Needs attention
C024991,203,1,4198.0,4,2,2,New or promising
C026569,175,1,4198.0,4,2,2,New or promising
C026831,170,1,4198.0,4,2,2,New or promising
C030021,9,2,4198.0,5,3,2,Loyal
C033137,51,1,4198.0,5,2,2,New or promising
C033828,22,1,4198.0,5,2,2,New or promising
C033916,36,1,4198.0,5,2,2,New or promising
C034975,16,1,4198.0,5,2,2,New or promising
C001971,826,1,4199.0,1,2,2,Lost
C002805,775,1,4199.0,1,2,2,Lost
C003393,770,1,4199.0,1,2,2,Lost
C004992,645,1,4199.0,1,2,2,Lost
C005869,684,1,4199.0,1,2,2,Lost
C014472,404,1,4199.0,2,2,2,Lost
C015534,407,1,4199.0,2,2,2,Lost
C016293,386,1,4199.0,2,2,2,Lost
C018328,335,1,4199.0,3,2,2,Needs attention
C021932,253,1,4199.0,3,2,2,Needs attention
C022187,231,1,4199.0,3,2,2,Needs attention
C023205,231,1,4199.0,3,2,2,Needs attention
C023936,219,1,4199.0,3,2,2,Needs attention
C028288,141,1,4199.0,4,2,2,New or promising
C028529,129,2,4199.0,4,3,2,Loyal
C029856,102,1,4199.0,4,2,2,New or promising
C031580,70,1,4199.0,5,2,2,New or promising
C034373,21,1,4199.0,5,2,2,New or promising
C034613,23,1,4199.0,5,2,2,New or promising
C035165,14,1,4199.0,5,2,2,New or promising
C003360,747,2,4203.0,1,3,2,At risk
C023173,200,2,4205.0,4,3,2,Loyal
C006034,665,1,4206.0,1,2,2,Lost
C009627,573,1,4206.0,2,2,2,Lost
C024805,206,1,4206.0,4,2,2,New or promising
C002075,808,2,4207.0,1,3,2,At risk
C017295,321,2,4220.0,3,3,2,Loyal
C024681,200,2,4220.0,4,3,2,Loyal
C022415,181,2,4223.0,4,3,2,Loyal
C023417,230,1,4227.0,3,2,2,Needs attention
C012809,481,1,4228.0,2,2,2,Lost
C021633,231,1,4232.0,3,2,2,Needs attention
C023290,231,1,4237.0,3,2,2,Needs attention
C029687,90,2,4238.0,4,3,2,Loyal
C010739,504,2,4239.0,2,3,2,At risk
C013003,475,1,4246.0,2,2,2,Lost
C015704,402,1,4246.0,2,2,2,Lost
C002861,379,3,4247.0,2,4,2,At risk
C007280,596,2,4247.0,1,3,2,At risk
C016081,392,1,4247.0,2,2,2,Lost
C020168,111,3,4247.0,4,4,2,Champions
C030390,101,1,4247.0,4,2,2,New or promising
C034498,25,1,4247.0,5,2,2,New or promising
C034599,24,1,4247.0,5,2,2,New or promising
C003025,785,1,4248.0,1,2,2,Lost
C003296,774,1,4248.0,1,2,2,Lost
C003716,637,2,4248.0,1,3,2,At risk
C003923,505,1,4248.0,2,2,2,Lost
C005252,701,1,4248.0,1,2,2,Lost
C009681,561,1,4248.0,2,2,2,Lost
C010520,549,1,4248.0,2,2,2,Lost
C010704,542,1,4248.0,2,2,2,Lost
C012072,465,2,4248.0,2,3,2,At risk
C012216,213,2,4248.0,3,3,2,Loyal
C014102,443,1,4248.0,2,2,2,Lost
C014522,322,2,4248.0,3,3,2,Loyal
C017503,320,3,4248.0,3,4,2,Loyal
C017886,339,2,4248.0,3,3,2,Loyal
C018195,325,1,4248.0,3,2,2,Needs attention
C019019,273,2,4248.0,3,3,2,Loyal
C020566,259,1,4248.0,3,2,2,Needs attention
C021350,254,1,4248.0,3,2,2,Needs attention
C021501,218,2,4248.0,3,3,2,Loyal
C023772,202,1,4248.0,4,2,2,New or promising
C024229,210,1,4248.0,4,2,2,New or promising
C024419,190,1,4248.0,4,2,2,New or promising
C025595,90,2,4248.0,4,3,2,Loyal
C027950,147,1,4248.0,4,2,2,New or promising
C030925,86,1,4248.0,4,2,2,New or promising
C031555,66,2,4248.0,5,3,2,Loyal
C032877,31,1,4248.0,5,2,2,New or promising
C033337,47,1,4248.0,5,2,2,New or promising
C033696,31,2,4248.0,5,3,2,Loyal
C033923,23,2,4248.0,5,3,2,Loyal
C035644,3,1,4248.0,5,2,2,New or promising
C000119,907,1,4249.0,1,2,2,Lost
C001036,868,1,4249.0,1,2,2,Lost
C001189,862,1,4249.0,1,2,2,Lost
C003474,767,1,4249.0,1,2,2,Lost
C003766,744,1,4249.0,1,2,2,Lost
C007548,624,1,4249.0,1,2,2,Lost
C008439,581,1,4249.0,1,2,2,Lost
C009134,565,1,4249.0,2,2,2,Lost
C009493,577,1,4249.0,2,2,2,Lost
C009741,567,1,4249.0,2,2,2,Lost
C009973,563,1,4249.0,2,2,2,Lost
C011088,533,1,4249.0,2,2,2,Lost
C012487,488,1,4249.0,2,2,2,Lost
C013573,453,1,4249.0,2,2,2,Lost
C013714,457,1,4249.0,2,2,2,Lost
C013722,457,1,4249.0,2,2,2,Lost
C014333,438,1,4249.0,2,2,2,Lost
C014371,437,1,4249.0,2,2,2,Lost
C015557,407,1,4249.0,2,2,2,Lost
C017011,366,1,4249.0,3,2,2,Needs attention
C017163,362,1,4249.0,3,2,2,Needs attention
C017437,332,1,4249.0,3,2,2,Needs attention
C017673,350,1,4249.0,3,2,2,Needs attention
C019389,313,1,4249.0,3,2,2,Needs attention
C019820,291,1,4249.0,3,2,2,Needs attention
C020428,282,1,4249.0,3,2,2,Needs attention
C020968,265,1,4249.0,3,2,2,Needs attention
C023392,221,1,4249.0,3,2,2,Needs attention
C023589,200,1,4249.0,4,2,2,New or promising
C023797,218,1,4249.0,3,2,2,Needs attention
C023889,214,1,4249.0,3,2,2,Needs attention
C023938,219,1,4249.0,3,2,2,Needs attention
C024362,214,1,4249.0,3,2,2,Needs attention
C025986,187,1,4249.0,4,2,2,New or promising
C026222,183,1,4249.0,4,2,2,New or promising
C027255,162,1,4249.0,4,2,2,New or promising
C027936,102,2,4249.0,4,3,2,Loyal
C029706,111,1,4249.0,4,2,2,New or promising
C030040,102,1,4249.0,4,2,2,New or promising
C030238,104,1,4249.0,4,2,2,New or promising
C030720,83,1,4249.0,5,2,2,New or promising
C030842,89,1,4249.0,4,2,2,New or promising
C031184,64,1,4249.0,5,2,2,New or promising
C031209,86,1,4249.0,4,2,2,New or promising
C031595,77,1,4249.0,5,2,2,New or promising
C031820,74,1,4249.0,5,2,2,New or promising
C031901,54,1,4249.0,5,2,2,New or promising
C032815,56,1,4249.0,5,2,2,New or promising
C033241,49,1,4249.0,5,2,2,New or promising
C033892,37,1,4249.0,5,2,2,New or promising
C033992,35,1,4249.0,5,2,2,New or promising
C034297,12,1,4249.0,5,2,2,New or promising
C034559,20,1,4249.0,5,2,2,New or promising
C034576,24,1,4249.0,5,2,2,New or promising
C034885,19,1,4249.0,5,2,2,New or promising
C035802,3,1,4249.0,5,2,2,New or promising
C025095,200,2,4251.0,4,3,2,Loyal
C021835,218,2,4252.0,3,3,2,Loyal
C027848,19,2,4263.0,5,3,2,Loyal
C005322,697,2,4266.0,1,3,2,At risk
C001881,661,2,4268.0,1,3,2,At risk
C019263,231,1,4268.0,3,2,2,Needs attention
C015293,0,2,4270.0,5,3,2,Loyal
C023318,192,2,4270.0,4,3,2,Loyal
C028939,129,1,4272.0,4,2,2,New or promising
C001170,783,2,4273.0,1,3,2,At risk
C002027,822,1,4273.0,1,2,2,Lost
C033216,30,2,4278.0,5,3,2,Loyal
C003816,711,2,4283.0,1,3,2,At risk
C006223,391,2,4283.0,2,3,2,At risk
C025086,201,1,4284.0,4,2,2,New or promising
C025984,187,1,4290.0,4,2,2,New or promising
C000199,904,1,4291.0,1,2,2,Lost
C018015,342,1,4291.0,3,2,2,Needs attention
C025019,202,1,4291.0,4,2,2,New or promising
C034292,29,1,4291.0,5,2,2,New or promising
C023123,231,1,4293.0,3,2,2,Needs attention
C032296,3,2,4293.0,5,3,2,Loyal
C018785,251,3,4294.0,3,4,2,Loyal
C017459,274,2,4296.0,3,3,2,Loyal
C004326,699,2,4297.0,1,3,2,At risk
C005893,683,1,4297.0,1,2,2,Lost
C022278,198,2,4297.0,4,3,2,Loyal
C032369,65,1,4297.0,5,2,2,New or promising
C034806,11,2,4297.0,5,3,2,Loyal
C004852,710,1,4298.0,1,2,2,Lost
C005008,708,1,4298.0,1,2,2,Lost
C007921,612,1,4298.0,1,2,2,Lost
C008609,568,1,4298.0,2,2,2,Lost
C008693,579,1,4298.0,1,2,2,Lost
C009178,581,1,4298.0,1,2,2,Lost
C010262,558,1,4298.0,2,2,2,Lost
C011072,376,2,4298.0,2,3,2,At risk
C011100,532,1,4298.0,2,2,2,Lost
C014807,413,2,4298.0,2,3,2,At risk
C015874,398,1,4298.0,2,2,2,Lost
C016178,387,1,4298.0,2,2,2,Lost
C018903,213,2,4298.0,3,3,2,Loyal
C021300,112,2,4298.0,4,3,2,Loyal
C025044,197,1,4298.0,4,2,2,New or promising
C026576,175,1,4298.0,4,2,2,New or promising
C028783,25,2,4298.0,5,3,2,Loyal
C029266,122,1,4298.0,4,2,2,New or promising
C031872,53,2,4298.0,5,3,2,Loyal
C032708,8,2,4298.0,5,3,2,Loyal
C034699,11,2,4298.0,5,3,2,Loyal
C034817,14,2,4298.0,5,3,2,Loyal
C000388,798,1,4299.0,1,2,2,Lost
C001401,844,1,4299.0,1,2,2,Lost
C002892,736,2,4299.0,1,3,2,At risk
C003012,738,1,4299.0,1,2,2,Lost
C004118,731,1,4299.0,1,2,2,Lost
C005253,701,1,4299.0,1,2,2,Lost
C005501,683,1,4299.0,1,2,2,Lost
C006056,677,1,4299.0,1,2,2,Lost
C006185,671,1,4299.0,1,2,2,Lost
C010086,385,1,4299.0,2,2,2,Lost
C010424,545,1,4299.0,2,2,2,Lost
C010839,540,1,4299.0,2,2,2,Lost
C011389,523,1,4299.0,2,2,2,Lost
C011740,487,1,4299.0,2,2,2,Lost
C012829,475,1,4299.0,2,2,2,Lost
C013071,473,1,4299.0,2,2,2,Lost
C014334,438,1,4299.0,2,2,2,Lost
C014776,427,1,4299.0,2,2,2,Lost
C021118,271,1,4299.0,3,2,2,Needs attention
C021513,262,1,4299.0,3,2,2,Needs attention
C023435,200,2,4299.0,4,3,2,Loyal
C024008,218,1,4299.0,3,2,2,Needs attention
C024239,208,1,4299.0,4,2,2,New or promising
C024660,210,1,4299.0,4,2,2,New or promising
C025143,165,2,4299.0,4,3,2,Loyal
C025535,191,1,4299.0,4,2,2,New or promising
C026334,171,1,4299.0,4,2,2,New or promising
C026563,176,1,4299.0,4,2,2,New or promising
C026832,170,1,4299.0,4,2,2,New or promising
C027120,147,1,4299.0,4,2,2,New or promising
C030017,101,1,4299.0,4,2,2,New or promising
C032118,69,1,4299.0,5,2,2,New or promising
C032379,64,1,4299.0,5,2,2,New or promising
C032825,56,1,4299.0,5,2,2,New or promising
C033573,43,1,4299.0,5,2,2,New or promising
C035049,16,1,4299.0,5,2,2,New or promising
C002476,800,2,4305.0,1,3,2,At risk
C009104,402,3,4306.0,2,4,2,At risk
C003341,596,3,4309.0,1,4,2,At risk
C005546,577,2,4311.0,2,3,2,At risk
C013509,453,1,4318.0,2,2,2,Lost
C029612,108,2,4318.0,4,3,2,Loyal
C030144,106,1,4319.0,4,2,2,New or promising
C009122,542,2,4323.0,2,3,2,At risk
C009302,579,1,4324.0,1,2,2,Lost
C012486,457,2,4325.0,2,3,2,At risk
C013812,449,1,4332.0,2,2,2,Lost
C028758,131,1,4332.0,4,2,2,New or promising
C002399,808,1,4333.0,1,2,2,Lost
C009449,578,1,4333.0,2,2,2,Lost
C016874,364,1,4333.0,3,2,2,Needs attention
C018629,328,1,4333.0,3,2,2,Needs attention
C019805,248,2,4333.0,3,3,2,Loyal
C027816,150,1,4333.0,4,2,2,New or promising
C030543,61,4,4334.0,5,5,2,Champions
C031741,77,1,4334.0,5,2,2,New or promising
C034781,19,2,4336.0,5,3,2,Loyal
C013552,373,3,4337.0,2,4,2,At risk
C013274,440,2,4341.0,2,3,2,At risk
C007877,578,1,4345.0,1,2,2,Lost
C017480,224,3,4345.0,3,4,2,Loyal
C017925,320,2,4346.0,3,3,2,Loyal
C020916,276,1,4346.0,3,2,2,Needs attention
C026119,144,2,4346.0,4,3,2,Loyal
C002881,791,1,4347.0,1,2,2,Lost
C005001,670,2,4347.0,1,3,2,At risk
C021435,128,3,4347.0,4,4,2,Champions
C030240,97,1,4347.0,4,2,2,New or promising
C034171,31,1,4347.0,5,2,2,New or promising
C000574,877,2,4348.0,1,3,2,At risk
C001490,821,1,4348.0,1,2,2,Lost
C002165,812,1,4348.0,1,2,2,Lost
C006059,667,2,4348.0,1,3,2,At risk
C013599,457,1,4348.0,2,2,2,Lost
C014478,366,2,4348.0,3,3,2,Loyal
C014847,425,1,4348.0,2,2,2,Lost
C015735,402,1,4348.0,2,2,2,Lost
C018649,323,2,4348.0,3,3,2,Loyal
C018675,235,1,4348.0,3,2,2,Needs attention
C027276,97,2,4348.0,4,3,2,Loyal
C030421,31,2,4348.0,5,3,2,Loyal
C031736,68,2,4348.0,5,3,2,Loyal
C035080,0,1,4348.0,5,2,2,New or promising
C035104,3,2,4348.0,5,3,2,Loyal
C005813,685,1,4349.0,1,2,2,Lost
C010089,564,1,4350.0,2,2,2,Lost
C008478,595,1,4352.0,1,2,2,Lost
C034028,12,2,4358.0,5,3,2,Loyal
C022918,215,1,4362.0,3,2,2,Needs attention
C003391,577,3,4363.0,2,4,2,At risk
C019082,320,1,4366.0,3,2,2,Needs attention
C020962,242,2,4368.0,3,3,2,Loyal
C030405,26,2,4368.0,5,3,2,Loyal
C023295,231,1,4370.0,3,2,2,Needs attention
C018966,320,2,4372.0,3,3,2,Loyal
C023197,231,1,4374.0,3,2,2,Needs attention
C022050,249,1,4376.0,3,2,2,Needs attention
C033353,42,1,4376.0,5,2,2,New or promising
C018913,290,2,4377.0,3,3,2,Loyal
C001847,814,2,4378.0,1,3,2,At risk
C013156,462,2,4378.0,2,3,2,At risk
C018902,320,1,4378.0,3,2,2,Needs attention
C002565,729,2,4382.0,1,3,2,At risk
C030204,104,2,4383.0,4,3,2,Loyal
C022981,231,1,4384.0,3,2,2,Needs attention
C014931,379,2,4387.0,2,3,2,At risk
C009011,516,2,4396.0,2,3,2,At risk
C000011,903,1,4397.0,1,2,2,Lost
C009478,575,1,4397.0,2,2,2,Lost
C015931,395,2,4397.0,2,3,2,At risk
C017056,365,1,4397.0,3,2,2,Needs attention
C023244,227,1,4397.0,3,2,2,Needs attention
C002402,811,1,4398.0,1,2,2,Lost
C002889,717,2,4398.0,1,3,2,At risk
C006129,640,2,4398.0,1,3,2,At risk
C006693,608,1,4398.0,1,2,2,Lost
C011816,511,1,4398.0,2,2,2,Lost
C015019,304,1,4398.0,3,2,2,Needs attention
C018803,312,1,4398.0,3,2,2,Needs attention
C018816,220,1,4398.0,3,2,2,Needs attention
C020297,291,1,4398.0,3,2,2,Needs attention
C022342,224,2,4398.0,3,3,2,Loyal
C023444,206,2,4398.0,4,3,2,Loyal
C026229,1,2,4398.0,5,3,2,Loyal
C028316,141,1,4398.0,4,2,2,New or promising
C033196,33,1,4398.0,5,2,2,New or promising
C033578,31,2,4398.0,5,3,2,Loyal
C005321,688,1,4399.0,1,2,2,Lost
C019311,315,1,4399.0,3,2,2,Needs attention
C019514,288,1,4399.0,3,2,2,Needs attention
C022695,170,1,4399.0,4,2,2,New or promising
C024630,200,1,4399.0,4,2,2,New or promising
C026794,169,1,4399.0,4,2,2,New or promising
C026856,151,2,4399.0,4,3,2,Loyal
C028327,140,1,4399.0,4,2,2,New or promising
C028396,139,1,4399.0,4,2,2,New or promising
C030913,91,1,4399.0,4,2,2,New or promising
C032208,49,1,4399.0,5,2,2,New or promising
C008212,579,2,4401.0,1,3,2,At risk
C002626,791,2,4403.0,1,3,2,At risk
C005740,686,1,4404.0,1,2,2,Lost
C002036,823,1,4408.0,1,2,2,Lost
C008581,584,2,4408.0,1,3,2,At risk
C002387,812,1,4409.0,1,2,2,Lost
C013174,469,1,4409.0,2,2,2,Lost
C025114,200,1,4413.0,4,2,2,New or promising
C035655,5,1,4416.0,5,2,2,New or promising
C024559,129,3,4417.0,4,4,2,Champions
C000517,890,1,4418.0,1,2,2,Lost
C006010,678,1,4418.0,1,2,2,Lost
C006726,645,1,4418.0,1,2,2,Lost
C006803,627,2,4418.0,1,3,2,At risk
C008787,595,1,4418.0,1,2,2,Lost
C010138,562,1,4418.0,2,2,2,Lost
C012360,494,1,4418.0,2,2,2,Lost
C013650,458,1,4418.0,2,2,2,Lost
C016701,200,2,4418.0,4,3,2,Loyal
C021086,272,1,4418.0,3,2,2,Needs attention
C021945,253,1,4418.0,3,2,2,Needs attention
C024619,209,1,4418.0,4,2,2,New or promising
C029545,115,1,4418.0,4,2,2,New or promising
C032483,63,1,4418.0,5,2,2,New or promising
C033662,41,1,4418.0,5,2,2,New or promising
C035204,7,1,4418.0,5,2,2,New or promising
C035546,7,1,4418.0,5,2,2,New or promising
C001691,840,1,4419.0,1,2,2,Lost
C002136,817,1,4419.0,1,2,2,Lost
C002976,787,1,4419.0,1,2,2,Lost
C004019,747,1,4419.0,1,2,2,Lost
C007026,624,2,4419.0,1,3,2,At risk
C008460,578,2,4419.0,2,3,2,At risk
C011385,523,1,4419.0,2,2,2,Lost
C012470,486,1,4419.0,2,2,2,Lost
C014519,433,1,4419.0,2,2,2,Lost
C018024,342,1,4419.0,3,2,2,Needs attention
C022037,251,1,4419.0,3,2,2,Needs attention
C022543,231,1,4419.0,3,2,2,Needs attention
C026045,182,1,4419.0,4,2,2,New or promising
C026653,174,1,4419.0,4,2,2,New or promising
C028080,108,1,4419.0,4,2,2,New or promising
C030025,104,1,4419.0,4,2,2,New or promising
C031781,2,1,4419.0,5,2,2,New or promising
C033859,38,1,4419.0,5,2,2,New or promising
C034337,25,1,4419.0,5,2,2,New or promising
C027039,82,2,4421.0,5,3,2,Loyal
C026809,65,3,4422.0,5,4,2,Champions
C019902,283,2,4425.0,3,3,2,Loyal
C019125,319,1,4429.0,3,2,2,Needs attention
C026837,145,2,4442.0,4,3,2,Loyal
C020875,133,3,4445.0,4,4,2,Champions
C001550,846,1,4446.0,1,2,2,Lost
C028239,44,1,4446.0,5,2,2,New or promising
C008029,552,2,4447.0,2,3,2,At risk
C013537,372,2,4447.0,2,3,2,At risk
C023135,204,2,4447.0,4,3,2,Loyal
C031199,86,1,4447.0,4,2,2,New or promising
C001171,858,1,4448.0,1,2,2,Lost
C003377,720,1,4448.0,1,2,2,Lost
C005472,680,2,4448.0,1,3,2,At risk
C005987,432,2,4448.0,2,3,2,At risk
C014323,438,1,4448.0,2,2,2,Lost
C015394,382,2,4448.0,2,3,2,At risk
C016052,377,2,4448.0,2,3,2,At risk
C023225,203,1,4448.0,4,2,2,New or promising
C026140,108,2,4448.0,4,3,2,Loyal
C027021,55,2,4448.0,5,3,2,Loyal
C027378,159,1,4448.0,4,2,2,New or promising
C027759,147,1,4448.0,4,2,2,New or promising
C028293,109,2,4448.0,4,3,2,Loyal
C032064,71,1,4448.0,5,2,2,New or promising
C033211,49,1,4448.0,5,2,2,New or promising
C033347,47,1,4448.0,5,2,2,New or promising
C012778,287,2,4455.0,3,3,2,Loyal
C008820,591,1,4460.0,1,2,2,Lost
C009146,581,1,4461.0,1,2,2,Lost
C033414,45,1,4461.0,5,2,2,New or promising
C004395,731,2,4463.0,1,3,2,At risk
C012910,466,2,4463.0,2,3,2,At risk
C018175,320,3,4463.0,3,4,2,Loyal
C032965,16,2,4468.0,5,3,2,Loyal
C018237,287,2,4472.0,3,3,2,Loyal
C024142,199,1,4472.0,4,2,2,New or promising
C030481,60,2,4481.0,5,3,2,Loyal
C034848,1,2,4486.0,5,3,2,Loyal
C027010,105,3,4488.0,4,4,2,Champions
C035336,9,2,4495.0,5,3,2,Loyal
C004113,670,3,4497.0,1,4,2,At risk
C005999,679,1,4497.0,1,2,2,Lost
C008972,483,4,4497.0,2,5,2,At risk
C010697,510,3,4497.0,2,4,2,At risk
C013556,361,3,4497.0,3,4,2,Loyal
C015567,177,1,4497.0,4,2,2,New or promising
C019780,265,1,4497.0,3,2,2,Needs attention
C026003,2,2,4497.0,5,3,2,Loyal
C029826,110,1,4497.0,4,2,2,New or promising
C033539,28,2,4497.0,5,3,2,Loyal
C002017,822,1,4498.0,1,2,2,Lost
C003434,766,2,4498.0,1,3,2,At risk
C003753,756,1,4498.0,1,2,2,Lost
C003822,666,3,4498.0,1,4,2,At risk
C005520,630,2,4498.0,1,3,2,At risk
C007386,627,2,4498.0,1,3,2,At risk
C010452,494,2,4498.0,2,3,2,At risk
C011268,527,1,4498.0,2,2,2,Lost
C011493,520,1,4498.0,2,2,2,Lost
C012697,471,2,4498.0,2,3,2,At risk
C013164,310,2,4498.0,3,3,2,Loyal
C013240,463,1,4498.0,2,2,2,Lost
C013341,420,2,4498.0,2,3,2,At risk
C014355,291,2,4498.0,3,3,2,Loyal
C015133,414,1,4498.0,2,2,2,Lost
C018222,337,1,4498.0,3,2,2,Needs attention
C020128,295,1,4498.0,3,2,2,Needs attention
C024371,103,1,4498.0,4,2,2,New or promising
C025056,198,1,4498.0,4,2,2,New or promising
C026588,175,1,4498.0,4,2,2,New or promising
C028054,146,1,4498.0,4,2,2,New or promising
C028739,2,2,4498.0,5,3,2,Loyal
C029119,125,1,4498.0,4,2,2,New or promising
C029862,51,2,4498.0,5,3,2,Loyal
C033252,37,1,4498.0,5,2,2,New or promising
C034029,35,1,4498.0,5,2,2,New or promising
C034139,32,1,4498.0,5,2,2,New or promising
C034568,24,1,4498.0,5,2,2,New or promising
C034851,0,2,4498.0,5,3,2,Loyal
C035063,16,1,4498.0,5,2,2,New or promising
C000155,902,1,4499.0,1,2,2,Lost
C000204,904,1,4499.0,1,2,2,Lost
C000209,899,1,4499.0,1,2,2,Lost
C000807,877,1,4499.0,1,2,2,Lost
C001231,860,1,4499.0,1,2,2,Lost
C001555,842,1,4499.0,1,2,2,Lost
C001907,829,1,4499.0,1,2,2,Lost
C001913,828,1,4499.0,1,2,2,Lost
C002167,818,1,4499.0,1,2,2,Lost
C002363,808,1,4499.0,1,2,2,Lost
C002450,808,1,4499.0,1,2,2,Lost
C004022,741,1,4499.0,1,2,2,Lost
C004301,736,1,4499.0,1,2,2,Lost
C005176,690,1,4499.0,1,2,2,Lost
C005182,703,1,4499.0,1,2,2,Lost
C005659,688,1,4499.0,1,2,2,Lost
C005873,684,1,4499.0,1,2,2,Lost
C006164,593,1,4499.0,1,2,2,Lost
C006420,664,1,4499.0,1,2,2,Lost
C006904,646,1,4499.0,1,2,2,Lost
C007003,643,1,4499.0,1,2,2,Lost
C007764,618,1,4499.0,1,2,2,Lost
C007815,616,1,4499.0,1,2,2,Lost
C007875,605,1,4499.0,1,2,2,Lost
C007953,593,1,4499.0,1,2,2,Lost
C007996,586,2,4499.0,1,3,2,At risk
C008396,563,2,4499.0,2,3,2,At risk
C009239,581,1,4499.0,1,2,2,Lost
C009357,578,1,4499.0,2,2,2,Lost
C009675,503,1,4499.0,2,2,2,Lost
C009691,560,1,4499.0,2,2,2,Lost
C010192,561,1,4499.0,2,2,2,Lost
C010214,560,1,4499.0,2,2,2,Lost
C010496,550,1,4499.0,2,2,2,Lost
C010497,524,1,4499.0,2,2,2,Lost
C011076,533,1,4499.0,2,2,2,Lost
C011299,517,1,4499.0,2,2,2,Lost
C011348,524,1,4499.0,2,2,2,Lost
C011451,521,1,4499.0,2,2,2,Lost
C011551,504,1,4499.0,2,2,2,Lost
C012577,488,1,4499.0,2,2,2,Lost
C012743,478,1,4499.0,2,2,2,Lost
C013558,460,1,4499.0,2,2,2,Lost
C013728,452,1,4499.0,2,2,2,Lost
C013739,456,1,4499.0,2,2,2,Lost
C014257,355,1,4499.0,3,2,2,Needs attention
C014431,425,1,4499.0,2,2,2,Lost
C014549,432,1,4499.0,2,2,2,Lost
C015369,389,2,4499.0,2,3,2,At risk
C015521,407,1,4499.0,2,2,2,Lost
C015666,404,1,4499.0,2,2,2,Lost
C016165,390,1,4499.0,2,2,2,Lost
C016458,368,1,4499.0,3,2,2,Needs attention
C017197,362,1,4499.0,3,2,2,Needs attention
C017573,352,1,4499.0,3,2,2,Needs attention
C017869,250,2,4499.0,3,3,2,Loyal
C017940,232,1,4499.0,3,2,2,Needs attention
C017968,343,1,4499.0,3,2,2,Needs attention
C018053,341,1,4499.0,3,2,2,Needs attention
C019102,319,1,4499.0,3,2,2,Needs attention
C020312,290,1,4499.0,3,2,2,Needs attention
C020692,264,1,4499.0,3,2,2,Needs attention
C020700,272,1,4499.0,3,2,2,Needs attention
C020820,278,1,4499.0,3,2,2,Needs attention
C020893,275,1,4499.0,3,2,2,Needs attention
C021130,265,1,4499.0,3,2,2,Needs attention
C021445,263,1,4499.0,3,2,2,Needs attention
C021885,197,1,4499.0,4,2,2,New or promising
C021894,254,1,4499.0,3,2,2,Needs attention
C022135,249,1,4499.0,3,2,2,Needs attention
C022310,245,1,4499.0,3,2,2,Needs attention
C022838,200,2,4499.0,4,3,2,Loyal
C023112,228,1,4499.0,3,2,2,Needs attention
C024279,212,1,4499.0,3,2,2,Needs attention
C024478,202,1,4499.0,4,2,2,New or promising
C024649,210,1,4499.0,4,2,2,New or promising
C025298,196,1,4499.0,4,2,2,New or promising
C025459,197,1,4499.0,4,2,2,New or promising
C025493,197,1,4499.0,4,2,2,New or promising
C025503,197,1,4499.0,4,2,2,New or promising
C026131,179,1,4499.0,4,2,2,New or promising
C026136,179,1,4499.0,4,2,2,New or promising
C026191,172,1,4499.0,4,2,2,New or promising
C026208,173,1,4499.0,4,2,2,New or promising
C026429,178,1,4499.0,4,2,2,New or promising
C026435,123,2,4499.0,4,3,2,Loyal
C026754,172,1,4499.0,4,2,2,New or promising
C027264,161,1,4499.0,4,2,2,New or promising
C027712,152,1,4499.0,4,2,2,New or promising
C027754,151,1,4499.0,4,2,2,New or promising
C027928,148,1,4499.0,4,2,2,New or promising
C028199,143,1,4499.0,4,2,2,New or promising
C028807,110,1,4499.0,4,2,2,New or promising
C029301,83,1,4499.0,5,2,2,New or promising
C029380,119,1,4499.0,4,2,2,New or promising
C030145,106,1,4499.0,4,2,2,New or promising
C030399,102,1,4499.0,4,2,2,New or promising
C030485,101,1,4499.0,4,2,2,New or promising
C031098,88,1,4499.0,4,2,2,New or promising
C031522,75,1,4499.0,5,2,2,New or promising
C031638,78,1,4499.0,5,2,2,New or promising
C031707,77,1,4499.0,5,2,2,New or promising
C031821,74,1,4499.0,5,2,2,New or promising
C031902,73,1,4499.0,5,2,2,New or promising
C031989,72,1,4499.0,5,2,2,New or promising
C032073,66,1,4499.0,5,2,2,New or promising
C032091,3,1,4499.0,5,2,2,New or promising
C032435,62,1,4499.0,5,2,2,New or promising
C032639,60,1,4499.0,5,2,2,New or promising
C032691,59,1,4499.0,5,2,2,New or promising
C032837,56,1,4499.0,5,2,2,New or promising
C033203,49,1,4499.0,5,2,2,New or promising
C033614,42,1,4499.0,5,2,2,New or promising
C033752,39,1,4499.0,5,2,2,New or promising
C033774,34,1,4499.0,5,2,2,New or promising
C033861,38,1,4499.0,5,2,2,New or promising
C033907,31,1,4499.0,5,2,2,New or promising
C034065,34,1,4499.0,5,2,2,New or promising
C034120,26,1,4499.0,5,2,2,New or promising
C034751,13,1,4499.0,5,2,2,New or promising
C035213,12,1,4499.0,5,2,2,New or promising
C035465,0,1,4499.0,5,2,2,New or promising
C008010,578,1,4500.0,2,2,2,Lost
C001534,847,1,4502.0,1,2,2,Lost
C024821,81,2,4502.0,5,3,2,Loyal
C029431,118,1,4502.0,4,2,2,New or promising
C031217,79,1,4502.0,5,2,2,New or promising
C033052,52,1,4502.0,5,2,2,New or promising
C000040,910,1,4503.0,1,2,2,Lost
C002670,799,1,4503.0,1,2,2,Lost
C019906,300,1,4503.0,3,2,2,Needs attention
C020424,282,2,4503.0,3,3,2,Loyal
C021290,267,1,4503.0,3,2,2,Needs attention
C032028,61,1,4503.0,5,2,2,New or promising
C035221,13,1,4503.0,5,2,2,New or promising
C008711,596,1,4504.0,1,2,2,Lost
C017438,356,1,4504.0,3,2,2,Needs attention
C020932,276,1,4504.0,3,2,2,Needs attention
C023733,219,1,4504.0,3,2,2,Needs attention
C030529,95,1,4504.0,4,2,2,New or promising
C009840,565,1,4507.0,2,2,2,Lost
C015340,410,2,4507.0,2,3,2,At risk
C034145,27,2,4508.0,5,3,2,Loyal
C009879,566,1,4512.0,2,2,2,Lost
C008443,597,1,4528.0,1,2,2,Lost
C007225,579,2,4532.0,1,3,2,At risk
C013746,351,3,4533.0,3,4,2,Loyal
C001621,819,1,4546.0,1,2,2,Lost
C015435,358,2,4546.0,3,3,2,Loyal
C016441,382,1,4546.0,2,2,2,Lost
C019747,262,2,4546.0,3,3,2,Loyal
C020447,281,1,4546.0,3,2,2,Needs attention
C022652,238,1,4546.0,3,2,2,Needs attention
C027455,52,3,4546.0,5,4,2,Champions
C002790,675,3,4547.0,1,4,2,At risk
C009398,578,1,4547.0,2,2,2,Lost
C017739,320,2,4547.0,3,3,2,Loyal
C019470,261,1,4547.0,3,2,2,Needs attention
C024659,210,1,4547.0,4,2,2,New or promising
C028121,143,2,4547.0,4,3,2,Loyal
C033675,30,1,4547.0,5,2,2,New or promising
C000210,696,2,4548.0,1,3,2,At risk
C002367,804,1,4548.0,1,2,2,Lost
C006370,630,2,4548.0,1,3,2,At risk
C007506,596,2,4548.0,1,3,2,At risk
C010871,539,1,4548.0,2,2,2,Lost
C011055,528,2,4548.0,2,3,2,At risk
C012330,487,1,4548.0,2,2,2,Lost
C013397,463,1,4548.0,2,2,2,Lost
C013419,425,2,4548.0,2,3,2,At risk
C016743,374,1,4548.0,2,2,2,Lost
C016983,367,1,4548.0,3,2,2,Needs attention
C018448,267,2,4548.0,3,3,2,Loyal
C020036,297,1,4548.0,3,2,2,Needs attention
C021378,176,2,4548.0,4,3,2,Loyal
C022851,216,2,4548.0,3,3,2,Loyal
C027487,106,2,4548.0,4,3,2,Loyal
C030715,65,2,4548.0,5,3,2,Loyal
C031897,61,2,4548.0,5,3,2,Loyal
C035279,12,1,4548.0,5,2,2,New or promising
C009819,565,1,4551.0,2,2,2,Lost
C028430,124,2,4558.0,4,3,2,Loyal
C016763,322,2,4561.0,3,3,2,Loyal
C012596,459,2,4563.0,2,3,2,At risk
C024437,200,1,4566.0,4,2,2,New or promising
C022974,199,2,4577.0,4,3,2,Loyal
C032433,14,2,4578.0,5,3,2,Loyal
C018431,332,1,4587.0,3,2,2,Needs attention
C033755,39,1,4587.0,5,2,2,New or promising
C033954,36,1,4587.0,5,2,2,New or promising
C013253,466,1,4588.0,2,2,2,Lost
C013838,437,1,4588.0,2,2,2,Lost
C014339,438,1,4588.0,2,2,2,Lost
C016369,384,1,4588.0,2,2,2,Lost
C016377,384,1,4588.0,2,2,2,Lost
C017198,357,1,4588.0,3,2,2,Needs attention
C017915,309,1,4588.0,3,2,2,Needs attention
C019892,288,1,4588.0,3,2,2,Needs attention
C000055,902,1,4589.0,1,2,2,Lost
C006980,643,1,4589.0,1,2,2,Lost
C013480,462,1,4589.0,2,2,2,Lost
C015721,368,1,4589.0,3,2,2,Needs attention
C016226,389,1,4589.0,2,2,2,Lost
C016817,365,1,4589.0,3,2,2,Needs attention
C020791,279,1,4589.0,3,2,2,Needs attention
C024408,210,1,4589.0,4,2,2,New or promising
C025105,200,1,4589.0,4,2,2,New or promising
C027212,163,1,4589.0,4,2,2,New or promising
C035789,3,1,4589.0,5,2,2,New or promising
C010299,500,2,4590.0,2,3,2,At risk
C009348,574,1,4591.0,2,2,2,Lost
C016107,351,2,4591.0,3,3,2,Loyal
C004011,740,2,4595.0,1,3,2,At risk
C009050,571,1,4596.0,2,2,2,Lost
C032930,29,2,4596.0,5,3,2,Loyal
C000832,698,4,4597.0,1,5,2,At risk
C004023,680,2,4597.0,1,3,2,At risk
C006022,627,2,4597.0,1,3,2,At risk
C007067,578,2,4597.0,1,3,2,At risk
C009988,562,1,4597.0,2,2,2,Lost
C011526,73,4,4597.0,5,5,2,Champions
C015043,378,2,4597.0,2,3,2,At risk
C015631,404,1,4597.0,2,2,2,Lost
C019247,313,1,4597.0,3,2,2,Needs attention
C021968,252,1,4597.0,3,2,2,Needs attention
C026493,175,1,4597.0,4,2,2,New or promising
C028784,129,2,4597.0,4,3,2,Loyal
C031019,90,1,4597.0,4,2,2,New or promising
C031057,3,3,4597.0,5,4,2,Champions
C001165,863,1,4598.0,1,2,2,Lost
C001565,846,1,4598.0,1,2,2,Lost
C009825,548,2,4598.0,2,3,2,At risk
C010244,559,1,4598.0,2,2,2,Lost
C010450,552,1,4598.0,2,2,2,Lost
C011677,515,1,4598.0,2,2,2,Lost
C012281,496,1,4598.0,2,2,2,Lost
C012979,458,2,4598.0,2,3,2,At risk
C016440,371,1,4598.0,2,2,2,Lost
C017096,347,2,4598.0,3,3,2,Loyal
C017985,343,1,4598.0,3,2,2,Needs attention
C018301,256,2,4598.0,3,3,2,Loyal
C018342,325,1,4598.0,3,2,2,Needs attention
C022895,229,1,4598.0,3,2,2,Needs attention
C022929,214,1,4598.0,3,2,2,Needs attention
C025845,77,1,4598.0,5,2,2,New or promising
C026287,181,1,4598.0,4,2,2,New or promising
C027495,157,1,4598.0,4,2,2,New or promising
C028172,70,2,4598.0,5,3,2,Loyal
C028982,122,1,4598.0,4,2,2,New or promising
C030173,98,2,4598.0,4,3,2,Loyal
C033361,29,1,4598.0,5,2,2,New or promising
C034111,13,2,4598.0,5,3,2,Loyal
C034680,22,1,4598.0,5,2,2,New or promising
C035394,10,1,4598.0,5,2,2,New or promising
C000761,879,1,4599.0,1,2,2,Lost
C002874,784,1,4599.0,1,2,2,Lost
C011311,526,1,4599.0,2,2,2,Lost
C011353,524,1,4599.0,2,2,2,Lost
C011363,524,1,4599.0,2,2,2,Lost
C018837,323,1,4599.0,3,2,2,Needs attention
C020236,272,1,4599.0,3,2,2,Needs attention
C021812,255,1,4599.0,3,2,2,Needs attention
C024424,214,1,4599.0,3,2,2,Needs attention
C030465,98,1,4599.0,4,2,2,New or promising
C033425,45,1,4599.0,5,2,2,New or promising
C034838,20,1,4599.0,5,2,2,New or promising
C014865,230,3,4603.0,3,4,2,Loyal
C034434,3,2,4603.0,5,3,2,Loyal
C018988,320,1,4606.0,3,2,2,Needs attention
C030490,58,2,4613.0,5,3,2,Loyal
C022913,214,2,4614.0,3,3,2,Loyal
C012618,461,2,4622.0,2,3,2,At risk
C005831,649,2,4626.0,1,3,2,At risk
C022585,231,2,4627.0,3,3,2,Loyal
C002145,679,1,4631.0,1,2,2,Lost
C002384,812,1,4631.0,1,2,2,Lost
C015627,405,1,4631.0,2,2,2,Lost
C018011,330,1,4631.0,3,2,2,Needs attention
C018672,327,1,4631.0,3,2,2,Needs attention
C022211,54,2,4631.0,5,3,2,Loyal
C022681,236,1,4631.0,3,2,2,Needs attention
C027080,165,1,4631.0,4,2,2,New or promising
C018305,311,2,4633.0,3,3,2,Loyal
C032399,47,2,4637.0,5,3,2,Loyal
C032480,27,2,4643.0,5,3,2,Loyal
C017709,329,2,4646.0,3,3,2,Loyal
C004841,701,2,4647.0,1,3,2,At risk
C010232,559,1,4647.0,2,2,2,Lost
C010508,424,4,4647.0,2,5,2,At risk
C000757,847,2,4648.0,1,3,2,At risk
C001090,852,2,4648.0,1,3,2,At risk
C003289,733,3,4648.0,1,4,2,At risk
C003651,759,1,4648.0,1,2,2,Lost
C008683,532,2,4648.0,2,3,2,At risk
C011364,524,1,4648.0,2,2,2,Lost
C013548,445,2,4648.0,2,3,2,At risk
C017998,331,2,4648.0,3,3,2,Loyal
C022445,231,3,4648.0,3,4,2,Loyal
C023922,220,1,4648.0,3,2,2,Needs attention
C025328,196,1,4648.0,4,2,2,New or promising
C025533,186,2,4648.0,4,3,2,Loyal
C030469,84,2,4648.0,5,3,2,Loyal
C032061,68,1,4648.0,5,2,2,New or promising
C032097,70,1,4648.0,5,2,2,New or promising
C033661,41,1,4648.0,5,2,2,New or promising
C035085,15,1,4648.0,5,2,2,New or promising
C035096,13,1,4648.0,5,2,2,New or promising
C021506,231,2,4653.0,3,3,2,Loyal
C003658,636,3,4655.0,1,4,2,At risk
C000391,828,2,4658.0,1,3,2,At risk
C018555,242,2,4671.0,3,3,2,Loyal
C007983,500,2,4672.0,2,3,2,At risk
C002406,806,1,4673.0,1,2,2,Lost
C005450,694,1,4673.0,1,2,2,Lost
C011244,526,1,4673.0,2,2,2,Lost
C012760,483,1,4673.0,2,2,2,Lost
C031301,70,1,4673.0,5,2,2,New or promising
C033301,48,1,4673.0,5,2,2,New or promising
C033822,38,1,4673.0,5,2,2,New or promising
C034593,24,1,4673.0,5,2,2,New or promising
C001499,848,1,4674.0,1,2,2,Lost
C002157,818,1,4674.0,1,2,2,Lost
C004849,709,1,4674.0,1,2,2,Lost
C005539,691,1,4674.0,1,2,2,Lost
C006877,647,1,4674.0,1,2,2,Lost
C008090,608,1,4674.0,1,2,2,Lost
C015645,394,1,4674.0,2,2,2,Lost
C020106,284,1,4674.0,3,2,2,Needs attention
C020573,266,1,4674.0,3,2,2,Needs attention
C029872,102,1,4674.0,4,2,2,New or promising
C032225,67,1,4674.0,5,2,2,New or promising
C019549,295,3,4675.0,3,4,2,Loyal
C023919,199,2,4675.0,4,3,2,Loyal
C008464,582,2,4683.0,1,3,2,At risk
C019095,319,1,4689.0,3,2,2,Needs attention
C004171,710,2,4696.0,1,3,2,At risk
C026057,158,1,4696.0,4,2,2,New or promising
C003291,685,3,4697.0,1,4,2,At risk
C006068,514,2,4697.0,2,3,2,At risk
C009928,536,2,4697.0,2,3,2,At risk
C016193,389,1,4697.0,2,2,2,Lost
C028970,82,2,4697.0,5,3,2,Loyal
C033834,38,1,4697.0,5,2,2,New or promising
C034896,18,1,4697.0,5,2,2,New or promising
C004480,596,1,4698.0,1,2,2,Lost
C005284,554,2,4698.0,2,3,2,At risk
C006282,669,1,4698.0,1,2,2,Lost
C007276,634,1,4698.0,1,2,2,Lost
C008256,599,1,4698.0,1,2,2,Lost
C010446,470,2,4698.0,2,3,2,At risk
C011218,527,2,4698.0,2,3,2,At risk
C012737,483,1,4698.0,2,2,2,Lost
C013255,349,2,4698.0,3,3,2,Loyal
C014465,434,1,4698.0,2,2,2,Lost
C017521,354,1,4698.0,3,2,2,Needs attention
C018653,311,2,4698.0,3,3,2,Loyal
C019547,297,1,4698.0,3,2,2,Needs attention
C019667,302,1,4698.0,3,2,2,Needs attention
C019822,288,2,4698.0,3,3,2,Loyal
C021278,267,1,4698.0,3,2,2,Needs attention
C023241,229,1,4698.0,3,2,2,Needs attention
C024757,207,1,4698.0,4,2,2,New or promising
C024802,206,1,4698.0,4,2,2,New or promising
C025843,169,2,4698.0,4,3,2,Loyal
C027231,45,2,4698.0,5,3,2,Loyal
C028188,143,1,4698.0,4,2,2,New or promising
C029609,29,2,4698.0,5,3,2,Loyal
C030141,106,1,4698.0,4,2,2,New or promising
C032031,71,1,4698.0,5,2,2,New or promising
C032281,29,2,4698.0,5,3,2,Loyal
C033253,48,1,4698.0,5,2,2,New or promising
C034276,15,2,4698.0,5,3,2,Loyal
C034535,25,1,4698.0,5,2,2,New or promising
C003060,784,1,4699.0,1,2,2,Lost
C005398,661,1,4699.0,1,2,2,Lost
C006345,619,1,4699.0,1,2,2,Lost
C007975,611,1,4699.0,1,2,2,Lost
C011444,521,1,4699.0,2,2,2,Lost
C012104,501,1,4699.0,2,2,2,Lost
C012695,485,1,4699.0,2,2,2,Lost
C013767,454,1,4699.0,2,2,2,Lost
C020861,277,1,4699.0,3,2,2,Needs attention
C021000,251,2,4699.0,3,3,2,Loyal
C021504,223,1,4699.0,3,2,2,Needs attention
C023954,219,1,4699.0,3,2,2,Needs attention
C032424,62,1,4699.0,5,2,2,New or promising
C035567,7,1,4699.0,5,2,2,New or promising
C006924,578,2,4700.0,1,3,2,At risk
C030589,5,2,4701.0,5,3,2,Loyal
C008279,596,2,4703.0,1,3,2,At risk
C009906,554,2,4706.0,2,3,2,At risk
C027896,105,2,4708.0,4,3,2,Loyal
C015825,225,4,4709.0,3,5,2,Loyal
C021786,256,1,4716.0,3,2,2,Needs attention
C026292,174,1,4716.0,4,2,2,New or promising
C029571,115,1,4716.0,4,2,2,New or promising
C004714,684,3,4718.0,1,4,2,At risk
C024784,200,2,4718.0,4,3,2,Loyal
C011490,509,2,4722.0,2,3,2,At risk
C008984,574,3,4723.0,2,4,2,At risk
C008475,552,2,4732.0,2,3,2,At risk
C031482,41,3,4732.0,5,4,2,Champions
C017644,51,2,4733.0,5,3,2,Loyal
C008619,596,1,4739.0,1,2,2,Lost
C028114,103,2,4743.0,4,3,2,Loyal
C012589,412,2,4745.0,2,3,2,At risk
C028717,50,2,4745.0,5,3,2,Loyal
C000897,844,2,4746.0,1,3,2,At risk
C021695,214,3,4746.0,3,4,2,Loyal
C000626,723,3,4747.0,1,4,2,At risk
C022588,181,1,4747.0,4,2,2,New or promising
C026421,178,1,4747.0,4,2,2,New or promising
C029474,38,2,4747.0,5,3,2,Loyal
C030733,87,2,4747.0,4,3,2,Loyal
C002582,803,1,4748.0,1,2,2,Lost
C003032,785,1,4748.0,1,2,2,Lost
C007898,613,1,4748.0,1,2,2,Lost
C014128,441,2,4748.0,2,3,2,At risk
C015532,309,2,4748.0,3,3,2,Loyal
C016016,384,1,4748.0,2,2,2,Lost
C017258,326,2,4748.0,3,3,2,Loyal
C019314,298,2,4748.0,3,3,2,Loyal
C022193,247,1,4748.0,3,2,2,Needs attention
C030347,94,1,4748.0,4,2,2,New or promising
C031560,7,1,4748.0,5,2,2,New or promising
C018606,320,2,4751.0,3,3,2,Loyal
C008433,597,1,4755.0,1,2,2,Lost
C014713,428,1,4757.0,2,2,2,Lost
C027177,118,3,4757.0,4,4,2,Champions
C003947,749,1,4758.0,1,2,2,Lost
C010467,551,1,4758.0,2,2,2,Lost
C011339,513,1,4758.0,2,2,2,Lost
C018940,317,1,4758.0,3,2,2,Needs attention
C001557,845,1,4759.0,1,2,2,Lost
C007047,641,1,4759.0,1,2,2,Lost
C011542,518,1,4759.0,2,2,2,Lost
C023833,191,1,4759.0,4,2,2,New or promising
C026002,187,1,4759.0,4,2,2,New or promising
C029329,120,1,4759.0,4,2,2,New or promising
C029347,109,2,4761.0,4,3,2,Loyal
C002150,813,1,4768.0,1,2,2,Lost
C013683,458,1,4769.0,2,2,2,Lost
C022955,232,1,4769.0,3,2,2,Needs attention
C024205,214,1,4777.0,3,2,2,Needs attention
C025293,200,1,4777.0,4,2,2,New or promising
C024276,214,1,4794.0,3,2,2,Needs attention
C018611,301,3,4796.0,3,4,2,Loyal
C025696,6,4,4796.0,5,5,2,Champions
C031373,42,3,4796.0,5,4,2,Champions
C034476,26,1,4796.0,5,2,2,New or promising
C010447,546,1,4797.0,2,2,2,Lost
C012057,500,1,4797.0,2,2,2,Lost
C012341,494,1,4797.0,2,2,2,Lost
C018241,293,2,4797.0,3,3,2,Loyal
C020954,231,2,4797.0,3,3,2,Loyal
C029067,126,1,4797.0,4,2,2,New or promising
C030672,86,1,4797.0,4,2,2,New or promising
C000205,861,1,4798.0,1,2,2,Lost
C000858,819,2,4798.0,1,3,2,At risk
C001507,777,2,4798.0,1,3,2,At risk
C001767,821,1,4798.0,1,2,2,Lost
C003524,761,1,4798.0,1,2,2,Lost
C006114,675,1,4798.0,1,2,2,Lost
C008008,551,3,4798.0,2,4,2,At risk
C008758,565,2,4798.0,2,3,2,At risk
C009116,585,1,4798.0,1,2,2,Lost
C009381,373,1,4798.0,2,2,2,Lost
C013756,454,1,4798.0,2,2,2,Lost
C014398,420,2,4798.0,2,3,2,At risk
C015385,411,1,4798.0,2,2,2,Lost
C015558,407,1,4798.0,2,2,2,Lost
C016267,381,1,4798.0,2,2,2,Lost
C016279,384,1,4798.0,2,2,2,Lost
C017857,327,2,4798.0,3,3,2,Loyal
C018899,283,1,4798.0,3,2,2,Needs attention
C020835,278,1,4798.0,3,2,2,Needs attention
C022563,90,3,4798.0,4,4,2,Champions
C022654,214,1,4798.0,3,2,2,Needs attention
C022673,234,1,4798.0,3,2,2,Needs attention
C024459,213,1,4798.0,3,2,2,Needs attention
C024901,159,2,4798.0,4,3,2,Loyal
C025995,162,2,4798.0,4,3,2,Loyal
C026133,131,2,4798.0,4,3,2,Loyal
C027719,148,2,4798.0,4,3,2,Loyal
C028356,140,1,4798.0,4,2,2,New or promising
C029667,111,1,4798.0,4,2,2,New or promising
C030081,106,1,4798.0,4,2,2,New or promising
C031164,39,1,4798.0,5,2,2,New or promising
C031307,84,1,4798.0,5,2,2,New or promising
C031446,41,2,4798.0,5,3,2,Loyal
C031473,47,2,4798.0,5,3,2,Loyal
C032626,52,1,4798.0,5,2,2,New or promising
C034491,20,1,4798.0,5,2,2,New or promising
C034521,25,1,4798.0,5,2,2,New or promising
C034805,5,2,4798.0,5,3,2,Loyal
C034831,20,1,4798.0,5,2,2,New or promising
C001257,815,1,4799.0,1,2,2,Lost
C002232,816,1,4799.0,1,2,2,Lost
C004709,709,1,4799.0,1,2,2,Lost
C004822,717,1,4799.0,1,2,2,Lost
C004909,711,1,4799.0,1,2,2,Lost
C005969,673,1,4799.0,1,2,2,Lost
C007605,623,1,4799.0,1,2,2,Lost
C008566,580,1,4799.0,1,2,2,Lost
C009114,557,2,4799.0,2,3,2,At risk
C010370,552,1,4799.0,2,2,2,Lost
C012328,492,1,4799.0,2,2,2,Lost
C016698,375,1,4799.0,2,2,2,Lost
C017380,298,1,4799.0,3,2,2,Needs attention
C018839,166,1,4799.0,4,2,2,New or promising
C019055,307,1,4799.0,3,2,2,Needs attention
C020249,292,1,4799.0,3,2,2,Needs attention
C023519,224,1,4799.0,3,2,2,Needs attention
C023560,227,1,4799.0,3,2,2,Needs attention
C024828,199,1,4799.0,4,2,2,New or promising
C025959,175,1,4799.0,4,2,2,New or promising
C026199,183,1,4799.0,4,2,2,New or promising
C026956,2,2,4799.0,5,3,2,Loyal
C027634,150,1,4799.0,4,2,2,New or promising
C028262,142,1,4799.0,4,2,2,New or promising
C028685,120,1,4799.0,4,2,2,New or promising
C030134,40,2,4799.0,5,3,2,Loyal
C030541,95,1,4799.0,4,2,2,New or promising
C031826,50,2,4799.0,5,3,2,Loyal
C033761,30,2,4799.0,5,3,2,Loyal
C035125,15,1,4799.0,5,2,2,New or promising
C003990,748,1,4801.0,1,2,2,Lost
C007852,615,1,4801.0,1,2,2,Lost
C008866,523,2,4803.0,2,3,2,At risk
C028699,109,1,4813.0,4,2,2,New or promising
C017912,203,3,4817.0,4,4,2,Champions
C022847,214,2,4817.0,3,3,2,Loyal
C033840,17,2,4820.0,5,3,2,Loyal
C008625,596,1,4831.0,1,2,2,Lost
C009456,578,1,4832.0,2,2,2,Lost
C033030,17,2,4833.0,5,3,2,Loyal
C008436,523,2,4834.0,2,3,2,At risk
C024496,213,1,4835.0,3,2,2,Needs attention
C024495,213,1,4837.0,3,2,2,Needs attention
C030138,106,1,4841.0,4,2,2,New or promising
C006409,664,1,4842.0,1,2,2,Lost
C008383,599,1,4842.0,1,2,2,Lost
C033857,38,1,4842.0,5,2,2,New or promising
C005704,679,1,4843.0,1,2,2,Lost
C006948,644,1,4843.0,1,2,2,Lost
C007128,639,1,4843.0,1,2,2,Lost
C008578,596,1,4843.0,1,2,2,Lost
C021313,266,1,4843.0,3,2,2,Needs attention
C025757,188,1,4843.0,4,2,2,New or promising
C026487,143,2,4843.0,4,3,2,Loyal
C027609,154,1,4843.0,4,2,2,New or promising
C032035,68,1,4843.0,5,2,2,New or promising
C034428,26,1,4843.0,5,2,2,New or promising
C031870,74,1,4844.0,5,2,2,New or promising
C033041,52,1,4844.0,5,2,2,New or promising
C033236,49,1,4844.0,5,2,2,New or promising
C009421,578,1,4845.0,2,2,2,Lost
C016835,371,1,4847.0,2,2,2,Lost
C020767,274,1,4847.0,3,2,2,Needs attention
C030251,33,3,4847.0,5,4,2,Champions
C010156,548,2,4848.0,2,3,2,At risk
C013155,311,2,4848.0,3,3,2,Loyal
C020280,291,1,4848.0,3,2,2,Needs attention
C020443,264,1,4848.0,3,2,2,Needs attention
C021121,271,1,4848.0,3,2,2,Needs attention
C021987,236,1,4848.0,3,2,2,Needs attention
C031168,76,2,4848.0,5,3,2,Loyal
C031449,81,1,4848.0,5,2,2,New or promising
C034169,30,2,4848.0,5,3,2,Loyal
C035668,5,1,4848.0,5,2,2,New or promising
C025060,201,1,4850.0,4,2,2,New or promising
C033479,39,2,4850.0,5,3,2,Loyal
C018815,320,2,4857.0,3,3,2,Loyal
C001928,816,1,4859.0,1,2,2,Lost
C013646,458,1,4859.0,2,2,2,Lost
C028922,129,1,4859.0,4,2,2,New or promising
C018571,133,2,4860.0,4,3,2,Loyal
C021822,226,2,4863.0,3,3,2,Loyal
C030003,59,2,4863.0,5,3,2,Loyal
C024102,125,2,4865.0,4,3,2,Loyal
C008939,581,2,4867.0,1,3,2,At risk
C022448,214,1,4871.0,3,2,2,Needs attention
C005429,686,3,4876.0,1,4,2,At risk
C015104,347,3,4877.0,3,4,2,Loyal
C012262,457,2,4879.0,2,3,2,At risk
C001518,846,2,4881.0,1,3,2,At risk
C005124,685,1,4881.0,1,2,2,Lost
C013751,455,1,4885.0,2,2,2,Lost
C026484,173,1,4885.0,4,2,2,New or promising
C030559,98,1,4885.0,4,2,2,New or promising
C011440,521,1,4886.0,2,2,2,Lost
C013701,451,2,4886.0,2,3,2,At risk
C025265,193,1,4886.0,4,2,2,New or promising
C018489,205,2,4889.0,4,3,2,Loyal
C017200,320,2,4890.0,3,3,2,Loyal
C022119,214,2,4892.0,3,3,2,Loyal
C031603,53,2,4895.0,5,3,2,Loyal
C006264,618,2,4896.0,1,3,2,At risk
C014536,102,2,4896.0,4,3,2,Loyal
C022807,235,1,4896.0,3,2,2,Needs attention
C026282,77,3,4896.0,5,4,2,Champions
C001576,442,3,4897.0,2,4,2,At risk
C012027,504,1,4897.0,2,2,2,Lost
C018666,249,3,4897.0,3,4,2,Loyal
C025664,118,2,4897.0,4,3,2,Loyal
C028137,141,1,4897.0,4,2,2,New or promising
C000032,905,1,4898.0,1,2,2,Lost
C000399,460,3,4898.0,2,4,2,At risk
C000532,845,1,4898.0,1,2,2,Lost
C002842,792,1,4898.0,1,2,2,Lost
C003720,731,2,4898.0,1,3,2,At risk
C006356,666,1,4898.0,1,2,2,Lost
C006437,656,1,4898.0,1,2,2,Lost
C007530,620,2,4898.0,1,3,2,At risk
C008014,610,1,4898.0,1,2,2,Lost
C008924,578,2,4898.0,2,3,2,At risk
C010363,555,1,4898.0,2,2,2,Lost
C010885,209,2,4898.0,4,3,2,Loyal
C011678,506,1,4898.0,2,2,2,Lost
C012047,504,1,4898.0,2,2,2,Lost
C015156,417,1,4898.0,2,2,2,Lost
C015673,357,2,4898.0,3,3,2,Loyal
C016136,384,1,4898.0,2,2,2,Lost
C027168,163,1,4898.0,4,2,2,New or promising
C030337,103,1,4898.0,4,2,2,New or promising
C030838,67,1,4898.0,5,2,2,New or promising
C031161,41,2,4898.0,5,3,2,Loyal
C031263,85,1,4898.0,5,2,2,New or promising
C031612,78,1,4898.0,5,2,2,New or promising
C033047,47,1,4898.0,5,2,2,New or promising
C033177,44,1,4898.0,5,2,2,New or promising
C033180,50,1,4898.0,5,2,2,New or promising
C033982,36,1,4898.0,5,2,2,New or promising
C035317,11,1,4898.0,5,2,2,New or promising
C000178,905,1,4899.0,1,2,2,Lost
C000194,904,1,4899.0,1,2,2,Lost
C000273,901,1,4899.0,1,2,2,Lost
C000438,822,2,4899.0,1,3,2,At risk
C000552,881,1,4899.0,1,2,2,Lost
C000583,887,1,4899.0,1,2,2,Lost
C001577,845,1,4899.0,1,2,2,Lost
C001638,842,1,4899.0,1,2,2,Lost
C002059,821,1,4899.0,1,2,2,Lost
C002127,807,1,4899.0,1,2,2,Lost
C002152,819,1,4899.0,1,2,2,Lost
C002324,761,2,4899.0,1,3,2,At risk
C003304,685,1,4899.0,1,2,2,Lost
C003605,708,1,4899.0,1,2,2,Lost
C003875,751,1,4899.0,1,2,2,Lost
C004228,730,1,4899.0,1,2,2,Lost
C005366,663,1,4899.0,1,2,2,Lost
C005614,689,1,4899.0,1,2,2,Lost
C005970,680,1,4899.0,1,2,2,Lost
C006358,644,1,4899.0,1,2,2,Lost
C006702,654,1,4899.0,1,2,2,Lost
C006747,652,1,4899.0,1,2,2,Lost
C007157,635,1,4899.0,1,2,2,Lost
C007398,630,1,4899.0,1,2,2,Lost
C007457,627,1,4899.0,1,2,2,Lost
C008115,536,1,4899.0,2,2,2,Lost
C008305,601,1,4899.0,1,2,2,Lost
C008529,578,1,4899.0,2,2,2,Lost
C008611,592,1,4899.0,1,2,2,Lost
C008786,594,1,4899.0,1,2,2,Lost
C008938,591,1,4899.0,1,2,2,Lost
C009413,578,1,4899.0,2,2,2,Lost
C009784,557,1,4899.0,2,2,2,Lost
C010154,562,1,4899.0,2,2,2,Lost
C011147,457,2,4899.0,2,3,2,At risk
C011302,515,1,4899.0,2,2,2,Lost
C011637,513,1,4899.0,2,2,2,Lost
C012287,496,1,4899.0,2,2,2,Lost
C012318,496,1,4899.0,2,2,2,Lost
C012495,490,1,4899.0,2,2,2,Lost
C013271,465,1,4899.0,2,2,2,Lost
C013444,462,1,4899.0,2,2,2,Lost
C013533,461,1,4899.0,2,2,2,Lost
C015449,409,1,4899.0,2,2,2,Lost
C015967,395,1,4899.0,2,2,2,Lost
C016097,392,1,4899.0,2,2,2,Lost
C016264,386,1,4899.0,2,2,2,Lost
C017029,310,2,4899.0,3,3,2,Loyal
C017045,361,1,4899.0,3,2,2,Needs attention
C018665,323,1,4899.0,3,2,2,Needs attention
C019398,300,1,4899.0,3,2,2,Needs attention
C019422,287,2,4899.0,3,3,2,Loyal
C019764,304,1,4899.0,3,2,2,Needs attention
C019807,295,1,4899.0,3,2,2,Needs attention
C020003,294,1,4899.0,3,2,2,Needs attention
C020630,228,1,4899.0,3,2,2,Needs attention
C020743,280,1,4899.0,3,2,2,Needs attention
C021115,261,1,4899.0,3,2,2,Needs attention
C021199,265,1,4899.0,3,2,2,Needs attention
C021297,152,1,4899.0,4,2,2,New or promising
C021343,263,1,4899.0,3,2,2,Needs attention
C022188,247,1,4899.0,3,2,2,Needs attention
C023121,46,1,4899.0,5,2,2,New or promising
C023274,231,1,4899.0,3,2,2,Needs attention
C023489,229,1,4899.0,3,2,2,Needs attention
C025774,179,1,4899.0,4,2,2,New or promising
C025815,174,1,4899.0,4,2,2,New or promising
C026921,100,1,4899.0,4,2,2,New or promising
C027222,158,1,4899.0,4,2,2,New or promising
C027414,101,1,4899.0,4,2,2,New or promising
C027454,157,1,4899.0,4,2,2,New or promising
C027501,155,1,4899.0,4,2,2,New or promising
C028017,146,1,4899.0,4,2,2,New or promising
C028291,137,1,4899.0,4,2,2,New or promising
C028904,125,1,4899.0,4,2,2,New or promising
C028921,64,1,4899.0,5,2,2,New or promising
C028938,129,1,4899.0,4,2,2,New or promising
C029640,106,1,4899.0,4,2,2,New or promising
C029688,69,3,4899.0,5,4,2,Champions
C029735,111,1,4899.0,4,2,2,New or promising
C029744,111,1,4899.0,4,2,2,New or promising
C029890,109,1,4899.0,4,2,2,New or promising
C030522,44,2,4899.0,5,3,2,Loyal
C030899,92,1,4899.0,4,2,2,New or promising
C031007,90,1,4899.0,4,2,2,New or promising
C031314,84,1,4899.0,5,2,2,New or promising
C031402,82,1,4899.0,5,2,2,New or promising
C031950,66,1,4899.0,5,2,2,New or promising
C032016,69,1,4899.0,5,2,2,New or promising
C032465,52,1,4899.0,5,2,2,New or promising
C032479,63,1,4899.0,5,2,2,New or promising
C032831,45,1,4899.0,5,2,2,New or promising
C032899,55,1,4899.0,5,2,2,New or promising
C032958,52,1,4899.0,5,2,2,New or promising
C033934,36,1,4899.0,5,2,2,New or promising
C034600,21,1,4899.0,5,2,2,New or promising
C034608,23,1,4899.0,5,2,2,New or promising
C034693,22,1,4899.0,5,2,2,New or promising
C034941,18,1,4899.0,5,2,2,New or promising
C035354,11,1,4899.0,5,2,2,New or promising
C035683,4,1,4899.0,5,2,2,New or promising
C000259,281,2,4903.0,3,3,2,Loyal
C001354,744,3,4903.0,1,4,2,At risk
C021943,80,2,4904.0,5,3,2,Loyal
C002654,774,2,4906.0,1,3,2,At risk
C003921,716,2,4906.0,1,3,2,At risk
C023099,200,3,4912.0,4,4,2,Champions
C022562,240,1,4927.0,3,2,2,Needs attention
C002034,823,1,4928.0,1,2,2,Lost
C002149,815,1,4928.0,1,2,2,Lost
C003834,753,1,4928.0,1,2,2,Lost
C012021,486,1,4928.0,2,2,2,Lost
C013863,451,1,4928.0,2,2,2,Lost
C019328,314,1,4928.0,3,2,2,Needs attention
C027043,166,1,4928.0,4,2,2,New or promising
C029073,109,1,4928.0,4,2,2,New or promising
C032927,43,1,4928.0,5,2,2,New or promising
C033677,37,1,4928.0,5,2,2,New or promising
C035342,9,1,4928.0,5,2,2,New or promising
C035406,7,1,4928.0,5,2,2,New or promising
C003621,759,1,4929.0,1,2,2,Lost
C008133,593,2,4933.0,1,3,2,At risk
C008387,502,4,4939.0,2,5,2,At risk
C022758,214,3,4939.0,3,4,2,Loyal
C023134,231,1,4939.0,3,2,2,Needs attention
C028945,129,1,4946.0,4,2,2,New or promising
C031311,80,1,4946.0,5,2,2,New or promising
C004687,722,1,4947.0,1,2,2,Lost
C030132,72,2,4947.0,5,3,2,Loyal
C030835,24,3,4947.0,5,4,2,Champions
C001085,793,1,4948.0,1,2,2,Lost
C003217,699,2,4948.0,1,3,2,At risk
C003595,547,2,4948.0,2,3,2,At risk
C004847,689,3,4948.0,1,4,2,At risk
C007944,593,2,4948.0,1,3,2,At risk
C008286,602,1,4948.0,1,2,2,Lost
C008868,592,1,4948.0,1,2,2,Lost
C011700,462,3,4948.0,2,4,2,At risk
C035023,9,2,4948.0,5,3,2,Loyal
C035088,7,1,4948.0,5,2,2,New or promising
C011788,459,2,4949.0,2,3,2,At risk
C028895,130,1,4949.0,4,2,2,New or promising
C009811,566,2,4952.0,2,3,2,At risk
C008416,564,2,4955.0,2,3,2,At risk
C030904,81,2,4955.0,5,3,2,Loyal
C017131,332,2,4967.0,3,3,2,Loyal
C026587,164,1,4970.0,4,2,2,New or promising
C034184,25,1,4970.0,5,2,2,New or promising
C003655,759,1,4971.0,1,2,2,Lost
C008998,588,1,4971.0,1,2,2,Lost
C009541,577,1,4971.0,2,2,2,Lost
C012154,500,1,4971.0,2,2,2,Lost
C024489,211,1,4971.0,4,2,2,New or promising
C020867,255,2,4973.0,3,3,2,Loyal
C027030,45,2,4973.0,5,3,2,Loyal
C028777,71,2,4973.0,5,3,2,Loyal
C005738,686,1,4976.0,1,2,2,Lost
C002869,417,2,4978.0,2,3,2,At risk
C022933,200,2,4980.0,4,3,2,Loyal
C014203,300,2,4983.0,3,3,2,Loyal
C019070,310,2,4983.0,3,3,2,Loyal
C032335,62,2,4989.0,5,3,2,Loyal
C016301,261,3,4992.0,3,4,2,Loyal
C023132,231,1,4992.0,3,2,2,Needs attention
C012913,478,1,4993.0,2,2,2,Lost
C025866,167,2,4995.0,4,3,2,Loyal
C031452,43,2,4995.0,5,3,2,Loyal
C004679,688,1,4996.0,1,2,2,Lost
C017924,344,1,4996.0,3,2,2,Needs attention
C018756,213,2,4996.0,3,3,2,Loyal
C024283,214,1,4996.0,3,2,2,Needs attention
C006039,349,2,4997.0,3,3,2,Loyal
C006324,613,1,4997.0,1,2,2,Lost
C006725,653,1,4997.0,1,2,2,Lost
C010265,554,2,4997.0,2,3,2,At risk
C013614,452,2,4997.0,2,3,2,At risk
C015854,239,2,4997.0,3,3,2,Loyal
C022842,214,2,4997.0,3,3,2,Loyal
C024522,211,2,4997.0,4,3,2,Loyal
C033505,44,1,4997.0,5,2,2,New or promising
C000102,891,2,4998.0,1,3,2,At risk
C000549,883,2,4998.0,1,3,2,At risk
C001773,752,2,4998.0,1,3,2,At risk
C003663,747,1,4998.0,1,2,2,Lost
C004699,719,1,4998.0,1,2,2,Lost
C005380,697,1,4998.0,1,2,2,Lost
C006500,661,1,4998.0,1,2,2,Lost
C007364,631,1,4998.0,1,2,2,Lost
C008070,609,1,4998.0,1,2,2,Lost
C008780,548,2,4998.0,2,3,2,At risk
C010574,520,1,4998.0,2,2,2,Lost
C011289,315,2,4998.0,3,3,2,Loyal
C011839,447,2,4998.0,2,3,2,At risk
C012407,401,2,4998.0,2,3,2,At risk
C013592,149,1,4998.0,4,2,2,New or promising
C014489,430,2,4998.0,2,3,2,At risk
C015364,322,3,4998.0,3,4,2,Loyal
C017714,317,1,4998.0,3,2,2,Needs attention
C017834,341,1,4998.0,3,2,2,Needs attention
C020276,217,2,4998.0,3,3,2,Loyal
C020482,284,1,4998.0,3,2,2,Needs attention
C021255,146,2,4998.0,4,3,2,Loyal
C021696,210,3,4998.0,4,4,2,Champions
C022183,203,2,4998.0,4,3,2,Loyal
C023653,226,1,4998.0,3,2,2,Needs attention
C024136,157,2,4998.0,4,3,2,Loyal
C026263,182,1,4998.0,4,2,2,New or promising
C026841,164,2,4998.0,4,3,2,Loyal
C027340,160,1,4998.0,4,2,2,New or promising
C027394,132,1,4998.0,4,2,2,New or promising
C029402,118,1,4998.0,4,2,2,New or promising
C030865,40,2,4998.0,5,3,2,Loyal
C031285,85,1,4998.0,5,2,2,New or promising
C031459,36,1,4998.0,5,2,2,New or promising
C033092,18,2,4998.0,5,3,2,Loyal
C033284,48,1,4998.0,5,2,2,New or promising
C033925,37,1,4998.0,5,2,2,New or promising
C034453,10,1,4998.0,5,2,2,New or promising
C035308,11,1,4998.0,5,2,2,New or promising
C000850,876,1,4999.0,1,2,2,Lost
C001213,851,1,4999.0,1,2,2,Lost
C001379,834,1,4999.0,1,2,2,Lost
C001486,846,1,4999.0,1,2,2,Lost
C001833,833,1,4999.0,1,2,2,Lost
C001910,821,1,4999.0,1,2,2,Lost
C002019,820,1,4999.0,1,2,2,Lost
C002173,605,1,4999.0,1,2,2,Lost
C002307,814,1,4999.0,1,2,2,Lost
C002340,813,1,4999.0,1,2,2,Lost
C002633,800,1,4999.0,1,2,2,Lost
C003283,772,1,4999.0,1,2,2,Lost
C003722,757,1,4999.0,1,2,2,Lost
C004170,741,1,4999.0,1,2,2,Lost
C004518,728,1,4999.0,1,2,2,Lost
C005102,691,1,4999.0,1,2,2,Lost
C005372,680,1,4999.0,1,2,2,Lost
C005533,692,1,4999.0,1,2,2,Lost
C005603,617,1,4999.0,1,2,2,Lost
C005830,685,1,4999.0,1,2,2,Lost
C005836,670,1,4999.0,1,2,2,Lost
C006270,633,2,4999.0,1,3,2,At risk
C006441,661,1,4999.0,1,2,2,Lost
C007527,625,1,4999.0,1,2,2,Lost
C008075,609,1,4999.0,1,2,2,Lost
C008165,596,1,4999.0,1,2,2,Lost
C008531,578,1,4999.0,2,2,2,Lost
C008555,565,1,4999.0,2,2,2,Lost
C008674,594,1,4999.0,1,2,2,Lost
C008796,588,1,4999.0,1,2,2,Lost
C008966,590,1,4999.0,1,2,2,Lost
C009292,579,1,4999.0,1,2,2,Lost
C009319,571,1,4999.0,2,2,2,Lost
C009689,571,1,4999.0,2,2,2,Lost
C009788,568,1,4999.0,2,2,2,Lost
C009944,539,1,4999.0,2,2,2,Lost
C010564,548,1,4999.0,2,2,2,Lost
C011409,522,1,4999.0,2,2,2,Lost
C011491,520,1,4999.0,2,2,2,Lost
C011745,513,1,4999.0,2,2,2,Lost
C012935,471,1,4999.0,2,2,2,Lost
C012937,477,1,4999.0,2,2,2,Lost
C013451,462,1,4999.0,2,2,2,Lost
C013624,459,1,4999.0,2,2,2,Lost
C013789,450,1,4999.0,2,2,2,Lost
C013933,449,1,4999.0,2,2,2,Lost
C014688,429,1,4999.0,2,2,2,Lost
C014834,425,1,4999.0,2,2,2,Lost
C015436,404,1,4999.0,2,2,2,Lost
C015828,389,1,4999.0,2,2,2,Lost
C016454,381,1,4999.0,2,2,2,Lost
C016638,369,1,4999.0,3,2,2,Needs attention
C016694,371,1,4999.0,2,2,2,Lost
C017004,351,1,4999.0,3,2,2,Needs attention
C017161,350,1,4999.0,3,2,2,Needs attention
C017220,361,1,4999.0,3,2,2,Needs attention
C017514,347,1,4999.0,3,2,2,Needs attention
C017725,345,1,4999.0,3,2,2,Needs attention
C018010,342,1,4999.0,3,2,2,Needs attention
C019161,318,1,4999.0,3,2,2,Needs attention
C019360,313,1,4999.0,3,2,2,Needs attention
C019381,313,1,4999.0,3,2,2,Needs attention
C019413,308,1,4999.0,3,2,2,Needs attention
C019716,302,1,4999.0,3,2,2,Needs attention
C020318,225,1,4999.0,3,2,2,Needs attention
C020774,279,1,4999.0,3,2,2,Needs attention
C020808,276,1,4999.0,3,2,2,Needs attention
C021244,265,1,4999.0,3,2,2,Needs attention
C021309,263,1,4999.0,3,2,2,Needs attention
C021432,250,1,4999.0,3,2,2,Needs attention
C021967,250,1,4999.0,3,2,2,Needs attention
C022091,246,1,4999.0,3,2,2,Needs attention
C022184,248,1,4999.0,3,2,2,Needs attention
C024552,156,1,4999.0,4,2,2,New or promising
C024558,212,1,4999.0,4,2,2,New or promising
C024788,207,1,4999.0,4,2,2,New or promising
C025269,200,1,4999.0,4,2,2,New or promising
C025473,197,1,4999.0,4,2,2,New or promising
C025537,194,1,4999.0,4,2,2,New or promising
C025716,192,1,4999.0,4,2,2,New or promising
C026083,168,1,4999.0,4,2,2,New or promising
C026211,132,2,4999.0,4,3,2,Loyal
C026244,128,1,4999.0,4,2,2,New or promising
C027221,162,1,4999.0,4,2,2,New or promising
C027353,154,1,4999.0,4,2,2,New or promising
C027554,155,1,4999.0,4,2,2,New or promising
C027679,152,1,4999.0,4,2,2,New or promising
C028140,108,3,4999.0,4,4,2,Champions
C028442,138,1,4999.0,4,2,2,New or promising
C028684,88,1,4999.0,4,2,2,New or promising
C029294,121,1,4999.0,4,2,2,New or promising
C029829,110,1,4999.0,4,2,2,New or promising
C029924,109,1,4999.0,4,2,2,New or promising
C030015,78,2,4999.0,5,3,2,Loyal
C030024,103,1,4999.0,4,2,2,New or promising
C030660,97,1,4999.0,4,2,2,New or promising
C030815,91,1,4999.0,4,2,2,New or promising
C031108,88,1,4999.0,4,2,2,New or promising
C031157,87,1,4999.0,4,2,2,New or promising
C031425,82,1,4999.0,5,2,2,New or promising
C031550,80,1,4999.0,5,2,2,New or promising
C031624,78,1,4999.0,5,2,2,New or promising
C031709,77,1,4999.0,5,2,2,New or promising
C031763,76,1,4999.0,5,2,2,New or promising
C031927,60,1,4999.0,5,2,2,New or promising
C032712,40,1,4999.0,5,2,2,New or promising
C033100,47,1,4999.0,5,2,2,New or promising
C033218,49,1,4999.0,5,2,2,New or promising
C033601,42,1,4999.0,5,2,2,New or promising
C033801,38,1,4999.0,5,2,2,New or promising
C033908,23,1,4999.0,5,2,2,New or promising
C034149,19,1,4999.0,5,2,2,New or promising
C034449,26,1,4999.0,5,2,2,New or promising
C034696,2,1,4999.0,5,2,2,New or promising
C034708,22,1,4999.0,5,2,2,New or promising
C034934,18,1,4999.0,5,2,2,New or promising
C035008,15,1,4999.0,5,2,2,New or promising
C035051,16,1,4999.0,5,2,2,New or promising
C035095,15,1,4999.0,5,2,2,New or promising
C035565,7,1,4999.0,5,2,2,New or promising
C035717,4,1,4999.0,5,2,2,New or promising
C001054,849,2,5003.0,1,3,2,At risk
C019147,210,2,5003.0,4,3,2,Loyal
C023700,223,2,5003.0,3,3,2,Loyal
C032624,59,1,5010.0,5,2,2,New or promising
C006933,645,1,5012.0,1,2,2,Lost
C015124,418,1,5012.0,2,2,2,Lost
C020850,276,1,5012.0,3,2,2,Needs attention
C027325,160,1,5012.0,4,2,2,New or promising
C003453,767,1,5013.0,1,2,2,Lost
C008753,595,1,5013.0,1,2,2,Lost
C015080,412,1,5013.0,2,2,2,Lost
C021197,269,1,5013.0,3,2,2,Needs attention
C028399,83,1,5013.0,5,2,2,New or promising
C033407,45,1,5013.0,5,2,2,New or promising
C001503,848,1,5014.0,1,2,2,Lost
C007404,627,1,5014.0,1,2,2,Lost
C010140,562,1,5014.0,2,2,2,Lost
C023665,208,1,5014.0,4,2,2,New or promising
C026615,175,1,5014.0,4,2,2,New or promising
C028084,145,1,5014.0,4,2,2,New or promising
C031789,72,1,5014.0,5,2,2,New or promising
C032548,61,1,5014.0,5,2,2,New or promising
C034822,12,1,5014.0,5,2,2,New or promising
C029873,104,2,5016.0,4,3,2,Loyal
C025371,199,1,5017.0,4,2,2,New or promising
C002306,737,2,5022.0,1,3,2,At risk
C023306,230,1,5023.0,3,2,2,Needs attention
C018553,322,2,5031.0,3,3,2,Loyal
C027745,94,2,5033.0,4,3,2,Loyal
C013660,458,1,5037.0,2,2,2,Lost
C008493,597,1,5042.0,1,2,2,Lost
C015299,353,3,5046.0,3,4,2,Loyal
C018153,334,1,5046.0,3,2,2,Needs attention
C020105,296,1,5046.0,3,2,2,Needs attention
C029718,109,1,5046.0,4,2,2,New or promising
C034813,8,2,5046.0,5,3,2,Loyal
C003027,762,3,5047.0,1,4,2,At risk
C000229,848,2,5048.0,1,3,2,At risk
C000272,901,1,5048.0,1,2,2,Lost
C002867,732,2,5048.0,1,3,2,At risk
C002983,752,2,5048.0,1,3,2,At risk
C004175,721,1,5048.0,1,2,2,Lost
C004188,740,1,5048.0,1,2,2,Lost
C004738,720,1,5048.0,1,2,2,Lost
C006681,609,2,5048.0,1,3,2,At risk
C006748,591,2,5048.0,1,3,2,At risk
C008169,605,1,5048.0,1,2,2,Lost
C010317,450,2,5048.0,2,3,2,At risk
C010748,542,1,5048.0,2,2,2,Lost
C011052,530,2,5048.0,2,3,2,At risk
C011081,441,2,5048.0,2,3,2,At risk
C014939,423,1,5048.0,2,2,2,Lost
C018681,326,1,5048.0,3,2,2,Needs attention
C019478,307,1,5048.0,3,2,2,Needs attention
C024104,216,1,5048.0,3,2,2,Needs attention
C024799,207,1,5048.0,4,2,2,New or promising
C025877,174,2,5048.0,4,3,2,Loyal
C028297,23,2,5048.0,5,3,2,Loyal
C029012,37,2,5048.0,5,3,2,Loyal
C032135,8,2,5048.0,5,3,2,Loyal
C001230,860,1,5055.0,1,2,2,Lost
C004933,713,1,5055.0,1,2,2,Lost
C013727,454,1,5055.0,2,2,2,Lost
C015723,401,1,5056.0,2,2,2,Lost
C022834,200,2,5056.0,4,3,2,Loyal
C034170,30,1,5056.0,5,2,2,New or promising
C034719,15,1,5056.0,5,2,2,New or promising
C023760,198,2,5057.0,4,3,2,Loyal
C025373,199,1,5059.0,4,2,2,New or promising
C023391,214,2,5062.0,3,3,2,Loyal
C000880,873,2,5063.0,1,3,2,At risk
C019603,231,3,5068.0,3,4,2,Loyal
C010048,562,2,5071.0,2,3,2,At risk
C024122,215,1,5072.0,3,2,2,Needs attention
C005216,701,2,5073.0,1,3,2,At risk
C027934,15,2,5076.0,5,3,2,Loyal
C013247,437,2,5082.0,2,3,2,At risk
C013581,460,1,5082.0,2,2,2,Lost
C013890,396,2,5088.0,2,3,2,At risk
C024811,143,2,5088.0,4,3,2,Loyal
C029357,109,2,5088.0,4,3,2,Loyal
C023820,103,3,5093.0,4,4,2,Champions
C015751,339,2,5094.0,3,3,2,Loyal
C026570,59,3,5094.0,5,4,2,Champions
C002339,745,2,5096.0,1,3,2,At risk
C006840,621,2,5097.0,1,3,2,At risk
C007579,591,2,5097.0,1,3,2,At risk
C014060,445,2,5097.0,2,3,2,At risk
C018986,316,1,5097.0,3,2,2,Needs attention
C019460,311,1,5097.0,3,2,2,Needs attention
C026969,153,1,5097.0,4,2,2,New or promising
C029229,119,1,5097.0,4,2,2,New or promising
C031189,74,1,5097.0,5,2,2,New or promising
C031802,21,3,5097.0,5,4,2,Champions
C032760,41,1,5097.0,5,2,2,New or promising
C001276,858,1,5098.0,1,2,2,Lost
C002641,800,1,5098.0,1,2,2,Lost
C005912,668,1,5098.0,1,2,2,Lost
C006100,675,1,5098.0,1,2,2,Lost
C006183,665,1,5098.0,1,2,2,Lost
C009510,570,1,5098.0,2,2,2,Lost
C010539,481,2,5098.0,2,3,2,At risk
C011318,525,1,5098.0,2,2,2,Lost
C013618,459,1,5098.0,2,2,2,Lost
C014630,427,1,5098.0,2,2,2,Lost
C015430,385,2,5098.0,2,3,2,At risk
C017108,342,1,5098.0,3,2,2,Needs attention
C017378,206,2,5098.0,4,3,2,Loyal
C019344,314,1,5098.0,3,2,2,Needs attention
C019868,274,2,5098.0,3,3,2,Loyal
C020196,294,1,5098.0,3,2,2,Needs attention
C020544,284,1,5098.0,3,2,2,Needs attention
C020641,233,2,5098.0,3,3,2,Loyal
C020878,247,2,5098.0,3,3,2,Loyal
C020888,270,1,5098.0,3,2,2,Needs attention
C022069,214,3,5098.0,3,4,2,Loyal
C024595,120,2,5098.0,4,3,2,Loyal
C024703,200,2,5098.0,4,3,2,Loyal
C029186,123,1,5098.0,4,2,2,New or promising
C029749,87,2,5098.0,4,3,2,Loyal
C032850,26,2,5098.0,5,3,2,Loyal
C034014,32,1,5098.0,5,2,2,New or promising
C034325,15,2,5098.0,5,3,2,Loyal
C034881,17,1,5098.0,5,2,2,New or promising
C001052,867,1,5099.0,1,2,2,Lost
C002959,788,1,5099.0,1,2,2,Lost
C004136,742,1,5099.0,1,2,2,Lost
C005498,693,1,5099.0,1,2,2,Lost
C011023,532,1,5099.0,2,2,2,Lost
C013349,464,1,5099.0,2,2,2,Lost
C015960,394,1,5099.0,2,2,2,Lost
C017283,356,1,5099.0,3,2,2,Needs attention
C017939,328,1,5099.0,3,2,2,Needs attention
C021711,258,1,5099.0,3,2,2,Needs attention
C031088,88,1,5099.0,4,2,2,New or promising
C031640,78,1,5099.0,5,2,2,New or promising
C032146,16,2,5099.0,5,3,2,Loyal
C032165,56,1,5099.0,5,2,2,New or promising
C032286,66,1,5099.0,5,2,2,New or promising
C033442,45,1,5099.0,5,2,2,New or promising
C035004,17,1,5099.0,5,2,2,New or promising
C035520,7,1,5099.0,5,2,2,New or promising
C013124,428,2,5103.0,2,3,2,At risk
C024230,200,2,5120.0,4,3,2,Loyal
C029189,120,1,5128.0,4,2,2,New or promising
C011472,515,2,5129.0,2,3,2,At risk
C009842,396,2,5130.0,2,3,2,At risk
C009324,578,1,5135.0,2,2,2,Lost
C024169,215,1,5136.0,3,2,2,Needs attention
C024359,214,1,5137.0,3,2,2,Needs attention
C006862,645,1,5140.0,1,2,2,Lost
C023920,220,1,5140.0,3,2,2,Needs attention
C032112,69,1,5140.0,5,2,2,New or promising
C006695,654,1,5141.0,1,2,2,Lost
C026737,159,1,5141.0,4,2,2,New or promising
C027685,152,1,5141.0,4,2,2,New or promising
C030927,91,1,5141.0,4,2,2,New or promising
C033322,47,1,5141.0,5,2,2,New or promising
C020412,276,2,5143.0,3,3,2,Loyal
C000448,795,3,5144.0,1,4,2,At risk
C001424,746,2,5145.0,1,3,2,At risk
C003819,753,1,5147.0,1,2,2,Lost
C033746,40,1,5147.0,5,2,2,New or promising
C000120,844,3,5148.0,1,4,2,At risk
C003905,643,2,5148.0,1,3,2,At risk
C013380,464,1,5148.0,2,2,2,Lost
C013498,451,2,5148.0,2,3,2,At risk
C013868,267,3,5148.0,3,4,2,Loyal
C015484,409,1,5148.0,2,2,2,Lost
C017159,318,2,5148.0,3,3,2,Loyal
C018210,338,1,5148.0,3,2,2,Needs attention
C021305,54,2,5148.0,5,3,2,Loyal
C021684,246,2,5148.0,3,3,2,Loyal
C025071,184,1,5148.0,4,2,2,New or promising
C028441,3,2,5148.0,5,3,2,Loyal
C028755,59,2,5148.0,5,3,2,Loyal
C029069,126,1,5148.0,4,2,2,New or promising
C029774,59,2,5148.0,5,3,2,Loyal
C030343,95,2,5148.0,4,3,2,Loyal
C031711,26,2,5148.0,5,3,2,Loyal
C032302,66,1,5148.0,5,2,2,New or promising
C033655,34,2,5148.0,5,3,2,Loyal
C034684,18,1,5148.0,5,2,2,New or promising
C030977,37,2,5161.0,5,3,2,Loyal
C003378,718,2,5165.0,1,3,2,At risk
C022178,164,2,5172.0,4,3,2,Loyal
C029397,118,1,5172.0,4,2,2,New or promising
C034683,10,2,5172.0,5,3,2,Loyal
C015408,388,2,5173.0,2,3,2,At risk
C019096,311,2,5176.0,3,3,2,Loyal
C027338,111,2,5178.0,4,3,2,Loyal
C032325,66,1,5181.0,5,2,2,New or promising
C013117,445,3,5182.0,2,4,2,At risk
C025534,191,1,5182.0,4,2,2,New or promising
C031266,85,1,5182.0,5,2,2,New or promising
C013923,449,1,5183.0,2,2,2,Lost
C014523,433,1,5183.0,2,2,2,Lost
C014693,429,1,5183.0,2,2,2,Lost
C015927,396,1,5183.0,2,2,2,Lost
C023915,219,1,5183.0,3,2,2,Needs attention
C027600,140,3,5183.0,4,4,2,Champions
C028649,135,1,5183.0,4,2,2,New or promising
C033796,35,1,5183.0,5,2,2,New or promising
C034173,31,1,5183.0,5,2,2,New or promising
C001497,848,1,5184.0,1,2,2,Lost
C002072,763,1,5184.0,1,2,2,Lost
C003373,771,1,5184.0,1,2,2,Lost
C004575,726,1,5184.0,1,2,2,Lost
C005787,685,1,5184.0,1,2,2,Lost
C006673,655,1,5184.0,1,2,2,Lost
C009417,548,1,5184.0,2,2,2,Lost
C012036,504,1,5184.0,2,2,2,Lost
C012269,497,1,5184.0,2,2,2,Lost
C014499,407,2,5184.0,2,3,2,At risk
C015150,412,1,5184.0,2,2,2,Lost
C021262,267,1,5184.0,3,2,2,Needs attention
C023133,231,1,5184.0,3,2,2,Needs attention
C026109,185,1,5184.0,4,2,2,New or promising
C027819,150,1,5184.0,4,2,2,New or promising
C029086,125,1,5184.0,4,2,2,New or promising
C029906,109,1,5184.0,4,2,2,New or promising
C029968,47,1,5184.0,5,2,2,New or promising
C033312,26,1,5184.0,5,2,2,New or promising
C033501,44,1,5184.0,5,2,2,New or promising
C034338,0,1,5184.0,5,2,2,New or promising
C035496,8,1,5184.0,5,2,2,New or promising
C035584,6,1,5184.0,5,2,2,New or promising
C035807,3,1,5184.0,5,2,2,New or promising
C027312,125,2,5185.0,4,3,2,Loyal
C024493,192,1,5186.0,4,2,2,New or promising
C032338,11,3,5188.0,5,4,2,Champions
C001959,813,2,5192.0,1,3,2,At risk
C020382,54,3,5195.0,5,4,2,Champions
C003777,743,2,5196.0,1,3,2,At risk
C008307,335,3,5196.0,3,4,2,Loyal
C022456,242,1,5196.0,3,2,2,Needs attention
C006294,584,2,5197.0,1,3,2,At risk
C010131,511,3,5197.0,2,4,2,At risk
C014804,396,2,5197.0,2,3,2,At risk
C017502,326,2,5197.0,3,3,2,Loyal
C017960,343,1,5197.0,3,2,2,Needs attention
C027607,154,1,5197.0,4,2,2,New or promising
C030396,102,1,5197.0,4,2,2,New or promising
C030929,73,2,5197.0,5,3,2,Loyal
C034093,9,2,5197.0,5,3,2,Loyal
C000603,887,1,5198.0,1,2,2,Lost
C001180,825,2,5198.0,1,3,2,At risk
C001560,846,1,5198.0,1,2,2,Lost
C001628,824,2,5198.0,1,3,2,At risk
C002348,729,3,5198.0,1,4,2,At risk
C004300,736,1,5198.0,1,2,2,Lost
C006007,673,1,5198.0,1,2,2,Lost
C006085,619,2,5198.0,1,3,2,At risk
C008400,598,1,5198.0,1,2,2,Lost
C010198,560,1,5198.0,2,2,2,Lost
C012100,457,1,5198.0,2,2,2,Lost
C013463,455,1,5198.0,2,2,2,Lost
C013674,319,2,5198.0,3,3,2,Loyal
C014153,429,2,5198.0,2,3,2,At risk
C014288,401,1,5198.0,2,2,2,Lost
C015103,418,1,5198.0,2,2,2,Lost
C015158,284,2,5198.0,3,3,2,Loyal
C015262,403,1,5198.0,2,2,2,Lost
C015884,398,1,5198.0,2,2,2,Lost
C016134,380,2,5198.0,2,3,2,At risk
C016607,355,1,5198.0,3,2,2,Needs attention
C018353,315,1,5198.0,3,2,2,Needs attention
C018360,325,1,5198.0,3,2,2,Needs attention
C018954,317,2,5198.0,3,3,2,Loyal
C020693,191,2,5198.0,4,3,2,Loyal
C020992,272,1,5198.0,3,2,2,Needs attention
C022213,247,1,5198.0,3,2,2,Needs attention
C022324,241,1,5198.0,3,2,2,Needs attention
C025218,186,1,5198.0,4,2,2,New or promising
C026690,173,1,5198.0,4,2,2,New or promising
C027846,143,2,5198.0,4,3,2,Loyal
C028568,136,1,5198.0,4,2,2,New or promising
C028996,96,1,5198.0,4,2,2,New or promising
C029058,18,1,5198.0,5,2,2,New or promising
C029541,102,2,5198.0,4,3,2,Loyal
C031620,28,1,5198.0,5,2,2,New or promising
C031645,2,2,5198.0,5,3,2,Loyal
C031972,0,2,5198.0,5,3,2,Loyal
C032436,63,1,5198.0,5,2,2,New or promising
C032744,11,2,5198.0,5,3,2,Loyal
C032856,13,2,5198.0,5,3,2,Loyal
C034836,20,1,5198.0,5,2,2,New or promising
C035819,2,1,5198.0,5,2,2,New or promising
C000061,909,1,5199.0,1,2,2,Lost
C000864,875,1,5199.0,1,2,2,Lost
C001256,843,2,5199.0,1,3,2,At risk
C001366,853,1,5199.0,1,2,2,Lost
C004106,744,1,5199.0,1,2,2,Lost
C004320,731,1,5199.0,1,2,2,Lost
C005114,703,1,5199.0,1,2,2,Lost
C006519,661,1,5199.0,1,2,2,Lost
C008040,609,1,5199.0,1,2,2,Lost
C011507,520,1,5199.0,2,2,2,Lost
C012108,502,1,5199.0,2,2,2,Lost
C012242,464,1,5199.0,2,2,2,Lost
C012627,487,1,5199.0,2,2,2,Lost
C013364,463,1,5199.0,2,2,2,Lost
C013452,453,1,5199.0,2,2,2,Lost
C015318,413,1,5199.0,2,2,2,Lost
C017440,340,2,5199.0,3,3,2,Loyal
C019029,314,1,5199.0,3,2,2,Needs attention
C020919,276,1,5199.0,3,2,2,Needs attention
C021084,272,1,5199.0,3,2,2,Needs attention
C022098,249,1,5199.0,3,2,2,Needs attention
C023669,225,1,5199.0,3,2,2,Needs attention
C026037,186,1,5199.0,4,2,2,New or promising
C027273,85,2,5199.0,5,3,2,Loyal
C028491,137,1,5199.0,4,2,2,New or promising
C028530,130,1,5199.0,4,2,2,New or promising
C030069,107,1,5199.0,4,2,2,New or promising
C031070,51,1,5199.0,5,2,2,New or promising
C031358,78,1,5199.0,5,2,2,New or promising
C032126,69,1,5199.0,5,2,2,New or promising
C032211,57,1,5199.0,5,2,2,New or promising
C033291,48,1,5199.0,5,2,2,New or promising
C033644,41,1,5199.0,5,2,2,New or promising
C034808,20,1,5199.0,5,2,2,New or promising
C035326,11,1,5199.0,5,2,2,New or promising
C035424,5,1,5199.0,5,2,2,New or promising
C035518,7,1,5199.0,5,2,2,New or promising
C006422,565,2,5201.0,2,3,2,At risk
C014092,417,2,5203.0,2,3,2,At risk
C017533,272,2,5208.0,3,3,2,Loyal
C002038,823,1,5218.0,1,2,2,Lost
C029835,110,1,5218.0,4,2,2,New or promising
C016543,368,1,5225.0,3,2,2,Needs attention
C008158,590,1,5226.0,1,2,2,Lost
C019144,318,1,5226.0,3,2,2,Needs attention
C021733,257,1,5226.0,3,2,2,Needs attention
C022074,185,2,5228.0,4,3,2,Loyal
C005752,685,1,5233.0,1,2,2,Lost
C026822,0,2,5238.0,5,3,2,Loyal
C023324,230,1,5240.0,3,2,2,Needs attention
C000107,893,2,5241.0,1,3,2,At risk
C024891,202,2,5242.0,4,3,2,Loyal
C032003,54,2,5243.0,5,3,2,Loyal
C010023,564,1,5245.0,2,2,2,Lost
C006813,508,3,5246.0,2,4,2,At risk
C017104,363,1,5247.0,3,2,2,Needs attention
C017219,304,2,5247.0,3,3,2,Loyal
C030755,94,2,5247.0,4,3,2,Loyal
C031505,80,1,5247.0,5,2,2,New or promising
C034819,20,1,5247.0,5,2,2,New or promising
C000447,786,2,5248.0,1,3,2,At risk
C002944,742,2,5248.0,1,3,2,At risk
C006899,633,2,5248.0,1,3,2,At risk
C007250,596,2,5248.0,1,3,2,At risk
C008393,576,2,5248.0,2,3,2,At risk
C009542,555,2,5248.0,2,3,2,At risk
C018748,325,1,5248.0,3,2,2,Needs attention
C021272,267,1,5248.0,3,2,2,Needs attention
C023604,226,1,5248.0,3,2,2,Needs attention
C025699,185,2,5248.0,4,3,2,Loyal
C026720,166,1,5248.0,4,2,2,New or promising
C026883,161,2,5248.0,4,3,2,Loyal
C032490,54,1,5248.0,5,2,2,New or promising
C032801,54,1,5248.0,5,2,2,New or promising
C003307,696,2,5250.0,1,3,2,At risk
C003843,729,2,5257.0,1,3,2,At risk
C002446,565,4,5260.0,2,5,2,At risk
C015577,396,1,5266.0,2,2,2,Lost
C003174,779,1,5268.0,1,2,2,Lost
C005989,679,1,5268.0,1,2,2,Lost
C016246,388,1,5268.0,2,2,2,Lost
C016602,378,1,5268.0,2,2,2,Lost
C019436,275,1,5268.0,3,2,2,Needs attention
C026939,168,1,5268.0,4,2,2,New or promising
C034727,22,1,5268.0,5,2,2,New or promising
C000285,895,1,5269.0,1,2,2,Lost
C001681,831,1,5269.0,1,2,2,Lost
C009699,570,1,5269.0,2,2,2,Lost
C013067,473,1,5269.0,2,2,2,Lost
C034415,27,1,5269.0,5,2,2,New or promising
C025123,200,1,5275.0,4,2,2,New or promising
C005460,659,3,5280.0,1,4,2,At risk
C004535,474,2,5283.0,2,3,2,At risk
C024107,182,2,5286.0,4,3,2,Loyal
C009363,578,1,5288.0,2,2,2,Lost
C020689,262,2,5288.0,3,3,2,Loyal
C014886,396,3,5291.0,2,4,2,At risk
C003857,560,3,5296.0,2,4,2,At risk
C027658,30,2,5296.0,5,3,2,Loyal
C001905,807,1,5297.0,1,2,2,Lost
C021884,5,2,5297.0,5,3,2,Loyal
C030451,72,3,5297.0,5,4,2,Champions
C031052,82,1,5297.0,5,2,2,New or promising
C033529,41,1,5297.0,5,2,2,New or promising
C000734,846,2,5298.0,1,3,2,At risk
C000887,832,2,5298.0,1,3,2,At risk
C003354,767,2,5298.0,1,3,2,At risk
C004031,639,2,5298.0,1,3,2,At risk
C005361,653,2,5298.0,1,3,2,At risk
C007005,643,1,5298.0,1,2,2,Lost
C009095,581,2,5298.0,1,3,2,At risk
C013235,452,2,5298.0,2,3,2,At risk
C014061,446,1,5298.0,2,2,2,Lost
C017204,355,1,5298.0,3,2,2,Needs attention
C017798,347,1,5298.0,3,2,2,Needs attention
C020839,278,1,5298.0,3,2,2,Needs attention
C022831,224,2,5298.0,3,3,2,Loyal
C023966,219,1,5298.0,3,2,2,Needs attention
C025871,189,1,5298.0,4,2,2,New or promising
C026215,179,2,5298.0,4,3,2,Loyal
C027258,111,3,5298.0,4,4,2,Champions
C028694,49,2,5298.0,5,3,2,Loyal
C028967,92,2,5298.0,4,3,2,Loyal
C030908,92,1,5298.0,4,2,2,New or promising
C031269,43,2,5298.0,5,3,2,Loyal
C031369,10,2,5298.0,5,3,2,Loyal
C032313,36,1,5298.0,5,2,2,New or promising
C032322,66,1,5298.0,5,2,2,New or promising
C032653,58,1,5298.0,5,2,2,New or promising
C032673,53,1,5298.0,5,2,2,New or promising
C033116,51,1,5298.0,5,2,2,New or promising
C033631,37,1,5298.0,5,2,2,New or promising
C005649,679,1,5299.0,1,2,2,Lost
C015900,397,1,5299.0,2,2,2,Lost
C018463,322,2,5299.0,3,3,2,Loyal
C022843,226,1,5299.0,3,2,2,Needs attention
C028655,134,1,5299.0,4,2,2,New or promising
C028998,120,1,5299.0,4,2,2,New or promising
C033585,42,1,5299.0,5,2,2,New or promising
C033983,36,1,5299.0,5,2,2,New or promising
C034799,20,1,5299.0,5,2,2,New or promising
C001091,769,2,5301.0,1,3,2,At risk
C023164,197,3,5304.0,4,4,2,Champions
C004861,679,2,5305.0,1,3,2,At risk
C019883,251,2,5307.0,3,3,2,Loyal
C001377,823,2,5308.0,1,3,2,At risk
C030424,102,1,5309.0,4,2,2,New or promising
C035030,16,1,5310.0,5,2,2,New or promising
C010957,536,1,5311.0,2,2,2,Lost
C017019,300,2,5313.0,3,3,2,Loyal
C021599,187,2,5313.0,4,3,2,Loyal
C024257,214,1,5313.0,3,2,2,Needs attention
C026024,123,2,5327.0,4,3,2,Loyal
C021596,63,3,5332.0,5,4,2,Champions
C019009,320,1,5339.0,3,2,2,Needs attention
C027532,124,2,5340.0,4,3,2,Loyal
C021863,221,2,5343.0,3,3,2,Loyal
C009438,570,1,5346.0,2,2,2,Lost
C022268,214,1,5346.0,3,2,2,Needs attention
C001598,773,2,5347.0,1,3,2,At risk
C001616,732,3,5347.0,1,4,2,At risk
C004422,580,3,5347.0,1,4,2,At risk
C006671,519,2,5347.0,2,3,2,At risk
C028073,121,1,5347.0,4,2,2,New or promising
C030417,102,1,5347.0,4,2,2,New or promising
C000968,870,1,5348.0,1,2,2,Lost
C004236,681,2,5348.0,1,3,2,At risk
C007062,309,3,5348.0,3,4,2,Loyal
C012766,458,2,5348.0,2,3,2,At risk
C013199,469,1,5348.0,2,2,2,Lost
C014880,424,1,5348.0,2,2,2,Lost
C016254,387,1,5348.0,2,2,2,Lost
C020316,278,2,5348.0,3,3,2,Loyal
C024671,209,1,5348.0,4,2,2,New or promising
C027844,63,2,5348.0,5,3,2,Loyal
C031063,87,2,5348.0,4,3,2,Loyal
C004777,530,3,5351.0,2,4,2,At risk
C003569,762,1,5352.0,1,2,2,Lost
C007459,626,1,5352.0,1,2,2,Lost
C026850,164,1,5352.0,4,2,2,New or promising
C000661,879,1,5353.0,1,2,2,Lost
C001836,833,1,5353.0,1,2,2,Lost
C002619,801,1,5353.0,1,2,2,Lost
C004353,655,1,5353.0,1,2,2,Lost
C013790,450,1,5353.0,2,2,2,Lost
C016140,389,1,5353.0,2,2,2,Lost
C018110,340,1,5353.0,3,2,2,Needs attention
C018467,315,1,5353.0,3,2,2,Needs attention
C023746,224,1,5353.0,3,2,2,Needs attention
C030194,105,1,5353.0,4,2,2,New or promising
C030809,94,1,5353.0,4,2,2,New or promising
C034045,35,1,5353.0,5,2,2,New or promising
C034237,28,1,5353.0,5,2,2,New or promising
C034506,0,1,5353.0,5,2,2,New or promising
C035273,9,1,5353.0,5,2,2,New or promising
C008088,604,1,5354.0,1,2,2,Lost
C017188,362,1,5354.0,3,2,2,Needs attention
C019499,269,2,5354.0,3,3,2,Loyal
C019697,146,2,5354.0,4,3,2,Loyal
C022527,231,1,5354.0,3,2,2,Needs attention
C025713,190,1,5354.0,4,2,2,New or promising
C026256,180,1,5354.0,4,2,2,New or promising
C033381,46,1,5354.0,5,2,2,New or promising
C011880,489,2,5356.0,2,3,2,At risk
C014968,324,2,5357.0,3,3,2,Loyal
C008489,583,1,5358.0,1,2,2,Lost
C018002,335,2,5358.0,3,3,2,Loyal
C005804,685,1,5361.0,1,2,2,Lost
C018537,320,2,5363.0,3,3,2,Loyal
C021849,231,2,5363.0,3,3,2,Loyal
C007703,161,2,5366.0,4,3,2,Loyal
C026977,84,3,5370.0,5,4,2,Champions
C000439,877,2,5372.0,1,3,2,At risk
C025247,199,2,5377.0,4,3,2,Loyal
C018978,319,1,5380.0,3,2,2,Needs attention
C008568,596,1,5385.0,1,2,2,Lost
C022265,231,2,5393.0,3,3,2,Loyal
C021982,249,1,5394.0,3,2,2,Needs attention
C000607,869,2,5395.0,1,3,2,At risk
C006935,645,1,5395.0,1,2,2,Lost
C029290,117,1,5395.0,4,2,2,New or promising
C002601,750,5,5396.0,1,5,2,At risk
C010787,462,3,5396.0,2,4,2,At risk
C002037,817,1,5397.0,1,2,2,Lost
C008000,580,2,5397.0,1,3,2,At risk
C009101,526,3,5397.0,2,4,2,At risk
C010821,540,1,5397.0,2,2,2,Lost
C011748,508,1,5397.0,2,2,2,Lost
C021349,202,2,5397.0,4,3,2,Loyal
C024161,170,2,5397.0,4,3,2,Loyal
C024963,203,1,5397.0,4,2,2,New or promising
C030818,61,2,5397.0,5,3,2,Loyal
C001863,709,2,5398.0,1,3,2,At risk
C002441,596,2,5398.0,1,3,2,At risk
C003255,776,1,5398.0,1,2,2,Lost
C006173,671,1,5398.0,1,2,2,Lost
C006321,668,1,5398.0,1,2,2,Lost
C006806,472,1,5398.0,2,2,2,Lost
C006942,645,1,5398.0,1,2,2,Lost
C007757,575,2,5398.0,2,3,2,At risk
C008248,598,1,5398.0,1,2,2,Lost
C009215,582,1,5398.0,1,2,2,Lost
C010308,557,1,5398.0,2,2,2,Lost
C012693,485,1,5398.0,2,2,2,Lost
C014042,446,1,5398.0,2,2,2,Lost
C014104,219,2,5398.0,3,3,2,Loyal
C015875,376,2,5398.0,2,3,2,At risk
C016419,381,1,5398.0,2,2,2,Lost
C016506,380,1,5398.0,2,2,2,Lost
C016675,375,1,5398.0,2,2,2,Lost
C017026,278,2,5398.0,3,3,2,Loyal
C017693,334,1,5398.0,3,2,2,Needs attention
C020027,290,2,5398.0,3,3,2,Loyal
C020915,276,1,5398.0,3,2,2,Needs attention
C021388,263,1,5398.0,3,2,2,Needs attention
C021529,127,2,5398.0,4,3,2,Loyal
C022678,214,2,5398.0,3,3,2,Loyal
C023808,56,1,5398.0,5,2,2,New or promising
C024079,208,1,5398.0,4,2,2,New or promising
C024353,194,2,5398.0,4,3,2,Loyal
C026957,105,1,5398.0,4,2,2,New or promising
C028813,18,2,5398.0,5,3,2,Loyal
C028916,72,2,5398.0,5,3,2,Loyal
C029072,123,1,5398.0,4,2,2,New or promising
C029306,121,1,5398.0,4,2,2,New or promising
C029654,73,3,5398.0,5,4,2,Champions
C029727,7,2,5398.0,5,3,2,Loyal
C030207,105,1,5398.0,4,2,2,New or promising
C030310,77,2,5398.0,5,3,2,Loyal
C030734,94,1,5398.0,4,2,2,New or promising
C031722,55,1,5398.0,5,2,2,New or promising
C032324,38,2,5398.0,5,3,2,Loyal
C032693,59,1,5398.0,5,2,2,New or promising
C033438,41,1,5398.0,5,2,2,New or promising
C035059,12,2,5398.0,5,3,2,Loyal
C035193,13,1,5398.0,5,2,2,New or promising
C000916,873,1,5399.0,1,2,2,Lost
C002925,789,1,5399.0,1,2,2,Lost
C003171,774,1,5399.0,1,2,2,Lost
C003976,748,1,5399.0,1,2,2,Lost
C005497,693,1,5399.0,1,2,2,Lost
C005699,686,1,5399.0,1,2,2,Lost
C006923,643,1,5399.0,1,2,2,Lost
C009595,575,1,5399.0,2,2,2,Lost
C010003,565,1,5399.0,2,2,2,Lost
C012893,474,1,5399.0,2,2,2,Lost
C013726,457,1,5399.0,2,2,2,Lost
C013811,453,1,5399.0,2,2,2,Lost
C016294,385,1,5399.0,2,2,2,Lost
C016532,379,1,5399.0,2,2,2,Lost
C018446,328,1,5399.0,3,2,2,Needs attention
C019736,247,1,5399.0,3,2,2,Needs attention
C020784,279,1,5399.0,3,2,2,Needs attention
C025461,197,1,5399.0,4,2,2,New or promising
C027007,167,1,5399.0,4,2,2,New or promising
C028716,133,1,5399.0,4,2,2,New or promising
C029044,127,1,5399.0,4,2,2,New or promising
C029665,112,1,5399.0,4,2,2,New or promising
C032511,57,1,5399.0,5,2,2,New or promising
C033029,51,1,5399.0,5,2,2,New or promising
C034289,29,1,5399.0,5,2,2,New or promising
C034988,17,1,5399.0,5,2,2,New or promising
C035523,4,1,5399.0,5,2,2,New or promising
C017092,109,2,5401.0,4,3,2,Loyal
C001378,809,2,5403.0,1,3,2,At risk
C024710,124,2,5407.0,4,3,2,Loyal
C028906,41,2,5407.0,5,3,2,Loyal
C008712,539,2,5408.0,2,3,2,At risk
C010724,219,2,5428.0,3,3,2,Loyal
C019577,231,2,5431.0,3,3,2,Loyal
C019645,284,2,5433.0,3,3,2,Loyal
C013344,464,1,5436.0,2,2,2,Lost
C035098,15,1,5436.0,5,2,2,New or promising
C000331,898,1,5438.0,1,2,2,Lost
C000512,886,1,5438.0,1,2,2,Lost
C003370,714,2,5438.0,1,3,2,At risk
C005135,603,2,5438.0,1,3,2,At risk
C006195,672,1,5438.0,1,2,2,Lost
C006841,648,1,5438.0,1,2,2,Lost
C008402,598,1,5438.0,1,2,2,Lost
C008514,596,1,5438.0,1,2,2,Lost
C011790,433,2,5438.0,2,3,2,At risk
C014797,404,1,5438.0,2,2,2,Lost
C015801,400,1,5438.0,2,2,2,Lost
C016748,373,1,5438.0,2,2,2,Lost
C020241,292,1,5438.0,3,2,2,Needs attention
C022729,236,1,5438.0,3,2,2,Needs attention
C023433,230,1,5438.0,3,2,2,Needs attention
C023961,147,1,5438.0,4,2,2,New or promising
C024744,208,1,5438.0,4,2,2,New or promising
C031194,86,1,5438.0,4,2,2,New or promising
C031315,84,1,5438.0,5,2,2,New or promising
C033475,44,1,5438.0,5,2,2,New or promising
C033886,33,1,5438.0,5,2,2,New or promising
C034066,34,1,5438.0,5,2,2,New or promising
C001554,846,1,5439.0,1,2,2,Lost
C004511,726,1,5439.0,1,2,2,Lost
C010579,548,1,5439.0,2,2,2,Lost
C014678,429,1,5439.0,2,2,2,Lost
C019746,207,4,5440.0,4,5,2,Champions
C002080,820,1,5443.0,1,2,2,Lost
C000564,888,1,5446.0,1,2,2,Lost
C026604,130,3,5446.0,4,4,2,Champions
C004570,644,2,5447.0,1,3,2,At risk
C006591,533,3,5447.0,2,4,2,At risk
C021423,263,1,5447.0,3,2,2,Needs attention
C025727,177,3,5447.0,4,4,2,Champions
C026395,155,2,5447.0,4,3,2,Loyal
C002429,809,1,5448.0,1,2,2,Lost
C010016,565,1,5448.0,2,2,2,Lost
C011888,498,2,5448.0,2,3,2,At risk
C017034,247,1,5448.0,3,2,2,Needs attention
C018855,293,2,5448.0,3,3,2,Loyal
C018866,314,1,5448.0,3,2,2,Needs attention
C025433,198,1,5448.0,4,2,2,New or promising
C027827,149,1,5448.0,4,2,2,New or promising
C031044,61,2,5448.0,5,3,2,Loyal
C035675,5,1,5448.0,5,2,2,New or promising
C035721,4,1,5448.0,5,2,2,New or promising
C025932,2,2,5451.0,5,3,2,Loyal
C021443,160,3,5455.0,4,4,2,Champions
C017753,192,4,5456.0,4,5,2,Champions
C012516,462,2,5466.0,2,3,2,At risk
C012909,462,2,5468.0,2,3,2,At risk
C017606,352,1,5480.0,3,2,2,Needs attention
C029452,44,3,5481.0,5,4,2,Champions
C022426,226,2,5482.0,3,3,2,Loyal
C015912,380,2,5483.0,2,3,2,At risk
C003862,751,2,5485.0,1,3,2,At risk
C011729,474,2,5496.0,2,3,2,At risk
C015968,308,2,5496.0,3,3,2,Loyal
C020726,209,3,5496.0,4,4,2,Champions
C022373,244,1,5496.0,3,2,2,Needs attention
C004649,686,2,5497.0,1,3,2,At risk
C011598,482,2,5497.0,2,3,2,At risk
C014028,232,2,5497.0,3,3,2,Loyal
C023474,229,1,5497.0,3,2,2,Needs attention
C028646,103,2,5497.0,4,3,2,Loyal
C002991,676,2,5498.0,1,3,2,At risk
C005025,702,2,5498.0,1,3,2,At risk
C006859,648,1,5498.0,1,2,2,Lost
C009644,572,1,5498.0,2,2,2,Lost
C009867,553,1,5498.0,2,2,2,Lost
C011242,508,1,5498.0,2,2,2,Lost
C016612,224,3,5498.0,3,4,2,Loyal
C017448,335,2,5498.0,3,3,2,Loyal
C021315,266,1,5498.0,3,2,2,Needs attention
C022198,247,1,5498.0,3,2,2,Needs attention
C022973,190,2,5498.0,4,3,2,Loyal
C023564,184,3,5498.0,4,4,2,Champions
C024529,212,1,5498.0,4,2,2,New or promising
C026515,177,1,5498.0,4,2,2,New or promising
C026724,127,1,5498.0,4,2,2,New or promising
C028477,138,1,5498.0,4,2,2,New or promising
C028797,103,2,5498.0,4,3,2,Loyal
C031096,53,2,5498.0,5,3,2,Loyal
C031919,73,1,5498.0,5,2,2,New or promising
C032159,31,2,5498.0,5,3,2,Loyal
C032646,25,2,5498.0,5,3,2,Loyal
C032971,36,1,5498.0,5,2,2,New or promising
C034456,17,1,5498.0,5,2,2,New or promising
C034985,16,1,5498.0,5,2,2,New or promising
C035691,4,1,5498.0,5,2,2,New or promising
C002623,762,1,5499.0,1,2,2,Lost
C003448,768,1,5499.0,1,2,2,Lost
C003540,763,1,5499.0,1,2,2,Lost
C005357,698,1,5499.0,1,2,2,Lost
C005725,685,1,5499.0,1,2,2,Lost
C006829,648,1,5499.0,1,2,2,Lost
C007577,623,1,5499.0,1,2,2,Lost
C008688,590,1,5499.0,1,2,2,Lost
C009069,539,1,5499.0,2,2,2,Lost
C009548,576,1,5499.0,2,2,2,Lost
C009719,571,1,5499.0,2,2,2,Lost
C011094,533,1,5499.0,2,2,2,Lost
C011971,501,1,5499.0,2,2,2,Lost
C012088,501,1,5499.0,2,2,2,Lost
C012681,485,1,5499.0,2,2,2,Lost
C013404,459,1,5499.0,2,2,2,Lost
C014271,440,1,5499.0,2,2,2,Lost
C014992,421,1,5499.0,2,2,2,Lost
C016519,380,1,5499.0,2,2,2,Lost
C018609,328,1,5499.0,3,2,2,Needs attention
C018678,303,1,5499.0,3,2,2,Needs attention
C020024,290,1,5499.0,3,2,2,Needs attention
C021321,244,1,5499.0,3,2,2,Needs attention
C021820,252,1,5499.0,3,2,2,Needs attention
C022291,245,1,5499.0,3,2,2,Needs attention
C024332,212,1,5499.0,3,2,2,Needs attention
C026231,182,1,5499.0,4,2,2,New or promising
C028052,143,1,5499.0,4,2,2,New or promising
C029230,123,1,5499.0,4,2,2,New or promising
C033099,49,1,5499.0,5,2,2,New or promising
C033167,35,1,5499.0,5,2,2,New or promising
C018779,287,2,5500.0,3,3,2,Loyal
C028436,103,2,5500.0,4,3,2,Loyal
C018185,209,3,5501.0,4,4,2,Champions
C022331,214,2,5501.0,3,3,2,Loyal
C023194,216,2,5509.0,3,3,2,Loyal
C007971,565,2,5510.0,2,3,2,At risk
C024064,213,1,5511.0,3,2,2,Needs attention
C015903,360,2,5512.0,3,3,2,Loyal
C020492,127,2,5513.0,4,3,2,Loyal
C022597,231,2,5513.0,3,3,2,Loyal
C033032,27,2,5513.0,5,3,2,Loyal
C021590,225,2,5517.0,3,3,2,Loyal
C009688,572,1,5522.0,2,2,2,Lost
C020355,269,1,5522.0,3,2,2,Needs attention
C021261,267,1,5522.0,3,2,2,Needs attention
C000579,888,1,5523.0,1,2,3,Lost
C006430,664,1,5523.0,1,2,3,Lost
C009634,559,1,5523.0,2,2,3,Lost
C013441,463,1,5523.0,2,2,3,Lost
C014956,397,1,5523.0,2,2,3,Lost
C016648,374,1,5523.0,2,2,3,Lost
C017302,359,1,5523.0,3,2,3,Needs attention
C031471,81,1,5523.0,5,2,3,New or promising
C033447,45,1,5523.0,5,2,3,New or promising
C035065,16,1,5523.0,5,2,3,New or promising
C003055,784,1,5524.0,1,2,3,Lost
C004396,732,1,5524.0,1,2,3,Lost
C004553,713,1,5524.0,1,2,3,Lost
C004935,713,1,5524.0,1,2,3,Lost
C005064,705,1,5524.0,1,2,3,Lost
C007942,606,1,5524.0,1,2,3,Lost
C012410,493,1,5524.0,2,2,3,Lost
C015725,402,1,5524.0,2,2,3,Lost
C022249,246,1,5524.0,3,2,3,Needs attention
C025408,198,1,5524.0,4,2,3,New or promising
C026535,176,1,5524.0,4,2,3,New or promising
C027341,160,1,5524.0,4,2,3,New or promising
C027713,145,1,5524.0,4,2,3,New or promising
C028995,109,1,5524.0,4,2,3,New or promising
C029098,106,1,5524.0,4,2,3,New or promising
C029107,125,1,5524.0,4,2,3,New or promising
C029144,118,1,5524.0,4,2,3,New or promising
C029720,111,1,5524.0,4,2,3,New or promising
C029851,109,1,5524.0,4,2,3,New or promising
C030303,104,1,5524.0,4,2,3,New or promising
C031760,76,1,5524.0,5,2,3,New or promising
C032657,57,1,5524.0,5,2,3,New or promising
C033718,40,1,5524.0,5,2,3,New or promising
C034083,19,1,5524.0,5,2,3,New or promising
C034484,11,1,5524.0,5,2,3,New or promising
C023891,106,2,5527.0,4,3,3,Loyal
C027817,105,2,5527.0,4,3,3,Loyal
C019175,242,2,5530.0,3,3,3,Loyal
C008288,597,1,5531.0,1,2,3,Lost
C011779,512,1,5545.0,2,2,3,Lost
C007256,635,1,5546.0,1,2,3,Lost
C003697,750,1,5547.0,1,2,3,Lost
C020255,282,2,5547.0,3,3,3,Loyal
C030628,97,1,5547.0,4,2,3,New or promising
C031271,54,2,5547.0,5,3,3,Loyal
C000342,894,2,5548.0,1,3,3,At risk
C001234,856,1,5548.0,1,2,3,Lost
C003820,740,1,5548.0,1,2,3,Lost
C005672,680,1,5548.0,1,2,3,Lost
C010118,563,1,5548.0,2,2,3,Lost
C012227,491,1,5548.0,2,2,3,Lost
C016753,354,2,5548.0,3,3,3,Loyal
C017289,304,2,5548.0,3,3,3,Loyal
C025248,155,2,5548.0,4,3,3,Loyal
C035484,8,1,5548.0,5,2,3,New or promising
C014264,301,3,5550.0,3,4,3,Loyal
C028380,13,2,5556.0,5,3,3,Loyal
C028710,97,3,5556.0,4,4,3,Champions
C028866,58,4,5560.0,5,5,3,Champions
C033205,0,2,5561.0,5,3,3,Loyal
C003161,773,2,5566.0,1,3,3,At risk
C027190,161,1,5566.0,4,2,3,New or promising
C018959,244,2,5573.0,3,3,3,Loyal
C025370,195,2,5577.0,4,3,3,Loyal
C023122,214,2,5578.0,3,3,3,Loyal
C029724,111,1,5578.0,4,2,3,New or promising
C022344,214,2,5580.0,3,3,3,Loyal
C009362,565,2,5582.0,2,3,3,At risk
C027498,152,2,5586.0,4,3,3,Loyal
C028117,70,3,5589.0,5,4,3,Champions
C001564,838,2,5592.0,1,3,3,At risk
C002325,814,1,5596.0,1,2,3,Lost
C011343,510,2,5596.0,2,3,3,At risk
C014556,309,2,5596.0,3,3,3,Loyal
C027105,153,2,5596.0,4,3,3,Loyal
C033310,38,1,5596.0,5,2,3,New or promising
C005967,680,1,5597.0,1,2,3,Lost
C006126,623,2,5597.0,1,3,3,At risk
C007494,626,1,5597.0,1,2,3,Lost
C010909,521,1,5597.0,2,2,3,Lost
C011485,500,1,5597.0,2,2,3,Lost
C013151,466,2,5597.0,2,3,3,At risk
C018587,300,2,5597.0,3,3,3,Loyal
C033293,32,1,5597.0,5,2,3,New or promising
C033540,4,3,5597.0,5,4,3,Champions
C007188,600,1,5598.0,1,2,3,Lost
C008124,598,1,5598.0,1,2,3,Lost
C010566,371,2,5598.0,2,3,3,At risk
C011162,530,1,5598.0,2,2,3,Lost
C013946,442,2,5598.0,2,3,3,At risk
C014670,412,1,5598.0,2,2,3,Lost
C015499,408,1,5598.0,2,2,3,Lost
C017883,345,1,5598.0,3,2,3,Needs attention
C020745,243,2,5598.0,3,3,3,Loyal
C024035,80,3,5598.0,5,4,3,Champions
C024074,192,2,5598.0,4,3,3,Loyal
C026264,98,2,5598.0,4,3,3,Loyal
C028701,134,1,5598.0,4,2,3,New or promising
C029013,118,2,5598.0,4,3,3,Loyal
C031569,58,2,5598.0,5,3,3,Loyal
C032525,59,2,5598.0,5,3,3,Loyal
C033071,34,1,5598.0,5,2,3,New or promising
C033465,45,1,5598.0,5,2,3,New or promising
C035046,13,1,5598.0,5,2,3,New or promising
C000959,871,1,5599.0,1,2,3,Lost
C004093,745,1,5599.0,1,2,3,Lost
C007038,642,1,5599.0,1,2,3,Lost
C012063,501,1,5599.0,2,2,3,Lost
C014034,333,2,5599.0,3,3,3,Loyal
C014108,384,1,5599.0,2,2,3,Lost
C014647,427,1,5599.0,2,2,3,Lost
C016235,388,1,5599.0,2,2,3,Lost
C027811,142,1,5599.0,4,2,3,New or promising
C007786,458,3,5605.0,2,4,3,At risk
C015978,395,1,5606.0,2,2,3,Lost
C000121,906,1,5607.0,1,2,3,Lost
C003328,773,1,5608.0,1,2,3,Lost
C008545,596,1,5608.0,1,2,3,Lost
C010266,541,2,5608.0,2,3,3,At risk
C011570,518,1,5608.0,2,2,3,Lost
C014359,433,1,5608.0,2,2,3,Lost
C028094,145,1,5608.0,4,2,3,New or promising
C030114,106,1,5608.0,4,2,3,New or promising
C030683,96,1,5608.0,4,2,3,New or promising
C008488,594,1,5609.0,1,2,3,Lost
C009574,576,1,5609.0,2,2,3,Lost
C009763,568,1,5609.0,2,2,3,Lost
C011889,508,1,5609.0,2,2,3,Lost
C015705,403,1,5609.0,2,2,3,Lost
C017658,346,2,5609.0,3,3,3,Loyal
C019336,314,1,5609.0,3,2,3,Needs attention
C026228,182,1,5609.0,4,2,3,New or promising
C027189,147,1,5609.0,4,2,3,New or promising
C027979,147,1,5609.0,4,2,3,New or promising
C029451,117,1,5609.0,4,2,3,New or promising
C031125,88,1,5609.0,4,2,3,New or promising
C021722,214,3,5610.0,3,4,3,Loyal
C024722,199,2,5616.0,4,3,3,Loyal
C009088,558,3,5617.0,2,4,3,At risk
C015582,376,2,5619.0,2,3,3,At risk
C007403,472,3,5627.0,2,4,3,At risk
C024138,198,2,5631.0,4,3,3,Loyal
C032908,46,2,5633.0,5,3,3,Loyal
C014209,366,3,5635.0,3,4,3,Loyal
C013306,382,2,5637.0,2,3,3,At risk
C020591,236,2,5645.0,3,3,3,Loyal
C001986,752,2,5646.0,1,3,3,At risk
C010122,563,1,5646.0,2,2,3,Lost
C017839,300,2,5646.0,3,3,3,Loyal
C028658,117,2,5646.0,4,3,3,Loyal
C002431,621,3,5647.0,1,4,3,At risk
C012302,487,1,5647.0,2,2,3,Lost
C015847,257,3,5647.0,3,4,3,Loyal
C025517,144,2,5647.0,4,3,3,Loyal
C027533,153,1,5647.0,4,2,3,New or promising
C000357,896,1,5648.0,1,2,3,Lost
C000646,842,2,5648.0,1,3,3,At risk
C000737,699,2,5648.0,1,3,3,At risk
C002735,605,2,5648.0,1,3,3,At risk
C002917,790,1,5648.0,1,2,3,Lost
C005855,684,1,5648.0,1,2,3,Lost
C008423,598,1,5648.0,1,2,3,Lost
C009192,582,1,5648.0,1,2,3,Lost
C014304,439,1,5648.0,2,2,3,Lost
C019305,298,2,5648.0,3,3,3,Loyal
C019969,288,1,5648.0,3,2,3,Needs attention
C022128,249,1,5648.0,3,2,3,Needs attention
C024086,216,1,5648.0,3,2,3,Needs attention
C025061,197,1,5648.0,4,2,3,New or promising
C025811,144,1,5648.0,4,2,3,New or promising
C025850,189,1,5648.0,4,2,3,New or promising
C029085,17,2,5648.0,5,3,3,Loyal
C029286,73,2,5648.0,5,3,3,Loyal
C031664,27,2,5648.0,5,3,3,Loyal
C032750,17,1,5648.0,5,2,3,New or promising
C034197,31,1,5648.0,5,2,3,New or promising
C024528,212,1,5649.0,4,2,3,New or promising
C014581,424,1,5650.0,2,2,3,Lost
C003014,749,2,5656.0,1,3,3,At risk
C020333,260,2,5663.0,3,3,3,Loyal
C025362,163,2,5663.0,4,3,3,Loyal
C027975,78,2,5666.0,5,3,3,Loyal
C030160,105,1,5669.0,4,2,3,New or promising
C008583,596,1,5673.0,1,2,3,Lost
C022725,224,3,5678.0,3,4,3,Loyal
C032998,52,2,5683.0,5,3,3,Loyal
C002849,793,1,5691.0,1,2,3,Lost
C028283,138,1,5692.0,4,2,3,New or promising
C033302,35,1,5692.0,5,2,3,New or promising
C014594,424,1,5693.0,2,2,3,Lost
C018249,337,1,5693.0,3,2,3,Needs attention
C034368,28,1,5693.0,5,2,3,New or promising
C011199,529,1,5694.0,2,2,3,Lost
C021070,211,2,5694.0,4,3,3,Loyal
C023960,123,2,5694.0,4,3,3,Loyal
C014019,334,3,5695.0,3,4,3,Loyal
C021521,210,4,5695.0,4,5,3,Champions
C031900,23,3,5695.0,5,4,3,Champions
C008336,582,1,5696.0,1,2,3,Lost
C010656,545,1,5697.0,2,2,3,Lost
C014411,235,2,5697.0,3,3,3,Loyal
C017634,291,3,5697.0,3,4,3,Loyal
C018118,340,1,5697.0,3,2,3,Needs attention
C025048,168,1,5697.0,4,2,3,New or promising
C025427,178,2,5697.0,4,3,3,Loyal
C026413,178,1,5697.0,4,2,3,New or promising
C026982,119,3,5697.0,4,4,3,Champions
C033473,23,1,5697.0,5,2,3,New or promising
C001789,835,1,5698.0,1,2,3,Lost
C002688,776,2,5698.0,1,3,3,At risk
C008243,593,2,5698.0,1,3,3,At risk
C012754,463,1,5698.0,2,2,3,Lost
C014281,439,1,5698.0,2,2,3,Lost
C015939,367,2,5698.0,3,3,3,Loyal
C016625,333,2,5698.0,3,3,3,Loyal
C019364,313,1,5698.0,3,2,3,Needs attention
C020845,278,1,5698.0,3,2,3,Needs attention
C022144,248,1,5698.0,3,2,3,Needs attention
C022841,216,2,5698.0,3,3,3,Loyal
C023884,64,2,5698.0,5,3,3,Loyal
C024856,200,2,5698.0,4,3,3,Loyal
C026769,155,1,5698.0,4,2,3,New or promising
C029097,125,1,5698.0,4,2,3,New or promising
C033144,28,2,5698.0,5,3,3,Loyal
C034821,6,1,5698.0,5,2,3,New or promising
C035029,16,1,5698.0,5,2,3,New or promising
C000555,889,1,5699.0,1,2,3,Lost
C009897,566,1,5699.0,2,2,3,Lost
C017728,349,1,5699.0,3,2,3,Needs attention
C031497,77,1,5699.0,5,2,3,New or promising
C025501,49,3,5702.0,5,4,3,Champions
C002555,745,3,5704.0,1,4,3,At risk
C008499,597,1,5707.0,1,2,3,Lost
C017560,263,3,5707.0,3,4,3,Loyal
C033629,18,2,5707.0,5,3,3,Loyal
C023586,123,3,5708.0,4,4,3,Champions
C009289,579,1,5709.0,1,2,3,Lost
C001404,818,1,5712.0,1,2,3,Lost
C011808,495,2,5713.0,2,3,3,At risk
C031433,76,2,5718.0,5,3,3,Loyal
C018740,228,3,5723.0,3,4,3,Loyal
C008112,529,3,5730.0,2,4,3,At risk
C002952,740,2,5732.0,1,3,3,At risk
C013791,453,1,5735.0,2,2,3,Lost
C022809,235,1,5736.0,3,2,3,Needs attention
C027900,148,1,5736.0,4,2,3,New or promising
C027947,119,3,5742.0,4,4,3,Champions
C032423,8,2,5745.0,5,3,3,Loyal
C001523,786,2,5746.0,1,3,3,At risk
C017312,359,1,5746.0,3,2,3,Needs attention
C002645,796,1,5747.0,1,2,3,Lost
C008258,495,2,5747.0,2,3,3,At risk
C014681,298,3,5747.0,3,4,3,Loyal
C014726,401,2,5747.0,2,3,3,At risk
C017780,326,2,5747.0,3,3,3,Loyal
C020117,295,1,5747.0,3,2,3,Needs attention
C022427,241,2,5747.0,3,3,3,Loyal
C023903,213,1,5747.0,3,2,3,Needs attention
C027778,19,2,5747.0,5,3,3,Loyal
C003282,560,2,5748.0,2,3,3,At risk
C004377,710,2,5748.0,1,3,3,At risk
C007216,630,1,5748.0,1,2,3,Lost
C011179,529,1,5748.0,2,2,3,Lost
C013748,455,1,5748.0,2,2,3,Lost
C014967,422,1,5748.0,2,2,3,Lost
C015660,346,1,5748.0,3,2,3,Needs attention
C023256,215,2,5748.0,3,3,3,Loyal
C009700,565,1,5751.0,2,2,3,Lost
C011361,440,2,5753.0,2,3,3,At risk
C021211,231,2,5753.0,3,3,3,Loyal
C005800,685,1,5756.0,1,2,3,Lost
C018272,301,2,5758.0,3,3,3,Loyal
C029675,57,1,5759.0,5,2,3,New or promising
C002862,762,2,5762.0,1,3,3,At risk
C009093,529,2,5763.0,2,3,3,At risk
C000863,822,2,5768.0,1,3,3,At risk
C017332,318,3,5769.0,3,4,3,Loyal
C016609,372,3,5771.0,2,4,3,At risk
C022728,157,2,5772.0,4,3,3,Loyal
C019597,308,1,5777.0,3,2,3,Needs attention
C020600,274,1,5777.0,3,2,3,Needs attention
C007020,643,1,5778.0,1,2,3,Lost
C009625,574,1,5778.0,2,2,3,Lost
C022759,236,1,5778.0,3,2,3,Needs attention
C024550,212,1,5778.0,4,2,3,New or promising
C025236,192,1,5778.0,4,2,3,New or promising
C025596,180,1,5778.0,4,2,3,New or promising
C027058,165,1,5778.0,4,2,3,New or promising
C029462,102,3,5778.0,4,4,3,Champions
C030297,104,1,5778.0,4,2,3,New or promising
C032741,58,1,5778.0,5,2,3,New or promising
C033290,48,1,5778.0,5,2,3,New or promising
C002368,812,1,5779.0,1,2,3,Lost
C014851,344,2,5779.0,3,3,3,Loyal
C016276,380,1,5779.0,2,2,3,Lost
C017742,349,1,5779.0,3,2,3,Needs attention
C028021,104,2,5779.0,4,3,3,Loyal
C030281,104,1,5779.0,4,2,3,New or promising
C032109,3,1,5779.0,5,2,3,New or promising
C008698,552,2,5780.0,2,3,3,At risk
C030036,105,2,5783.0,4,3,3,Loyal
C009975,565,1,5785.0,2,2,3,Lost
C024182,205,2,5788.0,4,3,3,Loyal
C025329,140,2,5793.0,4,3,3,Loyal
C027633,153,1,5795.0,4,2,3,New or promising
C032730,11,2,5795.0,5,3,3,Loyal
C010626,482,2,5796.0,2,3,3,At risk
C014451,431,2,5796.0,2,3,3,At risk
C016338,347,3,5796.0,3,4,3,Loyal
C019865,278,2,5796.0,3,3,3,Loyal
C027702,132,1,5796.0,4,2,3,New or promising
C028545,114,2,5796.0,4,3,3,Loyal
C028665,134,1,5796.0,4,2,3,New or promising
C031837,59,2,5796.0,5,3,3,Loyal
C032627,60,1,5796.0,5,2,3,New or promising
C034549,7,2,5796.0,5,3,3,Loyal
C034705,14,2,5796.0,5,3,3,Loyal
C000411,888,1,5797.0,1,2,3,Lost
C003620,761,1,5797.0,1,2,3,Lost
C006781,622,2,5797.0,1,3,3,At risk
C008687,575,1,5797.0,2,2,3,Lost
C012263,497,1,5797.0,2,2,3,Lost
C015351,412,1,5797.0,2,2,3,Lost
C015621,384,2,5797.0,2,3,3,At risk
C017017,317,2,5797.0,3,3,3,Loyal
C017447,338,2,5797.0,3,3,3,Loyal
C019687,234,2,5797.0,3,3,3,Loyal
C026674,137,1,5797.0,4,2,3,New or promising
C030802,36,3,5797.0,5,4,3,Champions
C034306,23,2,5797.0,5,3,3,Loyal
C035006,17,1,5797.0,5,2,3,New or promising
C000736,868,2,5798.0,1,3,3,At risk
C000881,875,1,5798.0,1,2,3,Lost
C001147,847,2,5798.0,1,3,3,At risk
C001708,675,2,5798.0,1,3,3,At risk
C002529,805,1,5798.0,1,2,3,Lost
C002872,783,2,5798.0,1,3,3,At risk
C002896,791,1,5798.0,1,2,3,Lost
C003262,776,1,5798.0,1,2,3,Lost
C004003,747,1,5798.0,1,2,3,Lost
C004046,742,1,5798.0,1,2,3,Lost
C004641,683,2,5798.0,1,3,3,At risk
C004664,723,1,5798.0,1,2,3,Lost
C006413,664,1,5798.0,1,2,3,Lost
C007291,630,2,5798.0,1,3,3,At risk
C012580,462,1,5798.0,2,2,3,Lost
C014977,422,1,5798.0,2,2,3,Lost
C015077,419,1,5798.0,2,2,3,Lost
C017860,346,1,5798.0,3,2,3,Needs attention
C019260,316,1,5798.0,3,2,3,Needs attention
C023468,214,1,5798.0,3,2,3,Needs attention
C024830,206,1,5798.0,4,2,3,New or promising
C025499,195,1,5798.0,4,2,3,New or promising
C027873,146,1,5798.0,4,2,3,New or promising
C028877,123,2,5798.0,4,3,3,Loyal
C029822,110,1,5798.0,4,2,3,New or promising
C030300,104,1,5798.0,4,2,3,New or promising
C030898,92,1,5798.0,4,2,3,New or promising
C030990,34,1,5798.0,5,2,3,New or promising
C031261,81,2,5798.0,5,3,3,Loyal
C031715,39,2,5798.0,5,3,3,Loyal
C031993,55,2,5798.0,5,3,3,Loyal
C032184,68,1,5798.0,5,2,3,New or promising
C033276,48,1,5798.0,5,2,3,New or promising
C033580,24,1,5798.0,5,2,3,New or promising
C034801,19,1,5798.0,5,2,3,New or promising
C035667,5,1,5798.0,5,2,3,New or promising
C000497,880,1,5799.0,1,2,3,Lost
C000835,845,1,5799.0,1,2,3,Lost
C003218,778,1,5799.0,1,2,3,Lost
C004072,745,1,5799.0,1,2,3,Lost
C013150,460,1,5799.0,2,2,3,Lost
C013324,465,1,5799.0,2,2,3,Lost
C019180,241,2,5799.0,3,3,3,Loyal
C019382,309,1,5799.0,3,2,3,Needs attention
C020708,281,1,5799.0,3,2,3,Needs attention
C020843,278,1,5799.0,3,2,3,Needs attention
C023866,221,1,5799.0,3,2,3,Needs attention
C027277,159,1,5799.0,4,2,3,New or promising
C028122,2,1,5799.0,5,2,3,New or promising
C028238,142,1,5799.0,4,2,3,New or promising
C033309,46,1,5799.0,5,2,3,New or promising
C030555,49,3,5801.0,5,4,3,Champions
C013078,466,1,5802.0,2,2,3,Lost
C007177,561,2,5803.0,2,3,3,At risk
C001215,723,2,5806.0,1,3,3,At risk
C010307,549,3,5806.0,2,4,3,At risk
C015129,407,2,5807.0,2,3,3,At risk
C028471,111,2,5808.0,4,3,3,Loyal
C023597,200,2,5809.0,4,3,3,Loyal
C007753,578,2,5812.0,1,3,3,At risk
C003418,709,2,5813.0,1,3,3,At risk
C026369,164,2,5816.0,4,3,3,Loyal
C004874,708,1,5820.0,1,2,3,Lost
C029234,120,1,5820.0,4,2,3,New or promising
C029602,114,1,5820.0,4,2,3,New or promising
C031090,88,1,5820.0,4,2,3,New or promising
C001677,835,1,5821.0,1,2,3,Lost
C002628,801,1,5821.0,1,2,3,Lost
C006742,652,1,5821.0,1,2,3,Lost
C035117,15,1,5821.0,5,2,3,New or promising
C024366,214,1,5829.0,3,2,3,Needs attention
C026562,157,2,5830.0,4,3,3,Loyal
C007295,620,2,5832.0,1,3,3,At risk
C034717,4,2,5832.0,5,3,3,Loyal
C020851,215,3,5835.0,3,4,3,Loyal
C023591,214,2,5844.0,3,3,3,Loyal
C021072,222,2,5845.0,3,3,3,Loyal
C027723,107,2,5846.0,4,3,3,Loyal
C028326,59,1,5846.0,5,2,3,New or promising
C029981,17,2,5846.0,5,3,3,Loyal
C032227,20,3,5846.0,5,4,3,Champions
C000160,905,1,5848.0,1,2,3,Lost
C001809,833,1,5848.0,1,2,3,Lost
C002993,682,3,5848.0,1,4,3,At risk
C003414,723,3,5848.0,1,4,3,At risk
C008728,462,2,5848.0,2,3,3,At risk
C013937,449,1,5848.0,2,2,3,Lost
C015915,359,2,5848.0,3,3,3,Loyal
C019324,310,1,5848.0,3,2,3,Needs attention
C021637,258,1,5848.0,3,2,3,Needs attention
C025660,193,1,5848.0,4,2,3,New or promising
C028464,62,2,5848.0,5,3,3,Loyal
C034546,24,1,5848.0,5,2,3,New or promising
C001759,837,1,5849.0,1,2,3,Lost
C012741,483,1,5849.0,2,2,3,Lost
C011257,501,2,5853.0,2,3,3,At risk
C007182,559,3,5859.0,2,4,3,At risk
C022314,240,1,5862.0,3,2,3,Needs attention
C035574,4,1,5862.0,5,2,3,New or promising
C005829,683,1,5863.0,1,2,3,Lost
C006513,661,1,5863.0,1,2,3,Lost
C015261,406,1,5863.0,2,2,3,Lost
C018930,321,1,5863.0,3,2,3,Needs attention
C021873,251,1,5863.0,3,2,3,Needs attention
C030969,90,1,5863.0,4,2,3,New or promising
C000986,870,1,5864.0,1,2,3,Lost
C012093,502,1,5864.0,2,2,3,Lost
C017882,345,1,5864.0,3,2,3,Needs attention
C020507,284,1,5864.0,3,2,3,Needs attention
C034005,27,1,5864.0,5,2,3,New or promising
C017168,319,2,5867.0,3,3,3,Loyal
C009070,489,2,5868.0,2,3,3,At risk
C008940,353,3,5871.0,3,4,3,Loyal
C022417,187,3,5877.0,4,4,3,Champions
C007410,607,2,5880.0,1,3,3,At risk
C007239,588,2,5883.0,1,3,3,At risk
C033841,32,2,5883.0,5,3,3,Loyal
C023696,141,3,5884.0,4,4,3,Champions
C029499,0,2,5890.0,5,3,3,Loyal
C001758,834,2,5895.0,1,3,3,At risk
C006983,621,1,5895.0,1,2,3,Lost
C008191,596,1,5895.0,1,2,3,Lost
C005172,646,3,5896.0,1,4,3,At risk
C006575,659,1,5896.0,1,2,3,Lost
C014537,279,2,5896.0,3,3,3,Loyal
C023946,219,1,5896.0,3,2,3,Needs attention
C002807,714,2,5897.0,1,3,3,At risk
C002886,759,2,5897.0,1,3,3,At risk
C004779,644,2,5897.0,1,3,3,At risk
C005392,627,3,5897.0,1,4,3,At risk
C010933,533,1,5897.0,2,2,3,Lost
C013052,474,1,5897.0,2,2,3,Lost
C017850,335,2,5897.0,3,3,3,Loyal
C020500,207,2,5897.0,4,3,3,Loyal
C021870,253,1,5897.0,3,2,3,Needs attention
C029736,18,3,5897.0,5,4,3,Champions
C031281,84,2,5897.0,5,3,3,Loyal
C033990,36,1,5897.0,5,2,3,New or promising
C035331,11,1,5897.0,5,2,3,New or promising
C004753,720,1,5898.0,1,2,3,Lost
C005889,683,1,5898.0,1,2,3,Lost
C009856,567,1,5898.0,2,2,3,Lost
C011950,507,1,5898.0,2,2,3,Lost
C012438,464,1,5898.0,2,2,3,Lost
C014218,243,2,5898.0,3,3,3,Loyal
C015877,64,2,5898.0,5,3,3,Loyal
C016616,377,1,5898.0,2,2,3,Lost
C018089,340,1,5898.0,3,2,3,Needs attention
C018592,285,2,5898.0,3,3,3,Loyal
C019733,301,2,5898.0,3,3,3,Loyal
C019952,269,2,5898.0,3,3,3,Loyal
C020102,296,1,5898.0,3,2,3,Needs attention
C020869,200,2,5898.0,4,3,3,Loyal
C020907,180,2,5898.0,4,3,3,Loyal
C022001,251,1,5898.0,3,2,3,Needs attention
C023472,200,1,5898.0,4,2,3,New or promising
C027486,157,1,5898.0,4,2,3,New or promising
C031579,33,2,5898.0,5,3,3,Loyal
C032106,70,1,5898.0,5,2,3,New or promising
C032902,53,1,5898.0,5,2,3,New or promising
C032904,50,1,5898.0,5,2,3,New or promising
C033061,52,1,5898.0,5,2,3,New or promising
C034664,23,1,5898.0,5,2,3,New or promising
C034769,15,2,5898.0,5,3,3,Loyal
C035370,8,1,5898.0,5,2,3,New or promising
C035624,6,1,5898.0,5,2,3,New or promising
C002982,785,2,5899.0,1,3,3,At risk
C003920,750,1,5899.0,1,2,3,Lost
C004702,685,1,5899.0,1,2,3,Lost
C005505,672,1,5899.0,1,2,3,Lost
C006596,658,1,5899.0,1,2,3,Lost
C006887,641,1,5899.0,1,2,3,Lost
C007381,630,1,5899.0,1,2,3,Lost
C007973,592,1,5899.0,1,2,3,Lost
C008978,589,1,5899.0,1,2,3,Lost
C011496,520,1,5899.0,2,2,3,Lost
C011979,490,1,5899.0,2,2,3,Lost
C012855,479,1,5899.0,2,2,3,Lost
C016445,381,1,5899.0,2,2,3,Lost
C017497,350,1,5899.0,3,2,3,Needs attention
C018281,321,1,5899.0,3,2,3,Needs attention
C022671,152,2,5899.0,4,3,3,Loyal
C022827,234,1,5899.0,3,2,3,Needs attention
C023027,231,1,5899.0,3,2,3,Needs attention
C023075,215,1,5899.0,3,2,3,Needs attention
C023793,220,1,5899.0,3,2,3,Needs attention
C025495,197,1,5899.0,4,2,3,New or promising
C027193,163,1,5899.0,4,2,3,New or promising
C027467,157,1,5899.0,4,2,3,New or promising
C027619,154,1,5899.0,4,2,3,New or promising
C027785,150,1,5899.0,4,2,3,New or promising
C030727,95,1,5899.0,4,2,3,New or promising
C030799,94,1,5899.0,4,2,3,New or promising
C032002,71,1,5899.0,5,2,3,New or promising
C033910,30,1,5899.0,5,2,3,New or promising
C034116,18,1,5899.0,5,2,3,New or promising
C026759,169,2,5900.0,4,3,3,Loyal
C029619,42,2,5902.0,5,3,3,Loyal
C001328,854,1,5906.0,1,2,3,Lost
C013217,445,1,5906.0,2,2,3,Lost
C023565,227,1,5906.0,3,2,3,Needs attention
C024329,214,1,5906.0,3,2,3,Needs attention
C031517,80,1,5906.0,5,2,3,New or promising
C006073,642,2,5907.0,1,3,3,At risk
C012815,464,2,5908.0,2,3,3,At risk
C021572,214,2,5908.0,3,3,3,Loyal
C025478,102,3,5908.0,4,4,3,Champions
C018871,297,2,5910.0,3,3,3,Loyal
C026928,25,3,5916.0,5,4,3,Champions
C022634,214,2,5924.0,3,3,3,Loyal
C024202,214,1,5926.0,3,2,3,Needs attention
C016103,319,2,5934.0,3,3,3,Loyal
C030107,103,1,5938.0,4,2,3,New or promising
C028833,3,1,5939.0,5,2,3,New or promising
C024467,213,1,5942.0,3,2,3,Needs attention
C008507,596,1,5943.0,1,2,3,Lost
C004712,693,1,5946.0,1,2,3,Lost
C005331,680,3,5946.0,1,4,3,At risk
C024584,211,1,5946.0,4,2,3,New or promising
C025008,67,3,5946.0,5,4,3,Champions
C001798,829,1,5947.0,1,2,3,Lost
C003984,719,2,5947.0,1,3,3,At risk
C012536,489,1,5947.0,2,2,3,Lost
C014053,441,1,5947.0,2,2,3,Lost
C020079,245,3,5947.0,3,4,3,Loyal
C022196,214,3,5947.0,3,4,3,Loyal
C022433,231,1,5947.0,3,2,3,Needs attention
C027626,154,1,5947.0,4,2,3,New or promising
C029608,52,3,5947.0,5,4,3,Champions
C001540,817,2,5948.0,1,3,3,At risk
C002164,818,1,5948.0,1,2,3,Lost
C004158,741,1,5948.0,1,2,3,Lost
C008048,609,1,5948.0,1,2,3,Lost
C011940,415,2,5948.0,2,3,3,At risk
C012430,404,2,5948.0,2,3,3,At risk
C013416,463,1,5948.0,2,2,3,Lost
C013743,456,1,5948.0,2,2,3,Lost
C016563,290,2,5948.0,3,3,3,Loyal
C020394,287,1,5948.0,3,2,3,Needs attention
C021386,262,1,5948.0,3,2,3,Needs attention
C023676,209,2,5948.0,4,3,3,Loyal
C024622,210,1,5948.0,4,2,3,New or promising
C024913,204,1,5948.0,4,2,3,New or promising
C026427,178,1,5948.0,4,2,3,New or promising
C027828,100,1,5948.0,4,2,3,New or promising
C029035,116,2,5948.0,4,3,3,Loyal
C031988,72,1,5948.0,5,2,3,New or promising
C031999,72,1,5948.0,5,2,3,New or promising
C033740,40,1,5948.0,5,2,3,New or promising
C035380,10,1,5948.0,5,2,3,New or promising
C035399,10,1,5948.0,5,2,3,New or promising
C010613,543,1,5949.0,2,2,3,Lost
C013919,449,1,5949.0,2,2,3,Lost
C025492,197,1,5949.0,4,2,3,New or promising
C017815,333,2,5953.0,3,3,3,Loyal
C029169,25,2,5957.0,5,3,3,Loyal
C021841,140,2,5967.0,4,3,3,Loyal
C000117,738,2,5968.0,1,3,3,At risk
C032869,11,2,5968.0,5,3,3,Loyal
C010784,475,3,5977.0,2,4,3,At risk
C031171,81,2,5987.0,5,3,3,Loyal
C005656,688,1,5990.0,1,2,3,Lost
C007676,615,1,5990.0,1,2,3,Lost
C004438,731,1,5991.0,1,2,3,Lost
C014316,431,1,5991.0,2,2,3,Lost
C020047,297,1,5991.0,3,2,3,Needs attention
C025422,198,1,5991.0,4,2,3,New or promising
C004904,611,3,5992.0,1,4,3,At risk
C033204,49,1,5994.0,5,2,3,New or promising
C009430,574,1,5996.0,2,2,3,Lost
C015948,331,2,5996.0,3,3,3,Loyal
C022783,235,1,5996.0,3,2,3,Needs attention
C028622,98,2,5996.0,4,3,3,Loyal
C005273,701,1,5997.0,1,2,3,Lost
C007030,633,2,5997.0,1,3,3,At risk
C013481,256,3,5997.0,3,4,3,Loyal
C014231,441,1,5997.0,2,2,3,Lost
C018647,328,1,5997.0,3,2,3,Needs attention
C021496,128,2,5997.0,4,3,3,Loyal
C029141,123,2,5997.0,4,3,3,Loyal
C035364,10,1,5997.0,5,2,3,New or promising
C000699,883,1,5998.0,1,2,3,Lost
C001526,839,2,5998.0,1,3,3,At risk
C003322,762,2,5998.0,1,3,3,At risk
C003711,757,1,5998.0,1,2,3,Lost
C003779,755,1,5998.0,1,2,3,Lost
C004125,700,1,5998.0,1,2,3,Lost
C005653,688,1,5998.0,1,2,3,Lost
C007439,600,1,5998.0,1,2,3,Lost
C009081,529,2,5998.0,2,3,3,At risk
C009528,577,1,5998.0,2,2,3,Lost
C009670,360,1,5998.0,3,2,3,Needs attention
C010817,540,1,5998.0,2,2,3,Lost
C013258,314,2,5998.0,3,3,3,Loyal
C014178,366,2,5998.0,3,3,3,Loyal
C014410,406,3,5998.0,2,4,3,At risk
C014590,429,1,5998.0,2,2,3,Lost
C015376,379,2,5998.0,2,3,3,At risk
C016673,374,2,5998.0,2,3,3,At risk
C016722,374,1,5998.0,2,2,3,Lost
C018400,334,1,5998.0,3,2,3,Needs attention
C019557,229,2,5998.0,3,3,3,Loyal
C020064,267,2,5998.0,3,3,3,Loyal
C021828,240,2,5998.0,3,3,3,Loyal
C022667,222,2,5998.0,3,3,3,Loyal
C025589,195,1,5998.0,4,2,3,New or promising
C027184,61,2,5998.0,5,3,3,Loyal
C029209,123,1,5998.0,4,2,3,New or promising
C002745,795,1,5999.0,1,2,3,Lost
C003437,760,1,5999.0,1,2,3,Lost
C003572,758,1,5999.0,1,2,3,Lost
C005099,705,1,5999.0,1,2,3,Lost
C005337,698,1,5999.0,1,2,3,Lost
C005407,696,1,5999.0,1,2,3,Lost
C006555,660,1,5999.0,1,2,3,Lost
C008576,596,1,5999.0,1,2,3,Lost
C009416,578,1,5999.0,2,2,3,Lost
C009596,575,1,5999.0,2,2,3,Lost
C010083,564,1,5999.0,2,2,3,Lost
C011703,514,1,5999.0,2,2,3,Lost
C012279,462,2,5999.0,2,3,3,At risk
C012285,495,1,5999.0,2,2,3,Lost
C012573,488,1,5999.0,2,2,3,Lost
C012988,476,1,5999.0,2,2,3,Lost
C013100,472,1,5999.0,2,2,3,Lost
C013638,432,1,5999.0,2,2,3,Lost
C013828,446,1,5999.0,2,2,3,Lost
C013865,335,2,5999.0,3,3,3,Loyal
C014228,437,1,5999.0,2,2,3,Lost
C014306,383,1,5999.0,2,2,3,Lost
C015452,409,1,5999.0,2,2,3,Lost
C015652,404,1,5999.0,2,2,3,Lost
C016151,276,1,5999.0,3,2,3,Needs attention
C016284,378,1,5999.0,2,2,3,Lost
C017012,366,1,5999.0,3,2,3,Needs attention
C017559,275,1,5999.0,3,2,3,Needs attention
C017758,348,1,5999.0,3,2,3,Needs attention
C019053,320,1,5999.0,3,2,3,Needs attention
C019404,313,1,5999.0,3,2,3,Needs attention
C019662,306,1,5999.0,3,2,3,Needs attention
C020483,244,1,5999.0,3,2,3,Needs attention
C020560,284,1,5999.0,3,2,3,Needs attention
C020602,278,1,5999.0,3,2,3,Needs attention
C022670,191,1,5999.0,4,2,3,New or promising
C023221,200,2,5999.0,4,3,3,Loyal
C024416,214,1,5999.0,3,2,3,Needs attention
C024768,207,1,5999.0,4,2,3,New or promising
C025498,197,1,5999.0,4,2,3,New or promising
C025571,195,1,5999.0,4,2,3,New or promising
C025594,195,1,5999.0,4,2,3,New or promising
C026414,178,1,5999.0,4,2,3,New or promising
C026547,176,1,5999.0,4,2,3,New or promising
C027001,164,1,5999.0,4,2,3,New or promising
C028007,146,1,5999.0,4,2,3,New or promising
C028942,129,1,5999.0,4,2,3,New or promising
C029342,119,1,5999.0,4,2,3,New or promising
C029379,57,1,5999.0,5,2,3,New or promising
C030471,101,1,5999.0,4,2,3,New or promising
C032055,71,1,5999.0,5,2,3,New or promising
C032130,63,1,5999.0,5,2,3,New or promising
C033404,45,1,5999.0,5,2,3,New or promising
C033515,40,1,5999.0,5,2,3,New or promising
C033562,43,1,5999.0,5,2,3,New or promising
C033618,42,1,5999.0,5,2,3,New or promising
C033904,37,1,5999.0,5,2,3,New or promising
C034015,35,1,5999.0,5,2,3,New or promising
C034019,15,1,5999.0,5,2,3,New or promising
C034270,27,1,5999.0,5,2,3,New or promising
C034305,29,1,5999.0,5,2,3,New or promising
C034420,19,1,5999.0,5,2,3,New or promising
C034735,22,1,5999.0,5,2,3,New or promising
C007399,620,2,6003.0,1,3,3,At risk
C029289,41,3,6006.0,5,4,3,Champions
C009443,566,1,6013.0,2,2,3,Lost
C020296,245,2,6023.0,3,3,3,Loyal
C002148,815,1,6028.0,1,2,3,Lost
C016333,385,1,6032.0,2,2,3,Lost
C007018,643,1,6033.0,1,2,3,Lost
C007496,626,1,6033.0,1,2,3,Lost
C019264,316,1,6033.0,3,2,3,Needs attention
C023301,231,1,6033.0,3,2,3,Needs attention
C023934,218,1,6033.0,3,2,3,Needs attention
C028988,128,1,6033.0,4,2,3,New or promising
C002728,797,1,6034.0,1,2,3,Lost
C003140,781,1,6034.0,1,2,3,Lost
C010890,538,1,6034.0,2,2,3,Lost
C026871,168,2,6034.0,4,3,3,Loyal
C027220,158,1,6034.0,4,2,3,New or promising
C028460,138,1,6034.0,4,2,3,New or promising
C031750,75,1,6034.0,5,2,3,New or promising
C034753,21,1,6034.0,5,2,3,New or promising
C034880,19,1,6034.0,5,2,3,New or promising
C023970,200,2,6037.0,4,3,3,Loyal
C012202,461,2,6042.0,2,3,3,At risk
C004179,667,2,6044.0,1,3,3,At risk
C000504,891,1,6046.0,1,2,3,Lost
C019560,208,2,6046.0,4,3,3,Loyal
C031115,77,2,6046.0,5,3,3,Loyal
C032103,35,2,6046.0,5,3,3,Loyal
C001074,866,1,6047.0,1,2,3,Lost
C004390,694,3,6047.0,1,4,3,At risk
C005167,703,1,6047.0,1,2,3,Lost
C006227,445,4,6047.0,2,5,3,At risk
C006891,560,3,6047.0,2,4,3,At risk
C014377,413,3,6047.0,2,4,3,At risk
C015654,236,2,6047.0,3,3,3,Loyal
C017078,278,3,6047.0,3,4,3,Loyal
C019212,255,3,6047.0,3,4,3,Loyal
C028025,54,3,6047.0,5,4,3,Champions
C028149,116,2,6047.0,4,3,3,Loyal
C028522,114,1,6047.0,4,2,3,New or promising
C033689,34,1,6047.0,5,2,3,New or promising
C000851,876,1,6048.0,1,2,3,Lost
C007873,573,1,6048.0,2,2,3,Lost
C013652,458,1,6048.0,2,2,3,Lost
C021257,240,2,6048.0,3,3,3,Loyal
C024270,187,2,6048.0,4,3,3,Loyal
C027803,71,1,6048.0,5,2,3,New or promising
C031174,87,1,6048.0,4,2,3,New or promising
C033955,30,2,6048.0,5,3,3,Loyal
C001770,803,2,6051.0,1,3,3,At risk
C034602,8,3,6056.0,5,4,3,Champions
C018261,329,2,6058.0,3,3,3,Loyal
C011077,397,2,6061.0,2,3,3,At risk
C023607,200,2,6071.0,4,3,3,Loyal
C003201,778,1,6075.0,1,2,3,Lost
C031498,80,1,6075.0,5,2,3,New or promising
C004343,733,1,6076.0,1,2,3,Lost
C017385,357,1,6076.0,3,2,3,Needs attention
C004478,635,2,6078.0,1,3,3,At risk
C034340,9,2,6078.0,5,3,3,Loyal
C033564,14,3,6090.0,5,4,3,Champions
C008614,565,2,6093.0,2,3,3,At risk
C022501,230,2,6093.0,3,3,3,Loyal
C000096,793,3,6095.0,1,4,3,At risk
C020936,252,2,6096.0,3,3,3,Loyal
C025070,201,1,6096.0,4,2,3,New or promising
C002468,687,3,6097.0,1,4,3,At risk
C003626,490,3,6097.0,2,4,3,At risk
C009664,569,1,6097.0,2,2,3,Lost
C014332,256,2,6097.0,3,3,3,Loyal
C015456,375,3,6097.0,2,4,3,At risk
C016020,325,2,6097.0,3,3,3,Loyal
C018088,340,1,6097.0,3,2,3,Needs attention
C019361,313,1,6097.0,3,2,3,Needs attention
C025368,195,1,6097.0,4,2,3,New or promising
C025862,48,2,6097.0,5,3,3,Loyal
C029960,88,1,6097.0,4,2,3,New or promising
C000197,904,1,6098.0,1,2,3,Lost
C001248,811,2,6098.0,1,3,3,At risk
C001756,808,2,6098.0,1,3,3,At risk
C002855,766,1,6098.0,1,2,3,Lost
C003830,745,2,6098.0,1,3,3,At risk
C004931,678,2,6098.0,1,3,3,At risk
C005496,663,2,6098.0,1,3,3,At risk
C005538,689,1,6098.0,1,2,3,Lost
C007102,398,2,6098.0,2,3,3,At risk
C008779,589,1,6098.0,1,2,3,Lost
C011016,459,1,6098.0,2,2,3,Lost
C011965,461,2,6098.0,2,3,3,At risk
C012865,456,1,6098.0,2,2,3,Lost
C013401,463,1,6098.0,2,2,3,Lost
C013527,451,2,6098.0,2,3,3,At risk
C015200,412,3,6098.0,2,4,3,At risk
C017645,351,1,6098.0,3,2,3,Needs attention
C018618,328,1,6098.0,3,2,3,Needs attention
C022466,193,2,6098.0,4,3,3,Loyal
C022886,233,1,6098.0,3,2,3,Needs attention
C023815,208,2,6098.0,4,3,3,Loyal
C025045,198,1,6098.0,4,2,3,New or promising
C027448,34,2,6098.0,5,3,3,Loyal
C027549,155,1,6098.0,4,2,3,New or promising
C027628,152,1,6098.0,4,2,3,New or promising
C029943,107,1,6098.0,4,2,3,New or promising
C030603,74,2,6098.0,5,3,3,Loyal
C032253,58,1,6098.0,5,2,3,New or promising
C032665,36,4,6098.0,5,5,3,Champions
C034980,2,1,6098.0,5,2,3,New or promising
C000156,905,1,6099.0,1,2,3,Lost
C001859,820,1,6099.0,1,2,3,Lost
C002172,818,1,6099.0,1,2,3,Lost
C003257,776,1,6099.0,1,2,3,Lost
C003600,761,1,6099.0,1,2,3,Lost
C003679,758,1,6099.0,1,2,3,Lost
C005168,703,1,6099.0,1,2,3,Lost
C005922,678,1,6099.0,1,2,3,Lost
C008404,598,1,6099.0,1,2,3,Lost
C011738,507,1,6099.0,2,2,3,Lost
C012340,462,1,6099.0,2,2,3,Lost
C012467,491,1,6099.0,2,2,3,Lost
C014867,371,1,6099.0,2,2,3,Lost
C015428,394,1,6099.0,2,2,3,Lost
C016421,222,2,6099.0,3,3,3,Loyal
C016831,371,1,6099.0,2,2,3,Lost
C019162,318,1,6099.0,3,2,3,Needs attention
C022502,241,1,6099.0,3,2,3,Needs attention
C023799,222,1,6099.0,3,2,3,Needs attention
C025715,192,1,6099.0,4,2,3,New or promising
C027476,112,1,6099.0,4,2,3,New or promising
C027916,144,1,6099.0,4,2,3,New or promising
C028160,71,1,6099.0,5,2,3,New or promising
C028242,142,1,6099.0,4,2,3,New or promising
C028475,138,1,6099.0,4,2,3,New or promising
C028612,131,1,6099.0,4,2,3,New or promising
C029268,110,2,6099.0,4,3,3,Loyal
C029534,112,1,6099.0,4,2,3,New or promising
C029782,110,1,6099.0,4,2,3,New or promising
C030156,105,1,6099.0,4,2,3,New or promising
C030322,103,1,6099.0,4,2,3,New or promising
C030814,8,1,6099.0,5,2,3,New or promising
C031660,78,1,6099.0,5,2,3,New or promising
C032635,60,1,6099.0,5,2,3,New or promising
C032973,54,1,6099.0,5,2,3,New or promising
C034056,34,1,6099.0,5,2,3,New or promising
C034660,23,1,6099.0,5,2,3,New or promising
C035604,6,1,6099.0,5,2,3,New or promising
C035703,4,1,6099.0,5,2,3,New or promising
C009520,557,3,6100.0,2,4,3,At risk
C012289,299,2,6107.0,3,3,3,Loyal
C011471,400,2,6113.0,2,3,3,At risk
C010915,538,1,6117.0,2,2,3,Lost
C017855,346,1,6117.0,3,2,3,Needs attention
C018527,330,1,6117.0,3,2,3,Needs attention
C030475,101,1,6117.0,4,2,3,New or promising
C031633,75,1,6117.0,5,2,3,New or promising
C033806,38,1,6117.0,5,2,3,New or promising
C034419,26,1,6117.0,5,2,3,New or promising
C003666,759,1,6118.0,1,2,3,Lost
C003942,733,1,6118.0,1,2,3,Lost
C005318,699,1,6118.0,1,2,3,Lost
C009073,516,2,6118.0,2,3,3,At risk
C009483,578,1,6118.0,2,2,3,Lost
C012080,503,1,6118.0,2,2,3,Lost
C016725,374,1,6118.0,2,2,3,Lost
C019862,302,1,6118.0,3,2,3,Needs attention
C021652,259,1,6118.0,3,2,3,Needs attention
C021984,252,1,6118.0,3,2,3,Needs attention
C023022,226,1,6118.0,3,2,3,Needs attention
C025270,200,1,6118.0,4,2,3,New or promising
C031034,89,1,6118.0,4,2,3,New or promising
C033467,45,1,6118.0,5,2,3,New or promising
C033848,25,1,6118.0,5,2,3,New or promising
C034842,20,1,6118.0,5,2,3,New or promising
C001403,853,1,6119.0,1,2,3,Lost
C028960,129,1,6119.0,4,2,3,New or promising
C033074,25,3,6123.0,5,4,3,Champions
C018414,329,2,6127.0,3,3,3,Loyal
C010009,383,2,6131.0,2,3,3,At risk
C021948,231,2,6134.0,3,3,3,Loyal
C012504,263,3,6137.0,3,4,3,Loyal
C012605,481,2,6137.0,2,3,3,At risk
C014414,191,2,6139.0,4,3,3,Loyal
C022859,200,1,6145.0,4,2,3,New or promising
C002798,787,2,6146.0,1,3,3,At risk
C014409,362,2,6146.0,3,3,3,Loyal
C025838,188,1,6146.0,4,2,3,New or promising
C032120,41,2,6146.0,5,3,3,Loyal
C035305,11,1,6146.0,5,2,3,New or promising
C002656,753,3,6147.0,1,4,3,At risk
C006667,611,2,6147.0,1,3,3,At risk
C015605,282,3,6147.0,3,4,3,Loyal
C018686,327,1,6147.0,3,2,3,Needs attention
C028670,29,3,6147.0,5,4,3,Champions
C034774,10,1,6147.0,5,2,3,New or promising
C016262,222,2,6148.0,3,3,3,Loyal
C017304,181,2,6148.0,4,3,3,Loyal
C022041,207,2,6148.0,4,3,3,Loyal
C026830,145,1,6148.0,4,2,3,New or promising
C027180,163,1,6148.0,4,2,3,New or promising
C028077,130,2,6148.0,4,3,3,Loyal
C034688,22,1,6148.0,5,2,3,New or promising
C009497,577,1,6151.0,2,2,3,Lost
C013634,385,1,6160.0,2,2,3,Lost
C020176,287,1,6160.0,3,2,3,Needs attention
C024171,214,1,6160.0,3,2,3,Needs attention
C032586,24,1,6160.0,5,2,3,New or promising
C025335,189,1,6161.0,4,2,3,New or promising
C033206,46,1,6161.0,5,2,3,New or promising
C000154,862,2,6172.0,1,3,3,At risk
C015630,392,2,6173.0,2,3,3,At risk
C003087,764,2,6176.0,1,3,3,At risk
C015139,414,2,6176.0,2,3,3,At risk
C029434,46,2,6178.0,5,3,3,Loyal
C028546,102,2,6183.0,4,3,3,Loyal
C013072,163,2,6184.0,4,3,3,Loyal
C001453,812,3,6192.0,1,4,3,At risk
C033736,9,2,6193.0,5,3,3,Loyal
C001217,838,3,6194.0,1,4,3,At risk
C001498,704,3,6194.0,1,4,3,At risk
C013563,460,1,6196.0,2,2,3,Lost
C030531,50,3,6196.0,5,4,3,Champions
C000741,873,1,6197.0,1,2,3,Lost
C000948,721,3,6197.0,1,4,3,At risk
C001485,849,1,6197.0,1,2,3,Lost
C010088,481,2,6197.0,2,3,3,At risk
C025710,87,3,6197.0,4,4,3,Champions
C025779,154,3,6197.0,4,4,3,Champions
C031372,83,1,6197.0,5,2,3,New or promising
C033073,52,1,6197.0,5,2,3,New or promising
C034074,29,2,6197.0,5,3,3,Loyal
C035755,3,1,6197.0,5,2,3,New or promising
C000855,838,2,6198.0,1,3,3,At risk
C002128,819,1,6198.0,1,2,3,Lost
C002709,684,2,6198.0,1,3,3,At risk
C003941,747,1,6198.0,1,2,3,Lost
C005038,709,1,6198.0,1,2,3,Lost
C005770,628,3,6198.0,1,4,3,At risk
C006713,590,2,6198.0,1,3,3,At risk
C007252,565,2,6198.0,2,3,3,At risk
C007804,596,1,6198.0,1,2,3,Lost
C008002,599,1,6198.0,1,2,3,Lost
C015277,414,1,6198.0,2,2,3,Lost
C016635,288,2,6198.0,3,3,3,Loyal
C019131,260,2,6198.0,3,3,3,Loyal
C019886,274,2,6198.0,3,3,3,Loyal
C020798,246,2,6198.0,3,3,3,Loyal
C020881,262,2,6198.0,3,3,3,Loyal
C021243,249,1,6198.0,3,2,3,Needs attention
C022410,208,2,6198.0,4,3,3,Loyal
C023140,231,1,6198.0,3,2,3,Needs attention
C025118,192,1,6198.0,4,2,3,New or promising
C025680,193,1,6198.0,4,2,3,New or promising
C025935,154,3,6198.0,4,4,3,Champions
C026448,166,1,6198.0,4,2,3,New or promising
C027269,82,2,6198.0,5,3,3,Loyal
C027899,32,2,6198.0,5,3,3,Loyal
C028782,107,2,6198.0,4,3,3,Loyal
C029114,86,1,6198.0,4,2,3,New or promising
C029557,105,2,6198.0,4,3,3,Loyal
C030598,94,1,6198.0,4,2,3,New or promising
C030654,96,1,6198.0,4,2,3,New or promising
C030884,30,2,6198.0,5,3,3,Loyal
C030988,82,1,6198.0,5,2,3,New or promising
C032765,4,2,6198.0,5,3,3,Loyal
C033035,31,1,6198.0,5,2,3,New or promising
C034047,26,1,6198.0,5,2,3,New or promising
C035176,14,1,6198.0,5,2,3,New or promising
C002902,790,1,6199.0,1,2,3,Lost
C007289,634,1,6199.0,1,2,3,Lost
C009055,587,1,6199.0,1,2,3,Lost
C009076,563,2,6199.0,2,3,3,At risk
C009277,579,1,6199.0,1,2,3,Lost
C018049,341,1,6199.0,3,2,3,Needs attention
C025658,193,1,6199.0,4,2,3,New or promising
C031286,77,1,6199.0,5,2,3,New or promising
C034214,14,1,6199.0,5,2,3,New or promising
C034231,20,1,6199.0,5,2,3,New or promising
C034792,21,1,6199.0,5,2,3,New or promising
C035692,4,1,6199.0,5,2,3,New or promising
C028454,130,1,6200.0,4,2,3,New or promising
C007115,639,1,6202.0,1,2,3,Lost
C009213,582,1,6202.0,1,2,3,Lost
C012218,499,1,6202.0,2,2,3,Lost
C031504,80,1,6202.0,5,2,3,New or promising
C034999,16,1,6202.0,5,2,3,New or promising
C014764,423,1,6203.0,2,2,3,Lost
C017906,307,2,6203.0,3,3,3,Loyal
C028894,130,1,6203.0,4,2,3,New or promising
C030771,69,1,6203.0,5,2,3,New or promising
C031447,81,1,6203.0,5,2,3,New or promising
C013160,470,1,6207.0,2,2,3,Lost
C024325,214,1,6208.0,3,2,3,Needs attention
C028958,129,1,6208.0,4,2,3,New or promising
C005874,684,1,6215.0,1,2,3,Lost
C017986,337,2,6217.0,3,3,3,Loyal
C009103,578,2,6221.0,2,3,3,At risk
C032552,15,2,6223.0,5,3,3,Loyal
C009863,80,4,6235.0,5,5,3,Champions
C004593,577,3,6236.0,2,4,3,At risk
C017991,336,2,6237.0,3,3,3,Loyal
C029399,84,2,6237.0,5,3,3,Loyal
C006928,565,3,6242.0,2,4,3,At risk
C004921,681,2,6243.0,1,3,3,At risk
C025169,197,2,6243.0,4,3,3,Loyal
C000047,855,2,6245.0,1,3,3,At risk
C012649,206,4,6245.0,4,5,3,Champions
C005821,638,1,6246.0,1,2,3,Lost
C008764,279,3,6246.0,3,4,3,Loyal
C013381,433,2,6246.0,2,3,3,At risk
C029629,109,1,6246.0,4,2,3,New or promising
C031035,25,2,6246.0,5,3,3,Loyal
C005446,677,2,6247.0,1,3,3,At risk
C009841,567,1,6247.0,2,2,3,Lost
C017344,358,1,6247.0,3,2,3,Needs attention
C020721,269,1,6247.0,3,2,3,Needs attention
C027419,156,1,6247.0,4,2,3,New or promising
C002562,802,1,6248.0,1,2,3,Lost
C005076,585,2,6248.0,1,3,3,At risk
C011008,535,1,6248.0,2,2,3,Lost
C016028,370,2,6248.0,2,3,3,At risk
C020917,231,2,6248.0,3,3,3,Loyal
C026032,50,3,6248.0,5,4,3,Champions
C029702,55,1,6248.0,5,2,3,New or promising
C032974,54,1,6248.0,5,2,3,New or promising
C001949,688,2,6252.0,1,3,3,At risk
C000224,893,2,6260.0,1,3,3,At risk
C023156,231,1,6262.0,3,2,3,Needs attention
C029668,109,2,6262.0,4,3,3,Loyal
C011967,488,2,6263.0,2,3,3,At risk
C025342,175,2,6266.0,4,3,3,Loyal
C007490,458,3,6267.0,2,4,3,At risk
C023109,231,1,6271.0,3,2,3,Needs attention
C023921,200,1,6271.0,4,2,3,New or promising
C014433,380,2,6273.0,2,3,3,At risk
C005868,651,2,6275.0,1,3,3,At risk
C018101,306,3,6278.0,3,4,3,Loyal
C030161,93,2,6278.0,4,3,3,Loyal
C018859,149,3,6285.0,4,4,3,Champions
C023321,223,1,6286.0,3,2,3,Needs attention
C023503,226,1,6287.0,3,2,3,Needs attention
C025892,189,1,6287.0,4,2,3,New or promising
C004726,721,1,6288.0,1,2,3,Lost
C004943,713,1,6288.0,1,2,3,Lost
C011143,530,1,6288.0,2,2,3,Lost
C017317,354,1,6288.0,3,2,3,Needs attention
C021144,270,1,6288.0,3,2,3,Needs attention
C024920,182,1,6288.0,4,2,3,New or promising
C028645,119,1,6288.0,4,2,3,New or promising
C030217,105,1,6288.0,4,2,3,New or promising
C030239,104,1,6288.0,4,2,3,New or promising
C033333,47,1,6288.0,5,2,3,New or promising
C035091,15,1,6288.0,5,2,3,New or promising
C015332,314,2,6295.0,3,3,3,Loyal
C030352,102,1,6295.0,4,2,3,New or promising
C004392,732,1,6296.0,1,2,3,Lost
C015069,341,2,6296.0,3,3,3,Loyal
C030597,98,1,6296.0,4,2,3,New or promising
C001930,821,2,6297.0,1,3,3,At risk
C016261,374,1,6297.0,2,2,3,Lost
C016549,274,3,6297.0,3,4,3,Loyal
C020928,276,1,6297.0,3,2,3,Needs attention
C021632,259,1,6297.0,3,2,3,Needs attention
C024637,158,1,6297.0,4,2,3,New or promising
C024960,203,1,6297.0,4,2,3,New or promising
C026806,169,1,6297.0,4,2,3,New or promising
C029920,101,1,6297.0,4,2,3,New or promising
C031833,71,2,6297.0,5,3,3,Loyal
C034485,25,1,6297.0,5,2,3,New or promising
C000871,738,3,6298.0,1,4,3,At risk
C000952,724,2,6298.0,1,3,3,At risk
C001897,830,1,6298.0,1,2,3,Lost
C002614,801,1,6298.0,1,2,3,Lost
C002726,797,1,6298.0,1,2,3,Lost
C002871,792,1,6298.0,1,2,3,Lost
C003972,748,1,6298.0,1,2,3,Lost
C003995,682,2,6298.0,1,3,3,At risk
C004247,643,2,6298.0,1,3,3,At risk
C005051,681,1,6298.0,1,2,3,Lost
C005531,633,1,6298.0,1,2,3,Lost
C006922,126,1,6298.0,4,2,3,New or promising
C007189,607,2,6298.0,1,3,3,At risk
C007746,596,2,6298.0,1,3,3,At risk
C010211,559,1,6298.0,2,2,3,Lost
C010799,541,1,6298.0,2,2,3,Lost
C011867,437,2,6298.0,2,3,3,At risk
C012657,397,3,6298.0,2,4,3,At risk
C013227,422,2,6298.0,2,3,3,At risk
C014689,429,1,6298.0,2,2,3,Lost
C014951,350,2,6298.0,3,3,3,Loyal
C016056,393,1,6298.0,2,2,3,Lost
C017235,356,2,6298.0,3,3,3,Loyal
C017608,256,3,6298.0,3,4,3,Loyal
C018977,320,1,6298.0,3,2,3,Needs attention
C020172,293,1,6298.0,3,2,3,Needs attention
C021170,184,2,6298.0,4,3,3,Loyal
C021508,262,1,6298.0,3,2,3,Needs attention
C022180,31,1,6298.0,5,2,3,New or promising
C026692,164,1,6298.0,4,2,3,New or promising
C027481,153,1,6298.0,4,2,3,New or promising
C027681,152,1,6298.0,4,2,3,New or promising
C028893,113,1,6298.0,4,2,3,New or promising
C030149,88,2,6298.0,4,3,3,Loyal
C030537,87,1,6298.0,4,2,3,New or promising
C033186,45,1,6298.0,5,2,3,New or promising
C033493,39,2,6298.0,5,3,3,Loyal
C035139,14,1,6298.0,5,2,3,New or promising
C035166,3,1,6298.0,5,2,3,New or promising
C000628,886,1,6299.0,1,2,3,Lost
C023063,195,2,6299.0,4,3,3,Loyal
C023817,161,1,6299.0,4,2,3,New or promising
C035035,0,1,6299.0,5,2,3,New or promising
C021986,221,3,6301.0,3,4,3,Loyal
C009834,565,2,6312.0,2,3,3,At risk
C031458,37,3,6322.0,5,4,3,Champions
C007644,605,2,6323.0,1,3,3,At risk
C030426,95,2,6323.0,4,3,3,Loyal
C033128,50,1,6329.0,5,2,3,New or promising
C013564,460,1,6331.0,2,2,3,Lost
C006570,591,2,6333.0,1,3,3,At risk
C005201,640,3,6334.0,1,4,3,At risk
C028310,106,2,6336.0,4,3,3,Loyal
C021060,82,3,6337.0,5,4,3,Champions
C000320,816,3,6340.0,1,4,3,At risk
C010826,512,4,6345.0,2,5,3,At risk
C031571,79,1,6346.0,5,2,3,New or promising
C002160,682,2,6347.0,1,3,3,At risk
C004271,680,2,6347.0,1,3,3,At risk
C004793,685,2,6347.0,1,3,3,At risk
C009843,335,3,6347.0,3,4,3,Loyal
C017579,314,2,6347.0,3,3,3,Loyal
C017670,269,2,6347.0,3,3,3,Loyal
C025566,122,4,6347.0,4,5,3,Champions
C028163,75,3,6347.0,5,4,3,Champions
C031451,67,1,6347.0,5,2,3,New or promising
C034143,19,2,6347.0,5,3,3,Loyal
C000553,872,2,6348.0,1,3,3,At risk
C020503,284,1,6348.0,3,2,3,Needs attention
C021519,262,1,6348.0,3,2,3,Needs attention
C022609,239,1,6348.0,3,2,3,Needs attention
C029591,111,2,6348.0,4,3,3,Loyal
C025266,200,1,6355.0,4,2,3,New or promising
C004949,685,1,6357.0,1,2,3,Lost
C001800,827,2,6358.0,1,3,3,At risk
C008467,597,1,6358.0,1,2,3,Lost
C014403,185,2,6358.0,4,3,3,Loyal
C028031,128,2,6363.0,4,3,3,Loyal
C006208,459,3,6364.0,2,4,3,At risk
C014552,70,3,6364.0,5,4,3,Champions
C012550,389,2,6366.0,2,3,3,At risk
C030082,39,2,6368.0,5,3,3,Loyal
C012329,432,3,6371.0,2,4,3,At risk
C025549,194,1,6371.0,4,2,3,New or promising
C002409,810,1,6372.0,1,2,3,Lost
C022447,239,1,6372.0,3,2,3,Needs attention
C023660,210,1,6372.0,4,2,3,New or promising
C029607,107,1,6372.0,4,2,3,New or promising
C013239,467,1,6373.0,2,2,3,Lost
C018928,321,1,6373.0,3,2,3,Needs attention
C030098,106,1,6373.0,4,2,3,New or promising
C030700,96,1,6373.0,4,2,3,New or promising
C035081,16,1,6373.0,5,2,3,New or promising
C035275,7,1,6373.0,5,2,3,New or promising
C008422,457,3,6376.0,2,4,3,At risk
C021714,219,3,6381.0,3,4,3,Loyal
C022971,200,1,6383.0,4,2,3,New or promising
C029482,117,1,6389.0,4,2,3,New or promising
C027695,41,3,6390.0,5,4,3,Champions
C023219,214,2,6391.0,3,3,3,Loyal
C015842,399,1,6394.0,2,2,3,Lost
C031135,87,1,6394.0,4,2,3,New or promising
C025216,200,1,6395.0,4,2,3,New or promising
C025330,45,3,6396.0,5,4,3,Champions
C025454,197,1,6396.0,4,2,3,New or promising
C030057,28,3,6396.0,5,4,3,Champions
C030772,94,1,6396.0,4,2,3,New or promising
C001700,764,2,6397.0,1,3,3,At risk
C003525,764,1,6397.0,1,2,3,Lost
C004334,627,2,6397.0,1,3,3,At risk
C014427,389,3,6397.0,2,4,3,At risk
C015464,389,2,6397.0,2,3,3,At risk
C015597,332,2,6397.0,3,3,3,Loyal
C015643,397,2,6397.0,2,3,3,At risk
C016438,298,2,6397.0,3,3,3,Loyal
C018134,317,3,6397.0,3,4,3,Loyal
C018371,326,2,6397.0,3,3,3,Loyal
C025899,158,2,6397.0,4,3,3,Loyal
C027027,132,2,6397.0,4,3,3,Loyal
C031272,80,2,6397.0,5,3,3,Loyal
C035486,8,1,6397.0,5,2,3,New or promising
C002247,804,2,6398.0,1,3,3,At risk
C003422,769,1,6398.0,1,2,3,Lost
C005536,622,2,6398.0,1,3,3,At risk
C005954,586,2,6398.0,1,3,3,At risk
C006551,577,1,6398.0,2,2,3,Lost
C009913,551,1,6398.0,2,2,3,Lost
C010012,560,2,6398.0,2,3,3,At risk
C010157,562,1,6398.0,2,2,3,Lost
C010921,412,3,6398.0,2,4,3,At risk
C011142,531,1,6398.0,2,2,3,Lost
C011358,524,1,6398.0,2,2,3,Lost
C015535,407,1,6398.0,2,2,3,Lost
C016031,393,1,6398.0,2,2,3,Lost
C016626,377,1,6398.0,2,2,3,Lost
C016684,375,1,6398.0,2,2,3,Lost
C017684,350,1,6398.0,3,2,3,Needs attention
C020671,282,1,6398.0,3,2,3,Needs attention
C021473,263,1,6398.0,3,2,3,Needs attention
C021908,6,2,6398.0,5,3,3,Loyal
C022115,249,1,6398.0,3,2,3,Needs attention
C022462,242,1,6398.0,3,2,3,Needs attention
C022476,242,1,6398.0,3,2,3,Needs attention
C024691,209,1,6398.0,4,2,3,New or promising
C025770,146,2,6398.0,4,3,3,Loyal
C026453,143,2,6398.0,4,3,3,Loyal
C027948,147,1,6398.0,4,2,3,New or promising
C029988,95,1,6398.0,4,2,3,New or promising
C032052,71,1,6398.0,5,2,3,New or promising
C032336,66,1,6398.0,5,2,3,New or promising
C032475,42,2,6398.0,5,3,3,Loyal
C032545,55,1,6398.0,5,2,3,New or promising
C033994,32,1,6398.0,5,2,3,New or promising
C034012,34,1,6398.0,5,2,3,New or promising
C034606,23,1,6398.0,5,2,3,New or promising
C034695,22,1,6398.0,5,2,3,New or promising
C034942,18,1,6398.0,5,2,3,New or promising
C035430,3,1,6398.0,5,2,3,New or promising
C011239,514,1,6399.0,2,2,3,Lost
C013792,453,1,6399.0,2,2,3,Lost
C017177,358,1,6399.0,3,2,3,Needs attention
C017663,350,1,6399.0,3,2,3,Needs attention
C020144,291,1,6399.0,3,2,3,Needs attention
C030655,93,1,6399.0,4,2,3,New or promising
C015575,385,3,6407.0,2,4,3,At risk
C020298,231,3,6407.0,3,4,3,Loyal
C024123,212,1,6408.0,3,2,3,Needs attention
C023753,95,2,6413.0,4,3,3,Loyal
C011285,526,1,6415.0,2,2,3,Lost
C023728,224,1,6415.0,3,2,3,Needs attention
C025024,171,3,6416.0,4,4,3,Champions
C014614,407,2,6421.0,2,3,3,At risk
C024343,214,1,6426.0,3,2,3,Needs attention
C006691,622,2,6427.0,1,3,3,At risk
C001399,831,2,6431.0,1,3,3,At risk
C013291,462,1,6431.0,2,2,3,Lost
C030338,28,2,6433.0,5,3,3,Loyal
C000358,739,3,6446.0,1,4,3,At risk
C001429,851,1,6446.0,1,2,3,Lost
C015883,317,3,6446.0,3,4,3,Loyal
C030643,97,1,6446.0,4,2,3,New or promising
C001059,758,3,6447.0,1,4,3,At risk
C004376,656,2,6447.0,1,3,3,At risk
C016860,304,3,6447.0,3,4,3,Loyal
C017744,319,2,6447.0,3,3,3,Loyal
C020043,140,4,6447.0,4,5,3,Champions
C022844,74,3,6447.0,5,4,3,Champions
C024150,162,3,6447.0,4,4,3,Champions
C029478,41,2,6447.0,5,3,3,Loyal
C033320,30,2,6447.0,5,3,3,Loyal
C001037,868,1,6448.0,1,2,3,Lost
C003643,748,2,6448.0,1,3,3,At risk
C004615,692,1,6448.0,1,2,3,Lost
C008372,572,2,6448.0,2,3,3,At risk
C015816,378,2,6448.0,2,3,3,At risk
C016035,389,2,6448.0,2,3,3,At risk
C021055,200,3,6448.0,4,4,3,Champions
C032533,21,2,6448.0,5,3,3,Loyal
C012824,377,4,6451.0,2,5,3,At risk
C011448,425,2,6453.0,2,3,3,At risk
C007413,578,1,6456.0,1,2,3,Lost
C024504,213,1,6457.0,3,2,3,Needs attention
C027415,158,1,6457.0,4,2,3,New or promising
C001271,854,1,6458.0,1,2,3,Lost
C009143,565,1,6458.0,2,2,3,Lost
C010302,557,1,6458.0,2,2,3,Lost
C010967,536,1,6458.0,2,2,3,Lost
C019216,315,1,6458.0,3,2,3,Needs attention
C023400,229,1,6458.0,3,2,3,Needs attention
C026684,173,1,6458.0,4,2,3,New or promising
C030256,104,1,6458.0,4,2,3,New or promising
C031731,70,1,6458.0,5,2,3,New or promising
C009919,565,1,6462.0,2,2,3,Lost
C025300,155,2,6467.0,4,3,3,Loyal
C005129,699,2,6472.0,1,3,3,At risk
C020317,203,2,6476.0,4,3,3,Loyal
C000994,816,2,6486.0,1,3,3,At risk
C002926,513,3,6487.0,2,4,3,At risk
C021953,214,2,6489.0,3,3,3,Loyal
C026749,106,3,6494.0,4,4,3,Champions
C030166,14,3,6494.0,5,4,3,Champions
C001589,844,1,6496.0,1,2,3,Lost
C002424,693,2,6496.0,1,3,3,At risk
C000137,903,1,6497.0,1,2,3,Lost
C000496,754,5,6497.0,1,5,3,At risk
C002365,811,1,6497.0,1,2,3,Lost
C002703,798,1,6497.0,1,2,3,Lost
C004190,715,2,6497.0,1,3,3,At risk
C007094,630,2,6497.0,1,3,3,At risk
C010084,560,2,6497.0,2,3,3,At risk
C011292,459,2,6497.0,2,3,3,At risk
C017426,344,3,6497.0,3,4,3,Loyal
C018475,324,1,6497.0,3,2,3,Needs attention
C020180,294,1,6497.0,3,2,3,Needs attention
C027547,22,3,6497.0,5,4,3,Champions
C027897,101,2,6497.0,4,3,3,Loyal
C033095,51,1,6497.0,5,2,3,New or promising
C000085,908,1,6498.0,1,2,3,Lost
C001259,850,2,6498.0,1,3,3,At risk
C003182,647,2,6498.0,1,3,3,At risk
C003381,761,2,6498.0,1,3,3,At risk
C005876,483,2,6498.0,2,3,3,At risk
C006425,632,2,6498.0,1,3,3,At risk
C006680,560,2,6498.0,2,3,3,At risk
C009092,576,1,6498.0,2,2,3,Lost
C010551,539,2,6498.0,2,3,3,At risk
C010962,533,2,6498.0,2,3,3,At risk
C011125,503,2,6498.0,2,3,3,At risk
C011837,510,1,6498.0,2,2,3,Lost
C016477,381,1,6498.0,2,2,3,Lost
C016910,369,1,6498.0,3,2,3,Needs attention
C017241,351,1,6498.0,3,2,3,Needs attention
C017777,347,1,6498.0,3,2,3,Needs attention
C018039,339,1,6498.0,3,2,3,Needs attention
C019207,285,2,6498.0,3,3,3,Loyal
C021146,262,2,6498.0,3,3,3,Loyal
C025875,189,1,6498.0,4,2,3,New or promising
C027760,106,2,6498.0,4,3,3,Loyal
C029698,70,1,6498.0,5,2,3,New or promising
C032187,19,2,6498.0,5,3,3,Loyal
C033694,31,2,6498.0,5,3,3,Loyal
C034948,18,1,6498.0,5,2,3,New or promising
C000039,901,1,6499.0,1,2,3,Lost
C003961,749,1,6499.0,1,2,3,Lost
C004025,700,1,6499.0,1,2,3,Lost
C004261,730,1,6499.0,1,2,3,Lost
C004541,727,1,6499.0,1,2,3,Lost
C005610,689,1,6499.0,1,2,3,Lost
C006313,668,1,6499.0,1,2,3,Lost
C006447,663,1,6499.0,1,2,3,Lost
C007576,623,1,6499.0,1,2,3,Lost
C009367,533,1,6499.0,2,2,3,Lost
C010102,563,1,6499.0,2,2,3,Lost
C010672,544,1,6499.0,2,2,3,Lost
C011019,535,1,6499.0,2,2,3,Lost
C011458,521,1,6499.0,2,2,3,Lost
C012902,478,1,6499.0,2,2,3,Lost
C014151,443,1,6499.0,2,2,3,Lost
C014959,422,1,6499.0,2,2,3,Lost
C017250,358,1,6499.0,3,2,3,Needs attention
C018312,336,1,6499.0,3,2,3,Needs attention
C018372,326,1,6499.0,3,2,3,Needs attention
C018969,272,1,6499.0,3,2,3,Needs attention
C019215,315,1,6499.0,3,2,3,Needs attention
C019518,310,1,6499.0,3,2,3,Needs attention
C020939,275,1,6499.0,3,2,3,Needs attention
C022480,242,1,6499.0,3,2,3,Needs attention
C024195,212,1,6499.0,3,2,3,Needs attention
C024480,204,1,6499.0,4,2,3,New or promising
C025057,201,1,6499.0,4,2,3,New or promising
C026902,169,1,6499.0,4,2,3,New or promising
C027337,137,2,6499.0,4,3,3,Loyal
C027724,151,1,6499.0,4,2,3,New or promising
C027933,141,1,6499.0,4,2,3,New or promising
C028213,137,1,6499.0,4,2,3,New or promising
C028745,133,1,6499.0,4,2,3,New or promising
C029030,108,2,6499.0,4,3,3,Loyal
C029455,108,1,6499.0,4,2,3,New or promising
C030153,106,1,6499.0,4,2,3,New or promising
C030227,55,1,6499.0,5,2,3,New or promising
C031208,69,1,6499.0,5,2,3,New or promising
C031488,80,1,6499.0,5,2,3,New or promising
C031531,80,1,6499.0,5,2,3,New or promising
C033367,46,1,6499.0,5,2,3,New or promising
C033762,39,1,6499.0,5,2,3,New or promising
C034156,31,1,6499.0,5,2,3,New or promising
C034208,30,1,6499.0,5,2,3,New or promising
C034248,26,1,6499.0,5,2,3,New or promising
C034648,23,1,6499.0,5,2,3,New or promising
C034767,21,1,6499.0,5,2,3,New or promising
C034915,18,1,6499.0,5,2,3,New or promising
C035012,17,1,6499.0,5,2,3,New or promising
C035018,17,1,6499.0,5,2,3,New or promising
C035345,11,1,6499.0,5,2,3,New or promising
C035527,7,1,6499.0,5,2,3,New or promising
C025937,188,1,6500.0,4,2,3,New or promising
C009339,572,1,6501.0,2,2,3,Lost
C010418,546,2,6502.0,2,3,3,At risk
C014048,346,4,6502.0,3,5,3,Loyal
C016069,345,2,6503.0,3,3,3,Loyal
C009307,579,1,6506.0,1,2,3,Lost
C021369,263,2,6507.0,3,3,3,Loyal
C022544,214,2,6508.0,3,3,3,Loyal
C024482,213,1,6508.0,3,2,3,Needs attention
C021764,231,2,6510.0,3,3,3,Loyal
C017665,198,2,6521.0,4,3,3,Loyal
C013598,431,3,6531.0,2,4,3,At risk
C010935,531,2,6533.0,2,3,3,At risk
C009473,574,1,6542.0,2,2,3,Lost
C002480,805,1,6543.0,1,2,3,Lost
C007911,613,1,6543.0,1,2,3,Lost
C011164,527,2,6543.0,2,3,3,At risk
C012549,482,1,6543.0,2,2,3,Lost
C021362,265,1,6543.0,3,2,3,Needs attention
C022338,244,1,6543.0,3,2,3,Needs attention
C028058,109,1,6543.0,4,2,3,New or promising
C034080,33,1,6543.0,5,2,3,New or promising
C015038,392,2,6545.0,2,3,3,At risk
C019924,176,2,6545.0,4,3,3,Loyal
C001964,507,4,6546.0,2,5,3,At risk
C002193,805,2,6546.0,1,3,3,At risk
C007717,558,1,6547.0,2,2,3,Lost
C013657,340,2,6547.0,3,3,3,Loyal
C022309,198,3,6547.0,4,4,3,Champions
C030210,105,1,6547.0,4,2,3,New or promising
C001592,817,2,6548.0,1,3,3,At risk
C010655,545,1,6548.0,2,2,3,Lost
C025496,195,1,6548.0,4,2,3,New or promising
C027329,149,1,6548.0,4,2,3,New or promising
C033951,36,1,6548.0,5,2,3,New or promising
C034837,11,2,6548.0,5,3,3,Loyal
C027051,84,3,6552.0,5,4,3,Champions
C029850,14,2,6557.0,5,3,3,Loyal
C028417,108,2,6566.0,4,3,3,Loyal
C011062,514,2,6567.0,2,3,3,At risk
C019510,284,2,6567.0,3,3,3,Loyal
C026445,146,2,6567.0,4,3,3,Loyal
C004954,685,1,6570.0,1,2,3,Lost
C019304,231,2,6576.0,3,3,3,Loyal
C023740,126,2,6579.0,4,3,3,Loyal
C029849,14,2,6582.0,5,3,3,Loyal
C004084,731,2,6583.0,1,3,3,At risk
C012651,437,2,6583.0,2,3,3,At risk
C010444,552,1,6586.0,2,2,3,Lost
C015547,405,1,6586.0,2,2,3,Lost
C000988,821,2,6587.0,1,3,3,At risk
C006732,641,2,6592.0,1,3,3,At risk
C028558,107,4,6595.0,4,5,3,Champions
C029742,14,3,6595.0,5,4,3,Champions
C031151,75,2,6595.0,5,3,3,Loyal
C002098,775,2,6596.0,1,3,3,At risk
C014137,315,3,6596.0,3,4,3,Loyal
C015626,405,1,6596.0,2,2,3,Lost
C016707,31,4,6596.0,5,5,3,Champions
C018622,316,1,6596.0,3,2,3,Needs attention
C028215,80,3,6596.0,5,4,3,Champions
C029755,20,4,6596.0,5,5,3,Champions
C003236,674,2,6597.0,1,3,3,At risk
C006825,649,1,6597.0,1,2,3,Lost
C008179,605,1,6597.0,1,2,3,Lost
C013347,313,2,6597.0,3,3,3,Loyal
C013915,437,2,6597.0,2,3,3,At risk
C014889,424,1,6597.0,2,2,3,Lost
C020910,212,2,6597.0,3,3,3,Loyal
C022300,239,2,6597.0,3,3,3,Loyal
C031849,26,4,6597.0,5,5,3,Champions
C032249,67,1,6597.0,5,2,3,New or promising
C034079,22,2,6597.0,5,3,3,Loyal
C001776,836,1,6598.0,1,2,3,Lost
C001783,806,2,6598.0,1,3,3,At risk
C002183,799,1,6598.0,1,2,3,Lost
C004625,700,2,6598.0,1,3,3,At risk
C005436,629,2,6598.0,1,3,3,At risk
C005983,656,1,6598.0,1,2,3,Lost
C006267,629,2,6598.0,1,3,3,At risk
C011591,418,1,6598.0,2,2,3,Lost
C013338,429,1,6598.0,2,2,3,Lost
C013893,417,2,6598.0,2,3,3,At risk
C014856,387,2,6598.0,2,3,3,At risk
C015585,402,2,6598.0,2,3,3,At risk
C015736,230,1,6598.0,3,2,3,Needs attention
C015779,360,2,6598.0,3,3,3,Loyal
C016066,391,1,6598.0,2,2,3,Lost
C016269,383,1,6598.0,2,2,3,Lost
C017774,2,2,6598.0,5,3,3,Loyal
C019538,309,1,6598.0,3,2,3,Needs attention
C020277,282,1,6598.0,3,2,3,Needs attention
C022250,246,1,6598.0,3,2,3,Needs attention
C024974,182,1,6598.0,4,2,3,New or promising
C026075,183,1,6598.0,4,2,3,New or promising
C026936,164,1,6598.0,4,2,3,New or promising
C027367,159,1,6598.0,4,2,3,New or promising
C028006,68,3,6598.0,5,4,3,Champions
C028631,133,1,6598.0,4,2,3,New or promising
C029105,86,2,6598.0,4,3,3,Loyal
C029789,110,1,6598.0,4,2,3,New or promising
C030875,89,1,6598.0,4,2,3,New or promising
C031647,78,1,6598.0,5,2,3,New or promising
C031671,31,2,6598.0,5,3,3,Loyal
C031795,75,1,6598.0,5,2,3,New or promising
C032452,40,2,6598.0,5,3,3,Loyal
C035205,6,2,6598.0,5,3,3,Loyal
C004146,741,1,6599.0,1,2,3,Lost
C004695,719,1,6599.0,1,2,3,Lost
C014475,434,1,6599.0,2,2,3,Lost
C017705,342,1,6599.0,3,2,3,Needs attention
C018967,315,1,6599.0,3,2,3,Needs attention
C019572,308,1,6599.0,3,2,3,Needs attention
C021163,270,1,6599.0,3,2,3,Needs attention
C024172,194,2,6599.0,4,3,3,Loyal
C024497,209,1,6599.0,4,2,3,New or promising
C026548,149,1,6599.0,4,2,3,New or promising
C028800,129,1,6599.0,4,2,3,New or promising
C029384,119,1,6599.0,4,2,3,New or promising
C030001,107,1,6599.0,4,2,3,New or promising
C031864,65,1,6599.0,5,2,3,New or promising
C033607,42,1,6599.0,5,2,3,New or promising
C017023,254,3,6605.0,3,4,3,Loyal
C026348,44,2,6613.0,5,3,3,Loyal
C029439,86,2,6621.0,4,3,3,Loyal
C022079,243,2,6622.0,3,3,3,Loyal
C022999,231,1,6623.0,3,2,3,Needs attention
C008262,511,2,6625.0,2,3,3,At risk
C015637,214,3,6625.0,3,4,3,Loyal
C022367,244,1,6626.0,3,2,3,Needs attention
C001166,862,1,6627.0,1,2,3,Lost
C013675,458,1,6627.0,2,2,3,Lost
C024075,216,1,6627.0,3,2,3,Needs attention
C033304,23,1,6627.0,5,2,3,New or promising
C002349,796,1,6628.0,1,2,3,Lost
C003398,770,1,6628.0,1,2,3,Lost
C006869,644,1,6628.0,1,2,3,Lost
C012456,462,2,6628.0,2,3,3,At risk
C015238,415,1,6628.0,2,2,3,Lost
C017495,354,1,6628.0,3,2,3,Needs attention
C021528,261,1,6628.0,3,2,3,Needs attention
C023681,225,1,6628.0,3,2,3,Needs attention
C008427,597,1,6636.0,1,2,3,Lost
C009827,565,1,6636.0,2,2,3,Lost
C012696,413,3,6636.0,2,4,3,At risk
C029364,48,3,6636.0,5,4,3,Champions
C032504,43,2,6636.0,5,3,3,Loyal
C009347,578,1,6638.0,2,2,3,Lost
C029516,14,3,6641.0,5,4,3,Champions
C006385,656,2,6643.0,1,3,3,At risk
C017110,282,2,6644.0,3,3,3,Loyal
C001953,812,2,6645.0,1,3,3,At risk
C016592,373,2,6646.0,2,3,3,At risk
C000489,826,2,6647.0,1,3,3,At risk
C011904,508,1,6647.0,2,2,3,Lost
C031152,80,1,6647.0,5,2,3,New or promising
C031302,19,3,6647.0,5,4,3,Champions
C032634,60,1,6647.0,5,2,3,New or promising
C010256,464,2,6648.0,2,3,3,At risk
C021230,22,2,6648.0,5,3,3,Loyal
C021838,226,2,6648.0,3,3,3,Loyal
C022710,143,2,6648.0,4,3,3,Loyal
C024915,162,2,6648.0,4,3,3,Loyal
C029908,108,1,6648.0,4,2,3,New or promising
C003082,727,2,6651.0,1,3,3,At risk
C007308,584,2,6651.0,1,3,3,At risk
C028075,114,3,6652.0,4,4,3,Champions
C012477,338,3,6656.0,3,4,3,Loyal
C019044,314,2,6657.0,3,3,3,Loyal
C029056,112,1,6658.0,4,2,3,New or promising
C001457,797,2,6662.0,1,3,3,At risk
C006307,660,3,6662.0,1,4,3,At risk
C026814,170,1,6669.0,4,2,3,New or promising
C014120,444,1,6670.0,2,2,3,Lost
C006134,595,3,6671.0,1,4,3,At risk
C022368,202,2,6672.0,4,3,3,Loyal
C030662,28,3,6672.0,5,4,3,Champions
C032942,36,2,6673.0,5,3,3,Loyal
C009366,578,1,6676.0,2,2,3,Lost
C009382,496,2,6678.0,2,3,3,At risk
C024019,140,2,6683.0,4,3,3,Loyal
C024310,194,2,6690.0,4,3,3,Loyal
C025714,118,3,6695.0,4,4,3,Champions
C031896,42,2,6695.0,5,3,3,Loyal
C032284,32,3,6695.0,5,4,3,Champions
C032621,29,2,6695.0,5,3,3,Loyal
C002122,809,3,6696.0,1,4,3,At risk
C002216,704,1,6696.0,1,2,3,Lost
C004982,710,1,6696.0,1,2,3,Lost
C029087,35,2,6696.0,5,3,3,Loyal
C032243,6,3,6696.0,5,4,3,Champions
C000781,813,2,6697.0,1,3,3,At risk
C004747,720,1,6697.0,1,2,3,Lost
C005627,686,1,6697.0,1,2,3,Lost
C020350,246,2,6697.0,3,3,3,Loyal
C020949,262,2,6697.0,3,3,3,Loyal
C002428,785,1,6698.0,1,2,3,Lost
C002777,792,1,6698.0,1,2,3,Lost
C002843,793,1,6698.0,1,2,3,Lost
C003907,750,1,6698.0,1,2,3,Lost
C005264,657,3,6698.0,1,4,3,At risk
C005303,656,2,6698.0,1,3,3,At risk
C007550,615,2,6698.0,1,3,3,At risk
C007924,612,1,6698.0,1,2,3,Lost
C008474,597,1,6698.0,1,2,3,Lost
C011278,499,2,6698.0,2,3,3,At risk
C011607,517,1,6698.0,2,2,3,Lost
C011860,486,1,6698.0,2,2,3,Lost
C012123,501,1,6698.0,2,2,3,Lost
C012730,484,1,6698.0,2,2,3,Lost
C014592,431,1,6698.0,2,2,3,Lost
C015809,334,2,6698.0,3,3,3,Loyal
C016090,392,1,6698.0,2,2,3,Lost
C026011,187,1,6698.0,4,2,3,New or promising
C030084,79,2,6698.0,5,3,3,Loyal
C030285,104,1,6698.0,4,2,3,New or promising
C030973,90,1,6698.0,4,2,3,New or promising
C032996,53,1,6698.0,5,2,3,New or promising
C034392,27,1,6698.0,5,2,3,New or promising
C035169,6,2,6698.0,5,3,3,Loyal
C003141,781,1,6699.0,1,2,3,Lost
C005542,501,1,6699.0,2,2,3,Lost
C007831,609,2,6699.0,1,3,3,At risk
C008007,610,1,6699.0,1,2,3,Lost
C008043,609,1,6699.0,1,2,3,Lost
C009422,574,1,6699.0,2,2,3,Lost
C015538,286,2,6699.0,3,3,3,Loyal
C028158,137,1,6699.0,4,2,3,New or promising
C034507,24,2,6703.0,5,3,3,Loyal
C012825,461,3,6704.0,2,4,3,At risk
C026559,11,3,6707.0,5,4,3,Champions
C004227,739,1,6709.0,1,2,3,Lost
C023637,200,2,6710.0,4,3,3,Loyal
C012284,496,1,6712.0,2,2,3,Lost
C035709,4,1,6712.0,5,2,3,New or promising
C017182,362,1,6713.0,3,2,3,Needs attention
C019522,310,1,6713.0,3,2,3,Needs attention
C026510,177,1,6713.0,4,2,3,New or promising
C030711,95,1,6713.0,4,2,3,New or promising
C030976,90,1,6713.0,4,2,3,New or promising
C032190,68,1,6713.0,5,2,3,New or promising
C032477,63,1,6713.0,5,2,3,New or promising
C034778,21,1,6713.0,5,2,3,New or promising
C020766,231,3,6717.0,3,4,3,Loyal
C023385,230,1,6718.0,3,2,3,Needs attention
C002630,764,2,6722.0,1,3,3,At risk
C008571,596,1,6722.0,1,2,3,Lost
C009260,578,2,6723.0,2,3,3,At risk
C027358,78,2,6732.0,5,3,3,Loyal
C018169,231,3,6734.0,3,4,3,Loyal
C008481,593,1,6735.0,1,2,3,Lost
C015334,276,3,6737.0,3,4,3,Loyal
C008049,575,2,6744.0,2,3,3,At risk
C015737,244,2,6746.0,3,3,3,Loyal
C018098,333,2,6746.0,3,3,3,Loyal
C020541,281,3,6746.0,3,4,3,Loyal
C029501,36,2,6746.0,5,3,3,Loyal
C031134,73,2,6746.0,5,3,3,Loyal
C034863,7,2,6746.0,5,3,3,Loyal
C009821,376,2,6747.0,2,3,3,At risk
C010588,487,3,6747.0,2,4,3,At risk
C011475,493,2,6747.0,2,3,3,At risk
C014697,371,2,6747.0,2,3,3,At risk
C019211,308,2,6747.0,3,3,3,Loyal
C028976,104,2,6747.0,4,3,3,Loyal
C030419,17,2,6747.0,5,3,3,Loyal
C034905,19,1,6747.0,5,2,3,New or promising
C001069,840,2,6748.0,1,3,3,At risk
C019527,309,1,6748.0,3,2,3,Needs attention
C023620,226,1,6748.0,3,2,3,Needs attention
C032220,59,2,6748.0,5,3,3,Loyal
C032375,39,2,6748.0,5,3,3,Loyal
C035746,3,1,6748.0,5,2,3,New or promising
C033133,51,1,6755.0,5,2,3,New or promising
C031670,62,3,6766.0,5,4,3,Champions
C022732,200,3,6769.0,4,4,3,Champions
C003121,753,2,6773.0,1,3,3,At risk
C009965,565,1,6775.0,2,2,3,Lost
C024392,214,1,6776.0,3,2,3,Needs attention
C021403,67,3,6779.0,5,4,3,Champions
C011161,521,2,6782.0,2,3,3,At risk
C023708,199,3,6787.0,4,4,3,Champions
C017633,327,2,6793.0,3,3,3,Loyal
C027644,97,3,6795.0,4,4,3,Champions
C004016,734,2,6796.0,1,3,3,At risk
C019634,307,1,6796.0,3,2,3,Needs attention
C030128,6,3,6796.0,5,4,3,Champions
C002285,650,2,6797.0,1,3,3,At risk
C006847,519,3,6797.0,2,4,3,At risk
C008344,588,3,6797.0,1,4,3,At risk
C012659,478,2,6797.0,2,3,3,At risk
C030926,56,3,6797.0,5,4,3,Champions
C001723,839,1,6798.0,1,2,3,Lost
C003231,777,1,6798.0,1,2,3,Lost
C003895,751,1,6798.0,1,2,3,Lost
C004516,728,1,6798.0,1,2,3,Lost
C005041,705,1,6798.0,1,2,3,Lost
C005109,705,1,6798.0,1,2,3,Lost
C007126,639,1,6798.0,1,2,3,Lost
C008965,549,1,6798.0,2,2,3,Lost
C009553,576,1,6798.0,2,2,3,Lost
C009576,567,2,6798.0,2,3,3,At risk
C010977,517,1,6798.0,2,2,3,Lost
C011544,519,1,6798.0,2,2,3,Lost
C011614,486,1,6798.0,2,2,3,Lost
C011781,512,1,6798.0,2,2,3,Lost
C013334,457,1,6798.0,2,2,3,Lost
C013504,461,1,6798.0,2,2,3,Lost
C014448,383,2,6798.0,2,3,3,At risk
C014463,435,1,6798.0,2,2,3,Lost
C014949,417,1,6798.0,2,2,3,Lost
C014972,422,1,6798.0,2,2,3,Lost
C015925,266,2,6798.0,3,3,3,Loyal
C016629,375,2,6798.0,2,3,3,At risk
C018299,335,1,6798.0,3,2,3,Needs attention
C018356,327,1,6798.0,3,2,3,Needs attention
C019563,309,1,6798.0,3,2,3,Needs attention
C019983,299,1,6798.0,3,2,3,Needs attention
C020308,291,1,6798.0,3,2,3,Needs attention
C022952,229,1,6798.0,3,2,3,Needs attention
C023076,231,1,6798.0,3,2,3,Needs attention
C024908,203,1,6798.0,4,2,3,New or promising
C024978,203,1,6798.0,4,2,3,New or promising
C025617,193,1,6798.0,4,2,3,New or promising
C025788,191,1,6798.0,4,2,3,New or promising
C025943,95,2,6798.0,4,3,3,Loyal
C026157,179,1,6798.0,4,2,3,New or promising
C026706,40,2,6798.0,5,3,3,Loyal
C027174,163,1,6798.0,4,2,3,New or promising
C027475,155,1,6798.0,4,2,3,New or promising
C028791,132,1,6798.0,4,2,3,New or promising
C028817,109,3,6798.0,4,4,3,Champions
C028978,109,2,6798.0,4,3,3,Loyal
C030371,103,1,6798.0,4,2,3,New or promising
C030548,42,2,6798.0,5,3,3,Loyal
C030550,97,1,6798.0,4,2,3,New or promising
C031513,80,1,6798.0,5,2,3,New or promising
C033647,41,1,6798.0,5,2,3,New or promising
C034554,24,1,6798.0,5,2,3,New or promising
C000803,873,1,6799.0,1,2,3,Lost
C002161,814,1,6799.0,1,2,3,Lost
C002883,788,1,6799.0,1,2,3,Lost
C003325,679,2,6799.0,1,3,3,At risk
C003922,747,1,6799.0,1,2,3,Lost
C005224,701,1,6799.0,1,2,3,Lost
C006031,649,1,6799.0,1,2,3,Lost
C007837,615,1,6799.0,1,2,3,Lost
C010648,545,1,6799.0,2,2,3,Lost
C011604,502,2,6799.0,2,3,3,At risk
C014628,430,1,6799.0,2,2,3,Lost
C017051,365,1,6799.0,3,2,3,Needs attention
C017738,349,1,6799.0,3,2,3,Needs attention
C022490,241,1,6799.0,3,2,3,Needs attention
C023482,229,1,6799.0,3,2,3,Needs attention
C025912,173,1,6799.0,4,2,3,New or promising
C026120,161,2,6799.0,4,3,3,Loyal
C026434,176,1,6799.0,4,2,3,New or promising
C026961,168,1,6799.0,4,2,3,New or promising
C027157,164,1,6799.0,4,2,3,New or promising
C027218,162,1,6799.0,4,2,3,New or promising
C030065,107,1,6799.0,4,2,3,New or promising
C032895,46,1,6799.0,5,2,3,New or promising
C033283,48,1,6799.0,5,2,3,New or promising
C033979,36,1,6799.0,5,2,3,New or promising
C034431,26,1,6799.0,5,2,3,New or promising
C034474,24,1,6799.0,5,2,3,New or promising
C034968,18,1,6799.0,5,2,3,New or promising
C035470,9,1,6799.0,5,2,3,New or promising
C019963,214,3,6802.0,3,4,3,Loyal
C004432,669,2,6803.0,1,3,3,At risk
C005547,685,2,6808.0,1,3,3,At risk
C022488,228,2,6811.0,3,3,3,Loyal
C001103,855,2,6812.0,1,3,3,At risk
C022444,197,3,6813.0,4,4,3,Champions
C014440,366,3,6815.0,3,4,3,Loyal
C021001,260,2,6818.0,3,3,3,Loyal
C003559,679,2,6822.0,1,3,3,At risk
C015380,388,2,6828.0,2,3,3,At risk
C022591,239,1,6839.0,3,2,3,Needs attention
C029074,126,1,6839.0,4,2,3,New or promising
C015612,381,1,6841.0,2,2,3,Lost
C019968,232,2,6841.0,3,3,3,Loyal
C032893,55,1,6841.0,5,2,3,New or promising
C033700,40,1,6841.0,5,2,3,New or promising
C017920,312,2,6845.0,3,3,3,Loyal
C030634,77,2,6845.0,5,3,3,Loyal
C031874,66,1,6845.0,5,2,3,New or promising
C005218,592,3,6846.0,1,4,3,At risk
C017944,286,2,6846.0,3,3,3,Loyal
C030148,8,3,6846.0,5,4,3,Champions
C008114,531,3,6847.0,2,4,3,At risk
C009183,545,2,6847.0,2,3,3,At risk
C019431,273,2,6847.0,3,3,3,Loyal
C020010,297,1,6847.0,3,2,3,Needs attention
C024286,168,2,6847.0,4,3,3,Loyal
C028363,98,2,6847.0,4,3,3,Loyal
C034950,4,1,6847.0,5,2,3,New or promising
C002734,797,1,6848.0,1,2,3,Lost
C003382,769,2,6848.0,1,3,3,At risk
C015995,394,1,6848.0,2,2,3,Lost
C016184,390,1,6848.0,2,2,3,Lost
C029057,113,1,6848.0,4,2,3,New or promising
C019030,320,1,6850.0,3,2,3,Needs attention
C001352,816,2,6851.0,1,3,3,At risk
C012892,458,2,6851.0,2,3,3,At risk
C029806,87,2,6854.0,4,3,3,Loyal
C005604,573,3,6856.0,2,4,3,At risk
C024487,181,3,6856.0,4,4,3,Champions
C030497,29,2,6858.0,5,3,3,Loyal
C024208,214,1,6859.0,3,2,3,Needs attention
C025122,200,1,6867.0,4,2,3,New or promising
C024215,214,1,6868.0,3,2,3,Needs attention
C006184,489,2,6872.0,2,3,3,At risk
C020518,237,2,6872.0,3,3,3,Loyal
C003780,701,2,6877.0,1,3,3,At risk
C007742,265,2,6878.0,3,3,3,Loyal
C030735,76,2,6878.0,5,3,3,Loyal
C001848,832,1,6883.0,1,2,3,Lost
C006835,649,1,6883.0,1,2,3,Lost
C011455,507,1,6883.0,2,2,3,Lost
C018623,328,1,6883.0,3,2,3,Needs attention
C021365,249,2,6883.0,3,3,3,Loyal
C032949,54,1,6883.0,5,2,3,New or promising
C033583,37,1,6883.0,5,2,3,New or promising
C005609,672,1,6884.0,1,2,3,Lost
C016317,385,1,6884.0,2,2,3,Lost
C009884,566,1,6885.0,2,2,3,Lost
C019121,319,1,6885.0,3,2,3,Needs attention
C032523,13,3,6886.0,5,4,3,Champions
C009650,565,1,6889.0,2,2,3,Lost
C002486,251,2,6894.0,3,3,3,Loyal
C005477,685,2,6896.0,1,3,3,At risk
C009154,553,2,6896.0,2,3,3,At risk
C018054,296,2,6896.0,3,3,3,Loyal
C001635,842,1,6897.0,1,2,3,Lost
C004086,745,1,6897.0,1,2,3,Lost
C008170,598,1,6897.0,1,2,3,Lost
C009736,565,2,6897.0,2,3,3,At risk
C017411,310,2,6897.0,3,3,3,Loyal
C020395,37,3,6897.0,5,4,3,Champions
C022418,126,2,6897.0,4,3,3,Loyal
C023455,229,1,6897.0,3,2,3,Needs attention
C026732,163,1,6897.0,4,2,3,New or promising
C028341,140,1,6897.0,4,2,3,New or promising
C030200,70,3,6897.0,5,4,3,Champions
C030443,64,2,6897.0,5,3,3,Loyal
C030605,96,1,6897.0,4,2,3,New or promising
C033125,51,1,6897.0,5,2,3,New or promising
C034649,23,1,6897.0,5,2,3,New or promising
C001065,805,1,6898.0,1,2,3,Lost
C003286,701,2,6898.0,1,3,3,At risk
C007860,574,1,6898.0,2,2,3,Lost
C008859,576,1,6898.0,2,2,3,Lost
C011568,439,3,6898.0,2,4,3,At risk
C013860,451,1,6898.0,2,2,3,Lost
C015101,415,1,6898.0,2,2,3,Lost
C015804,228,1,6898.0,3,2,3,Needs attention
C016159,390,1,6898.0,2,2,3,Lost
C017003,320,2,6898.0,3,3,3,Loyal
C017819,346,1,6898.0,3,2,3,Needs attention
C017943,316,3,6898.0,3,4,3,Loyal
C019552,250,2,6898.0,3,3,3,Loyal
C022694,231,2,6898.0,3,3,3,Loyal
C024804,204,1,6898.0,4,2,3,New or promising
C026932,46,2,6898.0,5,3,3,Loyal
C029559,44,3,6898.0,5,4,3,Champions
C030228,95,2,6898.0,4,3,3,Loyal
C031176,73,1,6898.0,5,2,3,New or promising
C034621,23,1,6898.0,5,2,3,New or promising
C034624,23,1,6898.0,5,2,3,New or promising
C034681,22,1,6898.0,5,2,3,New or promising
C002251,816,1,6899.0,1,2,3,Lost
C006344,581,2,6899.0,1,3,3,At risk
C018369,324,1,6899.0,3,2,3,Needs attention
C026748,172,1,6899.0,4,2,3,New or promising
C031099,88,1,6899.0,4,2,3,New or promising
C000591,872,2,6903.0,1,3,3,At risk
C027787,88,2,6903.0,4,3,3,Loyal
C018095,319,1,6905.0,3,2,3,Needs attention
C022648,214,1,6914.0,3,2,3,Needs attention
C030085,51,4,6916.0,5,5,3,Champions
C024605,107,4,6920.0,4,5,3,Champions
C025418,181,2,6922.0,4,3,3,Loyal
C034089,33,1,6925.0,5,2,3,New or promising
C007754,578,3,6928.0,1,4,3,At risk
C019136,255,2,6933.0,3,3,3,Loyal
C006836,541,4,6935.0,2,5,3,At risk
C009284,579,1,6935.0,1,2,3,Lost
C022566,229,2,6937.0,3,3,3,Loyal
C024063,116,4,6943.0,4,5,3,Champions
C035025,5,2,6943.0,5,3,3,Loyal
C014443,435,1,6944.0,2,2,3,Lost
C005020,664,4,6945.0,1,5,3,At risk
C010010,565,1,6945.0,2,2,3,Lost
C010637,515,3,6945.0,2,4,3,At risk
C006810,604,2,6946.0,1,3,3,At risk
C009053,504,2,6946.0,2,3,3,At risk
C012309,397,2,6946.0,2,3,3,At risk
C013305,407,5,6946.0,2,5,3,At risk
C027696,152,1,6946.0,4,2,3,New or promising
C000417,755,3,6947.0,1,4,3,At risk
C003321,773,1,6947.0,1,2,3,Lost
C003518,733,2,6947.0,1,3,3,At risk
C009722,129,3,6947.0,4,4,3,Champions
C014924,360,3,6947.0,3,4,3,Loyal
C018870,322,1,6947.0,3,2,3,Needs attention
C024965,159,3,6947.0,4,4,3,Champions
C028093,121,2,6947.0,4,3,3,Loyal
C032316,10,2,6947.0,5,3,3,Loyal
C032553,6,3,6947.0,5,4,3,Champions
C032584,53,3,6947.0,5,4,3,Champions
C008717,530,2,6948.0,2,3,3,At risk
C013557,417,2,6948.0,2,3,3,At risk
C016286,386,1,6948.0,2,2,3,Lost
C020817,215,1,6948.0,3,2,3,Needs attention
C030633,95,1,6948.0,4,2,3,New or promising
C031316,79,2,6948.0,5,3,3,Loyal
C014021,92,3,6951.0,4,4,3,Champions
C004135,611,3,6953.0,1,4,3,At risk
C025110,166,1,6956.0,4,2,3,New or promising
C012176,320,3,6960.0,3,4,3,Loyal
C000953,871,1,6967.0,1,2,3,Lost
C010327,545,1,6967.0,2,2,3,Lost
C019750,304,1,6967.0,3,2,3,Needs attention
C028447,121,2,6967.0,4,3,3,Loyal
C003554,762,2,6968.0,1,3,3,At risk
C006241,671,1,6968.0,1,2,3,Lost
C012153,496,1,6968.0,2,2,3,Lost
C015832,396,1,6968.0,2,2,3,Lost
C021204,255,1,6968.0,3,2,3,Needs attention
C021393,263,1,6968.0,3,2,3,Needs attention
C027146,164,1,6968.0,4,2,3,New or promising
C032779,57,1,6968.0,5,2,3,New or promising
C023021,231,1,6969.0,3,2,3,Needs attention
C009278,577,2,6971.0,2,3,3,At risk
C017068,126,2,6974.0,4,3,3,Loyal
C008435,565,2,6975.0,2,3,3,At risk
C008519,596,1,6976.0,1,2,3,Lost
C014708,389,2,6976.0,2,3,3,At risk
C024190,214,1,6976.0,3,2,3,Needs attention
C002598,765,2,6987.0,1,3,3,At risk
C005794,685,1,6988.0,1,2,3,Lost
C014989,246,2,6988.0,3,3,3,Loyal
C021640,231,2,6989.0,3,3,3,Loyal
C007179,569,3,6990.0,2,4,3,At risk
C009017,578,2,6990.0,2,3,3,At risk
C002676,778,2,6994.0,1,3,3,At risk
C011514,325,5,6994.0,3,5,3,Loyal
C012836,368,4,6994.0,3,5,3,Loyal
C015426,391,2,6995.0,2,3,3,At risk
C020789,152,2,6995.0,4,3,3,Loyal
C021734,226,2,6995.0,3,3,3,Loyal
C032050,24,2,6995.0,5,3,3,Loyal
C000909,873,1,6996.0,1,2,3,Lost
C009252,459,3,6996.0,2,4,3,At risk
C014661,414,2,6996.0,2,3,3,At risk
C015787,221,3,6996.0,3,4,3,Loyal
C017613,92,2,6996.0,4,3,3,Loyal
C027854,103,2,6996.0,4,3,3,Loyal
C028516,132,2,6996.0,4,3,3,Loyal
C004754,681,2,6997.0,1,3,3,At risk
C004887,645,2,6997.0,1,3,3,At risk
C008669,595,1,6997.0,1,2,3,Lost
C009738,570,1,6997.0,2,2,3,Lost
C015836,399,1,6997.0,2,2,3,Lost
C022218,245,1,6997.0,3,2,3,Needs attention
C027470,92,2,6997.0,4,3,3,Loyal
C028138,123,2,6997.0,4,3,3,Loyal
C028837,2,3,6997.0,5,4,3,Champions
C029300,28,2,6997.0,5,3,3,Loyal
C031974,47,2,6997.0,5,3,3,Loyal
C034023,12,3,6997.0,5,4,3,Champions
C001245,859,1,6998.0,1,2,3,Lost
C001279,842,2,6998.0,1,3,3,At risk
C001630,843,1,6998.0,1,2,3,Lost
C003542,763,1,6998.0,1,2,3,Lost
C004665,616,2,6998.0,1,3,3,At risk
C007645,614,2,6998.0,1,3,3,At risk
C008560,596,1,6998.0,1,2,3,Lost
C008915,580,2,6998.0,1,3,3,At risk
C009640,574,1,6998.0,2,2,3,Lost
C010137,562,1,6998.0,2,2,3,Lost
C011978,451,1,6998.0,2,2,3,Lost
C013405,455,1,6998.0,2,2,3,Lost
C015110,417,1,6998.0,2,2,3,Lost
C016243,388,1,6998.0,2,2,3,Lost
C016862,370,1,6998.0,2,2,3,Lost
C020694,262,2,6998.0,3,3,3,Loyal
C020998,264,1,6998.0,3,2,3,Needs attention
C022602,82,1,6998.0,5,2,3,New or promising
C025761,191,1,6998.0,4,2,3,New or promising
C029925,44,2,6998.0,5,3,3,Loyal
C032368,65,1,6998.0,5,2,3,New or promising
C032818,29,2,6998.0,5,3,3,Loyal
C033624,42,1,6998.0,5,2,3,New or promising
C004142,742,1,6999.0,1,2,3,Lost
C019075,320,1,6999.0,3,2,3,Needs attention
C019779,304,1,6999.0,3,2,3,Needs attention
C027592,154,1,6999.0,4,2,3,New or promising
C033499,44,1,6999.0,5,2,3,New or promising
C024242,138,4,7006.0,4,5,3,Champions
C028413,113,2,7007.0,4,3,3,Loyal
C007277,631,1,7010.0,1,2,3,Lost
C035258,11,1,7010.0,5,2,3,New or promising
C029394,94,2,7012.0,4,3,3,Loyal
C028271,122,2,7013.0,4,3,3,Loyal
C032632,45,2,7013.0,5,3,3,Loyal
C030370,103,1,7018.0,4,2,3,New or promising
C008746,578,2,7019.0,2,3,3,At risk
C017572,86,3,7031.0,4,4,3,Champions
C023516,74,3,7036.0,5,4,3,Champions
C032702,12,2,7038.0,5,3,3,Loyal
C024114,200,2,7041.0,4,3,3,Loyal
C006647,630,2,7045.0,1,3,3,At risk
C010205,423,4,7045.0,2,5,3,At risk
C012691,475,1,7045.0,2,2,3,Lost
C006965,644,1,7046.0,1,2,3,Lost
C007106,620,2,7046.0,1,3,3,At risk
C014677,397,3,7046.0,2,4,3,At risk
C014809,351,3,7046.0,3,4,3,Loyal
C005354,633,1,7047.0,1,2,3,Lost
C005462,685,2,7047.0,1,3,3,At risk
C010323,541,2,7047.0,2,3,3,At risk
C027684,131,2,7047.0,4,3,3,Loyal
C014921,423,1,7048.0,2,2,3,Lost
C029022,91,2,7048.0,4,3,3,Loyal
C031990,13,2,7049.0,5,3,3,Loyal
C008342,595,1,7052.0,1,2,3,Lost
C027052,166,1,7052.0,4,2,3,New or promising
C029101,125,1,7052.0,4,2,3,New or promising
C002697,798,1,7053.0,1,2,3,Lost
C020293,291,1,7053.0,3,2,3,Needs attention
C023224,194,2,7053.0,4,3,3,Loyal
C027494,157,1,7053.0,4,2,3,New or promising
C006174,673,1,7054.0,1,2,3,Lost
C013589,460,1,7054.0,2,2,3,Lost
C017517,320,1,7054.0,3,2,3,Needs attention
C031196,62,2,7054.0,5,3,3,Loyal
C032160,65,1,7054.0,5,2,3,New or promising
C034552,24,1,7054.0,5,2,3,New or promising
C000727,876,2,7055.0,1,3,3,At risk
C010360,498,3,7057.0,2,4,3,At risk
C020584,239,3,7061.0,3,4,3,Loyal
C024442,198,2,7064.0,4,3,3,Loyal
C014970,379,2,7066.0,2,3,3,At risk
C028207,119,2,7068.0,4,3,3,Loyal
C000421,814,3,7072.0,1,4,3,At risk
C004452,709,2,7073.0,1,3,3,At risk
C000284,828,3,7075.0,1,4,3,At risk
C026078,136,2,7076.0,4,3,3,Loyal
C016690,243,4,7080.0,3,5,3,Loyal
C004587,648,3,7082.0,1,4,3,At risk
C026054,29,3,7093.0,5,4,3,Champions
C015855,60,3,7094.0,5,4,3,Champions
C000066,865,2,7096.0,1,3,3,At risk
C009082,509,2,7096.0,2,3,3,At risk
C018965,317,1,7096.0,3,2,3,Needs attention
C024435,213,1,7096.0,3,2,3,Needs attention
C000423,749,3,7097.0,1,4,3,At risk
C004269,708,2,7097.0,1,3,3,At risk
C006626,657,1,7097.0,1,2,3,Lost
C008352,596,2,7097.0,1,3,3,At risk
C011922,499,3,7097.0,2,4,3,At risk
C014036,331,3,7097.0,3,4,3,Loyal
C019351,314,1,7097.0,3,2,3,Needs attention
C021763,237,2,7097.0,3,3,3,Loyal
C024305,172,1,7097.0,4,2,3,New or promising
C025748,162,3,7097.0,4,4,3,Champions
C028838,131,1,7097.0,4,2,3,New or promising
C031018,84,2,7097.0,5,3,3,Loyal
C031535,68,2,7097.0,5,3,3,Loyal
C034687,22,1,7097.0,5,2,3,New or promising
C035127,15,1,7097.0,5,2,3,New or promising
C001285,813,2,7098.0,1,3,3,At risk
C002691,774,1,7098.0,1,2,3,Lost
C005784,685,1,7098.0,1,2,3,Lost
C006458,645,2,7098.0,1,3,3,At risk
C007518,626,1,7098.0,1,2,3,Lost
C008255,592,1,7098.0,1,2,3,Lost
C008673,590,1,7098.0,1,2,3,Lost
C008841,525,3,7098.0,2,4,3,At risk
C009649,562,2,7098.0,2,3,3,At risk
C012336,485,2,7098.0,2,3,3,At risk
C013126,456,2,7098.0,2,3,3,At risk
C019492,7,2,7098.0,5,3,3,Loyal
C020828,254,1,7098.0,3,2,3,Needs attention
C021625,129,2,7098.0,4,3,3,Loyal
C022280,210,2,7098.0,4,3,3,Loyal
C025417,163,2,7098.0,4,3,3,Loyal
C026416,169,1,7098.0,4,2,3,New or promising
C027860,108,2,7098.0,4,3,3,Loyal
C029651,3,3,7098.0,5,4,3,Champions
C030318,103,1,7098.0,4,2,3,New or promising
C031287,85,1,7098.0,5,2,3,New or promising
C032213,68,1,7098.0,5,2,3,New or promising
C032529,44,2,7098.0,5,3,3,Loyal
C034385,23,2,7098.0,5,3,3,Loyal
C035191,6,1,7098.0,5,2,3,New or promising
C001569,845,1,7099.0,1,2,3,Lost
C002949,788,1,7099.0,1,2,3,Lost
C007135,564,2,7099.0,2,3,3,At risk
C008980,589,1,7099.0,1,2,3,Lost
C010451,552,1,7099.0,2,2,3,Lost
C020329,289,1,7099.0,3,2,3,Needs attention
C020343,285,1,7099.0,3,2,3,Needs attention
C020445,278,1,7099.0,3,2,3,Needs attention
C021920,250,1,7099.0,3,2,3,Needs attention
C022818,220,2,7099.0,3,3,3,Loyal
C023566,218,1,7099.0,3,2,3,Needs attention
C024259,213,1,7099.0,3,2,3,Needs attention
C025490,164,1,7099.0,4,2,3,New or promising
C031103,60,1,7099.0,5,2,3,New or promising
C007675,578,2,7100.0,1,3,3,At risk
C019640,225,2,7102.0,3,3,3,Loyal
C026930,127,2,7103.0,4,3,3,Loyal
C012938,473,1,7106.0,2,2,3,Lost
C006599,654,2,7107.0,1,3,3,At risk
C021439,231,1,7113.0,3,2,3,Needs attention
C022061,188,2,7114.0,4,3,3,Loyal
C010081,564,1,7115.0,2,2,3,Lost
C020497,215,2,7118.0,3,3,3,Loyal
C024341,214,1,7123.0,3,2,3,Needs attention
C029549,106,2,7123.0,4,3,3,Loyal
C023291,218,2,7128.0,3,3,3,Loyal
C005805,685,1,7129.0,1,2,3,Lost
C033512,19,4,7130.0,5,5,3,Champions
C018538,245,2,7133.0,3,3,3,Loyal
C023800,104,3,7137.0,4,4,3,Champions
C002452,808,1,7138.0,1,2,3,Lost
C004474,729,1,7138.0,1,2,3,Lost
C004913,714,1,7138.0,1,2,3,Lost
C011010,464,2,7138.0,2,3,3,At risk
C019393,313,1,7138.0,3,2,3,Needs attention
C029966,108,1,7138.0,4,2,3,New or promising
C030433,86,1,7138.0,4,2,3,New or promising
C034901,19,1,7138.0,5,2,3,New or promising
C035101,9,2,7138.0,5,3,3,Loyal
C035418,7,1,7138.0,5,2,3,New or promising
C030947,47,3,7141.0,5,4,3,Champions
C015936,193,4,7144.0,4,5,3,Champions
C000140,860,3,7145.0,1,4,3,At risk
C011069,504,2,7145.0,2,3,3,At risk
C025237,53,3,7145.0,5,4,3,Champions
C012624,478,1,7146.0,2,2,3,Lost
C014025,446,2,7146.0,2,3,3,At risk
C022216,231,1,7146.0,3,2,3,Needs attention
C033670,27,1,7146.0,5,2,3,New or promising
C007701,603,3,7147.0,1,4,3,At risk
C012706,461,3,7147.0,2,4,3,At risk
C013970,421,2,7147.0,2,3,3,At risk
C016038,376,1,7147.0,2,2,3,Lost
C020555,266,2,7147.0,3,3,3,Loyal
C022690,139,3,7147.0,4,4,3,Champions
C025101,198,1,7147.0,4,2,3,New or promising
C030286,42,2,7147.0,5,3,3,Loyal
C031213,7,3,7147.0,5,4,3,Champions
C000808,873,2,7148.0,1,3,3,At risk
C002105,820,1,7148.0,1,2,3,Lost
C003101,733,2,7148.0,1,3,3,At risk
C008042,523,2,7148.0,2,3,3,At risk
C018776,245,2,7148.0,3,3,3,Loyal
C026999,167,1,7148.0,4,2,3,New or promising
C027518,108,2,7148.0,4,3,3,Loyal
C022786,80,2,7150.0,5,3,3,Loyal
C008159,565,4,7153.0,2,5,3,At risk
C019071,274,2,7162.0,3,3,3,Loyal
C010569,417,2,7164.0,2,3,3,At risk
C002111,788,2,7168.0,1,3,3,At risk
C018637,319,2,7172.0,3,3,3,Loyal
C009525,577,1,7175.0,2,2,3,Lost
C029999,43,2,7176.0,5,3,3,Loyal
C021949,214,2,7177.0,3,3,3,Loyal
C032453,63,1,7178.0,5,2,3,New or promising
C030436,98,1,7179.0,4,2,3,New or promising
C005448,694,1,7180.0,1,2,3,Lost
C008955,587,1,7181.0,1,2,3,Lost
C005655,682,1,7182.0,1,2,3,Lost
C015757,357,2,7182.0,3,3,3,Loyal
C017145,345,2,7183.0,3,3,3,Loyal
C008513,314,2,7192.0,3,3,3,Loyal
C027396,98,2,7192.0,4,3,3,Loyal
C015833,317,2,7193.0,3,3,3,Loyal
C030269,21,2,7193.0,5,3,3,Loyal
C003013,763,3,7195.0,1,4,3,At risk
C025867,46,3,7195.0,5,4,3,Champions
C005289,678,2,7196.0,1,3,3,At risk
C009543,577,1,7196.0,2,2,3,Lost
C010866,539,1,7196.0,2,2,3,Lost
C014260,292,3,7196.0,3,4,3,Loyal
C025423,83,3,7196.0,5,4,3,Champions
C028015,89,2,7196.0,4,3,3,Loyal
C032418,54,2,7196.0,5,3,3,Loyal
C033019,6,2,7196.0,5,3,3,Loyal
C001120,781,2,7197.0,1,3,3,At risk
C002627,704,2,7197.0,1,3,3,At risk
C006091,586,2,7197.0,1,3,3,At risk
C006854,573,2,7197.0,2,3,3,At risk
C009153,468,2,7197.0,2,3,3,At risk
C010274,397,3,7197.0,2,4,3,At risk
C010504,523,2,7197.0,2,3,3,At risk
C010525,549,1,7197.0,2,2,3,Lost
C011365,480,3,7197.0,2,4,3,At risk
C011916,489,2,7197.0,2,3,3,At risk
C014292,287,3,7197.0,3,4,3,Loyal
C017647,313,2,7197.0,3,3,3,Loyal
C022507,90,2,7197.0,4,3,3,Loyal
C023707,224,1,7197.0,3,2,3,Needs attention
C027841,102,1,7197.0,4,2,3,New or promising
C028585,136,1,7197.0,4,2,3,New or promising
C029031,105,2,7197.0,4,3,3,Loyal
C031465,76,1,7197.0,5,2,3,New or promising
C000794,857,1,7198.0,1,2,3,Lost
C002274,815,1,7198.0,1,2,3,Lost
C002407,810,1,7198.0,1,2,3,Lost
C003890,673,2,7198.0,1,3,3,At risk
C004049,705,2,7198.0,1,3,3,At risk
C008035,608,1,7198.0,1,2,3,Lost
C008727,568,2,7198.0,2,3,3,At risk
C010220,556,1,7198.0,2,2,3,Lost
C010411,453,2,7198.0,2,3,3,At risk
C012883,479,1,7198.0,2,2,3,Lost
C016995,367,1,7198.0,3,2,3,Needs attention
C017646,289,2,7198.0,3,3,3,Loyal
C022294,168,2,7198.0,4,3,3,Loyal
C025407,198,1,7198.0,4,2,3,New or promising
C027665,136,2,7198.0,4,3,3,Loyal
C028210,122,1,7198.0,4,2,3,New or promising
C028941,107,2,7198.0,4,3,3,Loyal
C030016,107,1,7198.0,4,2,3,New or promising
C030288,104,1,7198.0,4,2,3,New or promising
C031621,35,2,7198.0,5,3,3,Loyal
C034458,26,1,7198.0,5,2,3,New or promising
C007305,596,2,7199.0,1,3,3,At risk
C009028,588,1,7199.0,1,2,3,Lost
C023895,206,2,7199.0,4,3,3,Loyal
C028132,53,3,7202.0,5,4,3,Champions
C006460,637,2,7203.0,1,3,3,At risk
C019661,248,2,7203.0,3,3,3,Loyal
C032804,31,2,7203.0,5,3,3,Loyal
C002141,683,3,7207.0,1,4,3,At risk
C029447,92,3,7207.0,4,4,3,Champions
C017776,320,2,7209.0,3,3,3,Loyal
C001304,838,2,7212.0,1,3,3,At risk
C021395,212,2,7213.0,3,3,3,Loyal
C031538,77,2,7216.0,5,3,3,Loyal
C000288,757,3,7217.0,1,4,3,At risk
C012814,446,2,7217.0,2,3,3,At risk
C001511,847,1,7223.0,1,2,3,Lost
C007471,625,1,7223.0,1,2,3,Lost
C011436,514,1,7223.0,2,2,3,Lost
C020098,296,1,7223.0,3,2,3,Needs attention
C026826,170,1,7223.0,4,2,3,New or promising
C023768,200,2,7225.0,4,3,3,Loyal
C031494,68,2,7231.0,5,3,3,Loyal
C011926,183,5,7235.0,4,5,3,Champions
C019424,273,2,7235.0,3,3,3,Loyal
C018280,320,1,7237.0,3,2,3,Needs attention
C003630,671,3,7244.0,1,4,3,At risk
C005150,677,2,7245.0,1,3,3,At risk
C033139,49,1,7245.0,5,2,3,New or promising
C000464,845,3,7246.0,1,4,3,At risk
C008237,406,5,7246.0,2,5,3,At risk
C023659,225,1,7246.0,3,2,3,Needs attention
C024810,131,1,7246.0,4,2,3,New or promising
C003239,768,1,7247.0,1,2,3,Lost
C016352,384,1,7247.0,2,2,3,Lost
C022556,229,2,7247.0,3,3,3,Loyal
C028566,85,3,7247.0,5,4,3,Champions
C031530,36,2,7247.0,5,3,3,Loyal
C001159,863,1,7248.0,1,2,3,Lost
C001322,817,2,7248.0,1,3,3,At risk
C015492,269,2,7248.0,3,3,3,Loyal
C015935,381,2,7248.0,2,3,3,At risk
C003677,578,3,7251.0,1,4,3,At risk
C002953,573,2,7252.0,2,3,3,At risk
C019873,204,4,7256.0,4,5,3,Champions
C001802,822,1,7263.0,1,2,3,Lost
C017147,361,1,7264.0,3,2,3,Needs attention
C024910,203,1,7265.0,4,2,3,New or promising
C024765,207,1,7266.0,4,2,3,New or promising
C031582,79,1,7266.0,5,2,3,New or promising
C001958,810,2,7267.0,1,3,3,At risk
C032700,55,2,7271.0,5,3,3,Loyal
C014305,402,3,7275.0,2,4,3,At risk
C024820,191,2,7276.0,4,3,3,Loyal
C020273,258,2,7278.0,3,3,3,Loyal
C028499,51,2,7280.0,5,3,3,Loyal
C009404,578,1,7282.0,2,2,3,Lost
C027895,13,2,7288.0,5,3,3,Loyal
C009704,531,3,7294.0,2,4,3,At risk
C002958,643,3,7296.0,1,4,3,At risk
C030125,94,1,7296.0,4,2,3,New or promising
C002870,763,2,7297.0,1,3,3,At risk
C002882,723,2,7297.0,1,3,3,At risk
C008073,604,1,7297.0,1,2,3,Lost
C016272,363,1,7297.0,3,2,3,Needs attention
C016484,354,3,7297.0,3,4,3,Loyal
C018364,314,2,7297.0,3,3,3,Loyal
C021040,267,1,7297.0,3,2,3,Needs attention
C022227,247,1,7297.0,3,2,3,Needs attention
C027302,126,3,7297.0,4,4,3,Champions
C027459,109,3,7297.0,4,4,3,Champions
C029191,105,2,7297.0,4,3,3,Loyal
C030569,93,1,7297.0,4,2,3,New or promising
C032239,55,2,7297.0,5,3,3,Loyal
C033324,34,2,7297.0,5,3,3,Loyal
C000002,911,1,7298.0,1,2,3,Lost
C002589,802,1,7298.0,1,2,3,Lost
C003260,776,1,7298.0,1,2,3,Lost
C003678,744,2,7298.0,1,3,3,At risk
C005914,682,1,7298.0,1,2,3,Lost
C007829,614,1,7298.0,1,2,3,Lost
C008176,366,3,7298.0,3,4,3,Loyal
C008512,594,1,7298.0,1,2,3,Lost
C010017,558,1,7298.0,2,2,3,Lost
C010947,537,1,7298.0,2,2,3,Lost
C011621,517,1,7298.0,2,2,3,Lost
C012762,413,2,7298.0,2,3,3,At risk
C013321,360,2,7298.0,3,3,3,Loyal
C016793,262,3,7298.0,3,4,3,Loyal
C019849,251,1,7298.0,3,2,3,Needs attention
C023611,195,2,7298.0,4,3,3,Loyal
C026781,104,1,7298.0,4,2,3,New or promising
C029185,87,2,7298.0,4,3,3,Loyal
C031520,8,2,7298.0,5,3,3,Loyal
C034489,25,1,7298.0,5,2,3,New or promising
C034867,19,1,7298.0,5,2,3,New or promising
C035386,10,1,7298.0,5,2,3,New or promising
C018397,321,1,7306.0,3,2,3,Needs attention
C018496,200,4,7306.0,4,5,3,Champions
C022114,249,1,7307.0,3,2,3,Needs attention
C000886,872,1,7308.0,1,2,3,Lost
C001642,812,2,7308.0,1,3,3,At risk
C023890,217,1,7308.0,3,2,3,Needs attention
C032448,56,1,7308.0,5,2,3,New or promising
C000228,901,1,7309.0,1,2,3,Lost
C001275,858,1,7309.0,1,2,3,Lost
C025754,192,1,7309.0,4,2,3,New or promising
C011216,460,3,7311.0,2,4,3,At risk
C026917,109,3,7311.0,4,4,3,Champions
C032823,50,2,7311.0,5,3,3,Loyal
C020609,281,2,7312.0,3,3,3,Loyal
C010141,554,2,7313.0,2,3,3,At risk
C017467,241,3,7317.0,3,4,3,Loyal
C025178,200,1,7320.0,4,2,3,New or promising
C023977,168,2,7323.0,4,3,3,Loyal
C014838,398,2,7331.0,2,3,3,At risk
C026417,78,2,7332.0,5,3,3,Loyal
C019827,272,2,7345.0,3,3,3,Loyal
C026252,180,1,7345.0,4,2,3,New or promising
C033898,34,1,7345.0,5,2,3,New or promising
C007987,562,3,7346.0,2,4,3,At risk
C008487,596,2,7346.0,1,3,3,At risk
C008804,500,3,7346.0,2,4,3,At risk
C010769,330,3,7346.0,3,4,3,Loyal
C016062,393,1,7346.0,2,2,3,Lost
C027590,154,1,7346.0,4,2,3,New or promising
C033369,39,2,7346.0,5,3,3,Loyal
C002496,791,1,7347.0,1,2,3,Lost
C007899,587,2,7347.0,1,3,3,At risk
C010658,545,1,7347.0,2,2,3,Lost
C011581,518,1,7347.0,2,2,3,Lost
C012644,407,2,7347.0,2,3,3,At risk
C020639,239,1,7347.0,3,2,3,Needs attention
C029156,124,1,7347.0,4,2,3,New or promising
C030793,91,2,7347.0,4,3,3,Loyal
C012645,459,2,7348.0,2,3,3,At risk
C017489,354,1,7348.0,3,2,3,Needs attention
C018378,229,2,7348.0,3,3,3,Loyal
C019938,294,1,7348.0,3,2,3,Needs attention
C026005,72,2,7348.0,5,3,3,Loyal
C009479,573,1,7350.0,2,2,3,Lost
C020702,281,1,7350.0,3,2,3,Needs attention
C027891,106,4,7356.0,4,5,3,Champions
C021535,215,2,7362.0,3,3,3,Loyal
C024600,187,2,7363.0,4,3,3,Loyal
C012383,445,2,7372.0,2,3,3,At risk
C027472,133,2,7373.0,4,3,3,Loyal
C007684,590,2,7375.0,1,3,3,At risk
C006049,672,2,7376.0,1,3,3,At risk
C005353,655,2,7377.0,1,3,3,At risk
C011030,496,2,7383.0,2,3,3,At risk
C010078,564,1,7386.0,2,2,3,Lost
C015072,399,2,7387.0,2,3,3,At risk
C015091,296,3,7387.0,3,4,3,Loyal
C023689,200,2,7387.0,4,3,3,Loyal
C030712,86,2,7389.0,4,3,3,Loyal
C002669,799,1,7391.0,1,2,3,Lost
C001517,848,1,7392.0,1,2,3,Lost
C007001,643,1,7392.0,1,2,3,Lost
C014453,435,1,7392.0,2,2,3,Lost
C016760,373,1,7392.0,2,2,3,Lost
C033932,29,1,7392.0,5,2,3,New or promising
C002398,811,1,7393.0,1,2,3,Lost
C003259,776,1,7393.0,1,2,3,Lost
C015970,393,1,7393.0,2,2,3,Lost
C017918,344,1,7393.0,3,2,3,Needs attention
C025399,199,1,7393.0,4,2,3,New or promising
C026992,167,1,7393.0,4,2,3,New or promising
C031700,77,1,7393.0,5,2,3,New or promising
C034841,16,1,7393.0,5,2,3,New or promising
C001676,841,1,7394.0,1,2,3,Lost
C003789,708,1,7394.0,1,2,3,Lost
C004545,717,1,7394.0,1,2,3,Lost
C009949,463,2,7394.0,2,3,3,At risk
C012175,499,1,7394.0,2,2,3,Lost
C019151,318,1,7394.0,3,2,3,Needs attention
C024952,203,1,7394.0,4,2,3,New or promising
C030359,103,1,7394.0,4,2,3,New or promising
C031576,79,1,7394.0,5,2,3,New or promising
C032024,68,1,7394.0,5,2,3,New or promising
C033363,46,1,7394.0,5,2,3,New or promising
C034852,20,1,7394.0,5,2,3,New or promising
C035343,11,1,7394.0,5,2,3,New or promising
C003473,735,2,7395.0,1,3,3,At risk
C018162,46,5,7395.0,5,5,3,Champions
C021988,248,2,7395.0,3,3,3,Loyal
C002033,817,1,7396.0,1,2,3,Lost
C003268,725,2,7396.0,1,3,3,At risk
C026050,3,2,7396.0,5,3,3,Loyal
C030741,54,2,7396.0,5,3,3,Loyal
C031479,41,3,7396.0,5,4,3,Champions
C005105,679,2,7397.0,1,3,3,At risk
C006818,649,1,7397.0,1,2,3,Lost
C007301,589,3,7397.0,1,4,3,At risk
C010923,381,2,7397.0,2,3,3,At risk
C013962,419,2,7397.0,2,3,3,At risk
C018135,338,1,7397.0,3,2,3,Needs attention
C019191,314,2,7397.0,3,3,3,Loyal
C020342,263,2,7397.0,3,3,3,Loyal
C028134,58,2,7397.0,5,3,3,Loyal
C030773,94,1,7397.0,4,2,3,New or promising
C032792,51,1,7397.0,5,2,3,New or promising
C000437,816,2,7398.0,1,3,3,At risk
C002003,806,2,7398.0,1,3,3,At risk
C002186,797,2,7398.0,1,3,3,At risk
C003061,784,1,7398.0,1,2,3,Lost
C003742,748,2,7398.0,1,3,3,At risk
C008919,590,1,7398.0,1,2,3,Lost
C009660,570,2,7398.0,2,3,3,At risk
C010388,547,1,7398.0,2,2,3,Lost
C010970,529,1,7398.0,2,2,3,Lost
C011441,341,2,7398.0,3,3,3,Loyal
C013840,381,2,7398.0,2,3,3,At risk
C017041,365,1,7398.0,3,2,3,Needs attention
C017809,301,1,7398.0,3,2,3,Needs attention
C018392,334,1,7398.0,3,2,3,Needs attention
C019366,303,1,7398.0,3,2,3,Needs attention
C019642,34,3,7398.0,5,4,3,Champions
C022317,211,2,7398.0,4,3,3,Loyal
C023777,214,1,7398.0,3,2,3,Needs attention
C026361,179,2,7398.0,4,3,3,Loyal
C026564,176,1,7398.0,4,2,3,New or promising
C026829,170,1,7398.0,4,2,3,New or promising
C032248,47,2,7398.0,5,3,3,Loyal
C032359,12,2,7398.0,5,3,3,Loyal
C033323,39,1,7398.0,5,2,3,New or promising
C033405,45,1,7398.0,5,2,3,New or promising
C033594,42,1,7398.0,5,2,3,New or promising
C035148,14,1,7398.0,5,2,3,New or promising
C025207,106,2,7405.0,4,3,3,Loyal
C012969,465,2,7408.0,2,3,3,At risk
C010033,443,2,7409.0,2,3,3,At risk
C006411,538,2,7412.0,2,3,3,At risk
C000701,867,2,7413.0,1,3,3,At risk
C020504,16,3,7416.0,5,4,3,Champions
C010806,471,2,7417.0,2,3,3,At risk
C029401,48,2,7417.0,5,3,3,Loyal
C014227,415,2,7420.0,2,3,3,At risk
C024209,214,1,7430.0,3,2,3,Needs attention
C007960,605,2,7431.0,1,3,3,At risk
C015869,398,1,7435.0,2,2,3,Lost
C012608,487,1,7436.0,2,2,3,Lost
C032733,28,3,7436.0,5,4,3,Champions
C026804,170,2,7437.0,4,3,3,Loyal
C014226,353,4,7440.0,3,5,3,Loyal
C006699,596,3,7443.0,1,4,3,At risk
C001559,732,2,7444.0,1,3,3,At risk
C014280,439,1,7445.0,2,2,3,Lost
C016239,330,2,7445.0,3,3,3,Loyal
C021758,238,3,7445.0,3,4,3,Loyal
C024807,191,2,7445.0,4,3,3,Loyal
C001229,596,3,7446.0,1,4,3,At risk
C015149,272,3,7446.0,3,4,3,Loyal
C005980,680,1,7447.0,1,2,3,Lost
C013551,439,2,7447.0,2,3,3,At risk
C015120,321,3,7447.0,3,4,3,Loyal
C018795,263,2,7447.0,3,3,3,Loyal
C022048,231,2,7447.0,3,3,3,Loyal
C026711,158,2,7447.0,4,3,3,Loyal
C028406,104,2,7447.0,4,3,3,Loyal
C032570,1,2,7447.0,5,3,3,Loyal
C006368,666,1,7448.0,1,2,3,Lost
C015084,419,1,7448.0,2,2,3,Lost
C017966,314,2,7448.0,3,3,3,Loyal
C027812,148,1,7448.0,4,2,3,New or promising
C034690,22,1,7448.0,5,2,3,New or promising
C025005,201,1,7450.0,4,2,3,New or promising
C011123,522,2,7452.0,2,3,3,At risk
C014701,54,3,7452.0,5,4,3,Champions
C028913,104,3,7452.0,4,4,3,Champions
C008680,596,1,7460.0,1,2,3,Lost
C023826,207,2,7461.0,4,3,3,Loyal
C027648,136,2,7461.0,4,3,3,Loyal
C014655,397,3,7462.0,2,4,3,At risk
C029830,86,1,7469.0,4,2,3,New or promising
C011087,533,1,7476.0,2,2,3,Lost
C023128,231,1,7476.0,3,2,3,Needs attention
C015593,405,1,7478.0,2,2,3,Lost
C019617,301,1,7478.0,3,2,3,Needs attention
C028668,134,1,7478.0,4,2,3,New or promising
C029113,122,1,7478.0,4,2,3,New or promising
C032027,60,2,7478.0,5,3,3,Loyal
C023270,132,2,7479.0,4,3,3,Loyal
C024177,208,2,7479.0,4,3,3,Loyal
C022214,111,3,7481.0,4,4,3,Champions
C020162,197,3,7486.0,4,4,3,Champions
C023568,107,5,7493.0,4,5,3,Champions
C000352,863,3,7495.0,1,4,3,At risk
C002317,801,2,7496.0,1,3,3,At risk
C010440,552,1,7496.0,2,2,3,Lost
C012628,476,3,7496.0,2,4,3,At risk
C016941,190,2,7496.0,4,3,3,Loyal
C018564,330,1,7496.0,3,2,3,Needs attention
C009733,571,1,7497.0,2,2,3,Lost
C012338,431,1,7497.0,2,2,3,Lost
C016804,372,1,7497.0,2,2,3,Lost
C022965,221,1,7497.0,3,2,3,Needs attention
C023567,227,1,7497.0,3,2,3,Needs attention
C025414,98,3,7497.0,4,4,3,Champions
C027733,104,2,7497.0,4,3,3,Loyal
C034729,11,1,7497.0,5,2,3,New or promising
C000153,905,1,7498.0,1,2,3,Lost
C001262,759,2,7498.0,1,3,3,At risk
C001657,821,2,7498.0,1,3,3,At risk
C005031,709,1,7498.0,1,2,3,Lost
C006061,650,2,7498.0,1,3,3,At risk
C007999,611,1,7498.0,1,2,3,Lost
C009147,584,1,7498.0,1,2,3,Lost
C010189,561,1,7498.0,2,2,3,Lost
C013707,315,3,7498.0,3,4,3,Loyal
C014915,409,2,7498.0,2,3,3,At risk
C015085,419,1,7498.0,2,2,3,Lost
C015892,347,1,7498.0,3,2,3,Needs attention
C016664,367,1,7498.0,3,2,3,Needs attention
C020853,182,2,7498.0,4,3,3,Loyal
C021610,151,2,7498.0,4,3,3,Loyal
C022631,186,1,7498.0,4,2,3,New or promising
C025942,72,2,7498.0,5,3,3,Loyal
C026277,40,2,7498.0,5,3,3,Loyal
C027769,88,2,7498.0,4,3,3,Loyal
C028707,133,1,7498.0,4,2,3,New or promising
C029099,124,2,7498.0,4,3,3,Loyal
C031815,75,1,7498.0,5,2,3,New or promising
C033395,46,1,7498.0,5,2,3,New or promising
C033780,13,2,7498.0,5,3,3,Loyal
C033962,36,1,7498.0,5,2,3,New or promising
C003654,601,2,7501.0,1,3,3,At risk
C006543,620,2,7502.0,1,3,3,At risk
C002665,796,2,7512.0,1,3,3,At risk
C015681,400,1,7518.0,2,2,3,Lost
C007517,626,1,7519.0,1,2,3,Lost
C029728,103,1,7519.0,4,2,3,New or promising
C032291,66,1,7519.0,5,2,3,New or promising
C009057,565,2,7520.0,2,3,3,At risk
C028984,128,1,7520.0,4,2,3,New or promising
C006660,642,2,7531.0,1,3,3,At risk
C026532,170,2,7532.0,4,3,3,Loyal
C010098,561,2,7533.0,2,3,3,At risk
C024164,201,1,7534.0,4,2,3,New or promising
C014923,399,2,7546.0,2,3,3,At risk
C025636,194,1,7546.0,4,2,3,New or promising
C031797,57,2,7546.0,5,3,3,Loyal
C000255,852,2,7547.0,1,3,3,At risk
C003849,726,2,7547.0,1,3,3,At risk
C004801,613,2,7547.0,1,3,3,At risk
C009746,502,2,7547.0,2,3,3,At risk
C012322,495,1,7547.0,2,2,3,Lost
C023343,118,2,7547.0,4,3,3,Loyal
C031605,45,3,7547.0,5,4,3,Champions
C033862,9,2,7547.0,5,3,3,Loyal
C004750,718,2,7548.0,1,3,3,At risk
C013191,466,1,7548.0,2,2,3,Lost
C017846,263,2,7548.0,3,3,3,Loyal
C025281,200,1,7548.0,4,2,3,New or promising
C031279,81,1,7548.0,5,2,3,New or promising
C034874,15,2,7548.0,5,3,3,Loyal
C028247,77,3,7550.0,5,4,3,Champions
C020103,248,2,7558.0,3,3,3,Loyal
C013358,365,3,7559.0,3,4,3,Loyal
C002270,812,2,7560.0,1,3,3,At risk
C023832,213,1,7560.0,3,2,3,Needs attention
C026970,11,2,7560.0,5,3,3,Loyal
C020825,269,1,7561.0,3,2,3,Needs attention
C014313,438,1,7562.0,2,2,3,Lost
C021054,232,2,7562.0,3,3,3,Loyal
C035263,12,1,7562.0,5,2,3,New or promising
C000695,883,1,7563.0,1,2,3,Lost
C006474,662,1,7563.0,1,2,3,Lost
C011042,534,1,7563.0,2,2,3,Lost
C013871,447,1,7563.0,2,2,3,Lost
C016649,376,1,7563.0,2,2,3,Lost
C024468,213,1,7563.0,3,2,3,Needs attention
C029258,119,1,7563.0,4,2,3,New or promising
C030546,95,1,7563.0,4,2,3,New or promising
C030887,92,1,7563.0,4,2,3,New or promising
C034304,29,1,7563.0,5,2,3,New or promising
C035839,1,1,7563.0,5,2,3,New or promising
C019037,317,1,7564.0,3,2,3,Needs attention
C025977,187,1,7564.0,4,2,3,New or promising
C026196,104,1,7564.0,4,2,3,New or promising
C028432,138,1,7564.0,4,2,3,New or promising
C031093,48,3,7571.0,5,4,3,Champions
C030122,71,2,7572.0,5,3,3,Loyal
C028319,27,2,7576.0,5,3,3,Loyal
C004050,698,2,7582.0,1,3,3,At risk
C018923,321,1,7585.0,3,2,3,Needs attention
C006211,401,3,7590.0,2,4,3,At risk
C009550,522,2,7590.0,2,3,3,At risk
C028461,107,2,7590.0,4,3,3,Loyal
C028666,43,4,7592.0,5,5,3,Champions
C001726,733,3,7594.0,1,4,3,At risk
C006194,39,6,7594.0,5,5,3,Champions
C034259,30,1,7595.0,5,2,3,New or promising
C002935,694,3,7596.0,1,4,3,At risk
C007113,635,1,7596.0,1,2,3,Lost
C012590,464,2,7596.0,2,3,3,At risk
C014412,436,1,7596.0,2,2,3,Lost
C017864,332,2,7596.0,3,3,3,Loyal
C000530,850,2,7597.0,1,3,3,At risk
C003908,698,3,7597.0,1,4,3,At risk
C012491,231,4,7597.0,3,5,3,Loyal
C013888,449,1,7597.0,2,2,3,Lost
C026440,36,2,7597.0,5,3,3,Loyal
C027825,103,2,7597.0,4,3,3,Loyal
C031710,10,2,7597.0,5,3,3,Loyal
C034391,27,1,7597.0,5,2,3,New or promising
C001706,819,2,7598.0,1,3,3,At risk
C002897,790,1,7598.0,1,2,3,Lost
C003049,784,1,7598.0,1,2,3,Lost
C008113,438,2,7598.0,2,3,3,At risk
C008667,594,1,7598.0,1,2,3,Lost
C011750,417,2,7598.0,2,3,3,At risk
C012274,474,1,7598.0,2,2,3,Lost
C013246,466,2,7598.0,2,3,3,At risk
C016068,392,1,7598.0,2,2,3,Lost
C016572,379,1,7598.0,2,2,3,Lost
C016785,351,2,7598.0,3,3,3,Loyal
C018751,222,2,7598.0,3,3,3,Loyal
C019225,317,1,7598.0,3,2,3,Needs attention
C020899,261,2,7598.0,3,3,3,Loyal
C021877,236,2,7598.0,3,3,3,Loyal
C022261,197,3,7598.0,4,4,3,Champions
C024317,203,1,7598.0,4,2,3,New or promising
C025358,196,1,7598.0,4,2,3,New or promising
C027200,163,1,7598.0,4,2,3,New or promising
C030211,103,1,7598.0,4,2,3,New or promising
C031762,46,2,7598.0,5,3,3,Loyal
C032637,36,2,7598.0,5,3,3,Loyal
C035478,6,1,7598.0,5,2,3,New or promising
C018689,320,2,7603.0,3,3,3,Loyal
C025513,98,3,7603.0,4,4,3,Champions
C013677,453,1,7604.0,2,2,3,Lost
C015114,367,2,7605.0,3,3,3,Loyal
C017148,360,1,7605.0,3,2,3,Needs attention
C028484,106,2,7605.0,4,3,3,Loyal
C032507,53,1,7605.0,5,2,3,New or promising
C009406,578,1,7606.0,2,2,3,Lost
C017271,137,2,7607.0,4,3,3,Loyal
C028325,107,2,7607.0,4,3,3,Loyal
C015618,272,3,7612.0,3,4,3,Loyal
C003323,725,2,7613.0,1,3,3,At risk
C029071,48,2,7614.0,5,3,3,Loyal
C028500,4,2,7617.0,5,3,3,Loyal
C009159,564,2,7624.0,2,3,3,At risk
C013479,407,2,7624.0,2,3,3,At risk
C013012,453,3,7627.0,2,4,3,At risk
C022512,196,2,7628.0,4,3,3,Loyal
C032863,24,2,7631.0,5,3,3,Loyal
C010001,565,1,7632.0,2,2,3,Lost
C006827,467,4,7634.0,2,5,3,At risk
C014507,424,2,7642.0,2,3,3,At risk
C013788,378,4,7644.0,2,5,3,At risk
C010810,540,1,7646.0,2,2,3,Lost
C014616,6,4,7646.0,5,5,3,Champions
C016566,328,2,7646.0,3,3,3,Loyal
C028407,109,2,7646.0,4,3,3,Loyal
C028597,132,2,7646.0,4,3,3,Loyal
C030163,105,1,7646.0,4,2,3,New or promising
C035133,15,1,7646.0,5,2,3,New or promising
C004052,658,4,7647.0,1,5,3,At risk
C005864,684,1,7647.0,1,2,3,Lost
C006790,647,1,7647.0,1,2,3,Lost
C007663,596,3,7647.0,1,4,3,At risk
C010723,366,2,7647.0,3,3,3,Loyal
C011988,495,2,7647.0,2,3,3,At risk
C015280,408,2,7647.0,2,3,3,At risk
C017732,316,2,7647.0,3,3,3,Loyal
C018264,332,1,7647.0,3,2,3,Needs attention
C020556,208,2,7647.0,4,3,3,Loyal
C022382,185,2,7647.0,4,3,3,Loyal
C023775,179,3,7647.0,4,4,3,Champions
C026273,181,1,7647.0,4,2,3,New or promising
C028676,134,1,7647.0,4,2,3,New or promising
C029891,109,1,7647.0,4,2,3,New or promising
C031071,77,1,7647.0,5,2,3,New or promising
C031611,6,2,7647.0,5,3,3,Loyal
C001539,841,1,7648.0,1,2,3,Lost
C011676,236,2,7648.0,3,3,3,Loyal
C012965,457,1,7648.0,2,2,3,Lost
C014185,321,3,7648.0,3,4,3,Loyal
C017464,355,1,7648.0,3,2,3,Needs attention
C019528,309,1,7648.0,3,2,3,Needs attention
C031396,82,1,7648.0,5,2,3,New or promising
C033899,37,1,7648.0,5,2,3,New or promising
C000232,897,1,7649.0,1,2,3,Lost
C001997,823,1,7649.0,1,2,3,Lost
C002644,800,1,7649.0,1,2,3,Lost
C003585,762,1,7649.0,1,2,3,Lost
C010898,538,1,7649.0,2,2,3,Lost
C025466,187,1,7649.0,4,2,3,New or promising
C034257,27,1,7649.0,5,2,3,New or promising
C031699,22,3,7652.0,5,4,3,Champions
C014235,364,3,7659.0,3,4,3,Loyal
C028824,111,3,7660.0,4,4,3,Champions
C021571,200,4,7664.0,4,5,3,Champions
C007630,557,2,7668.0,2,3,3,At risk
C017881,320,2,7684.0,3,3,3,Loyal
C024185,204,2,7691.0,4,3,3,Loyal
C028345,108,2,7693.0,4,3,3,Loyal
C005278,617,2,7695.0,1,3,3,At risk
C020807,214,3,7695.0,3,4,3,Loyal
C026662,87,4,7695.0,4,5,3,Champions
C033873,30,2,7695.0,5,3,3,Loyal
C012359,494,1,7696.0,2,2,3,Lost
C020442,277,1,7696.0,3,2,3,Needs attention
C000123,883,2,7697.0,1,3,3,At risk
C000634,826,2,7697.0,1,3,3,At risk
C010294,505,3,7697.0,2,4,3,At risk
C010971,509,3,7697.0,2,4,3,At risk
C022142,44,3,7697.0,5,4,3,Champions
C025430,52,3,7697.0,5,4,3,Champions
C026622,68,2,7697.0,5,3,3,Loyal
C034217,23,2,7697.0,5,3,3,Loyal
C002112,799,2,7698.0,1,3,3,At risk
C003683,725,2,7698.0,1,3,3,At risk
C004162,741,1,7698.0,1,2,3,Lost
C006243,611,2,7698.0,1,3,3,At risk
C007894,614,1,7698.0,1,2,3,Lost
C015529,269,2,7698.0,3,3,3,Loyal
C015658,399,1,7698.0,2,2,3,Lost
C016696,371,1,7698.0,2,2,3,Lost
C019812,283,2,7698.0,3,3,3,Loyal
C021039,253,2,7698.0,3,3,3,Loyal
C024131,215,1,7698.0,3,2,3,Needs attention
C026618,175,1,7698.0,4,2,3,New or promising
C026630,100,2,7698.0,4,3,3,Loyal
C027287,160,1,7698.0,4,2,3,New or promising
C028069,104,2,7698.0,4,3,3,Loyal
C028162,144,1,7698.0,4,2,3,New or promising
C031410,34,1,7698.0,5,2,3,New or promising
C034104,29,1,7698.0,5,2,3,New or promising
C034992,16,2,7698.0,5,3,3,Loyal
C035664,4,2,7698.0,5,3,3,Loyal
C019869,231,4,7699.0,3,5,3,Loyal
C024405,214,1,7708.0,3,2,3,Needs attention
C004323,729,2,7713.0,1,3,3,At risk
C005295,684,2,7715.0,1,3,3,At risk
C004520,725,2,7720.0,1,3,3,At risk
C024049,121,3,7722.0,4,4,3,Champions
C032669,45,2,7723.0,5,3,3,Loyal
C008718,596,1,7729.0,1,2,3,Lost
C005249,700,1,7732.0,1,2,3,Lost
C007198,636,1,7732.0,1,2,3,Lost
C006664,653,1,7733.0,1,2,3,Lost
C011881,486,1,7733.0,2,2,3,Lost
C013995,447,1,7733.0,2,2,3,Lost
C004505,728,1,7734.0,1,2,3,Lost
C011341,524,1,7734.0,2,2,3,Lost
C027178,163,1,7734.0,4,2,3,New or promising
C021095,231,3,7736.0,3,4,3,Loyal
C010897,536,1,7745.0,2,2,3,Lost
C030195,105,1,7746.0,4,2,3,New or promising
C009100,585,1,7747.0,1,2,3,Lost
C012434,452,2,7747.0,2,3,3,At risk
C012875,479,1,7747.0,2,2,3,Lost
C014157,437,1,7747.0,2,2,3,Lost
C015991,394,1,7747.0,2,2,3,Lost
C016843,274,2,7747.0,3,3,3,Loyal
C017992,279,3,7747.0,3,4,3,Loyal
C018112,306,3,7747.0,3,4,3,Loyal
C018204,336,2,7747.0,3,3,3,Loyal
C021626,196,2,7747.0,4,3,3,Loyal
C005400,651,2,7748.0,1,3,3,At risk
C013467,462,1,7748.0,2,2,3,Lost
C028446,6,2,7748.0,5,3,3,Loyal
C008860,527,2,7757.0,2,3,3,At risk
C019107,319,1,7760.0,3,2,3,Needs attention
C024682,150,2,7762.0,4,3,3,Loyal
C019471,288,2,7767.0,3,3,3,Loyal
C008067,464,3,7771.0,2,4,3,At risk
C007149,613,3,7774.0,1,4,3,At risk
C014213,440,2,7775.0,2,3,3,At risk
C026554,105,3,7782.0,4,4,3,Champions
C030094,106,1,7782.0,4,2,3,New or promising
C016084,360,2,7783.0,3,3,3,Loyal
C013402,417,2,7787.0,2,3,3,At risk
C026543,140,2,7788.0,4,3,3,Loyal
C006955,639,2,7795.0,1,3,3,At risk
C012496,143,4,7795.0,4,5,3,Champions
C019297,304,1,7795.0,3,2,3,Needs attention
C030622,78,3,7795.0,5,4,3,Champions
C006262,615,3,7796.0,1,4,3,At risk
C010410,517,3,7796.0,2,4,3,At risk
C013845,341,3,7796.0,3,4,3,Loyal
C014193,431,2,7796.0,2,3,3,At risk
C028241,68,3,7796.0,5,4,3,Champions
C028608,136,1,7796.0,4,2,3,New or promising
C029680,107,2,7796.0,4,3,3,Loyal
C001047,867,1,7797.0,1,2,3,Lost
C002660,799,1,7797.0,1,2,3,Lost
C004884,695,2,7797.0,1,3,3,At risk
C004988,682,2,7797.0,1,3,3,At risk
C006247,652,2,7797.0,1,3,3,At risk
C007238,591,2,7797.0,1,3,3,At risk
C011708,443,3,7797.0,2,4,3,At risk
C013116,354,2,7797.0,3,3,3,Loyal
C013943,376,2,7797.0,2,3,3,At risk
C014922,386,2,7797.0,2,3,3,At risk
C015374,226,4,7797.0,3,5,3,Loyal
C017976,343,1,7797.0,3,2,3,Needs attention
C022880,208,2,7797.0,4,3,3,Loyal
C023757,209,1,7797.0,4,2,3,New or promising
C029304,106,2,7797.0,4,3,3,Loyal
C031383,40,2,7797.0,5,3,3,Loyal
C034274,19,2,7797.0,5,3,3,Loyal
C000560,888,1,7798.0,1,2,3,Lost
C001447,851,1,7798.0,1,2,3,Lost
C004327,692,1,7798.0,1,2,3,Lost
C006078,359,2,7798.0,3,3,3,Loyal
C006259,670,1,7798.0,1,2,3,Lost
C007636,524,3,7798.0,2,4,3,At risk
C010123,563,1,7798.0,2,2,3,Lost
C010169,562,1,7798.0,2,2,3,Lost
C011462,493,2,7798.0,2,3,3,At risk
C011913,353,2,7798.0,3,3,3,Loyal
C012781,463,2,7798.0,2,3,3,At risk
C013747,455,1,7798.0,2,2,3,Lost
C014015,329,2,7798.0,3,4,3,Loyal
C018655,327,1,7798.0,3,2,3,Needs attention
C020061,297,1,7798.0,3,2,3,Needs attention
C020982,217,2,7798.0,3,4,3,Loyal
C022581,231,1,7798.0,3,2,3,Needs attention
C024237,212,1,7798.0,3,2,3,Needs attention
C024579,154,3,7798.0,4,4,3,Champions
C026025,156,1,7798.0,4,2,3,New or promising
C026506,111,3,7798.0,4,4,3,Champions
C029149,124,1,7798.0,4,2,3,New or promising
C030960,39,2,7798.0,5,4,3,Champions
C031845,6,2,7798.0,5,4,3,Champions
C032590,11,2,7798.0,5,4,3,Champions
C032852,19,2,7798.0,5,4,3,Champions
C033598,1,2,7798.0,5,4,3,Champions
C034310,21,2,7798.0,5,4,3,Champions
C035048,13,1,7798.0,5,2,3,New or promising
C017022,300,2,7805.0,3,4,3,Loyal
C020614,124,4,7805.0,4,5,3,Champions
C003724,563,3,7808.0,2,4,3,At risk
C015300,391,2,7811.0,2,4,3,At risk
C008784,586,2,7812.0,1,4,3,At risk
C018697,308,2,7816.0,3,4,3,Loyal
C027474,157,1,7817.0,4,2,3,New or promising
C028830,72,1,7817.0,5,2,3,New or promising
C030147,1,2,7817.0,5,4,3,Champions
C030623,97,1,7817.0,4,2,3,New or promising
C006659,573,3,7818.0,2,4,3,At risk
C021771,221,1,7818.0,3,2,3,Needs attention
C031453,81,1,7818.0,5,2,3,New or promising
C002412,810,1,7819.0,1,2,3,Lost
C002711,794,1,7819.0,1,2,3,Lost
C003044,785,1,7819.0,1,2,3,Lost
C003151,774,2,7819.0,1,4,3,At risk
C003757,756,1,7819.0,1,2,3,Lost
C004610,725,1,7819.0,1,2,3,Lost
C005481,693,1,7819.0,1,2,3,Lost
C005976,680,1,7819.0,1,2,3,Lost
C006987,643,1,7819.0,1,2,3,Lost
C007233,626,1,7819.0,1,2,3,Lost
C007541,577,2,7819.0,2,4,3,At risk
C007678,620,1,7819.0,1,2,3,Lost
C008741,593,1,7819.0,1,2,3,Lost
C012243,458,1,7819.0,2,2,3,Lost
C013008,475,1,7819.0,2,2,3,Lost
C014352,425,1,7819.0,2,2,3,Lost
C015400,411,1,7819.0,2,2,3,Lost
C015434,407,1,7819.0,2,2,3,Lost
C015880,393,1,7819.0,2,2,3,Lost
C016054,393,1,7819.0,2,2,3,Lost
C016245,388,1,7819.0,2,2,3,Lost
C018645,328,1,7819.0,3,2,3,Needs attention
C018720,326,1,7819.0,3,2,3,Needs attention
C020096,291,1,7819.0,3,2,3,Needs attention
C020885,277,1,7819.0,3,2,3,Needs attention
C021404,264,1,7819.0,3,2,3,Needs attention
C021558,233,2,7819.0,3,4,3,Loyal
C024700,207,1,7819.0,4,2,3,New or promising
C025052,194,1,7819.0,4,2,3,New or promising
C025452,198,1,7819.0,4,2,3,New or promising
C027246,162,1,7819.0,4,2,3,New or promising
C028166,143,1,7819.0,4,2,3,New or promising
C030169,72,1,7819.0,5,2,3,New or promising
C030384,102,1,7819.0,4,2,3,New or promising
C032043,71,1,7819.0,5,2,3,New or promising
C034616,23,1,7819.0,5,2,3,New or promising
C035566,7,1,7819.0,5,2,3,New or promising
C012665,460,2,7821.0,2,4,3,At risk
C002445,779,2,7823.0,1,4,3,At risk
C002643,587,2,7826.0,1,4,3,At risk
C001963,610,2,7828.0,1,4,3,At risk
C012545,473,1,7828.0,2,2,3,Lost
C013534,461,1,7828.0,2,2,3,Lost
C028987,128,1,7829.0,4,2,3,New or promising
C030089,106,1,7829.0,4,2,3,New or promising
C033424,33,2,7832.0,5,4,3,Champions
C021195,200,4,7835.0,4,5,3,Champions
C003280,750,2,7836.0,1,4,3,At risk
C017848,286,2,7843.0,3,4,3,Loyal
C025032,153,2,7845.0,4,4,3,Champions
C029563,63,4,7845.0,5,5,3,Champions
C020738,234,2,7846.0,3,4,3,Loyal
C026845,134,2,7846.0,4,4,3,Champions
C028269,100,3,7846.0,4,4,3,Champions
C029336,110,2,7846.0,4,4,3,Champions
C000350,761,2,7847.0,1,4,3,At risk
C002834,784,1,7847.0,1,2,3,Lost
C003238,646,2,7847.0,1,4,3,At risk
C007259,593,3,7847.0,1,4,3,At risk
C010267,471,1,7847.0,2,2,3,Lost
C013520,461,1,7847.0,2,2,3,Lost
C016156,373,1,7847.0,2,2,3,Lost
C018479,226,3,7847.0,3,4,3,Loyal
C025848,88,2,7847.0,4,4,3,Champions
C029773,72,3,7847.0,5,4,3,Champions
C034060,12,1,7847.0,5,2,3,New or promising
C000172,896,1,7848.0,1,2,3,Lost
C006284,639,1,7848.0,1,2,3,Lost
C010819,527,2,7848.0,2,4,3,At risk
C028669,113,2,7849.0,4,4,3,Champions
C016805,372,1,7858.0,2,2,3,Lost
C026993,130,2,7859.0,4,4,3,Champions
C033115,51,1,7859.0,5,2,3,New or promising
C029752,102,2,7863.0,4,4,3,Champions
C019057,306,2,7870.0,3,4,3,Loyal
C031543,67,2,7871.0,5,4,3,Champions
C002831,779,2,7872.0,1,4,3,At risk
C016130,387,2,7886.0,2,4,3,At risk
C013276,368,2,7888.0,3,4,3,Loyal
C002242,747,2,7896.0,1,4,3,At risk
C017640,318,2,7896.0,3,4,3,Loyal
C032365,24,3,7896.0,5,4,3,Champions
C034134,10,2,7896.0,5,4,3,Champions
C001548,653,3,7897.0,1,4,3,At risk
C003345,744,2,7897.0,1,4,3,At risk
C003504,765,1,7897.0,1,2,3,Lost
C010015,551,1,7897.0,2,2,3,Lost
C013617,385,2,7897.0,2,4,3,At risk
C033556,3,2,7897.0,5,4,3,Champions
C035192,9,2,7897.0,5,4,3,Champions
C002137,819,1,7898.0,1,2,3,Lost
C002900,790,1,7898.0,1,2,3,Lost
C003277,774,2,7898.0,1,4,3,At risk
C004628,670,3,7898.0,1,4,3,At risk
C004716,720,1,7898.0,1,2,3,Lost
C004893,474,3,7898.0,2,4,3,At risk
C005027,710,1,7898.0,1,2,3,Lost
C007603,540,2,7898.0,2,4,3,At risk
C009132,524,2,7898.0,2,4,3,At risk
C010490,551,1,7898.0,2,2,3,Lost
C012888,458,2,7898.0,2,4,3,At risk
C013316,455,1,7898.0,2,2,3,Lost
C015635,404,1,7898.0,2,2,3,Lost
C016887,323,2,7898.0,3,4,3,Loyal
C020465,286,1,7898.0,3,2,3,Needs attention
C021052,262,2,7898.0,3,4,3,Loyal
C022197,205,2,7898.0,4,4,3,Champions
C023521,204,2,7898.0,4,4,3,Champions
C028170,132,2,7898.0,4,4,3,Champions
C033682,41,1,7898.0,5,2,3,New or promising
C034933,18,1,7898.0,5,2,3,New or promising
C025211,200,1,7899.0,4,2,3,New or promising
C004352,734,1,7902.0,1,2,3,Lost
C025965,186,1,7902.0,4,2,3,New or promising
C000384,854,1,7903.0,1,2,3,Lost
C003243,771,1,7903.0,1,2,3,Lost
C012646,381,2,7903.0,2,4,3,At risk
C004721,706,2,7923.0,1,4,3,At risk
C017936,85,2,7928.0,4,4,3,Champions
C012033,481,2,7932.0,2,4,3,At risk
C017294,218,4,7940.0,3,5,3,Loyal
C018546,60,4,7943.0,5,5,3,Champions
C001965,820,1,7945.0,1,2,3,Lost
C003625,382,3,7945.0,2,4,3,At risk
C007368,631,1,7945.0,1,2,3,Lost
C031324,72,1,7945.0,5,2,3,New or promising
C003175,723,3,7946.0,1,4,3,At risk
C017718,349,1,7947.0,3,2,3,Needs attention
C018036,156,2,7947.0,4,4,3,Champions
C029260,71,2,7947.0,5,4,3,Champions
C030373,35,2,7947.0,5,4,3,Champions
C031426,26,2,7947.0,5,4,3,Champions
C032149,7,4,7947.0,5,5,3,Champions
C034577,24,1,7947.0,5,2,3,New or promising
C008130,541,2,7948.0,2,4,3,At risk
C009266,580,1,7948.0,1,2,3,Lost
C020420,213,3,7948.0,3,4,3,Loyal
C019582,258,2,7951.0,3,4,3,Loyal
C020653,219,3,7961.0,3,4,3,Loyal
C001385,793,3,7962.0,1,4,3,At risk
C029330,120,1,7962.0,4,2,3,New or promising
C005259,685,3,7967.0,1,4,3,At risk
C011370,444,2,7968.0,2,4,3,At risk
C029128,102,2,7968.0,4,4,3,Champions
C032799,52,2,7969.0,5,4,3,Champions
C022943,221,2,7972.0,3,4,3,Loyal
C004867,648,3,7974.0,1,4,3,At risk
C006759,565,3,7975.0,2,4,3,At risk
C024985,184,3,7975.0,4,4,3,Champions
C009761,505,3,7981.0,2,4,3,At risk
C017137,298,3,7982.0,3,4,3,Loyal
C021392,231,2,7983.0,3,4,3,Loyal
C023044,200,2,7984.0,4,4,3,Champions
C023845,208,2,7984.0,4,4,3,Champions
C006457,644,1,7986.0,1,2,3,Lost
C020097,296,1,7986.0,3,2,3,Needs attention
C028002,108,2,7986.0,4,4,3,Champions
C003870,751,1,7987.0,1,2,3,Lost
C000371,897,1,7988.0,1,2,3,Lost
C002599,802,1,7988.0,1,2,3,Lost
C020508,285,1,7988.0,3,2,3,Needs attention
C032447,49,1,7988.0,5,2,3,New or promising
C016356,214,3,7989.0,3,4,3,Loyal
C017226,361,1,7989.0,3,2,3,Needs attention
C019050,314,1,7989.0,3,2,3,Needs attention
C021754,257,1,7989.0,3,2,3,Needs attention
C021813,255,1,7989.0,3,2,3,Needs attention
C017833,307,2,7994.0,3,4,3,Loyal
C025039,201,1,7995.0,4,2,3,New or promising
C001368,789,2,7996.0,1,4,3,At risk
C002640,708,3,7996.0,1,4,3,At risk
C003587,728,3,7996.0,1,4,3,At risk
C006472,625,2,7996.0,1,4,3,At risk
C010121,527,2,7996.0,2,4,3,At risk
C017418,243,2,7996.0,3,4,3,Loyal
C020866,265,2,7996.0,3,4,3,Loyal
C027730,73,3,7996.0,5,4,3,Champions
C004048,746,1,7997.0,1,2,3,Lost
C004631,721,1,7997.0,1,2,3,Lost
C005452,460,3,7997.0,2,4,3,At risk
C008201,524,2,7997.0,2,4,3,At risk
C014981,383,2,7997.0,2,4,3,At risk
C019861,249,3,7997.0,3,4,3,Loyal
C021220,240,2,7997.0,3,4,3,Loyal
C025565,195,1,7997.0,4,2,3,New or promising
C030615,68,2,7997.0,5,4,3,Champions
C030670,30,2,7997.0,5,4,3,Champions
C031547,70,2,7997.0,5,4,3,Champions
C001334,846,2,7998.0,1,4,3,At risk
C001795,447,2,7998.0,2,4,3,At risk
C002194,816,1,7998.0,1,2,3,Lost
C004234,739,1,7998.0,1,2,3,Lost
C004465,730,1,7998.0,1,2,3,Lost
C005888,663,1,7998.0,1,2,3,Lost
C007247,635,1,7998.0,1,2,3,Lost
C007949,578,1,7998.0,2,2,3,Lost
C009350,564,1,7998.0,2,2,3,Lost
C009793,569,1,7998.0,2,2,3,Lost
C009989,560,1,7998.0,2,2,3,Lost
C010282,1,2,7998.0,5,4,3,Champions
C010354,555,1,7998.0,2,2,3,Lost
C011439,514,1,7998.0,2,2,3,Lost
C012321,403,1,7998.0,2,2,3,Lost
C012671,486,1,7998.0,2,2,3,Lost
C014261,439,1,7998.0,2,2,3,Lost
C014729,428,1,7998.0,2,2,3,Lost
C015920,382,2,7998.0,2,4,3,At risk
C016917,326,1,7998.0,3,2,3,Needs attention
C017063,284,2,7998.0,3,4,3,Loyal
C017079,365,1,7998.0,3,2,3,Needs attention
C018124,340,1,7998.0,3,2,3,Needs attention
C018638,328,1,7998.0,3,2,3,Needs attention
C018760,294,2,7998.0,3,4,3,Loyal
C019700,293,1,7998.0,3,2,3,Needs attention
C019744,267,3,7998.0,3,4,3,Loyal
C020295,291,1,7998.0,3,2,3,Needs attention
C020857,256,1,7998.0,3,2,3,Needs attention
C021174,265,1,7998.0,3,2,3,Needs attention
C021757,257,1,7998.0,3,2,3,Needs attention
C021802,123,1,7998.0,4,2,3,New or promising
C021899,229,2,7998.0,3,4,3,Loyal
C023101,221,2,7998.0,3,4,3,Loyal
C023117,226,1,7998.0,3,2,3,Needs attention
C023426,230,1,7998.0,3,2,3,Needs attention
C023575,225,1,7998.0,3,2,3,Needs attention
C024812,204,1,7998.0,4,2,3,New or promising
C025347,161,1,7998.0,4,2,3,New or promising
C026307,181,1,7998.0,4,2,3,New or promising
C027961,106,1,7998.0,4,2,3,New or promising
C027978,147,1,7998.0,4,2,3,New or promising
C028144,93,1,7998.0,4,2,3,New or promising
C028903,94,2,7998.0,4,4,3,Champions
C028975,30,3,7998.0,5,4,3,Champions
C030265,91,2,7998.0,4,4,3,Champions
C030645,90,1,7998.0,4,2,3,New or promising
C030784,94,1,7998.0,4,2,3,New or promising
C032495,31,2,7998.0,5,4,3,Champions
C032559,61,1,7998.0,5,2,3,New or promising
C032874,55,1,7998.0,5,2,3,New or promising
C032900,3,2,7998.0,5,4,3,Champions
C033070,52,1,7998.0,5,2,3,New or promising
C033190,50,1,7998.0,5,2,3,New or promising
C033262,31,1,7998.0,5,2,3,New or promising
C033426,45,1,7998.0,5,2,3,New or promising
C033875,37,1,7998.0,5,2,3,New or promising
C033963,36,1,7998.0,5,2,3,New or promising
C034407,27,1,7998.0,5,2,3,New or promising
C035508,1,2,7998.0,5,4,3,Champions
C035509,8,1,7998.0,5,2,3,New or promising
C009317,579,1,7999.0,1,2,3,Lost
C019625,307,1,7999.0,3,2,3,Needs attention
C005468,692,2,8000.0,1,4,3,At risk
C014083,411,2,8000.0,2,4,3,At risk
C021573,207,3,8004.0,4,4,3,Champions
C009308,330,3,8006.0,3,4,3,Loyal
C026948,129,4,8007.0,4,5,3,Champions
C021996,231,2,8016.0,3,4,3,Loyal
C022958,232,1,8018.0,3,2,3,Needs attention
C022659,201,2,8028.0,4,4,3,Champions
C010336,556,1,8030.0,2,2,3,Lost
C016407,383,1,8030.0,2,2,3,Lost
C010640,484,2,8032.0,2,4,3,At risk
C023408,230,1,8032.0,3,2,3,Needs attention
C002202,728,3,8042.0,1,4,3,At risk
C022547,136,2,8043.0,4,4,3,Champions
C025020,191,2,8043.0,4,4,3,Champions
C034167,31,1,8044.0,5,2,3,New or promising
C028607,88,2,8045.0,4,4,3,Champions
C001633,727,1,8046.0,1,2,3,Lost
C007118,595,3,8046.0,1,4,3,At risk
C026169,183,1,8046.0,4,2,3,New or promising
C027942,78,4,8046.0,5,5,3,Champions
C000185,864,2,8047.0,1,4,3,At risk
C013712,457,1,8047.0,2,2,3,Lost
C015905,255,1,8047.0,3,2,3,Needs attention
C016208,388,1,8047.0,2,2,3,Lost
C021498,196,2,8047.0,4,4,3,Champions
C022849,234,1,8047.0,3,2,3,Needs attention
C026479,162,2,8047.0,4,4,3,Champions
C028153,144,1,8047.0,4,2,3,New or promising
C004296,512,2,8048.0,2,4,3,At risk
C024038,217,1,8048.0,3,2,3,Needs attention
C033021,41,2,8048.0,5,4,3,Champions
C035212,13,1,8048.0,5,2,3,New or promising
C024174,200,2,8049.0,4,4,3,Champions
C032152,52,3,8050.0,5,4,3,Champions
C007790,571,2,8053.0,2,4,3,At risk
C023097,113,3,8054.0,4,4,3,Champions
C005262,632,2,8056.0,1,4,3,At risk
C008751,595,1,8059.0,1,2,3,Lost
C020594,280,3,8061.0,3,4,3,Loyal
C031618,32,2,8062.0,5,4,3,Champions
C021436,231,2,8064.0,3,4,3,Loyal
C003376,767,1,8071.0,1,2,3,Lost
C021164,214,4,8071.0,3,5,3,Loyal
C022852,214,2,8071.0,3,4,3,Loyal
C032544,62,1,8071.0,5,2,3,New or promising
C001988,822,1,8072.0,1,2,3,Lost
C006816,630,1,8073.0,1,2,3,Lost
C013283,466,1,8073.0,2,2,3,Lost
C033850,38,1,8073.0,5,2,3,New or promising
C000529,883,1,8074.0,1,2,3,Lost
C003959,749,1,8074.0,1,2,3,Lost
C004493,729,1,8074.0,1,2,3,Lost
C004934,713,1,8074.0,1,2,3,Lost
C008651,596,1,8074.0,1,2,3,Lost
C008858,593,1,8074.0,1,2,3,Lost
C009585,565,1,8074.0,2,2,3,Lost
C011313,287,1,8074.0,3,2,3,Needs attention
C015813,400,1,8074.0,2,2,3,Lost
C016791,358,1,8074.0,3,2,3,Needs attention
C017376,357,1,8074.0,3,2,3,Needs attention
C019158,318,1,8074.0,3,2,3,Needs attention
C020307,222,3,8074.0,3,4,3,Loyal
C021523,260,1,8074.0,3,2,3,Needs attention
C022097,250,1,8074.0,3,2,3,Needs attention
C023805,222,1,8074.0,3,2,3,Needs attention
C024430,196,1,8074.0,4,2,3,New or promising
C029124,125,1,8074.0,4,2,3,New or promising
C032464,59,1,8074.0,5,2,3,New or promising
C009211,528,2,8082.0,2,4,3,At risk
C013968,328,2,8087.0,3,4,3,Loyal
C003647,748,2,8092.0,1,4,3,At risk
C032704,11,3,8093.0,5,4,3,Champions
C022440,174,2,8095.0,4,4,3,Champions
C023470,219,2,8095.0,3,4,3,Loyal
C013761,441,1,8096.0,2,2,3,Lost
C023828,209,1,8096.0,4,2,3,New or promising
C002860,676,3,8097.0,1,4,3,At risk
C005122,702,1,8097.0,1,2,3,Lost
C008456,557,2,8097.0,2,4,3,At risk
C011359,487,2,8097.0,2,4,3,At risk
C013414,415,2,8097.0,2,4,3,At risk
C023780,212,2,8097.0,3,4,3,Loyal
C028554,136,1,8097.0,4,2,3,New or promising
C029231,87,2,8097.0,4,4,3,Champions
C000563,844,2,8098.0,1,4,3,At risk
C004521,728,1,8098.0,1,2,3,Lost
C004926,603,2,8098.0,1,4,3,At risk
C007052,631,1,8098.0,1,2,3,Lost
C008015,316,2,8098.0,3,4,3,Loyal
C009049,497,2,8098.0,2,4,3,At risk
C012266,493,2,8098.0,2,4,3,At risk
C016037,226,2,8098.0,3,4,3,Loyal
C017657,164,2,8098.0,4,4,3,Champions
C018406,332,2,8098.0,3,4,3,Loyal
C018736,319,1,8098.0,3,2,3,Needs attention
C021972,251,1,8098.0,3,2,3,Needs attention
C022372,244,1,8098.0,3,2,3,Needs attention
C023874,188,2,8098.0,4,4,3,Champions
C024250,181,1,8098.0,4,2,3,New or promising
C026682,173,1,8098.0,4,2,3,New or promising
C030007,107,1,8098.0,4,2,3,New or promising
C030694,76,1,8098.0,5,2,3,New or promising
C032578,30,2,8098.0,5,4,3,Champions
C035304,11,1,8098.0,5,2,3,New or promising
C035350,9,2,8098.0,5,4,3,Champions
C002878,792,1,8099.0,1,2,3,Lost
C015722,399,1,8099.0,2,2,3,Lost
C018116,340,1,8099.0,3,2,3,Needs attention
C018177,338,1,8099.0,3,2,3,Needs attention
C030267,104,1,8099.0,4,2,3,New or promising
C030790,94,1,8099.0,4,2,3,New or promising
C034106,33,1,8099.0,5,2,3,New or promising
C035358,11,1,8099.0,5,2,3,New or promising
C021035,190,1,8100.0,4,2,3,New or promising
C015689,391,2,8109.0,2,4,3,At risk
C029946,45,2,8112.0,5,4,3,Champions
C007294,492,2,8113.0,2,4,3,At risk
C012320,118,3,8113.0,4,4,3,Champions
C034967,18,1,8114.0,5,2,3,New or promising
C008283,487,2,8129.0,2,4,3,At risk
C023370,214,2,8138.0,3,4,3,Loyal
C025669,180,2,8138.0,4,4,3,Champions
C018483,301,2,8145.0,3,4,3,Loyal
C001999,744,3,8146.0,1,4,3,At risk
C005453,661,2,8146.0,1,4,3,At risk
C005915,682,1,8146.0,1,2,3,Lost
C008832,594,1,8146.0,1,2,3,Lost
C011903,507,2,8146.0,2,4,3,At risk
C013735,451,1,8146.0,2,2,3,Lost
C014899,376,3,8146.0,2,4,3,At risk
C017018,303,3,8146.0,3,4,3,Loyal
C031084,29,2,8146.0,5,4,3,Champions
C011845,505,1,8147.0,2,2,3,Lost
C016154,374,2,8147.0,2,4,3,At risk
C016378,350,2,8147.0,3,4,3,Loyal
C018641,147,2,8147.0,4,4,3,Champions
C028617,26,2,8147.0,5,4,3,Champions
C033617,33,1,8147.0,5,2,3,New or promising
C005479,673,2,8148.0,1,4,3,At risk
C031145,87,1,8148.0,4,2,3,New or promising
C031466,78,2,8148.0,5,4,3,Champions
C034129,2,2,8148.0,5,4,3,Champions
C002533,805,1,8157.0,1,2,3,Lost
C023199,231,1,8157.0,3,2,3,Needs attention
C025919,188,1,8157.0,4,2,3,New or promising
C030174,101,1,8157.0,4,2,3,New or promising
C030214,105,1,8157.0,4,2,3,New or promising
C031830,75,1,8157.0,5,2,3,New or promising
C032382,62,1,8157.0,5,2,3,New or promising
C032699,35,3,8157.0,5,4,3,Champions
C033554,43,1,8157.0,5,2,3,New or promising
C012076,503,1,8158.0,2,2,3,Lost
C014600,431,1,8158.0,2,2,3,Lost
C016101,383,1,8158.0,2,2,3,Lost
C024976,200,1,8158.0,4,2,3,New or promising
C027111,54,3,8159.0,5,4,3,Champions
C033079,9,2,8162.0,5,4,3,Champions
C017806,320,2,8164.0,3,4,3,Loyal
C005751,673,2,8166.0,1,4,3,At risk
C028657,8,2,8167.0,5,4,3,Champions
C022778,152,4,8168.0,4,5,3,Champions
C023350,106,4,8168.0,4,5,3,Champions
C009610,566,2,8169.0,2,4,3,At risk
C018734,318,2,8178.0,3,4,3,Loyal
C032362,22,3,8178.0,5,4,3,Champions
C019176,316,2,8186.0,3,4,3,Loyal
C013331,420,3,8187.0,2,4,3,At risk
C024368,214,1,8192.0,3,3,3,Loyal
C020870,200,4,8194.0,4,5,3,Champions
C024036,134,4,8194.0,4,5,3,Champions
C026627,14,3,8195.0,5,4,3,Champions
C027460,126,2,8195.0,4,4,3,Champions
C031042,50,2,8195.0,5,4,3,Champions
C007049,632,2,8196.0,1,4,3,At risk
C008735,571,2,8196.0,2,4,3,At risk
C010345,491,3,8196.0,2,4,3,At risk
C022867,135,4,8196.0,4,5,3,Champions
C028214,10,4,8196.0,5,5,3,Champions
C030961,90,1,8196.0,4,3,3,Loyal
C032531,62,1,8196.0,5,3,3,Loyal
C034926,16,2,8196.0,5,4,3,Champions
C001186,862,1,8197.0,1,3,3,At risk
C006275,608,1,8197.0,1,3,3,At risk
C006696,574,2,8197.0,2,4,3,At risk
C019694,288,2,8197.0,3,4,3,Loyal
C025863,42,3,8197.0,5,4,3,Champions
C027990,55,2,8197.0,5,4,3,Champions
C029308,103,2,8197.0,4,4,3,Champions
C001329,851,1,8198.0,1,3,3,At risk
C002060,821,1,8198.0,1,3,3,At risk
C002819,779,2,8198.0,1,4,3,At risk
C004855,700,2,8198.0,1,4,3,At risk
C007905,598,2,8198.0,1,4,3,At risk
C008210,592,2,8198.0,1,4,3,At risk
C008917,591,1,8198.0,1,3,3,At risk
C013708,457,1,8198.0,2,3,3,At risk
C014994,330,2,8198.0,3,4,3,Loyal
C015664,402,1,8198.0,2,3,3,At risk
C015785,399,1,8198.0,2,3,3,At risk
C016993,365,1,8198.0,3,3,3,Loyal
C017524,317,2,8198.0,3,4,3,Loyal
C019183,290,1,8198.0,3,3,3,Loyal
C021614,260,1,8198.0,3,3,3,Loyal
C024374,214,1,8198.0,3,3,3,Loyal
C024539,212,1,8198.0,4,3,3,Loyal
C024664,209,1,8198.0,4,3,3,Loyal
C025275,194,1,8198.0,4,3,3,Loyal
C034886,16,3,8198.0,5,4,3,Champions
C029995,95,1,8199.0,4,3,3,Loyal
C006534,660,1,8200.0,1,3,3,At risk
C012092,209,4,8201.0,4,5,3,Champions
C010361,74,2,8202.0,5,4,3,Champions
C008504,590,2,8213.0,1,4,3,At risk
C009911,565,2,8226.0,2,4,3,At risk
C021935,177,3,8231.0,4,4,3,Champions
C014842,425,1,8240.0,2,3,3,At risk
C027509,87,1,8240.0,4,3,3,Loyal
C031291,84,1,8242.0,5,3,3,Loyal
C009799,569,1,8243.0,2,3,3,At risk
C020012,298,1,8243.0,3,3,3,Loyal
C025694,173,1,8243.0,4,3,3,Loyal
C000795,848,3,8245.0,1,4,3,At risk
C002757,744,1,8246.0,1,3,3,At risk
C010586,505,2,8246.0,2,4,3,At risk
C011939,506,1,8246.0,2,3,3,At risk
C022813,184,3,8246.0,4,4,3,Champions
C004529,573,3,8247.0,2,4,3,At risk
C005053,543,3,8247.0,2,4,3,At risk
C014065,369,4,8247.0,2,5,3,At risk
C014515,383,2,8247.0,2,4,3,At risk
C016337,377,2,8247.0,2,4,3,At risk
C025990,169,2,8247.0,4,4,3,Champions
C026782,153,2,8247.0,4,4,3,Champions
C026995,97,4,8247.0,4,5,3,Champions
C027473,1,2,8247.0,5,4,3,Champions
C029479,91,3,8247.0,4,4,3,Champions
C030177,42,2,8247.0,5,4,3,Champions
C031962,21,2,8247.0,5,4,3,Champions
C031069,86,2,8248.0,4,4,3,Champions
C015728,211,2,8252.0,4,4,3,Champions
C000105,755,4,8260.0,1,5,3,At risk
C028403,105,3,8262.0,4,4,3,Champions
C013745,452,2,8263.0,2,4,3,At risk
C005756,685,1,8267.0,1,3,3,At risk
C020953,249,2,8267.0,3,4,3,Loyal
C030379,60,2,8278.0,5,4,3,Champions
C012569,485,1,8279.0,2,3,3,At risk
C029885,109,1,8279.0,4,3,3,Loyal
C019074,291,2,8282.0,3,4,3,Loyal
C005018,674,3,8283.0,1,4,3,At risk
C003244,773,1,8285.0,1,3,3,At risk
C005532,692,1,8285.0,1,3,3,At risk
C010615,545,1,8285.0,2,3,3,At risk
C016535,379,1,8285.0,2,3,3,At risk
C013135,467,1,8286.0,2,3,3,At risk
C013345,350,5,8286.0,3,5,3,Loyal
C024855,194,2,8286.0,4,4,3,Champions
C005485,518,4,8289.0,2,5,3,At risk
C010284,335,3,8290.0,3,4,3,Loyal
C008979,578,2,8291.0,2,4,3,At risk
C018148,329,2,8295.0,3,4,3,Loyal
C021735,239,2,8295.0,3,4,3,Loyal
C007175,596,3,8296.0,1,4,3,At risk
C007936,612,1,8296.0,1,3,3,At risk
C010703,543,1,8296.0,2,3,3,At risk
C011256,527,1,8296.0,2,3,3,At risk
C021091,270,1,8296.0,3,3,3,Loyal
C027361,129,3,8296.0,4,4,3,Champions
C028235,52,3,8296.0,5,4,3,Champions
C035787,3,1,8296.0,5,3,3,Loyal
C000442,874,2,8297.0,1,4,3,At risk
C001004,782,2,8297.0,1,4,3,At risk
C002573,758,2,8297.0,1,4,3,At risk
C007441,325,2,8297.0,3,4,3,Loyal
C008319,525,2,8297.0,2,4,3,At risk
C008933,520,3,8297.0,2,4,3,At risk
C010019,441,2,8297.0,2,4,3,At risk
C011398,496,3,8297.0,2,4,3,At risk
C015342,376,2,8297.0,2,4,3,At risk
C020991,208,3,8297.0,4,4,3,Champions
C024060,61,2,8297.0,5,4,3,Champions
C030504,100,1,8297.0,4,3,3,Loyal
C030542,46,2,8297.0,5,4,3,Champions
C032840,36,2,8297.0,5,4,3,Champions
C033004,8,2,8297.0,5,4,3,Champions
C035119,5,1,8297.0,5,3,3,Loyal
C005879,670,2,8298.0,1,4,3,At risk
C012402,493,1,8298.0,2,3,3,At risk
C014513,310,2,8298.0,3,4,3,Loyal
C014657,430,1,8298.0,2,3,3,At risk
C016330,385,1,8298.0,2,3,3,At risk
C023897,164,2,8298.0,4,4,3,Champions
C026482,170,1,8298.0,4,3,3,Loyal
C030045,85,2,8298.0,5,4,3,Champions
C031462,67,1,8298.0,5,3,3,Loyal
C000090,908,1,8299.0,1,3,3,At risk
C004147,741,1,8299.0,1,3,3,At risk
C004156,740,1,8299.0,1,3,3,At risk
C007391,630,1,8299.0,1,3,3,At risk
C012245,498,1,8299.0,2,3,3,At risk
C015767,401,1,8299.0,2,3,3,At risk
C016996,367,1,8299.0,3,3,3,Loyal
C017481,355,1,8299.0,3,3,3,Loyal
C019954,299,1,8299.0,3,3,3,Loyal
C021879,245,1,8299.0,3,3,3,Loyal
C022892,233,1,8299.0,3,3,3,Loyal
C023574,227,1,8299.0,3,3,3,Loyal
C024523,212,1,8299.0,3,3,3,Loyal
C026357,165,1,8299.0,4,3,3,Loyal
C027382,159,1,8299.0,4,3,3,Loyal
C027967,62,1,8299.0,5,3,3,Loyal
C031835,74,1,8299.0,5,3,3,Loyal
C003314,757,2,8306.0,1,4,3,At risk
C029847,71,3,8310.0,5,4,3,Champions
C028183,79,2,8317.0,5,4,3,Champions
C033532,36,2,8317.0,5,4,3,Champions
C007395,413,3,8321.0,2,4,3,At risk
C008252,603,1,8326.0,1,3,3,At risk
C005316,698,1,8327.0,1,3,3,At risk
C016488,367,1,8327.0,3,3,3,Loyal
C019531,304,1,8327.0,3,3,3,Loyal
C001524,847,1,8328.0,1,3,3,At risk
C002963,750,1,8328.0,1,3,3,At risk
C017563,353,1,8328.0,3,3,3,Loyal
C020154,293,2,8328.0,3,4,3,Loyal
C025726,192,1,8328.0,4,3,3,Loyal
C028567,136,1,8328.0,4,3,3,Loyal
C030368,102,1,8328.0,4,3,3,Loyal
C019715,295,1,8329.0,3,3,3,Loyal
C021825,83,3,8339.0,5,4,3,Champions
C005067,423,3,8344.0,2,4,3,At risk
C015455,407,1,8344.0,2,3,3,At risk
C007492,383,5,8345.0,2,5,3,At risk
C000659,796,3,8346.0,1,4,3,At risk
C013759,399,3,8346.0,2,4,3,At risk
C015192,315,2,8346.0,3,4,3,Loyal
C024440,212,1,8346.0,3,3,3,Loyal
C004229,224,3,8347.0,3,4,3,Loyal
C009977,421,2,8347.0,2,4,3,At risk
C022329,245,1,8347.0,3,3,3,Loyal
C024220,108,2,8347.0,4,4,3,Champions
C026338,159,2,8347.0,4,4,3,Champions
C029366,117,1,8347.0,4,3,3,Loyal
C030321,28,2,8347.0,5,4,3,Champions
C009643,464,3,8352.0,2,4,3,At risk
C001855,808,2,8353.0,1,4,3,At risk
C030193,105,1,8368.0,4,3,3,Loyal
C032065,71,1,8369.0,5,3,3,Loyal
C034008,35,1,8369.0,5,3,3,Loyal
C001346,823,2,8370.0,1,4,3,At risk
C024219,214,1,8393.0,3,3,3,Loyal
C014357,437,1,8395.0,2,3,3,At risk
C015089,5,4,8395.0,5,5,3,Champions
C015170,411,2,8395.0,2,4,3,At risk
C031072,58,2,8395.0,5,4,3,Champions
C000525,814,2,8396.0,1,4,3,At risk
C002351,563,4,8396.0,2,5,3,At risk
C018704,141,3,8396.0,4,4,3,Champions
C004359,726,3,8397.0,1,4,3,At risk
C004859,715,1,8397.0,1,3,3,At risk
C006999,597,3,8397.0,1,4,3,At risk
C007723,560,2,8397.0,2,4,3,At risk
C014597,431,1,8397.0,2,3,3,At risk
C018164,318,2,8397.0,3,4,3,Loyal
C019188,208,2,8397.0,4,4,3,Champions
C020605,209,3,8397.0,4,4,3,Champions
C023872,170,3,8397.0,4,4,3,Champions
C026697,149,2,8397.0,4,4,3,Champions
C028354,88,3,8397.0,4,4,3,Champions
C029993,107,1,8397.0,4,3,3,Loyal
C032941,42,1,8397.0,5,3,3,Loyal
C002099,772,1,8398.0,1,3,3,At risk
C003955,692,2,8398.0,1,4,3,At risk
C004736,614,1,8398.0,1,3,3,At risk
C008903,578,1,8398.0,2,3,3,At risk
C009214,528,2,8398.0,2,4,3,At risk
C010245,552,1,8398.0,2,3,3,At risk
C010394,509,2,8398.0,2,4,3,At risk
C011082,533,1,8398.0,2,3,3,At risk
C014344,336,2,8398.0,3,4,3,Loyal
C014747,421,2,8398.0,2,4,3,At risk
C015928,396,1,8398.0,2,3,3,At risk
C017396,330,2,8398.0,3,4,3,Loyal
C017542,221,2,8398.0,3,4,3,Loyal
C018079,284,2,8398.0,3,4,3,Loyal
C019063,257,2,8398.0,3,4,3,Loyal
C019782,294,1,8398.0,3,3,3,Loyal
C020450,269,1,8398.0,3,3,3,Loyal
C021198,269,1,8398.0,3,3,3,Loyal
C024896,205,1,8398.0,4,3,3,Loyal
C025224,200,1,8398.0,4,3,3,Loyal
C027343,156,2,8398.0,4,4,3,Champions
C027849,145,2,8398.0,4,4,3,Champions
C028279,141,1,8398.0,4,3,3,Loyal
C029150,122,1,8398.0,4,3,3,Loyal
C030120,90,2,8398.0,4,4,3,Champions
C033394,37,1,8398.0,5,3,3,Loyal
C033615,25,2,8398.0,5,4,3,Champions
C034898,16,1,8398.0,5,3,3,Loyal
C035510,8,1,8398.0,5,3,3,Loyal
C025229,200,1,8401.0,4,3,3,Loyal
C022826,8,3,8404.0,5,4,3,Champions
C022986,232,1,8405.0,3,3,3,Loyal
C003167,779,1,8412.0,1,3,3,At risk
C012483,490,1,8412.0,2,3,3,At risk
C013325,462,1,8412.0,2,3,3,At risk
C019986,299,1,8412.0,3,3,3,Loyal
C031239,79,1,8412.0,5,3,3,Loyal
C000653,803,1,8413.0,1,3,3,At risk
C008959,590,1,8413.0,1,3,3,At risk
C010111,563,1,8413.0,2,3,3,At risk
C011616,517,1,8413.0,2,3,3,At risk
C026242,182,1,8413.0,4,3,3,Loyal
C006104,633,3,8424.0,1,4,3,At risk
C003530,747,2,8432.0,1,4,3,At risk
C007870,565,2,8434.0,2,4,3,At risk
C002639,786,2,8435.0,1,4,3,At risk
C006603,577,2,8440.0,2,4,3,At risk
C012404,300,3,8443.0,3,4,3,Loyal
C025980,183,2,8443.0,4,4,3,Champions
C021182,268,2,8444.0,3,4,3,Loyal
C001000,869,1,8446.0,1,3,3,At risk
C003118,613,3,8446.0,1,4,3,At risk
C006379,595,2,8446.0,1,4,3,At risk
C010366,405,5,8446.0,2,5,3,At risk
C014928,104,2,8446.0,4,4,3,Champions
C018792,324,1,8446.0,3,3,3,Loyal
C028168,23,2,8446.0,5,4,3,Champions
C001172,848,2,8447.0,1,4,3,At risk
C003062,759,2,8447.0,1,4,3,At risk
C003773,748,1,8447.0,1,3,3,At risk
C004667,634,2,8447.0,1,4,3,At risk
C022987,162,3,8447.0,4,4,3,Champions
C025852,174,1,8447.0,4,3,3,Loyal
C028834,101,3,8447.0,4,4,3,Champions
C028961,76,2,8447.0,5,4,3,Champions
C031651,15,2,8447.0,5,4,3,Champions
C032686,59,1,8447.0,5,3,3,Loyal
C016520,361,1,8448.0,3,3,3,Loyal
C026751,170,1,8448.0,4,3,3,Loyal
C032566,17,1,8448.0,5,3,3,Loyal
C006613,631,2,8449.0,1,4,3,At risk
C018012,297,2,8449.0,3,4,3,Loyal
C023028,181,3,8451.0,4,4,3,Champions
C007153,614,2,8454.0,1,4,3,At risk
C016122,388,1,8454.0,2,3,3,At risk
C013474,462,1,8455.0,2,3,3,At risk
C002364,724,2,8457.0,1,4,3,At risk
C024194,212,2,8458.0,3,4,3,Loyal
C000996,769,4,8465.0,1,5,3,At risk
C010560,534,2,8472.0,2,4,3,At risk
C012579,363,3,8482.0,3,4,3,Loyal
C015241,372,2,8482.0,2,4,3,At risk
C007613,577,2,8491.0,2,4,3,At risk
C023082,125,3,8491.0,4,4,3,Champions
C023073,57,2,8495.0,5,4,3,Champions
C000346,898,1,8496.0,1,3,3,At risk
C006203,672,1,8496.0,1,3,3,At risk
C018454,317,3,8496.0,3,4,3,Loyal
C023726,224,1,8496.0,3,3,3,Loyal
C024897,161,4,8496.0,4,5,3,Champions
C025794,162,3,8496.0,4,4,3,Champions
C029539,107,2,8496.0,4,4,3,Champions
C030540,50,3,8496.0,5,4,3,Champions
C030754,91,1,8496.0,4,3,3,Loyal
C033574,40,1,8496.0,5,3,3,Loyal
C002199,794,2,8497.0,1,4,3,At risk
C003676,759,1,8497.0,1,3,3,At risk
C004332,443,2,8497.0,2,4,3,At risk
C005033,709,1,8497.0,1,3,3,At risk
C011290,514,2,8497.0,2,4,3,At risk
C014284,364,2,8497.0,3,4,3,Loyal
C015329,411,2,8497.0,2,4,3,At risk
C016398,377,1,8497.0,2,3,3,At risk
C019452,309,1,8497.0,3,3,3,Loyal
C022806,55,2,8497.0,5,4,3,Champions
C023571,227,1,8497.0,3,3,3,Loyal
C023691,225,1,8497.0,3,3,3,Loyal
C028478,102,2,8497.0,4,4,3,Champions
C029028,96,2,8497.0,4,4,3,Champions
C030713,38,4,8497.0,5,5,3,Champions
C032175,42,1,8497.0,5,3,3,Loyal
C033680,31,1,8497.0,5,3,3,Loyal
C034277,20,2,8497.0,5,4,3,Champions
C002571,800,1,8498.0,1,3,3,At risk
C005552,691,1,8498.0,1,3,3,At risk
C006145,673,1,8498.0,1,3,3,At risk
C007083,640,1,8498.0,1,3,3,At risk
C010258,558,1,8498.0,2,3,3,At risk
C010372,555,1,8498.0,2,3,3,At risk
C014584,421,1,8498.0,2,3,3,At risk
C015663,401,1,8498.0,2,3,3,At risk
C016695,373,1,8498.0,2,3,3,At risk
C016864,360,2,8498.0,3,4,3,Loyal
C017648,351,1,8498.0,3,3,3,Loyal
C017701,2,1,8498.0,5,3,3,Loyal
C018715,230,2,8498.0,3,4,3,Loyal
C019858,302,1,8498.0,3,3,3,Loyal
C022956,119,3,8498.0,4,4,3,Champions
C026049,180,1,8498.0,4,3,3,Loyal
C026180,1,2,8498.0,5,4,3,Champions
C026670,138,1,8498.0,4,3,3,Loyal
C033088,50,2,8498.0,5,4,3,Champions
C035405,7,1,8498.0,5,3,3,Loyal
C030514,100,1,8499.0,4,3,3,Loyal
C022871,213,2,8500.0,3,4,3,Loyal
C015405,385,3,8511.0,2,4,3,At risk
C023505,102,3,8512.0,4,4,3,Champions
C013466,458,2,8518.0,2,4,3,At risk
C002715,641,2,8522.0,1,4,3,At risk
C023288,214,2,8525.0,3,4,3,Loyal
C033589,17,2,8531.0,5,4,3,Champions
C010091,556,2,8534.0,2,4,3,At risk
C023000,232,1,8534.0,3,3,3,Loyal
C022946,232,1,8537.0,3,3,3,Loyal
C010400,553,2,8538.0,2,4,3,At risk
C030354,103,1,8539.0,4,3,3,Loyal
C033611,42,1,8539.0,5,3,3,Loyal
C002032,823,1,8540.0,1,3,3,At risk
C035011,4,3,8545.0,5,4,3,Champions
C007045,611,2,8546.0,1,4,3,At risk
C014171,305,4,8546.0,3,5,3,Loyal
C019008,320,1,8546.0,3,3,3,Loyal
C032773,57,1,8546.0,5,3,3,Loyal
C034302,29,1,8546.0,5,3,3,Loyal
C034730,8,3,8546.0,5,4,3,Champions
C020884,231,2,8547.0,3,4,3,Loyal
C026351,172,1,8547.0,4,3,3,Loyal
C027650,135,2,8547.0,4,4,3,Champions
C031306,81,2,8547.0,5,4,3,Champions
C032641,8,3,8547.0,5,4,3,Champions
C013241,278,5,8548.0,3,5,3,Loyal
C023831,200,3,8548.0,4,4,3,Champions
C027564,129,2,8548.0,4,4,3,Champions
C006395,636,2,8549.0,1,4,3,At risk
C029166,43,1,8549.0,5,3,3,Loyal
C003613,683,2,8550.0,1,4,3,At risk
C012738,459,3,8550.0,2,4,3,At risk
C021355,204,3,8557.0,4,4,3,Champions
C014528,313,3,8562.0,3,4,3,Loyal
C031875,37,2,8568.0,5,4,3,Champions
C007533,557,3,8569.0,2,4,3,At risk
C001895,751,3,8577.0,1,4,3,At risk
C025847,179,2,8577.0,4,4,3,Champions
C005764,684,2,8581.0,1,4,3,At risk
C002054,821,1,8582.0,1,3,3,At risk
C017038,365,1,8583.0,3,3,3,Loyal
C017334,353,1,8583.0,3,3,3,Loyal
C032492,53,1,8583.0,5,3,3,Loyal
C034383,27,1,8583.0,5,3,3,Loyal
C005116,658,3,8594.0,1,4,3,At risk
C017650,307,3,8594.0,3,4,3,Loyal
C018179,181,4,8594.0,4,5,3,Champions
C002675,764,2,8595.0,1,4,3,At risk
C007672,596,2,8595.0,1,4,3,At risk
C012985,469,2,8595.0,2,4,3,At risk
C005602,689,1,8596.0,1,3,3,At risk
C011033,379,4,8596.0,2,5,3,At risk
C002116,819,2,8597.0,1,4,3,At risk
C007876,614,1,8597.0,1,3,3,At risk
C011995,505,1,8597.0,2,3,3,At risk
C013913,422,1,8597.0,2,3,3,At risk
C015147,382,2,8597.0,2,4,3,At risk
C020351,290,1,8597.0,3,3,3,Loyal
C025706,192,1,8597.0,4,3,3,Loyal
C032473,56,3,8597.0,5,4,3,Champions
C033791,32,1,8597.0,5,3,3,Loyal
C035108,15,1,8597.0,5,3,3,Loyal
C001961,754,1,8598.0,1,3,3,At risk
C005841,684,1,8598.0,1,3,3,At risk
C007360,337,3,8598.0,3,4,3,Loyal
C008990,565,1,8598.0,2,3,3,At risk
C010055,559,1,8598.0,2,3,3,At risk
C010057,553,1,8598.0,2,3,3,At risk
C011050,534,1,8598.0,2,3,3,At risk
C013730,457,1,8598.0,2,3,3,At risk
C019741,293,2,8598.0,3,4,3,Loyal
C020045,244,4,8598.0,3,5,3,Loyal
C023536,193,2,8598.0,4,4,3,Champions
C025088,186,2,8598.0,4,4,3,Champions
C026124,156,2,8598.0,4,4,3,Champions
C026944,168,1,8598.0,4,3,3,Loyal
C027332,140,1,8598.0,4,3,3,Loyal
C029771,29,2,8598.0,5,4,3,Champions
C030432,19,2,8598.0,5,4,3,Champions
C035024,12,2,8598.0,5,4,3,Champions
C023932,200,2,8599.0,4,4,3,Champions
C027113,164,1,8599.0,4,3,3,Loyal
C031435,82,1,8599.0,5,3,3,Loyal
C030183,92,2,8600.0,4,4,3,Champions
C009912,547,2,8601.0,2,4,3,At risk
C017009,349,2,8602.0,3,4,3,Loyal
C024083,110,5,8602.0,4,5,3,Champions
C009268,578,1,8604.0,2,3,3,At risk
C001138,805,4,8607.0,1,5,3,At risk
C029580,10,3,8609.0,5,4,3,Champions
C025950,161,2,8611.0,4,4,3,Champions
C027964,111,2,8614.0,4,4,3,Champions
C012103,377,3,8620.0,2,4,3,At risk
C027159,113,3,8622.0,4,4,3,Champions
C006443,661,1,8624.0,1,3,3,At risk
C022900,95,2,8624.0,4,4,3,Champions
C002175,818,1,8625.0,1,3,3,At risk
C011528,515,1,8626.0,2,3,3,At risk
C028088,145,1,8626.0,4,3,3,Loyal
C022910,98,4,8629.0,4,5,3,Champions
C028723,18,1,8638.0,5,3,3,Loyal
C022254,214,3,8639.0,3,4,3,Loyal
C009106,500,3,8641.0,2,4,3,At risk
C000798,734,5,8645.0,1,5,3,At risk
C016921,231,4,8645.0,3,5,3,Loyal
C018946,0,2,8645.0,5,4,3,Champions
C034718,16,2,8645.0,5,4,3,Champions
C003840,685,2,8646.0,1,4,3,At risk
C014360,179,3,8646.0,4,4,3,Champions
C004811,697,2,8647.0,1,4,3,At risk
C006491,644,3,8647.0,1,4,3,At risk
C016581,316,3,8647.0,3,4,3,Loyal
C020016,294,2,8647.0,3,4,3,Loyal
C024541,15,1,8647.0,5,3,3,Loyal
C026106,14,3,8647.0,5,4,3,Champions
C027615,139,2,8647.0,4,4,3,Champions
C028371,29,2,8647.0,5,4,3,Champions
C008750,592,2,8648.0,1,4,3,At risk
C012382,398,3,8648.0,2,4,3,At risk
C023456,214,2,8650.0,3,4,3,Loyal
C024186,214,1,8650.0,3,3,3,Loyal
C017274,334,3,8652.0,3,4,3,Loyal
C026072,163,2,8654.0,4,4,3,Champions
C018953,301,3,8656.0,3,4,3,Loyal
C027952,125,2,8657.0,4,4,3,Champions
C019615,296,2,8662.0,3,4,3,Loyal
C026162,166,2,8662.0,4,4,3,Champions
C031604,24,3,8663.0,5,4,3,Champions
C001845,832,1,8667.0,1,3,3,At risk
C015023,420,1,8667.0,2,3,3,At risk
C018643,328,1,8667.0,3,3,3,Loyal
C019002,314,1,8667.0,3,3,3,Loyal
C027840,148,1,8667.0,4,3,3,Loyal
C028940,129,1,8667.0,4,3,3,Loyal
C033639,37,1,8667.0,5,3,3,Loyal
C027326,105,3,8675.0,4,4,3,Champions
C006149,596,3,8676.0,1,4,3,At risk
C009938,530,2,8676.0,2,4,3,At risk
C005336,685,2,8686.0,1,4,3,At risk
C010930,334,3,8687.0,3,4,3,Loyal
C023420,213,2,8692.0,3,4,3,Loyal
C009182,565,2,8693.0,2,4,3,At risk
C002668,799,1,8695.0,1,3,3,At risk
C013998,397,5,8695.0,2,5,3,At risk
C014233,330,4,8695.0,3,5,3,Loyal
C017551,344,1,8695.0,3,3,3,Loyal
C025666,1,4,8695.0,5,5,3,Champions
C006589,657,2,8696.0,1,4,3,At risk
C011833,344,4,8696.0,3,5,3,Loyal
C019039,290,1,8696.0,3,3,3,Loyal
C030151,63,1,8696.0,5,3,3,Loyal
C032110,69,1,8696.0,5,3,3,Loyal
C033272,31,3,8696.0,5,4,3,Champions
C005513,680,1,8697.0,1,3,3,At risk
C007833,610,1,8697.0,1,3,3,At risk
C011095,532,1,8697.0,2,3,3,At risk
C024853,203,1,8697.0,4,3,3,Loyal
C030743,14,2,8697.0,5,4,3,Champions
C034090,22,2,8697.0,5,4,3,Champions
C002927,756,2,8698.0,1,4,3,At risk
C003853,744,2,8698.0,1,4,3,At risk
C005359,519,2,8698.0,2,4,3,At risk
C013930,449,1,8698.0,2,3,3,At risk
C017444,355,1,8698.0,3,3,3,Loyal
C022810,210,2,8698.0,4,4,3,Champions
C025861,175,2,8698.0,4,4,3,Champions
C026943,155,1,8698.0,4,3,3,Loyal
C027175,162,1,8698.0,4,3,3,Loyal
C028540,110,3,8698.0,4,4,3,Champions
C029583,108,2,8698.0,4,4,3,Champions
C034211,28,1,8698.0,5,3,3,Loyal
C035158,11,2,8698.0,5,4,3,Champions
C003510,761,1,8699.0,1,3,3,At risk
C006866,622,1,8699.0,1,3,3,At risk
C006954,644,1,8699.0,1,3,3,At risk
C008314,601,1,8699.0,1,3,3,At risk
C009588,575,1,8699.0,2,3,3,At risk
C015194,413,1,8699.0,2,3,3,At risk
C015661,404,1,8699.0,2,3,3,At risk
C019974,297,1,8699.0,3,3,3,Loyal
C021643,259,1,8699.0,3,3,3,Loyal
C022281,237,1,8699.0,3,3,3,Loyal
C023868,208,1,8699.0,4,3,3,Loyal
C026085,80,2,8699.0,5,4,3,Champions
C026148,184,1,8699.0,4,3,3,Loyal
C026507,177,1,8699.0,4,3,3,Loyal
C027393,154,1,8699.0,4,3,3,Loyal
C028226,99,1,8699.0,4,3,3,Loyal
C029491,115,1,8699.0,4,3,3,Loyal
C030739,95,1,8699.0,4,3,3,Loyal
C031392,83,1,8699.0,5,3,3,Loyal
C032288,66,1,8699.0,5,3,3,Loyal
C033268,47,1,8699.0,5,3,3,Loyal
C033777,37,1,8699.0,5,3,3,Loyal
C033984,36,1,8699.0,5,3,3,Loyal
C034298,26,1,8699.0,5,3,3,Loyal
C034314,29,1,8699.0,5,3,3,Loyal
C014903,423,1,8709.0,2,3,3,At risk
C004975,613,2,8710.0,1,4,3,At risk
C023151,231,1,8710.0,3,3,3,Loyal
C024761,60,1,8710.0,5,3,3,Loyal
C004653,724,1,8711.0,1,3,3,At risk
C023819,214,2,8712.0,3,4,3,Loyal
C008577,474,2,8713.0,2,4,3,At risk
C002101,710,2,8717.0,1,4,3,At risk
C007089,561,4,8718.0,2,5,3,At risk
C011426,495,2,8718.0,2,4,3,At risk
C004250,724,2,8723.0,1,4,3,At risk
C001164,371,1,8728.0,2,3,3,At risk
C021147,231,2,8728.0,3,4,3,Loyal
C014933,395,2,8731.0,2,4,3,At risk
C028340,104,3,8744.0,4,4,3,Champions
C033060,12,2,8745.0,5,4,3,Champions
C001695,827,2,8746.0,1,4,3,At risk
C012031,392,4,8746.0,2,5,3,At risk
C012083,459,2,8746.0,2,4,3,At risk
C013591,349,2,8746.0,3,4,3,Loyal
C014057,375,3,8746.0,2,4,3,At risk
C014754,243,4,8746.0,3,5,3,Loyal
C017762,227,3,8746.0,3,4,3,Loyal
C022708,180,5,8746.0,4,5,3,Champions
C029331,110,2,8746.0,4,4,3,Champions
C029391,119,1,8746.0,4,3,3,Loyal
C033321,38,2,8746.0,5,4,3,Champions
C035206,2,2,8746.0,5,4,3,Champions
C004043,614,3,8747.0,1,4,3,At risk
C011274,397,2,8747.0,2,4,3,At risk
C012304,417,2,8747.0,2,4,3,At risk
C013476,457,1,8747.0,2,3,3,At risk
C017288,358,1,8747.0,3,3,3,Loyal
C017995,274,3,8747.0,3,4,3,Loyal
C019475,298,2,8747.0,3,4,3,Loyal
C003266,726,1,8748.0,1,3,3,At risk
C015625,318,2,8748.0,3,4,3,Loyal
C020652,230,2,8748.0,3,4,3,Loyal
C024627,210,1,8748.0,4,3,3,Loyal
C019156,301,1,8752.0,3,3,3,Loyal
C023823,179,2,8752.0,4,4,3,Champions
C027589,144,1,8752.0,4,3,3,Loyal
C032821,56,1,8752.0,5,3,3,Loyal
C008521,596,1,8753.0,1,3,3,At risk
C021324,263,1,8753.0,3,3,3,Loyal
C023252,230,1,8754.0,3,3,3,Loyal
C022893,129,3,8759.0,4,4,3,Champions
C015099,397,3,8764.0,2,4,3,At risk
C019459,139,3,8767.0,4,4,3,Champions
C028896,98,3,8767.0,4,4,3,Champions
C001716,800,2,8768.0,1,4,3,At risk
C024399,214,1,8768.0,3,3,3,Loyal
C001338,775,3,8772.0,1,4,3,At risk
C014973,389,2,8773.0,2,4,3,At risk
C028741,111,3,8775.0,4,4,3,Champions
C016505,371,3,8777.0,2,4,3,At risk
C029649,107,2,8778.0,4,4,3,Champions
C028346,2,2,8785.0,5,4,3,Champions
C024520,213,1,8787.0,3,3,3,Loyal
C007408,629,1,8795.0,1,3,3,At risk
C001361,801,2,8796.0,1,4,3,At risk
C003811,729,2,8796.0,1,4,3,At risk
C017803,332,2,8796.0,3,4,3,Loyal
C019173,318,1,8796.0,3,3,3,Loyal
C021069,213,3,8796.0,3,4,3,Loyal
C023985,218,1,8796.0,3,3,3,Loyal
C030520,90,1,8796.0,4,3,3,Loyal
C035178,6,2,8796.0,5,4,3,Champions
C035551,7,1,8796.0,5,3,3,Loyal
C004108,592,2,8797.0,1,4,3,At risk
C004206,735,1,8797.0,1,3,3,At risk
C004671,418,3,8797.0,2,4,3,At risk
C004946,701,2,8797.0,1,4,3,At risk
C005032,683,2,8797.0,1,4,3,At risk
C008815,575,3,8797.0,2,4,3,At risk
C010535,506,1,8797.0,2,3,3,At risk
C025251,185,2,8797.0,4,4,3,Champions
C027627,8,2,8797.0,5,4,3,Champions
C031122,18,3,8797.0,5,4,3,Champions
C031323,8,3,8797.0,5,4,3,Champions
C032572,45,1,8797.0,5,3,3,Loyal
C034890,19,1,8797.0,5,3,3,Loyal
C001124,862,1,8798.0,1,3,3,At risk
C001727,796,3,8798.0,1,4,3,At risk
C003797,744,1,8798.0,1,3,3,At risk
C004531,644,2,8798.0,1,4,3,At risk
C005650,542,4,8798.0,2,5,3,At risk
C006035,663,1,8798.0,1,3,3,At risk
C007339,614,2,8798.0,1,4,3,At risk
C007756,618,1,8798.0,1,3,3,At risk
C008080,511,2,8798.0,2,4,3,At risk
C012488,285,2,8798.0,3,4,3,Loyal
C012533,436,3,8798.0,2,4,3,At risk
C017359,340,1,8798.0,3,3,3,Loyal
C019449,306,1,8798.0,3,3,3,Loyal
C022769,214,2,8798.0,3,4,3,Loyal
C023189,231,1,8798.0,3,3,3,Loyal
C025518,142,1,8798.0,4,3,3,Loyal
C026788,170,1,8798.0,4,3,3,Loyal
C028298,107,2,8798.0,4,4,3,Champions
C029948,18,2,8798.0,5,4,3,Champions
C032260,14,2,8798.0,5,4,3,Champions
C034347,26,1,8798.0,5,3,3,Loyal
C035168,14,1,8798.0,5,3,3,Loyal
C005933,681,1,8799.0,1,3,3,At risk
C007285,634,1,8799.0,1,3,3,At risk
C009209,582,1,8799.0,1,3,3,At risk
C030105,12,2,8802.0,5,4,3,Champions
C021924,231,4,8804.0,3,5,3,Loyal
C025304,138,2,8808.0,4,4,3,Champions
C012950,385,3,8816.0,2,4,3,At risk
C029378,110,2,8818.0,4,4,3,Champions
C024413,182,2,8825.0,4,4,3,Champions
C016682,104,2,8835.0,4,4,3,Champions
C003817,697,2,8836.0,1,4,3,At risk
C017629,78,2,8836.0,5,4,3,Champions
C032583,23,1,8836.0,5,3,3,Loyal
C012028,496,1,8837.0,2,3,3,At risk
C028285,141,1,8837.0,4,3,3,Loyal
C003558,763,1,8838.0,1,3,3,At risk
C005393,697,1,8838.0,1,3,3,At risk
C005572,690,1,8838.0,1,3,3,At risk
C017208,361,1,8838.0,3,3,3,Loyal
C017386,354,1,8838.0,3,3,3,Loyal
C025830,40,3,8838.0,5,4,3,Champions
C034317,29,1,8838.0,5,3,3,Loyal
C000344,542,4,8840.0,2,5,3,At risk
C006121,645,2,8841.0,1,4,3,At risk
C024674,173,3,8841.0,4,4,3,Champions
C024289,214,1,8842.0,3,3,3,Loyal
C029292,79,2,8842.0,5,4,3,Champions
C028062,18,2,8845.0,5,4,3,Champions
C000277,866,3,8846.0,1,4,3,At risk
C003261,695,3,8846.0,1,4,3,At risk
C018676,317,2,8846.0,3,4,3,Loyal
C008908,587,1,8847.0,1,3,3,At risk
C011446,289,2,8847.0,3,4,3,Loyal
C012585,488,1,8847.0,2,3,3,At risk
C016082,379,2,8847.0,2,4,3,At risk
C017949,220,3,8847.0,3,4,3,Loyal
C026685,173,1,8847.0,4,3,3,Loyal
C027017,97,2,8847.0,4,4,3,Champions
C027595,98,2,8847.0,4,4,3,Champions
C028746,110,2,8847.0,4,4,3,Champions
C031533,13,2,8847.0,5,4,3,Champions
C003206,778,1,8848.0,1,3,3,At risk
C014878,416,2,8848.0,2,4,3,At risk
C019126,315,1,8848.0,3,3,3,Loyal
C021332,239,2,8851.0,3,4,3,Loyal
C024247,178,2,8852.0,4,4,3,Champions
C028534,118,3,8855.0,4,4,3,Champions
C026637,165,2,8857.0,4,4,3,Champions
C018277,330,2,8868.0,3,4,3,Loyal
C021574,231,2,8875.0,3,4,3,Loyal
C022421,223,2,8878.0,3,4,3,Loyal
C023779,215,1,8879.0,3,3,3,Loyal
C019402,313,1,8880.0,3,3,3,Loyal
C027305,6,3,8881.0,5,4,3,Champions
C021192,251,2,8882.0,3,4,3,Loyal
C023047,222,3,8885.0,3,4,3,Loyal
C014955,369,2,8887.0,3,4,3,Loyal
C021595,97,3,8891.0,4,4,3,Champions
C006686,635,2,8892.0,1,4,3,At risk
C028335,120,2,8893.0,4,4,3,Champions
C027156,108,3,8895.0,4,4,3,Champions
C003078,756,2,8896.0,1,4,3,At risk
C005228,529,2,8896.0,2,4,3,At risk
C011546,492,2,8896.0,2,4,3,At risk
C012877,463,3,8896.0,2,4,3,At risk
C014217,434,2,8896.0,2,4,3,At risk
C018193,331,2,8896.0,3,4,3,Loyal
C020890,254,1,8896.0,3,3,3,Loyal
C021033,184,3,8896.0,4,4,3,Champions
C022606,41,2,8896.0,5,4,3,Champions
C028317,135,2,8896.0,4,4,3,Champions
C029800,95,1,8896.0,4,3,3,Loyal
C031733,25,3,8896.0,5,4,3,Champions
C001362,805,2,8897.0,1,4,3,At risk
C001610,804,2,8897.0,1,4,3,At risk
C003930,747,2,8897.0,1,4,3,At risk
C004784,266,3,8897.0,3,4,3,Loyal
C008371,594,1,8897.0,1,3,3,At risk
C010316,549,2,8897.0,2,4,3,At risk
C014563,372,2,8897.0,2,4,3,At risk
C014914,395,2,8897.0,2,4,3,At risk
C016215,301,2,8897.0,3,4,3,Loyal
C021627,259,1,8897.0,3,3,3,Loyal
C022247,199,2,8897.0,4,4,3,Champions
C024414,214,1,8897.0,3,3,3,Loyal
C026496,76,2,8897.0,5,4,3,Champions
C026971,155,2,8897.0,4,4,3,Champions
C027025,57,2,8897.0,5,4,3,Champions
C035315,11,1,8897.0,5,3,3,Loyal
C001857,810,1,8898.0,1,3,3,At risk
C002310,814,1,8898.0,1,3,3,At risk
C002652,785,2,8898.0,1,4,3,At risk
C003205,702,2,8898.0,1,4,3,At risk
C006322,668,1,8898.0,1,3,3,At risk
C007907,613,1,8898.0,1,3,3,At risk
C010431,530,2,8898.0,2,4,3,At risk
C015237,337,2,8898.0,3,4,3,Loyal
C015326,405,1,8898.0,2,3,3,At risk
C016719,345,2,8898.0,3,4,3,Loyal
C019420,303,1,8898.0,3,3,3,Loyal
C022093,206,2,8898.0,4,4,3,Champions
C026475,177,1,8898.0,4,3,3,Loyal
C026520,96,2,8898.0,4,4,3,Champions
C027333,103,2,8898.0,4,4,3,Champions
C035621,6,1,8898.0,5,3,3,Loyal
C009109,585,1,8899.0,1,3,3,At risk
C012422,492,1,8899.0,2,3,3,At risk
C016025,391,1,8899.0,2,3,3,At risk
C019139,308,1,8899.0,3,3,3,Loyal
C023509,207,2,8899.0,4,4,3,Champions
C027104,164,1,8899.0,4,3,3,Loyal
C033432,18,2,8899.0,5,4,3,Champions
C035033,15,1,8899.0,5,3,3,Loyal
C006996,588,2,8903.0,1,4,3,At risk
C014833,289,3,8907.0,3,4,3,Loyal
C022616,208,2,8909.0,4,4,3,Champions
C027727,110,3,8912.0,4,4,3,Champions
C029969,98,2,8912.0,4,4,3,Champions
C000548,821,3,8915.0,1,4,3,At risk
C014442,390,3,8917.0,2,4,3,At risk
C000738,846,2,8919.0,1,4,3,At risk
C014662,119,5,8919.0,4,5,3,Champions
C013653,133,3,8921.0,4,4,3,Champions
C024111,169,2,8921.0,4,4,3,Champions
C025223,200,1,8921.0,4,3,3,Loyal
C014511,433,1,8922.0,2,3,3,At risk
C033411,44,1,8922.0,5,3,3,Loyal
C010649,458,2,8923.0,2,4,3,At risk
C019099,319,1,8923.0,3,3,3,Loyal
C022774,235,1,8923.0,3,3,3,Loyal
C027151,164,1,8923.0,4,3,3,Loyal
C002813,742,2,8927.0,1,4,3,At risk
C024321,200,2,8929.0,4,4,3,Champions
C017042,321,3,8931.0,3,4,3,Loyal
C002610,701,2,8932.0,1,4,3,At risk
C018150,230,2,8936.0,3,4,3,Loyal
C030477,47,4,8941.0,5,5,3,Champions
C020278,131,7,8942.0,4,5,3,Champions
C013991,406,2,8943.0,2,4,3,At risk
C001343,855,1,8944.0,1,3,3,At risk
C017372,291,3,8944.0,3,4,3,Loyal
C010904,510,2,8945.0,2,4,3,At risk
C013073,374,3,8945.0,2,4,3,At risk
C029014,52,2,8945.0,5,4,3,Champions
C010853,478,2,8946.0,2,4,3,At risk
C010965,455,3,8946.0,2,4,3,At risk
C014385,386,2,8946.0,2,4,3,At risk
C018746,193,2,8946.0,4,4,3,Champions
C019140,314,1,8946.0,3,3,3,Loyal
C019253,74,3,8946.0,5,4,3,Champions
C029079,82,2,8946.0,5,4,3,Champions
C031983,38,2,8946.0,5,4,3,Champions
C032857,48,2,8946.0,5,4,3,Champions
C000678,869,2,8947.0,1,4,3,At risk
C001414,780,2,8947.0,1,4,3,At risk
C007682,580,3,8947.0,1,4,3,At risk
C012617,479,2,8947.0,2,4,3,At risk
C020776,279,1,8947.0,3,3,3,Loyal
C030152,95,2,8948.0,4,4,3,Champions
C001291,678,2,8951.0,1,4,3,At risk
C029487,106,2,8953.0,4,4,3,Champions
C004947,684,2,8954.0,1,4,3,At risk
C001482,810,4,8956.0,1,5,3,At risk
C029417,107,3,8956.0,4,4,3,Champions
C017284,13,3,8957.0,5,4,3,Champions
C018415,287,2,8957.0,3,4,3,Loyal
C026255,106,3,8964.0,4,4,3,Champions
C001884,813,4,8966.0,1,5,3,At risk
C003427,592,2,8966.0,1,4,3,At risk
C022160,108,3,8971.0,4,4,3,Champions
C024145,200,2,8971.0,4,4,3,Champions
C015337,381,3,8975.0,2,4,3,At risk
C004311,597,2,8978.0,1,4,3,At risk
C017443,272,4,8979.0,3,5,3,Loyal
C023542,214,2,8985.0,3,4,3,Loyal
C025054,201,1,8989.0,4,3,3,Loyal
C028125,89,2,8993.0,4,4,3,Champions
C034097,33,1,8994.0,5,3,3,Loyal
C000975,778,2,8995.0,1,4,3,At risk
C004405,732,1,8996.0,1,3,3,At risk
C006094,605,3,8996.0,1,4,3,At risk
C017474,297,2,8996.0,3,4,3,Loyal
C017712,297,2,8996.0,3,4,3,Loyal
C019521,180,3,8996.0,4,4,3,Champions
C030993,90,1,8996.0,4,3,3,Loyal
C033360,44,1,8996.0,5,3,3,Loyal
C033737,15,2,8996.0,5,4,3,Champions
C008303,586,2,8997.0,1,4,3,At risk
C010980,505,2,8997.0,2,4,3,At risk
C012614,461,2,8997.0,2,4,3,At risk
C016945,237,2,8997.0,3,4,3,Loyal
C018532,155,3,8997.0,4,4,3,Champions
C021438,97,3,8997.0,4,4,3,Champions
C027721,129,2,8997.0,4,4,3,Champions
C029972,6,3,8997.0,5,4,3,Champions
C034423,6,3,8997.0,5,4,3,Champions
C002784,785,2,8998.0,1,4,3,At risk
C002823,790,2,8998.0,1,4,3,At risk
C004137,736,2,8998.0,1,4,3,At risk
C004448,687,2,8998.0,1,4,3,At risk
C005277,700,1,8998.0,1,3,3,At risk
C006072,637,2,8998.0,1,4,3,At risk
C007450,628,1,8998.0,1,3,3,At risk
C008864,494,2,8998.0,2,4,3,At risk
C010900,514,2,8998.0,2,4,3,At risk
C012296,434,2,8998.0,2,4,3,At risk
C012862,479,1,8998.0,2,3,3,At risk
C013801,453,1,8998.0,2,3,3,At risk
C016238,374,2,8998.0,2,4,3,At risk
C016815,372,1,8998.0,2,3,3,At risk
C018705,314,1,8998.0,3,3,3,Loyal
C018774,325,1,8998.0,3,3,3,Loyal
C022896,229,1,8998.0,3,3,3,Loyal
C023522,228,1,8998.0,3,3,3,Loyal
C025199,19,2,8998.0,5,4,3,Champions
C027656,153,1,8998.0,4,3,3,Loyal
C030930,90,1,8998.0,4,3,3,Loyal
C031374,73,1,8998.0,5,3,3,Loyal
C032147,69,1,8998.0,5,3,3,Loyal
C032521,50,2,8998.0,5,4,3,Champions
C033754,3,2,8998.0,5,4,3,Champions
C003945,740,1,8999.0,1,3,3,At risk
C006175,673,1,8999.0,1,3,3,At risk
C007488,622,1,8999.0,1,3,3,At risk
C009518,577,1,8999.0,2,3,3,At risk
C014976,422,1,8999.0,2,3,3,At risk
C015360,412,1,8999.0,2,3,3,At risk
C023668,8,1,8999.0,5,3,3,Loyal
C025059,201,1,8999.0,4,3,3,Loyal
C025240,196,1,8999.0,4,3,3,Loyal
C025730,191,1,8999.0,4,3,3,Loyal
C026468,132,2,8999.0,4,4,3,Champions
C026998,167,1,8999.0,4,3,3,Loyal
C028067,145,1,8999.0,4,3,3,Loyal
C028085,2,2,9002.0,5,4,3,Champions
C024444,191,2,9003.0,4,4,3,Champions
C014173,443,1,9007.0,2,3,3,At risk
C023993,218,1,9007.0,3,3,3,Loyal
C028989,109,2,9007.0,4,4,3,Champions
C000786,878,1,9008.0,1,3,3,At risk
C012601,488,1,9008.0,2,3,3,At risk
C028712,133,1,9008.0,4,3,3,Loyal
C034263,30,1,9008.0,5,3,3,Loyal
C031317,25,2,9029.0,5,4,3,Champions
C029248,31,3,9030.0,5,4,3,Champions
C028157,129,2,9034.0,4,4,3,Champions
C006257,598,2,9039.0,1,4,3,At risk
C030851,59,2,9039.0,5,4,3,Champions
C002504,743,2,9041.0,1,4,3,At risk
C023606,161,3,9043.0,4,4,3,Champions
C002404,783,2,9046.0,1,4,3,At risk
C006402,617,1,9046.0,1,3,3,At risk
C006490,637,2,9046.0,1,4,3,At risk
C007473,597,2,9046.0,1,4,3,At risk
C014529,411,2,9047.0,2,4,3,At risk
C014531,433,1,9047.0,2,3,3,At risk
C015638,403,1,9047.0,2,3,3,At risk
C026112,86,4,9047.0,4,5,3,Champions
C029469,39,3,9047.0,5,4,3,Champions
C032157,46,2,9047.0,5,4,3,Champions
C034628,20,1,9047.0,5,3,3,Loyal
C009646,565,1,9048.0,2,3,3,At risk
C032619,3,1,9048.0,5,3,3,Loyal
C010668,545,1,9049.0,2,3,3,At risk
C008637,281,2,9052.0,3,4,3,Loyal
C007618,578,2,9055.0,1,4,3,At risk
C025092,201,1,9057.0,4,3,3,Loyal
C004762,596,3,9067.0,1,4,3,At risk
C021796,231,2,9067.0,3,4,3,Loyal
C025497,33,2,9068.0,5,4,3,Champions
C009482,564,2,9069.0,2,4,3,At risk
C015048,387,2,9072.0,2,4,3,At risk
C015766,358,2,9073.0,3,4,3,Loyal
C019628,251,2,9078.0,3,4,3,Loyal
C000354,846,2,9082.0,1,4,3,At risk
C003172,747,2,9082.0,1,4,3,At risk
C031911,43,3,9086.0,5,4,3,Champions
C020717,281,1,9091.0,3,3,3,Loyal
C032194,48,1,9091.0,5,3,3,Loyal
C007842,615,1,9092.0,1,3,3,At risk
C000853,855,1,9093.0,1,3,3,At risk
C003771,754,1,9093.0,1,3,3,At risk
C019198,315,1,9093.0,3,3,3,Loyal
C033054,19,4,9094.0,5,5,3,Champions
C004356,696,2,9095.0,1,4,3,At risk
C007950,556,3,9095.0,2,4,3,At risk
C008550,510,3,9095.0,2,4,3,At risk
C010297,552,2,9095.0,2,4,3,At risk
C025023,200,2,9095.0,4,4,3,Champions
C002622,801,1,9096.0,1,3,3,At risk
C029678,104,2,9096.0,4,4,3,Champions
C033155,42,1,9096.0,5,3,3,Loyal
C003056,782,1,9097.0,1,3,3,At risk
C003498,742,2,9097.0,1,4,3,At risk
C004041,654,2,9097.0,1,4,3,At risk
C004095,740,2,9097.0,1,4,3,At risk
C004817,555,3,9097.0,2,4,3,At risk
C006666,655,1,9097.0,1,3,3,At risk
C014938,423,1,9097.0,2,3,3,At risk
C015026,402,2,9097.0,2,4,3,At risk
C015865,385,1,9097.0,2,3,3,At risk
C022255,209,2,9097.0,4,4,3,Champions
C026865,5,2,9097.0,5,4,3,Champions
C027375,159,1,9097.0,4,3,3,Loyal
C028305,106,2,9097.0,4,4,3,Champions
C002084,815,2,9098.0,1,4,3,At risk
C004258,608,2,9098.0,1,4,3,At risk
C004458,723,1,9098.0,1,3,3,At risk
C005390,697,1,9098.0,1,3,3,At risk
C005671,683,1,9098.0,1,3,3,At risk
C005913,682,1,9098.0,1,3,3,At risk
C007604,562,3,9098.0,2,4,3,At risk
C008942,557,2,9098.0,2,4,3,At risk
C012350,351,2,9098.0,3,4,3,Loyal
C015815,398,2,9098.0,2,4,3,At risk
C017088,328,1,9098.0,3,3,3,Loyal
C018646,256,2,9098.0,3,4,3,Loyal
C021151,270,1,9098.0,3,3,3,Loyal
C022403,243,1,9098.0,3,3,3,Loyal
C024955,203,1,9098.0,4,3,3,Loyal
C026639,159,2,9098.0,4,4,3,Champions
C026805,171,1,9098.0,4,3,3,Loyal
C029564,115,1,9098.0,4,3,3,Loyal
C030287,51,2,9098.0,5,4,3,Champions
C030306,85,2,9098.0,5,4,3,Champions
C032789,14,2,9098.0,5,4,3,Champions
C033153,26,1,9098.0,5,3,3,Loyal
C035583,5,2,9098.0,5,4,3,Champions
C009786,566,1,9099.0,2,3,3,At risk
C015675,403,1,9099.0,2,3,3,At risk
C020596,277,1,9099.0,3,3,3,Loyal
C021022,273,1,9099.0,3,3,3,Loyal
C028743,133,1,9099.0,4,3,3,Loyal
C008329,587,2,9102.0,1,4,3,At risk
C020847,71,4,9112.0,5,5,3,Champions
C012016,497,2,9118.0,2,4,3,At risk
C021923,0,2,9118.0,5,4,3,Champions
C020988,138,3,9119.0,4,4,3,Champions
C009641,570,2,9121.0,2,4,3,At risk
C026377,160,3,9126.0,4,4,3,Champions
C026691,130,2,9133.0,4,4,3,Champions
C031631,78,1,9134.0,5,3,3,Loyal
C009571,576,1,9135.0,2,3,3,At risk
C016836,371,1,9135.0,2,3,3,At risk
C025622,121,1,9135.0,4,3,3,Loyal
C000180,905,1,9136.0,1,3,3,At risk
C023964,174,3,9136.0,4,4,3,Champions
C007759,596,2,9140.0,1,4,3,At risk
C005613,561,5,9144.0,2,5,3,At risk
C015844,370,2,9145.0,2,4,3,At risk
C024870,52,2,9145.0,5,4,3,Champions
C011690,479,2,9146.0,2,4,3,At risk
C014161,259,3,9146.0,3,4,3,Loyal
C017642,313,3,9146.0,3,4,3,Loyal
C020744,279,2,9146.0,3,4,3,Loyal
C024020,6,4,9146.0,5,5,3,Champions
C026952,73,3,9146.0,5,4,3,Champions
C029228,66,2,9146.0,5,4,3,Champions
C007566,520,2,9147.0,2,4,3,At risk
C011829,510,1,9147.0,2,3,3,At risk
C011894,406,2,9147.0,2,4,3,At risk
C021981,247,1,9147.0,3,3,3,Loyal
C027300,104,3,9147.0,4,4,3,Champions
C029957,95,2,9147.0,4,4,3,Champions
C030511,13,2,9147.0,5,4,3,Champions
C033486,44,1,9147.0,5,3,3,Loyal
C034807,20,1,9147.0,5,3,3,Loyal
C028831,80,2,9156.0,5,4,3,Champions
C007475,614,2,9161.0,1,4,3,At risk
C018819,323,2,9163.0,3,4,3,Loyal
C023193,214,2,9171.0,3,4,3,Loyal
C007972,572,3,9172.0,2,4,3,At risk
C001943,723,2,9173.0,1,4,3,At risk
C026097,114,3,9173.0,4,4,3,Champions
C012872,479,1,9175.0,2,3,3,At risk
C023911,162,2,9175.0,4,4,3,Champions
C001704,785,1,9176.0,1,3,3,At risk
C008670,587,1,9177.0,1,3,3,At risk
C013665,458,1,9177.0,2,3,3,At risk
C013697,420,3,9177.0,2,4,3,At risk
C005663,682,1,9178.0,1,3,3,At risk
C009368,574,1,9178.0,2,3,3,At risk
C029332,110,2,9192.0,4,4,3,Champions
C006135,671,2,9196.0,1,4,3,At risk
C019195,292,3,9196.0,3,4,3,Loyal
C021431,212,2,9196.0,3,4,3,Loyal
C021747,245,2,9196.0,3,4,3,Loyal
C035781,3,1,9196.0,5,3,3,Loyal
C007131,631,2,9197.0,1,4,3,At risk
C010427,553,1,9197.0,2,3,3,At risk
C013737,453,1,9197.0,2,3,3,At risk
C015365,395,2,9197.0,2,4,3,At risk
C015425,387,2,9197.0,2,4,3,At risk
C017959,153,1,9197.0,4,3,3,Loyal
C028650,102,1,9197.0,4,3,3,Loyal
C029177,35,2,9197.0,5,4,3,Champions
C031725,67,2,9197.0,5,4,3,Champions
C033789,39,1,9197.0,5,3,3,Loyal
C033926,29,1,9197.0,5,3,3,Loyal
C034375,19,2,9197.0,5,4,3,Champions
C000498,842,3,9198.0,1,4,3,At risk
C002543,669,2,9198.0,1,4,3,At risk
C011994,464,3,9198.0,2,4,3,At risk
C012268,497,1,9198.0,2,3,3,At risk
C014079,442,2,9198.0,2,4,3,At risk
C018752,308,1,9198.0,3,3,3,Loyal
C022600,228,3,9198.0,3,4,3,Loyal
C025911,184,2,9198.0,4,4,3,Champions
C026673,174,1,9198.0,4,3,3,Loyal
C030536,95,2,9198.0,4,4,3,Champions
C001214,817,2,9199.0,1,4,3,At risk
C002537,805,1,9199.0,1,3,3,At risk
C002583,798,1,9199.0,1,3,3,At risk
C002739,797,1,9199.0,1,3,3,At risk
C004005,743,1,9199.0,1,3,3,At risk
C004012,746,1,9199.0,1,3,3,At risk
C004604,638,1,9199.0,1,3,3,At risk
C005516,692,1,9199.0,1,3,3,At risk
C005862,663,1,9199.0,1,3,3,At risk
C006450,663,1,9199.0,1,3,3,At risk
C006762,651,1,9199.0,1,3,3,At risk
C007260,630,1,9199.0,1,3,3,At risk
C007486,596,2,9199.0,1,4,3,At risk
C007581,623,1,9199.0,1,3,3,At risk
C007625,622,1,9199.0,1,3,3,At risk
C008582,592,1,9199.0,1,3,3,At risk
C008602,590,1,9199.0,1,3,3,At risk
C009235,581,1,9199.0,1,3,3,At risk
C009461,576,1,9199.0,2,3,3,At risk
C009642,574,1,9199.0,2,3,3,At risk
C010136,562,1,9199.0,2,3,3,At risk
C010311,459,2,9199.0,2,4,3,At risk
C010472,551,1,9199.0,2,3,3,At risk
C010660,545,1,9199.0,2,3,3,At risk
C010968,536,1,9199.0,2,3,3,At risk
C011601,512,1,9199.0,2,3,3,At risk
C011848,484,1,9199.0,2,3,3,At risk
C012020,458,2,9199.0,2,4,3,At risk
C012064,482,1,9199.0,2,3,3,At risk
C012265,497,1,9199.0,2,3,3,At risk
C012914,472,1,9199.0,2,3,3,At risk
C013996,447,1,9199.0,2,3,3,At risk
C014051,446,1,9199.0,2,3,3,At risk
C014175,443,1,9199.0,2,3,3,At risk
C015402,407,1,9199.0,2,3,3,At risk
C016039,386,1,9199.0,2,3,3,At risk
C016128,391,1,9199.0,2,3,3,At risk
C016424,354,1,9199.0,3,3,3,Loyal
C016471,381,1,9199.0,2,3,3,At risk
C016502,380,1,9199.0,2,3,3,At risk
C016828,365,1,9199.0,3,3,3,Loyal
C017158,362,1,9199.0,3,3,3,Loyal
C017628,351,1,9199.0,3,3,3,Loyal
C018481,331,1,9199.0,3,3,3,Loyal
C018691,327,1,9199.0,3,3,3,Loyal
C019320,313,2,9199.0,3,4,3,Loyal
C019362,313,1,9199.0,3,3,3,Loyal
C019434,312,1,9199.0,3,3,3,Loyal
C019946,299,1,9199.0,3,3,3,Loyal
C020169,290,1,9199.0,3,3,3,Loyal
C020245,178,2,9199.0,4,4,3,Champions
C020397,265,1,9199.0,3,3,3,Loyal
C021502,258,1,9199.0,3,3,3,Loyal
C021562,220,1,9199.0,3,3,3,Loyal
C023276,229,1,9199.0,3,3,3,Loyal
C023302,225,1,9199.0,3,3,3,Loyal
C023683,225,1,9199.0,3,3,3,Loyal
C023750,223,1,9199.0,3,3,3,Loyal
C025544,196,1,9199.0,4,3,3,Loyal
C027598,153,1,9199.0,4,3,3,Loyal
C027655,153,1,9199.0,4,3,3,Loyal
C027698,152,1,9199.0,4,3,3,Loyal
C028186,143,1,9199.0,4,3,3,Loyal
C029267,122,1,9199.0,4,3,3,Loyal
C029416,118,1,9199.0,4,3,3,Loyal
C030077,93,1,9199.0,4,3,3,Loyal
C030112,106,1,9199.0,4,3,3,Loyal
C030135,104,1,9199.0,4,3,3,Loyal
C030221,105,1,9199.0,4,3,3,Loyal
C031489,0,1,9199.0,5,3,3,Loyal
C031577,60,1,9199.0,5,3,3,Loyal
C031928,62,1,9199.0,5,3,3,Loyal
C032014,71,1,9199.0,5,3,3,Loyal
C032505,30,1,9199.0,5,3,3,Loyal
C032952,54,1,9199.0,5,3,3,Loyal
C033813,37,1,9199.0,5,3,3,Loyal
C033869,37,1,9199.0,5,3,3,Loyal
C034151,22,1,9199.0,5,3,3,Loyal
C034220,30,1,9199.0,5,3,3,Loyal
C034433,25,1,9199.0,5,3,3,Loyal
C034645,0,1,9199.0,5,3,3,Loyal
C035143,14,1,9199.0,5,3,3,Loyal
C035372,10,1,9199.0,5,3,3,Loyal
C035502,1,1,9199.0,5,3,3,Loyal
C035808,3,1,9199.0,5,3,3,Loyal
C033683,25,2,9212.0,5,4,3,Champions
C032098,40,2,9213.0,5,4,3,Champions
C008941,403,2,9218.0,2,4,3,At risk
C025659,171,2,9220.0,4,4,3,Champions
C013137,459,1,9221.0,2,3,3,At risk
C026854,38,3,9221.0,5,4,3,Champions
C022894,212,3,9225.0,3,4,3,Loyal
C025918,17,3,9227.0,5,4,3,Champions
C027859,107,2,9231.0,4,4,3,Champions
C023363,213,2,9237.0,3,4,3,Loyal
C026342,125,2,9242.0,4,4,3,Champions
C006634,617,2,9244.0,1,4,3,At risk
C007961,527,5,9244.0,2,5,3,At risk
C017451,314,3,9244.0,3,4,3,Loyal
C017755,282,3,9245.0,3,4,3,Loyal
C022832,234,1,9245.0,3,3,3,Loyal
C008214,563,3,9246.0,2,4,3,At risk
C011682,427,2,9246.0,2,4,3,At risk
C013886,327,3,9246.0,3,4,3,Loyal
C018507,303,3,9246.0,3,4,3,Loyal
C026584,168,1,9246.0,4,3,3,Loyal
C003598,694,2,9247.0,1,4,3,At risk
C005934,576,2,9247.0,2,4,3,At risk
C010812,374,3,9247.0,2,4,3,At risk
C011713,488,2,9247.0,2,4,3,At risk
C012887,457,2,9247.0,2,4,3,At risk
C020479,8,2,9247.0,5,4,3,Champions
C026526,176,1,9247.0,4,3,3,Loyal
C033716,40,1,9247.0,5,3,3,Loyal
C017789,328,2,9253.0,3,4,3,Loyal
C018488,225,5,9253.0,3,5,3,Loyal
C032029,71,1,9262.0,5,3,3,Loyal
C008128,607,1,9263.0,1,3,3,At risk
C009847,567,1,9263.0,2,3,3,At risk
C026996,66,3,9263.0,5,4,3,Champions
C031485,81,1,9263.0,5,3,3,Loyal
C020222,293,1,9264.0,3,3,3,Loyal
C023279,231,1,9264.0,3,3,3,Loyal
C005823,683,2,9267.0,1,4,3,At risk
C028377,91,4,9268.0,4,5,3,Champions
C025897,124,3,9277.0,4,4,3,Champions
C000657,800,3,9294.0,1,4,3,At risk
C011404,446,3,9294.0,2,4,3,At risk
C030532,11,5,9294.0,5,5,3,Champions
C024890,49,3,9295.0,5,4,3,Champions
C033046,33,2,9295.0,5,4,3,Champions
C004865,698,3,9296.0,1,4,3,At risk
C012197,488,2,9296.0,2,4,3,At risk
C013501,414,3,9296.0,2,4,3,At risk
C017637,345,1,9296.0,3,3,3,Loyal
C018873,322,1,9296.0,3,3,3,Loyal
C021433,232,2,9296.0,3,4,3,Loyal
C021462,208,4,9296.0,4,5,3,Champions
C021789,251,2,9296.0,3,4,3,Loyal
C023896,217,2,9296.0,3,4,3,Loyal
C031275,85,1,9296.0,5,3,3,Loyal
C003712,753,2,9297.0,1,4,3,At risk
C003772,739,2,9297.0,1,4,3,At risk
C004101,739,1,9297.0,1,3,3,At risk
C005022,679,2,9297.0,1,4,3,At risk
C005132,705,1,9297.0,1,3,3,At risk
C005192,703,1,9297.0,1,3,3,At risk
C005350,698,1,9297.0,1,3,3,At risk
C008491,587,1,9297.0,1,3,3,At risk
C012769,289,4,9297.0,3,5,3,Loyal
C017402,311,2,9297.0,3,4,3,Loyal
C022526,241,1,9297.0,3,3,3,Loyal
C026984,141,2,9297.0,4,4,3,Champions
C031357,83,1,9297.0,5,3,3,Loyal
C033150,50,1,9297.0,5,3,3,Loyal
C000023,574,2,9298.0,2,4,3,At risk
C000238,883,2,9298.0,1,4,3,At risk
C000540,855,2,9298.0,1,4,3,At risk
C002934,781,1,9298.0,1,3,3,At risk
C007823,592,2,9298.0,1,4,3,At risk
C010237,509,1,9298.0,2,3,3,At risk
C011855,463,2,9298.0,2,4,3,At risk
C012562,489,1,9298.0,2,3,3,At risk
C013612,459,1,9298.0,2,3,3,At risk
C015137,243,1,9298.0,3,3,3,Loyal
C015148,417,1,9298.0,2,3,3,At risk
C022458,225,2,9298.0,3,4,3,Loyal
C028589,136,1,9298.0,4,3,3,Loyal
C033775,23,2,9298.0,5,4,3,Champions
C034511,25,1,9298.0,5,3,3,Loyal
C035198,13,1,9298.0,5,3,3,Loyal
C005810,468,3,9300.0,2,4,3,At risk
C012698,381,3,9300.0,2,4,3,At risk
C033197,43,1,9304.0,5,3,3,Loyal
C006349,457,3,9305.0,2,4,3,At risk
C034427,26,1,9305.0,5,3,3,Loyal
C027835,145,2,9307.0,4,4,3,Champions
C013603,390,2,9318.0,2,4,3,At risk
C004546,567,3,9321.0,2,4,3,At risk
C018338,320,4,9324.0,3,5,3,Loyal
C034326,23,2,9329.0,5,4,3,Champions
C026166,23,3,9331.0,5,4,3,Champions
C022112,167,2,9338.0,4,4,3,Champions
C006883,640,3,9343.0,1,4,3,At risk
C013488,277,6,9344.0,3,5,3,Loyal
C019796,172,3,9344.0,4,4,3,Champions
C006299,642,2,9345.0,1,4,3,At risk
C030686,37,3,9345.0,5,4,3,Champions
C021938,235,2,9346.0,3,4,3,Loyal
C023937,210,1,9346.0,4,3,3,Loyal
C028738,111,1,9346.0,4,3,3,Loyal
C032071,68,1,9346.0,5,3,3,Loyal
C035287,12,1,9346.0,5,3,3,Loyal
C007844,596,2,9347.0,1,4,3,At risk
C012664,457,2,9347.0,2,4,3,At risk
C017484,355,1,9347.0,3,3,3,Loyal
C021483,260,2,9347.0,3,4,3,Loyal
C027078,160,2,9347.0,4,4,3,Champions
C029249,79,2,9347.0,5,4,3,Champions
C031127,82,2,9347.0,5,4,3,Champions
C032736,41,2,9347.0,5,4,3,Champions
C011151,501,2,9348.0,2,4,3,At risk
C018784,324,1,9348.0,3,3,3,Loyal
C022121,249,1,9348.0,3,3,3,Loyal
C034928,18,1,9348.0,5,3,3,Loyal
C020383,226,2,9349.0,3,4,3,Loyal
C025913,177,2,9350.0,4,4,3,Champions
C025806,155,2,9363.0,4,4,3,Champions
C029585,32,2,9367.0,5,4,3,Champions
C024707,110,5,9369.0,4,5,3,Champions
C008167,565,2,9372.0,2,4,3,At risk
C024300,212,2,9374.0,3,4,3,Loyal
C006637,636,2,9375.0,1,4,3,At risk
C028724,110,2,9382.0,4,4,3,Champions
C020110,231,3,9391.0,3,4,3,Loyal
C009392,578,1,9394.0,2,3,3,At risk
C008970,573,2,9395.0,2,4,3,At risk
C014180,65,4,9395.0,5,5,3,Champions
C033305,39,2,9395.0,5,4,3,Champions
C009056,587,1,9396.0,1,3,3,At risk
C020973,203,2,9396.0,4,4,3,Champions
C021311,245,3,9396.0,3,4,3,Loyal
C025212,196,1,9396.0,4,3,3,Loyal
C032534,26,3,9396.0,5,4,3,Champions
C000372,892,2,9397.0,1,4,3,At risk
C004851,707,2,9397.0,1,4,3,At risk
C006625,500,4,9397.0,2,5,3,At risk
C008446,478,3,9397.0,2,4,3,At risk
C015831,399,1,9397.0,2,3,3,At risk
C018284,253,3,9397.0,3,4,3,Loyal
C019395,310,1,9397.0,3,3,3,Loyal
C024588,198,2,9397.0,4,4,3,Champions
C026572,153,1,9397.0,4,3,3,Loyal
C029303,45,3,9397.0,5,4,3,Champions
C032912,40,1,9397.0,5,3,3,Loyal
C033053,52,1,9397.0,5,3,3,Loyal
C003981,743,1,9398.0,1,3,3,At risk
C005343,697,1,9398.0,1,3,3,At risk
C006856,648,1,9398.0,1,3,3,At risk
C015458,409,1,9398.0,2,3,3,At risk
C015469,360,2,9398.0,3,4,3,Loyal
C022014,8,2,9398.0,5,4,3,Champions
C023377,173,1,9398.0,4,3,3,Loyal
C023856,221,1,9398.0,3,3,3,Loyal
C023987,136,2,9398.0,4,4,3,Champions
C025547,162,2,9398.0,4,4,3,Champions
C026835,168,1,9398.0,4,3,3,Loyal
C028652,107,2,9398.0,4,4,3,Champions
C008714,562,1,9399.0,2,3,3,At risk
C019322,314,1,9399.0,3,3,3,Loyal
C022357,233,1,9399.0,3,3,3,Loyal
C024085,216,1,9399.0,3,3,3,Loyal
C027636,153,1,9399.0,4,3,3,Loyal
C034872,19,1,9399.0,5,3,3,Loyal
C022018,226,2,9400.0,3,4,3,Loyal
C022244,231,1,9402.0,3,3,3,Loyal
C031570,71,2,9403.0,5,4,3,Champions
C028552,50,2,9423.0,5,4,3,Champions
C008760,595,1,9428.0,1,3,3,At risk
C024917,16,3,9431.0,5,4,3,Champions
C025416,198,1,9432.0,4,3,3,Loyal
C035073,16,1,9432.0,5,3,3,Loyal
C008108,591,1,9433.0,1,3,3,At risk
C009024,588,1,9433.0,1,3,3,At risk
C010420,553,1,9433.0,2,3,3,At risk
C027327,129,1,9433.0,4,3,3,Loyal
C000791,878,1,9434.0,1,3,3,At risk
C008580,596,1,9434.0,1,3,3,At risk
C010415,553,1,9434.0,2,3,3,At risk
C015123,418,1,9434.0,2,3,3,At risk
C017703,349,1,9434.0,3,3,3,Loyal
C021736,257,1,9434.0,3,3,3,Loyal
C030891,89,1,9434.0,4,3,3,Loyal
C031889,73,1,9434.0,5,3,3,Loyal
C034702,22,1,9434.0,5,3,3,Loyal
C025124,178,2,9436.0,4,4,3,Champions
C007464,578,3,9439.0,1,4,3,At risk
C010185,479,2,9439.0,2,4,3,At risk
C027985,89,3,9441.0,4,4,3,Champions
C004833,675,3,9446.0,1,4,3,At risk
C011734,314,2,9446.0,3,4,3,Loyal
C013669,439,3,9446.0,2,4,3,At risk
C015610,101,4,9446.0,4,5,3,Champions
C019373,216,3,9446.0,3,4,3,Loyal
C023282,149,3,9446.0,4,4,3,Champions
C007649,594,2,9447.0,1,4,3,At risk
C014350,358,3,9447.0,3,4,3,Loyal
C028366,37,3,9447.0,5,4,3,Champions
C028593,136,1,9447.0,4,3,3,Loyal
C028821,132,1,9447.0,4,3,3,Loyal
C028827,131,1,9447.0,4,3,3,Loyal
C031702,77,1,9447.0,5,3,3,Loyal
C033568,27,2,9447.0,5,4,3,Champions
C020588,66,1,9448.0,5,3,3,Loyal
C033721,40,1,9448.0,5,3,3,Loyal
C022107,200,4,9449.0,4,5,3,Champions
C015203,375,4,9460.0,2,5,3,At risk
C033348,11,2,9461.0,5,4,3,Champions
C030666,88,2,9467.0,4,4,3,Champions
C005664,673,3,9469.0,1,4,3,At risk
C021263,265,2,9471.0,3,4,3,Loyal
C031012,81,3,9472.0,5,4,3,Champions
C011131,516,3,9476.0,2,4,3,At risk
C021015,231,3,9477.0,3,4,3,Loyal
C023511,214,2,9477.0,3,4,3,Loyal
C027042,104,2,9492.0,4,4,3,Champions
C016935,320,2,9494.0,3,4,3,Loyal
C000716,842,2,9495.0,1,4,3,At risk
C011976,228,5,9495.0,3,5,3,Loyal
C019629,161,3,9495.0,4,4,3,Champions
C020289,211,4,9495.0,4,5,3,Champions
C032063,41,3,9495.0,5,4,3,Champions
C000857,871,2,9496.0,1,4,3,At risk
C002797,774,2,9496.0,1,4,3,At risk
C008266,566,2,9496.0,2,4,3,At risk
C017527,262,4,9496.0,3,5,3,Loyal
C020095,160,4,9496.0,4,5,3,Champions
C020680,74,3,9496.0,5,4,3,Champions
C027232,73,3,9496.0,5,4,3,Champions
C001240,816,2,9497.0,1,4,3,At risk
C008822,415,3,9497.0,2,4,3,At risk
C009726,571,1,9497.0,2,3,3,At risk
C010797,541,1,9497.0,2,3,3,At risk
C014898,316,3,9497.0,3,4,3,Loyal
C015655,358,2,9497.0,3,4,3,Loyal
C015873,376,2,9497.0,2,4,3,At risk
C022470,218,2,9497.0,3,4,3,Loyal
C023483,225,1,9497.0,3,3,3,Loyal
C026204,182,2,9497.0,4,4,3,Champions
C029520,37,2,9497.0,5,4,3,Champions
C029858,48,1,9497.0,5,3,3,Loyal
C035189,11,1,9497.0,5,3,3,Loyal
C001181,861,1,9498.0,1,3,3,At risk
C004510,652,4,9498.0,1,5,3,At risk
C005415,696,1,9498.0,1,3,3,At risk
C011032,534,1,9498.0,2,3,3,At risk
C011716,441,1,9498.0,2,3,3,At risk
C012795,472,2,9498.0,2,4,3,At risk
C014505,409,2,9498.0,2,4,3,At risk
C016400,200,2,9498.0,4,4,3,Champions
C020521,270,1,9498.0,3,3,3,Loyal
C028579,136,1,9498.0,4,3,3,Loyal
C031312,84,1,9498.0,5,3,3,Loyal
C035427,3,1,9498.0,5,3,3,Loyal
C001387,853,1,9499.0,1,3,3,At risk
C002221,817,1,9499.0,1,3,3,At risk
C003888,751,1,9499.0,1,3,3,At risk
C004990,711,1,9499.0,1,3,3,At risk
C006202,672,1,9499.0,1,3,3,At risk
C008038,592,1,9499.0,1,3,3,At risk
C008322,578,1,9499.0,2,3,3,At risk
C008377,599,1,9499.0,1,3,3,At risk
C009647,573,1,9499.0,2,3,3,At risk
C010312,555,1,9499.0,2,3,3,At risk
C010803,539,1,9499.0,2,3,3,At risk
C011665,515,1,9499.0,2,3,3,At risk
C012565,465,1,9499.0,2,3,3,At risk
C014299,439,1,9499.0,2,3,3,At risk
C015131,411,1,9499.0,2,3,3,At risk
C015381,411,1,9499.0,2,3,3,At risk
C015747,396,1,9499.0,2,3,3,At risk
C016321,378,1,9499.0,2,3,3,At risk
C016448,381,1,9499.0,2,3,3,At risk
C017073,357,1,9499.0,3,3,3,Loyal
C019119,312,1,9499.0,3,3,3,Loyal
C023155,220,1,9499.0,3,3,3,Loyal
C024192,162,1,9499.0,4,3,3,Loyal
C024525,212,1,9499.0,3,3,3,Loyal
C024914,198,1,9499.0,4,3,3,Loyal
C026250,182,1,9499.0,4,3,3,Loyal
C026738,172,1,9499.0,4,3,3,Loyal
C027092,165,1,9499.0,4,3,3,Loyal
C027224,152,2,9499.0,4,4,3,Champions
C029963,108,1,9499.0,4,3,3,Loyal
C030688,94,1,9499.0,4,3,3,Loyal
C033483,42,1,9499.0,5,3,3,Loyal
C034188,27,1,9499.0,5,3,3,Loyal
C034964,1,1,9499.0,5,3,3,Loyal
C035164,14,1,9499.0,5,3,3,Loyal
C010480,381,2,9507.0,2,4,3,At risk
C031304,49,2,9510.0,5,4,3,Champions
C016523,362,2,9511.0,3,4,3,Loyal
C010147,521,2,9512.0,2,4,3,At risk
C014589,229,4,9515.0,3,5,3,Loyal
C011656,515,1,9517.0,2,3,3,At risk
C012783,480,1,9517.0,2,3,3,At risk
C035040,16,1,9517.0,5,3,3,Loyal
C035173,14,1,9518.0,5,3,3,Loyal
C031720,77,1,9519.0,5,3,3,Loyal
C029450,117,1,9535.0,4,3,3,Loyal
C016600,377,2,9537.0,2,4,3,At risk
C010798,504,3,9541.0,2,4,3,At risk
C002667,750,2,9545.0,1,4,3,At risk
C004123,739,1,9545.0,1,3,3,At risk
C005203,690,1,9546.0,1,3,3,At risk
C009512,515,3,9546.0,2,4,3,At risk
C011784,504,2,9546.0,2,4,3,At risk
C015672,314,2,9546.0,3,4,3,Loyal
C022337,81,3,9546.0,5,4,3,Champions
C025722,184,1,9546.0,4,3,3,Loyal
C029867,109,1,9546.0,4,3,3,Loyal
C030043,87,2,9546.0,4,4,3,Champions
C030554,98,1,9546.0,4,3,3,Loyal
C034239,22,1,9546.0,5,3,3,Loyal
C002524,781,3,9547.0,1,4,3,At risk
C010481,503,2,9547.0,2,4,3,At risk
C021874,219,2,9547.0,3,4,3,Loyal
C024023,151,3,9547.0,4,4,3,Champions
C025765,127,2,9547.0,4,4,3,Champions
C030502,60,2,9547.0,5,4,3,Champions
C029723,9,2,9548.0,5,4,3,Champions
C021788,173,2,9550.0,4,4,3,Champions
C029643,91,2,9551.0,4,4,3,Champions
C012813,443,4,9555.0,2,5,3,At risk
C001242,856,1,9559.0,1,3,3,At risk
C003901,750,1,9559.0,1,3,3,At risk
C035783,3,1,9559.0,5,3,3,Loyal
C010684,544,1,9560.0,2,3,3,At risk
C019027,320,1,9561.0,3,3,3,Loyal
C009496,349,3,9565.0,3,4,3,Loyal
C012772,347,3,9566.0,3,4,3,Loyal
C012041,462,2,9567.0,2,4,3,At risk
C029115,109,3,9567.0,4,4,3,Champions
C009880,457,4,9572.0,2,5,3,At risk
C020481,200,4,9573.0,4,5,3,Champions
C007246,583,3,9574.0,1,4,3,At risk
C026237,77,2,9574.0,5,4,3,Champions
C007984,537,3,9582.0,2,4,3,At risk
C023289,231,1,9582.0,3,3,3,Loyal
C007578,578,1,9589.0,1,3,3,At risk
C011040,424,3,9592.0,2,4,3,At risk
C006756,481,4,9594.0,2,5,3,At risk
C005852,681,1,9596.0,1,3,3,At risk
C008836,514,4,9596.0,2,5,3,At risk
C026644,174,1,9596.0,4,3,3,Loyal
C028290,141,1,9596.0,4,3,3,Loyal
C032222,68,1,9596.0,5,3,3,Loyal
C033183,50,1,9596.0,5,3,3,Loyal
C000487,891,1,9597.0,1,3,3,At risk
C000580,884,1,9597.0,1,3,3,At risk
C003582,762,1,9597.0,1,3,3,At risk
C007850,590,2,9597.0,1,4,3,At risk
C008082,483,3,9597.0,2,4,3,At risk
C008129,607,1,9597.0,1,3,3,At risk
C015349,412,1,9597.0,2,3,3,At risk
C016890,126,2,9597.0,4,4,3,Champions
C018236,336,1,9597.0,3,3,3,Loyal
C025564,161,1,9597.0,4,3,3,Loyal
C025737,153,2,9597.0,4,4,3,Champions
C031668,77,1,9597.0,5,3,3,Loyal
C031842,15,3,9597.0,5,4,3,Champions
C032392,18,2,9597.0,5,4,3,Champions
C032945,54,1,9597.0,5,3,3,Loyal
C034784,21,1,9597.0,5,3,3,Loyal
C000561,888,1,9598.0,1,3,3,At risk
C001862,820,1,9598.0,1,3,3,At risk
C003590,726,1,9598.0,1,3,3,At risk
C006110,670,1,9598.0,1,3,3,At risk
C011330,525,1,9598.0,2,3,3,At risk
C013456,458,2,9598.0,2,4,3,At risk
C016605,378,1,9598.0,2,3,3,At risk
C018989,320,1,9598.0,3,3,3,Loyal
C022822,199,1,9598.0,4,3,3,Loyal
C023170,230,1,9598.0,3,3,3,Loyal
C023379,189,2,9598.0,4,4,3,Champions
C024672,209,1,9598.0,4,3,3,Loyal
C026672,140,2,9598.0,4,4,3,Champions
C027408,158,1,9598.0,4,3,3,Loyal
C028483,137,1,9598.0,4,3,3,Loyal
C029448,103,2,9598.0,4,4,3,Champions
C030523,99,1,9598.0,4,3,3,Loyal
C031468,37,3,9598.0,5,4,3,Champions
C035795,3,1,9598.0,5,3,3,Loyal
C022011,250,1,9601.0,3,3,3,Loyal
C000963,867,1,9602.0,1,3,3,At risk
C030150,102,1,9602.0,4,3,3,Loyal
C010155,562,1,9603.0,2,3,3,At risk
C011705,514,1,9603.0,2,3,3,At risk
C014742,423,1,9603.0,2,3,3,At risk
C032080,70,1,9603.0,5,3,3,Loyal
C002990,787,1,9604.0,1,3,3,At risk
C006977,644,1,9604.0,1,3,3,At risk
C032305,36,2,9610.0,5,4,3,Champions
C029977,73,3,9616.0,5,4,3,Champions
C001356,827,2,9618.0,1,4,3,At risk
C014148,423,2,9618.0,2,4,3,At risk
C000764,596,3,9619.0,1,4,3,At risk
C017353,342,2,9623.0,3,4,3,Loyal
C033538,33,2,9623.0,5,4,3,Champions
C025886,23,3,9642.0,5,4,3,Champions
C011129,521,1,9643.0,2,3,3,At risk
C005133,704,2,9645.0,1,4,3,At risk
C014694,339,4,9645.0,3,5,3,Loyal
C017659,350,1,9645.0,3,3,3,Loyal
C020887,273,2,9645.0,3,4,3,Loyal
C023736,224,1,9645.0,3,3,3,Loyal
C005506,664,3,9646.0,1,4,3,At risk
C014774,421,2,9646.0,2,4,3,At risk
C025691,193,1,9646.0,4,3,3,Loyal
C032651,59,1,9646.0,5,3,3,Loyal
C012514,166,2,9647.0,4,4,3,Champions
C021333,153,2,9647.0,4,4,3,Champions
C024998,16,2,9647.0,5,4,3,Champions
C029242,102,2,9647.0,4,4,3,Champions
C033182,16,1,9647.0,5,3,3,Loyal
C004426,712,2,9652.0,1,4,3,At risk
C016666,293,3,9656.0,3,4,3,Loyal
C012256,458,2,9657.0,2,4,3,At risk
C019052,319,1,9670.0,3,3,3,Loyal
C022064,89,4,9670.0,4,5,3,Champions
C033311,14,3,9673.0,5,4,3,Champions
C015328,272,3,9674.0,3,4,3,Loyal
C019230,253,2,9678.0,3,4,3,Loyal
C008854,565,3,9680.0,2,4,3,At risk
C018861,308,2,9681.0,3,4,3,Loyal
C002577,803,1,9687.0,1,3,3,At risk
C021335,231,2,9687.0,3,4,3,Loyal
C025272,200,1,9687.0,4,3,3,Loyal
C004436,727,1,9688.0,1,3,3,At risk
C010874,536,1,9688.0,2,3,3,At risk
C016217,389,1,9688.0,2,3,3,At risk
C006383,607,3,9695.0,1,4,3,At risk
C007628,619,2,9695.0,1,4,3,At risk
C015510,43,2,9695.0,5,4,3,Champions
C028785,51,3,9695.0,5,4,3,Champions
C014134,206,2,9696.0,4,4,3,Champions
C025175,200,1,9696.0,4,3,3,Loyal
C001611,797,2,9697.0,1,4,3,At risk
C025778,179,2,9697.0,4,4,3,Champions
C027774,148,1,9697.0,4,3,3,Loyal
C029018,62,2,9697.0,5,4,3,Champions
C031678,77,1,9697.0,5,3,3,Loyal
C007504,445,2,9698.0,2,4,3,At risk
C008058,597,1,9698.0,1,3,3,At risk
C009002,584,1,9698.0,1,3,3,At risk
C017262,360,1,9698.0,3,3,3,Loyal
C024818,138,3,9698.0,4,4,3,Champions
C024861,203,2,9698.0,4,4,3,Champions
C026528,25,2,9698.0,5,4,3,Champions
C027763,150,1,9698.0,4,3,3,Loyal
C018933,320,1,9700.0,3,3,3,Loyal
C000636,809,4,9704.0,1,5,3,At risk
C029343,53,2,9705.0,5,4,3,Champions
C028633,25,3,9706.0,5,4,3,Champions
C012716,367,4,9715.0,3,5,3,Loyal
C016677,293,2,9716.0,3,4,3,Loyal
C003357,756,2,9717.0,1,4,3,At risk
C030271,41,3,9719.0,5,4,3,Champions
C012771,383,3,9720.0,2,4,3,At risk
C006604,658,1,9728.0,1,3,3,At risk
C005410,644,3,9731.0,1,4,3,At risk
C011011,430,3,9741.0,2,4,3,At risk
C003744,598,3,9743.0,1,4,3,At risk
C015477,308,4,9743.0,3,5,3,Loyal
C003694,141,4,9744.0,4,5,3,Champions
C004730,615,4,9744.0,1,5,3,At risk
C021541,46,3,9744.0,5,4,3,Champions
C012588,475,2,9745.0,2,4,3,At risk
C033725,9,4,9745.0,5,5,3,Champions
C000165,900,1,9746.0,1,3,3,At risk
C015201,416,1,9746.0,2,3,3,At risk
C016298,385,1,9746.0,2,3,3,At risk
C019154,278,3,9746.0,3,4,3,Loyal
C027060,153,2,9746.0,4,4,3,Champions
C032609,60,1,9747.0,5,3,3,Loyal
C033679,17,2,9747.0,5,4,3,Champions
C019035,302,2,9748.0,3,4,3,Loyal
C024675,200,2,9751.0,4,4,3,Champions
C001150,819,2,9754.0,1,4,3,At risk
C005463,565,4,9754.0,2,5,3,At risk
C001161,748,3,9757.0,1,4,3,At risk
C018410,319,2,9759.0,3,4,3,Loyal
C021896,33,3,9765.0,5,4,3,Champions
C002350,810,2,9766.0,1,4,3,At risk
C024234,206,2,9767.0,4,4,3,Champions
C007244,365,2,9768.0,3,4,3,Loyal
C025523,159,2,9768.0,4,4,3,Champions
C032889,14,2,9769.0,5,4,3,Champions
C003760,756,1,9773.0,1,3,3,At risk
C004266,715,2,9773.0,1,4,3,At risk
C010461,552,1,9773.0,2,3,3,At risk
C018495,331,1,9773.0,3,3,3,Loyal
C022221,111,4,9773.0,4,5,3,Champions
C024721,166,3,9774.0,4,4,3,Champions
C011851,463,3,9785.0,2,4,3,At risk
C018076,230,3,9786.0,3,4,3,Loyal
C028321,128,2,9787.0,4,4,3,Champions
C015008,404,2,9788.0,2,4,3,At risk
C021958,229,2,9794.0,3,4,3,Loyal
C025471,197,1,9795.0,4,3,3,Loyal
C000078,779,5,9796.0,1,5,3,At risk
C004869,707,1,9796.0,1,3,3,At risk
C018997,274,4,9796.0,3,5,3,Loyal
C021604,220,3,9796.0,3,4,3,Loyal
C001211,861,1,9797.0,1,3,3,At risk
C004843,672,1,9797.0,1,3,3,At risk
C005931,670,1,9797.0,1,3,3,At risk
C010286,558,1,9797.0,2,3,3,At risk
C011258,527,1,9797.0,2,3,3,At risk
C011479,438,3,9797.0,2,4,3,At risk
C012048,459,2,9797.0,2,4,3,At risk
C014029,446,1,9797.0,2,3,3,At risk
C014077,401,2,9797.0,2,4,3,At risk
C016010,366,3,9797.0,3,4,3,Loyal
C026903,168,1,9797.0,4,3,3,Loyal
C028580,96,2,9797.0,4,4,3,Champions
C031635,78,1,9797.0,5,3,3,Loyal
C031828,75,1,9797.0,5,3,3,Loyal
C035113,15,1,9797.0,5,3,3,Loyal
C005074,693,1,9798.0,1,3,3,At risk
C014245,441,1,9798.0,2,3,3,At risk
C014265,435,1,9798.0,2,3,3,At risk
C018333,330,1,9798.0,3,3,3,Loyal
C019006,320,1,9798.0,3,3,3,Loyal
C023046,199,2,9798.0,4,4,3,Champions
C027894,132,1,9798.0,4,3,3,Loyal
C035188,14,1,9798.0,5,3,3,Loyal
C007968,611,1,9799.0,1,3,3,At risk
C031129,87,1,9799.0,4,3,3,Loyal
C033800,19,1,9799.0,5,3,3,Loyal
C015284,381,2,9803.0,2,4,3,At risk
C027261,149,1,9814.0,4,3,3,Loyal
C006092,534,3,9815.0,2,4,3,At risk
C019235,240,2,9816.0,3,4,3,Loyal
C014211,336,2,9819.0,3,4,3,Loyal
C022377,230,2,9820.0,3,4,3,Loyal
C009329,517,2,9821.0,2,4,3,At risk
C021859,199,2,9821.0,4,4,3,Champions
C022812,231,2,9821.0,3,4,3,Loyal
C017766,249,4,9823.0,3,5,3,Loyal
C030284,103,2,9823.0,4,4,3,Champions
C002742,729,2,9825.0,1,4,3,At risk
C007805,596,2,9838.0,1,4,3,At risk
C014000,231,4,9839.0,3,5,3,Loyal
C008482,564,2,9841.0,2,4,3,At risk
C033026,31,3,9841.0,5,4,3,Champions
C002315,683,2,9843.0,1,4,3,At risk
C002125,780,3,9845.0,1,4,3,At risk
C003179,673,5,9845.0,1,5,3,At risk
C034508,4,2,9845.0,5,4,3,Champions
C000816,840,2,9846.0,1,4,3,At risk
C010107,490,4,9846.0,2,5,3,At risk
C011805,434,3,9847.0,2,4,3,At risk
C019487,288,2,9847.0,3,4,3,Loyal
C020816,278,1,9847.0,3,3,3,Loyal
C024481,182,1,9847.0,4,3,3,Loyal
C032602,60,1,9847.0,5,3,3,Loyal
C032734,57,1,9847.0,5,3,3,Loyal
C033136,36,2,9847.0,5,4,3,Champions
C034846,17,2,9847.0,5,4,3,Champions
C016498,358,2,9848.0,3,4,3,Loyal
C034404,22,2,9848.0,5,4,3,Champions
C003086,652,4,9851.0,1,5,3,At risk
C007765,594,3,9851.0,1,4,3,At risk
C009300,579,1,9852.0,1,3,3,At risk
C000151,901,1,9856.0,1,3,3,At risk
C010097,564,1,9856.0,2,3,3,At risk
C016118,389,1,9857.0,2,3,3,At risk
C017313,359,1,9857.0,3,3,3,Loyal
C028240,102,2,9857.0,4,4,3,Champions
C028605,136,1,9857.0,4,3,3,Loyal
C024577,211,1,9858.0,4,3,3,Loyal
C010553,487,3,9862.0,2,4,3,At risk
C008405,565,2,9888.0,2,4,3,At risk
C005097,688,2,9895.0,1,4,3,At risk
C010058,358,5,9895.0,3,5,3,Loyal
C010956,536,1,9895.0,2,3,3,At risk
C006096,666,3,9896.0,1,4,3,At risk
C029298,107,2,9896.0,4,4,3,Champions
C001662,793,1,9897.0,1,3,3,At risk
C005867,563,2,9897.0,2,4,3,At risk
C007937,573,2,9897.0,2,4,3,At risk
C010025,565,1,9897.0,2,3,3,At risk
C024851,206,1,9897.0,4,3,3,Loyal
C030365,79,1,9897.0,5,3,3,Loyal
C031029,23,2,9897.0,5,4,3,Champions
C035784,3,1,9897.0,5,3,3,Loyal
C007879,596,2,9898.0,1,4,3,At risk
C014354,405,2,9898.0,2,4,3,At risk
C014904,421,1,9898.0,2,3,3,At risk
C016825,306,3,9898.0,3,4,3,Loyal
C017406,230,2,9898.0,3,4,3,Loyal
C017607,351,1,9898.0,3,3,3,Loyal
C020254,292,1,9898.0,3,3,3,Loyal
C021526,214,2,9898.0,3,4,3,Loyal
C027788,111,2,9898.0,4,4,3,Champions
C028463,110,2,9898.0,4,4,3,Champions
C031336,60,2,9898.0,5,4,3,Champions
C033626,42,1,9898.0,5,3,3,Loyal
C034072,16,1,9898.0,5,3,3,Loyal
C034894,18,1,9898.0,5,3,3,Loyal
C035374,10,1,9898.0,5,3,3,Loyal
C035868,2,1,9899.0,5,3,3,Loyal
C020632,282,1,9901.0,3,3,3,Loyal
C008932,578,2,9902.0,2,4,3,At risk
C027421,98,2,9902.0,4,4,3,Champions
C027804,111,3,9907.0,4,4,3,Champions
C014030,168,2,9910.0,4,4,3,Champions
C023351,214,1,9910.0,3,3,3,Loyal
C015049,407,3,9913.0,2,4,3,At risk
C001010,810,2,9914.0,1,4,3,At risk
C025144,7,2,9917.0,5,4,3,Champions
C015929,352,2,9926.0,3,4,3,Loyal
C016832,206,3,9930.0,4,4,3,Champions
C005445,694,1,9941.0,1,3,3,At risk
C020007,236,2,9942.0,3,4,3,Loyal
C026454,178,1,9942.0,4,3,3,Loyal
C028395,102,1,9942.0,4,3,3,Loyal
C035672,5,1,9942.0,5,3,3,Loyal
C028815,132,1,9943.0,4,3,3,Loyal
C000592,778,6,9945.0,1,5,3,At risk
C010428,368,3,9945.0,3,4,3,Loyal
C021037,187,2,9945.0,4,4,3,Champions
C007751,618,1,9946.0,1,3,3,At risk
C018443,307,2,9946.0,3,4,3,Loyal
C031729,18,2,9946.0,5,4,3,Champions
C004825,702,2,9947.0,1,4,3,At risk
C011137,441,3,9947.0,2,4,3,At risk
C011917,503,1,9947.0,2,3,3,At risk
C012732,464,1,9947.0,2,3,3,At risk
C015497,364,2,9947.0,3,4,3,Loyal
C021171,224,2,9947.0,3,4,3,Loyal
C024044,217,1,9947.0,3,3,3,Loyal
C028887,102,2,9947.0,4,4,3,Champions
C031387,83,1,9947.0,5,3,3,Loyal
C031862,55,2,9947.0,5,4,3,Champions
C001933,404,2,9948.0,2,4,3,At risk
C012933,435,2,9948.0,2,4,3,At risk
C022643,238,1,9948.0,3,3,3,Loyal
C023453,181,2,9948.0,4,4,3,Champions
C023986,214,1,9948.0,3,3,3,Loyal
C009102,565,2,9950.0,2,4,3,At risk
C033485,9,2,9953.0,5,4,3,Champions
C024816,124,2,9957.0,4,4,3,Champions
C029179,64,3,9962.0,5,4,3,Champions
C009668,501,4,9970.0,2,5,3,At risk
C024197,145,3,9979.0,4,4,3,Champions
C009820,561,2,9980.0,2,4,3,At risk
C022167,226,3,9981.0,3,4,3,Loyal
C008187,354,3,9983.0,3,4,3,Loyal
C027292,157,2,9983.0,4,4,3,Champions
C004719,685,2,9988.0,1,4,3,At risk
C029877,109,1,9988.0,4,3,3,Loyal
C034473,22,2,9990.0,5,4,3,Champions
C016411,302,3,9991.0,3,4,3,Loyal
C000450,789,3,9992.0,1,4,3,At risk
C001581,792,5,9995.0,1,5,3,At risk
C003297,754,2,9995.0,1,4,3,At risk
C005880,529,5,9995.0,2,5,3,At risk
C002020,730,2,9996.0,1,4,3,At risk
C002379,791,2,9996.0,1,4,3,At risk
C016026,376,3,9996.0,2,4,3,At risk
C019942,275,2,9996.0,3,4,3,Loyal
C000976,837,2,9997.0,1,4,3,At risk
C013609,406,1,9997.0,2,3,3,At risk
C015985,345,3,9997.0,3,4,3,Loyal
C016230,226,4,9997.0,3,5,3,Loyal
C018273,309,1,9997.0,3,3,3,Loyal
C020957,273,2,9997.0,3,4,3,Loyal
C021804,222,1,9997.0,3,3,3,Loyal
C024133,215,1,9997.0,3,3,3,Loyal
C028891,90,2,9997.0,4,4,3,Champions
C034278,29,1,9997.0,5,3,3,Loyal
C003915,676,1,9998.0,1,3,3,At risk
C005406,695,1,9998.0,1,3,3,At risk
C006097,579,2,9998.0,1,4,3,At risk
C008997,588,1,9998.0,1,3,3,At risk
C009672,572,1,9998.0,2,3,3,At risk
C013866,439,2,9998.0,2,4,3,At risk
C020136,295,1,9998.0,3,3,3,Loyal
C026007,187,1,9998.0,4,3,3,Loyal
C026908,169,1,9998.0,4,3,3,Loyal
C030880,64,2,9998.0,5,4,3,Champions
C033651,41,1,9998.0,5,3,3,Loyal
C034834,20,1,9998.0,5,3,3,Loyal
C018315,335,1,9999.0,3,3,3,Loyal
C003548,631,5,10009.0,1,5,3,At risk
C006398,512,3,10010.0,2,4,3,At risk
C005373,636,2,10011.0,1,4,3,At risk
C007966,596,2,10011.0,1,4,3,At risk
C033345,44,2,10017.0,5,4,3,Champions
C002539,794,2,10018.0,1,4,3,At risk
C034088,5,2,10021.0,5,4,3,Champions
C008476,565,2,10026.0,2,4,3,At risk
C032890,21,1,10027.0,5,3,3,Loyal
C023892,211,1,10028.0,4,3,3,Loyal
C024758,207,1,10028.0,4,3,3,Loyal
C008268,601,1,10029.0,1,3,3,At risk
C000420,634,4,10030.0,1,5,3,At risk
C002530,659,2,10030.0,1,4,3,At risk
C008261,596,2,10030.0,1,4,3,At risk
C021745,214,2,10038.0,3,4,3,Loyal
C013202,451,2,10041.0,2,4,3,At risk
C022409,46,3,10044.0,5,4,3,Champions
C023749,167,2,10044.0,4,4,3,Champions
C010512,530,2,10045.0,2,4,3,At risk
C021346,222,3,10045.0,3,4,3,Loyal
C028036,79,4,10045.0,5,5,3,Champions
C031379,83,1,10045.0,5,3,3,Loyal
C000187,878,2,10046.0,1,4,3,At risk
C009054,315,2,10046.0,3,4,3,Loyal
C015860,378,2,10046.0,2,4,3,At risk
C016021,277,2,10046.0,3,4,3,Loyal
C017691,293,2,10046.0,3,4,3,Loyal
C017844,289,2,10046.0,3,4,3,Loyal
C020633,217,1,10046.0,3,3,3,Loyal
C026346,66,2,10046.0,5,4,3,Champions
C032557,37,2,10046.0,5,4,3,Champions
C008642,590,1,10047.0,1,3,3,At risk
C007458,579,1,10048.0,1,3,3,At risk
C010218,560,1,10048.0,2,3,3,At risk
C014444,435,1,10048.0,2,3,3,At risk
C033143,50,2,10048.0,5,4,3,Champions
C017781,320,3,10051.0,3,4,3,Loyal
C023071,213,3,10052.0,3,4,3,Loyal
C003956,578,2,10056.0,1,4,3,At risk
C015055,267,3,10062.0,3,4,3,Loyal
C019261,311,1,10070.0,3,3,3,Loyal
C026363,86,2,10083.0,4,4,3,Champions
C027034,149,2,10092.0,4,4,3,Champions
C009509,558,3,10093.0,2,4,3,At risk
C014038,395,3,10094.0,2,4,3,At risk
C022550,31,5,10094.0,5,5,3,Champions
C015606,373,2,10095.0,2,4,3,At risk
C016871,297,2,10095.0,3,4,3,Loyal
C031834,53,2,10095.0,5,4,3,Champions
C031986,61,2,10095.0,5,4,3,Champions
C003879,701,3,10096.0,1,4,3,At risk
C005023,670,2,10096.0,1,4,3,At risk
C012236,430,3,10096.0,2,4,3,At risk
C012413,474,2,10096.0,2,4,3,At risk
C015045,406,2,10096.0,2,4,3,At risk
C021271,239,3,10096.0,3,4,3,Loyal
C032396,64,1,10096.0,5,3,3,Loyal
C002799,777,1,10097.0,1,3,3,At risk
C005690,555,2,10097.0,2,4,3,At risk
C010596,394,3,10097.0,2,4,3,At risk
C016234,370,1,10097.0,2,3,3,At risk
C017532,353,1,10097.0,3,3,3,Loyal
C017946,318,2,10097.0,3,4,3,Loyal
C030495,82,2,10097.0,5,4,3,Champions
C034887,16,1,10097.0,5,3,3,Loyal
C006090,645,2,10098.0,1,4,3,At risk
C008807,496,1,10098.0,2,3,3,At risk
C016485,375,2,10098.0,2,4,3,At risk
C017006,366,1,10098.0,3,3,3,Loyal
C019272,293,1,10098.0,3,3,3,Loyal
C028600,136,1,10098.0,4,3,3,Loyal
C030728,95,1,10098.0,4,3,3,Loyal
C032972,11,2,10098.0,5,4,3,Champions
C031190,70,2,10103.0,5,4,3,Champions
C003210,685,3,10105.0,1,4,3,At risk
C009141,584,1,10109.0,1,3,3,At risk
C014690,321,4,10111.0,3,5,3,Loyal
C000687,881,1,10112.0,1,3,3,At risk
C011771,509,1,10112.0,2,3,3,At risk
C028889,130,1,10112.0,4,3,3,Loyal
C023485,229,1,10114.0,3,3,3,Loyal
C009754,541,2,10117.0,2,4,3,At risk
C010026,565,1,10118.0,2,3,3,At risk
C001878,568,4,10122.0,2,5,3,At risk
C012854,371,3,10122.0,2,4,3,At risk
C009638,391,2,10125.0,2,4,3,At risk
C022799,30,3,10126.0,5,4,3,Champions
C008486,597,1,10131.0,1,3,3,At risk
C020759,223,2,10137.0,3,4,3,Loyal
C020711,273,2,10138.0,3,4,3,Loyal
C005014,643,2,10141.0,1,4,3,At risk
C007839,582,3,10145.0,1,4,3,At risk
C010714,418,1,10146.0,2,3,3,At risk
C013058,472,1,10146.0,2,3,3,At risk
C019396,256,3,10146.0,3,4,3,Loyal
C026550,17,3,10146.0,5,4,3,Champions
C028171,29,3,10146.0,5,4,3,Champions
C030242,104,1,10146.0,4,3,3,Loyal
C030653,10,3,10146.0,5,4,3,Champions
C006871,618,2,10147.0,1,4,3,At risk
C020134,295,1,10147.0,3,3,3,Loyal
C024665,181,1,10147.0,4,3,3,Loyal
C033151,16,1,10147.0,5,3,3,Loyal
C008983,589,1,10148.0,1,3,3,At risk
C010492,550,1,10148.0,2,3,3,At risk
C035129,15,1,10148.0,5,3,3,Loyal
C001566,780,5,10149.0,1,5,3,At risk
C012368,461,2,10150.0,2,4,3,At risk
C008532,577,1,10154.0,2,3,3,At risk
C034789,21,1,10155.0,5,3,3,Loyal
C021963,248,2,10166.0,3,4,3,Loyal
C012949,477,1,10168.0,2,3,3,At risk
C029221,30,3,10171.0,5,4,3,Champions
C015772,341,2,10172.0,3,4,3,Loyal
C000596,748,3,10181.0,1,4,3,At risk
C002048,743,2,10182.0,1,4,3,At risk
C004648,685,2,10182.0,1,4,3,At risk
C008743,565,3,10194.0,2,4,3,At risk
C028803,28,2,10194.0,5,4,3,Champions
C032300,1,2,10194.0,5,4,3,Champions
C007698,616,1,10195.0,1,3,3,At risk
C004325,717,2,10196.0,1,4,3,At risk
C017212,335,2,10196.0,3,4,3,Loyal
C017375,357,1,10196.0,3,3,3,Loyal
C017964,92,3,10196.0,4,4,3,Champions
C018126,299,2,10196.0,3,4,3,Loyal
C019570,308,1,10196.0,3,3,3,Loyal
C023186,231,1,10196.0,3,3,3,Loyal
C029756,107,1,10196.0,4,3,3,Loyal
C032939,14,2,10196.0,5,4,3,Champions
C004161,651,3,10197.0,1,4,3,At risk
C006111,675,1,10197.0,1,3,3,At risk
C010065,564,1,10197.0,2,3,3,At risk
C010875,539,1,10197.0,2,3,3,At risk
C011874,509,1,10197.0,2,3,3,At risk
C012009,505,1,10197.0,2,3,3,At risk
C012639,249,3,10197.0,3,4,3,Loyal
C012677,460,2,10197.0,2,4,3,At risk
C017997,290,2,10197.0,3,4,3,Loyal
C019072,320,1,10197.0,3,3,3,Loyal
C019474,311,1,10197.0,3,3,3,Loyal
C020963,264,1,10197.0,3,3,3,Loyal
C023526,228,1,10197.0,3,3,3,Loyal
C024553,210,1,10197.0,4,3,3,Loyal
C025040,201,1,10197.0,4,3,3,Loyal
C025585,145,1,10197.0,4,3,3,Loyal
C026122,184,1,10197.0,4,3,3,Loyal
C032776,55,1,10197.0,5,3,3,Loyal
C033518,31,2,10197.0,5,4,3,Champions
C034665,23,1,10197.0,5,3,3,Loyal
C001228,832,2,10198.0,1,4,3,At risk
C006635,653,1,10198.0,1,3,3,At risk
C007718,606,1,10198.0,1,3,3,At risk
C013713,446,2,10198.0,2,4,3,At risk
C021832,255,1,10198.0,3,3,3,Loyal
C023094,214,1,10198.0,3,3,3,Loyal
C023150,81,2,10198.0,5,4,3,Champions
C032370,57,1,10198.0,5,3,3,Loyal
C034316,29,1,10198.0,5,3,3,Loyal
C034627,21,1,10198.0,5,3,3,Loyal
C000760,879,1,10199.0,1,3,3,At risk
C012500,490,1,10199.0,2,3,3,At risk
C023230,231,1,10199.0,3,3,3,Loyal
C028330,136,1,10199.0,4,3,3,Loyal
C018758,319,2,10201.0,3,4,3,Loyal
C017793,263,2,10202.0,3,4,3,Loyal
C006050,653,2,10207.0,1,4,3,At risk
C029413,89,2,10208.0,4,4,3,Champions
C018707,316,2,10211.0,3,4,3,Loyal
C023723,125,2,10213.0,4,4,3,Champions
C025736,67,4,10217.0,5,5,3,Champions
C010561,532,2,10221.0,2,4,3,At risk
C011025,463,3,10222.0,2,4,3,At risk
C026934,94,3,10226.0,4,4,3,Champions
C011753,280,5,10239.0,3,5,3,Loyal
C022472,242,1,10240.0,3,3,3,Loyal
C028076,111,2,10241.0,4,4,3,Champions
C003763,746,2,10243.0,1,4,3,At risk
C025649,97,3,10243.0,4,4,3,Champions
C029976,71,3,10244.0,5,4,3,Champions
C003311,647,3,10245.0,1,4,3,At risk
C004839,698,3,10245.0,1,4,3,At risk
C007219,609,2,10246.0,1,4,3,At risk
C009802,550,1,10246.0,2,3,3,At risk
C015769,390,2,10246.0,2,4,3,At risk
C016731,374,1,10246.0,2,3,3,At risk
C019707,274,1,10246.0,3,3,3,Loyal
C024531,142,2,10246.0,4,4,3,Champions
C030472,72,2,10246.0,5,4,3,Champions
C034234,30,1,10246.0,5,3,3,Loyal
C007632,598,2,10247.0,1,4,3,At risk
C008484,579,2,10247.0,1,4,3,At risk
C011407,363,2,10247.0,3,4,3,Loyal
C018380,208,3,10247.0,4,4,3,Champions
C026849,5,2,10247.0,5,4,3,Champions
C011515,441,2,10248.0,2,4,3,At risk
C031221,81,1,10248.0,5,3,3,Loyal
C021959,200,3,10252.0,4,4,3,Champions
C021709,212,2,10258.0,3,4,3,Loyal
C017523,307,2,10260.0,3,4,3,Loyal
C018501,203,3,10260.0,4,4,3,Champions
C023415,200,2,10273.0,4,4,3,Champions
C021456,214,3,10278.0,3,4,3,Loyal
C026914,58,2,10280.0,5,4,3,Champions
C032105,70,1,10281.0,5,3,3,Loyal
C020282,193,3,10282.0,4,4,3,Champions
C022397,243,1,10282.0,3,3,3,Loyal
C032252,67,1,10282.0,5,3,3,Loyal
C002979,787,1,10283.0,1,3,3,At risk
C020325,82,3,10287.0,5,4,3,Champions
C008389,572,2,10288.0,2,4,3,At risk
C018848,200,2,10288.0,4,4,3,Champions
C019976,252,2,10291.0,3,4,3,Loyal
C007538,570,4,10292.0,2,5,3,At risk
C004321,704,2,10293.0,1,4,3,At risk
C026073,179,2,10293.0,4,4,3,Champions
C000951,871,1,10295.0,1,3,3,At risk
C004662,612,3,10295.0,1,4,3,At risk
C015601,330,3,10295.0,3,4,3,Loyal
C021918,198,3,10295.0,4,4,3,Champions
C006504,644,2,10296.0,1,4,3,At risk
C008740,594,1,10296.0,1,3,3,At risk
C010348,343,3,10296.0,3,4,3,Loyal
C011267,453,3,10296.0,2,4,3,At risk
C022731,236,1,10296.0,3,3,3,Loyal
C029359,44,4,10296.0,5,5,3,Champions
C029376,42,2,10296.0,5,4,3,Champions
C030647,92,1,10296.0,4,3,3,Loyal
C032499,55,1,10296.0,5,3,3,Loyal
C032633,2,3,10296.0,5,4,3,Champions
C002866,693,3,10297.0,1,4,3,At risk
C004349,734,1,10297.0,1,3,3,At risk
C006749,607,2,10297.0,1,4,3,At risk
C009351,558,2,10297.0,2,4,3,At risk
C010934,382,3,10297.0,2,4,3,At risk
C011253,466,2,10297.0,2,4,3,At risk
C015210,345,2,10297.0,3,4,3,Loyal
C018499,309,2,10297.0,3,4,3,Loyal
C020660,282,1,10297.0,3,3,3,Loyal
C023761,204,1,10297.0,4,3,3,Loyal
C026753,158,2,10297.0,4,4,3,Champions
C027003,155,2,10297.0,4,4,3,Champions
C028078,15,4,10297.0,5,5,3,Champions
C028793,132,1,10297.0,4,3,3,Loyal
C030205,75,2,10297.0,5,4,3,Champions
C031061,89,1,10297.0,4,3,3,Loyal
C031211,63,1,10297.0,5,3,3,Loyal
C005592,261,2,10298.0,3,4,3,Loyal
C006610,630,2,10298.0,1,4,3,At risk
C008225,586,2,10298.0,1,4,3,At risk
C010710,543,1,10298.0,2,3,3,At risk
C012415,488,1,10298.0,2,3,3,At risk
C018221,334,1,10298.0,3,3,3,Loyal
C029786,83,2,10298.0,5,4,3,Champions
C035581,6,1,10298.0,5,3,3,Loyal
C005046,685,2,10302.0,1,4,3,At risk
C016809,313,2,10302.0,3,4,3,Loyal
C003689,731,2,10303.0,1,4,3,At risk
C002528,762,3,10304.0,1,4,3,At risk
C028161,98,2,10308.0,4,4,3,Champions
C033724,24,2,10308.0,5,4,3,Champions
C003686,733,2,10313.0,1,4,3,At risk
C021120,249,2,10317.0,3,4,3,Loyal
C001707,788,2,10323.0,1,4,3,At risk
C025604,187,2,10323.0,4,4,3,Champions
C023639,214,1,10324.0,3,3,3,Loyal
C022454,214,2,10332.0,3,4,3,Loyal
C032535,50,2,10334.0,5,4,3,Champions
C025988,91,4,10338.0,4,5,3,Champions
C020547,271,3,10341.0,3,4,3,Loyal
C010651,302,4,10343.0,3,5,3,Loyal
C012212,342,3,10344.0,3,4,3,Loyal
C012582,469,2,10345.0,2,4,3,At risk
C005591,628,2,10346.0,1,4,3,At risk
C019153,7,2,10346.0,5,4,3,Champions
C031081,11,3,10346.0,5,4,3,Champions
C000562,879,2,10347.0,1,4,3,At risk
C002279,623,3,10347.0,1,4,3,At risk
C018313,315,2,10347.0,3,4,3,Loyal
C021368,198,2,10347.0,4,4,3,Champions
C000050,889,2,10348.0,1,4,3,At risk
C004734,576,2,10348.0,2,4,3,At risk
C012332,495,1,10348.0,2,3,3,At risk
C023721,224,1,10348.0,3,3,3,Loyal
C005200,651,3,10361.0,1,4,3,At risk
C007568,385,3,10362.0,2,4,3,At risk
C005511,652,2,10366.0,1,4,3,At risk
C005777,678,2,10366.0,1,4,3,At risk
C023656,162,2,10366.0,4,4,3,Champions
C028946,109,3,10366.0,4,4,3,Champions
C016079,392,1,10367.0,2,3,3,At risk
C006556,658,1,10369.0,1,3,3,At risk
C002969,75,5,10370.0,5,5,3,Champions
C010515,388,3,10372.0,2,4,3,At risk
C005734,675,1,10376.0,1,3,3,At risk
C023968,194,2,10378.0,4,4,3,Champions
C008790,595,1,10379.0,1,3,3,At risk
C004411,572,3,10382.0,2,4,3,At risk
C007871,571,2,10387.0,2,4,3,At risk
C006028,208,3,10388.0,4,4,3,Champions
C002330,813,1,10393.0,1,3,3,At risk
C024227,201,1,10394.0,4,3,3,Loyal
C015057,419,1,10395.0,2,3,3,At risk
C000565,887,2,10396.0,1,4,3,At risk
C012468,463,3,10396.0,2,4,3,At risk
C014143,411,2,10396.0,2,4,3,At risk
C017678,341,2,10396.0,3,4,3,Loyal
C021396,234,3,10396.0,3,4,3,Loyal
C031355,69,2,10396.0,5,4,3,Champions
C032181,21,3,10396.0,5,4,3,Champions
C005702,674,3,10397.0,1,4,3,At risk
C005964,680,1,10397.0,1,3,3,At risk
C007388,578,3,10397.0,1,4,3,At risk
C011949,330,3,10397.0,3,4,3,Loyal
C012035,501,2,10397.0,2,4,3,At risk
C012208,397,2,10397.0,2,4,3,At risk
C013434,229,3,10397.0,3,4,3,Loyal
C015122,368,3,10397.0,3,4,3,Loyal
C016779,373,1,10397.0,2,3,3,At risk
C021580,128,2,10397.0,4,4,3,Champions
C024882,205,1,10397.0,4,3,3,Loyal
C026170,98,3,10397.0,4,4,3,Champions
C027116,153,2,10397.0,4,4,3,Champions
C029314,0,2,10397.0,5,4,3,Champions
C031230,86,1,10397.0,4,3,3,Loyal
C032538,41,2,10397.0,5,4,3,Champions
C033185,50,1,10397.0,5,3,3,Loyal
C000212,899,1,10398.0,1,3,3,At risk
C002503,786,2,10398.0,1,4,3,At risk
C003220,558,1,10398.0,2,3,3,At risk
C003539,763,1,10398.0,1,3,3,At risk
C005476,694,1,10398.0,1,3,3,At risk
C005952,681,1,10398.0,1,3,3,At risk
C006833,564,1,10398.0,2,3,3,At risk
C010011,555,1,10398.0,2,3,3,At risk
C011261,527,1,10398.0,2,3,3,At risk
C016135,391,1,10398.0,2,3,3,At risk
C019411,311,1,10398.0,3,3,3,Loyal
C020192,287,2,10398.0,3,4,3,Loyal
C020291,291,1,10398.0,3,3,3,Loyal
C023674,170,1,10398.0,4,3,3,Loyal
C024909,204,1,10398.0,4,3,3,Loyal
C025403,198,1,10398.0,4,3,3,Loyal
C025652,179,1,10398.0,4,3,3,Loyal
C026086,181,1,10398.0,4,3,3,Loyal
C026425,178,1,10398.0,4,3,3,Loyal
C027649,153,1,10398.0,4,3,3,Loyal
C030093,68,3,10398.0,5,4,3,Champions
C031949,73,1,10398.0,5,3,3,Loyal
C032410,64,1,10398.0,5,3,3,Loyal
C033242,43,1,10398.0,5,3,3,Loyal
C034979,17,1,10398.0,5,3,3,Loyal
C023223,231,1,10401.0,3,3,3,Loyal
C015312,390,3,10431.0,2,4,3,At risk
C012990,316,6,10434.0,3,5,3,Loyal
C022701,104,3,10440.0,4,4,3,Champions
C012885,469,3,10441.0,2,4,3,At risk
C007627,374,5,10444.0,2,5,3,At risk
C007807,576,3,10444.0,2,4,3,At risk
C003451,752,4,10445.0,1,5,3,At risk
C004369,673,2,10445.0,1,4,3,At risk
C010994,535,1,10445.0,2,3,3,At risk
C017562,353,1,10445.0,3,3,3,Loyal
C027958,17,4,10445.0,5,5,3,Champions
C002972,740,3,10446.0,1,4,3,At risk
C022619,102,3,10446.0,4,4,3,Champions
C025645,111,3,10446.0,4,4,3,Champions
C031947,72,2,10446.0,5,4,4,Champions
C000852,863,2,10447.0,1,4,4,At risk
C001441,841,3,10447.0,1,4,4,At risk
C020210,231,3,10447.0,3,4,4,Loyal
C022087,226,2,10447.0,3,4,4,Loyal
C025159,195,1,10447.0,4,3,4,Loyal
C025733,155,2,10447.0,4,4,4,Champions
C029121,87,2,10447.0,4,4,4,Champions
C014850,379,2,10448.0,2,4,4,At risk
C017504,307,4,10448.0,3,5,4,Loyal
C019400,184,2,10448.0,4,4,4,Champions
C022646,195,2,10448.0,4,4,4,Champions
C018683,327,1,10451.0,3,3,4,Loyal
C007363,631,1,10452.0,1,3,4,At risk
C021848,255,1,10452.0,3,3,4,Loyal
C000057,909,1,10453.0,1,3,4,At risk
C030737,95,1,10453.0,4,3,4,Loyal
C011707,488,2,10455.0,2,4,4,At risk
C027527,107,3,10460.0,4,4,4,Champions
C006127,592,4,10462.0,1,5,4,At risk
C025772,108,3,10462.0,4,4,4,Champions
C019803,296,2,10465.0,3,4,4,Loyal
C024845,106,3,10467.0,4,4,4,Champions
C024436,102,3,10474.0,4,4,4,Champions
C011987,319,2,10475.0,3,4,4,Loyal
C032428,9,3,10486.0,5,4,4,Champions
C001177,812,4,10490.0,1,5,4,At risk
C029148,76,2,10495.0,5,4,4,Champions
C013421,461,2,10496.0,2,4,4,At risk
C023947,219,1,10496.0,3,3,4,Loyal
C000911,873,1,10497.0,1,3,4,At risk
C005569,665,1,10497.0,1,3,4,At risk
C008181,464,2,10497.0,2,4,4,At risk
C012194,475,2,10497.0,2,4,4,At risk
C012844,392,3,10497.0,2,4,4,At risk
C020750,100,3,10497.0,4,4,4,Champions
C022414,226,2,10497.0,3,4,4,Loyal
C023693,168,3,10497.0,4,4,4,Champions
C027045,166,1,10497.0,4,3,4,Loyal
C027666,67,2,10497.0,5,4,4,Champions
C032896,24,3,10497.0,5,4,4,Champions
C004360,695,1,10498.0,1,3,4,At risk
C007858,531,2,10498.0,2,4,4,At risk
C008254,568,2,10498.0,2,4,4,At risk
C011963,495,2,10498.0,2,4,4,At risk
C012147,501,1,10498.0,2,3,4,At risk
C014125,444,1,10498.0,2,3,4,At risk
C014488,427,1,10498.0,2,3,4,At risk
C016858,370,1,10498.0,2,3,4,At risk
C017957,291,2,10498.0,3,4,4,Loyal
C020965,273,1,10498.0,3,3,4,Loyal
C021850,249,2,10498.0,3,4,4,Loyal
C026824,18,2,10498.0,5,4,4,Champions
C029272,122,1,10498.0,4,3,4,Loyal
C031051,39,2,10498.0,5,4,4,Champions
C031966,72,1,10498.0,5,3,4,Loyal
C033753,27,1,10498.0,5,3,4,Loyal
C035697,3,1,10498.0,5,3,4,Loyal
C024210,214,1,10500.0,3,3,4,Loyal
C008703,565,3,10506.0,2,4,4,At risk
C003591,655,3,10508.0,1,4,4,At risk
C021093,172,2,10510.0,4,4,4,Champions
C022950,200,2,10512.0,4,4,4,Champions
C020441,263,2,10517.0,3,4,4,Loyal
C025283,200,1,10522.0,4,3,4,Loyal
C028959,123,1,10527.0,4,3,4,Loyal
C008690,498,2,10528.0,2,4,4,At risk
C020243,275,2,10530.0,3,4,4,Loyal
C016556,379,1,10535.0,2,3,4,At risk
C009231,581,1,10536.0,1,3,4,At risk
C026055,186,1,10536.0,4,3,4,Loyal
C001106,865,1,10537.0,1,3,4,At risk
C016339,352,3,10537.0,3,4,4,Loyal
C017979,330,1,10538.0,3,3,4,Loyal
C023422,230,1,10538.0,3,3,4,Loyal
C002487,783,4,10541.0,1,5,4,At risk
C005451,564,4,10543.0,2,5,4,At risk
C022306,103,4,10545.0,4,5,4,Champions
C003616,521,1,10546.0,2,3,4,At risk
C011310,524,1,10546.0,2,3,4,At risk
C029704,91,3,10546.0,4,4,4,Champions
C033109,38,1,10546.0,5,3,4,Loyal
C030730,76,2,10547.0,5,4,4,Champions
C032266,62,2,10547.0,5,4,4,Champions
C032556,49,2,10547.0,5,4,4,Champions
C035663,4,1,10547.0,5,3,4,Loyal
C026389,179,1,10548.0,4,3,4,Loyal
C035738,4,1,10548.0,5,3,4,Loyal
C025963,96,3,10549.0,4,4,4,Champions
C001742,821,2,10550.0,1,4,4,At risk
C021555,214,4,10553.0,3,5,4,Loyal
C021608,162,4,10553.0,4,5,4,Champions
C001956,797,2,10561.0,1,4,4,At risk
C014787,171,3,10561.0,4,4,4,Champions
C022163,242,3,10561.0,3,4,4,Loyal
C013204,458,3,10563.0,2,4,4,At risk
C002792,515,3,10566.0,2,4,4,At risk
C016723,368,2,10570.0,3,4,4,Loyal
C001768,738,2,10573.0,1,4,4,At risk
C022169,214,2,10579.0,3,4,4,Loyal
C025524,196,1,10579.0,4,3,4,Loyal
C032259,67,1,10579.0,5,3,4,Loyal
C027715,102,2,10587.0,4,4,4,Champions
C030344,18,2,10587.0,5,4,4,Champions
C006424,563,3,10590.0,2,4,4,At risk
C025325,191,2,10591.0,4,4,4,Champions
C029951,103,2,10591.0,4,4,4,Champions
C015442,153,3,10594.0,4,4,4,Champions
C022207,199,3,10594.0,4,4,4,Champions
C024997,55,3,10595.0,5,4,4,Champions
C029553,97,3,10595.0,4,4,4,Champions
C002140,819,1,10596.0,1,3,4,At risk
C011051,438,3,10596.0,2,4,4,At risk
C013355,345,3,10596.0,3,4,4,Loyal
C016730,299,3,10596.0,3,4,4,Loyal
C018411,333,1,10596.0,3,3,4,Loyal
C019799,241,3,10596.0,3,4,4,Loyal
C022301,61,2,10596.0,5,4,4,Champions
C026430,91,2,10596.0,4,4,4,Champions
C027508,3,2,10596.0,5,4,4,Champions
C028359,24,2,10596.0,5,4,4,Champions
C028440,97,1,10596.0,4,3,4,Loyal
C030488,101,1,10596.0,4,3,4,Loyal
C002408,803,1,10597.0,1,3,4,At risk
C002685,699,3,10597.0,1,4,4,At risk
C002750,787,2,10597.0,1,4,4,At risk
C004216,739,1,10597.0,1,3,4,At risk
C008263,603,1,10597.0,1,3,4,At risk
C008658,578,2,10597.0,2,4,4,At risk
C014007,197,3,10597.0,4,4,4,Champions
C014858,425,1,10597.0,2,3,4,At risk
C018434,331,1,10597.0,3,3,4,Loyal
C034722,11,2,10597.0,5,4,4,Champions
C002664,751,2,10598.0,1,4,4,At risk
C006618,574,2,10598.0,2,4,4,At risk
C010916,538,1,10598.0,2,3,4,At risk
C022049,200,3,10598.0,4,4,4,Champions
C023407,220,1,10598.0,3,3,4,Loyal
C027905,122,2,10598.0,4,4,4,Champions
C032042,51,2,10598.0,5,4,4,Champions
C034726,22,1,10598.0,5,3,4,Loyal
C034989,17,1,10598.0,5,3,4,Loyal
C035564,7,1,10598.0,5,3,4,Loyal
C008218,564,3,10599.0,2,4,4,At risk
C021259,122,4,10600.0,4,5,4,Champions
C002442,785,2,10601.0,1,4,4,At risk
C021128,224,2,10601.0,3,4,4,Loyal
C019884,237,2,10603.0,3,4,4,Loyal
C025711,184,2,10603.0,4,4,4,Champions
C017310,201,3,10612.0,4,4,4,Champions
C030028,20,2,10612.0,5,4,4,Champions
C011079,478,2,10615.0,2,4,4,At risk
C028296,101,4,10620.0,4,5,4,Champions
C005391,685,3,10622.0,1,4,4,At risk
C015083,419,1,10622.0,2,3,4,At risk
C004752,685,2,10623.0,1,4,4,At risk
C005233,702,1,10623.0,1,3,4,At risk
C035232,13,1,10623.0,5,3,4,Loyal
C006062,578,4,10624.0,1,5,4,At risk
C024338,213,1,10627.0,3,3,4,Loyal
C003736,479,2,10644.0,2,4,4,At risk
C017123,303,2,10644.0,3,4,4,Loyal
C004858,643,3,10645.0,1,4,4,At risk
C016798,326,1,10645.0,3,3,4,Loyal
C021099,198,1,10645.0,4,3,4,Loyal
C030620,65,2,10645.0,5,4,4,Champions
C007965,493,3,10646.0,2,4,4,At risk
C014800,368,3,10646.0,3,4,4,Loyal
C014998,220,3,10646.0,3,4,4,Loyal
C015179,394,2,10646.0,2,4,4,At risk
C018006,312,3,10646.0,3,4,4,Loyal
C021327,266,1,10646.0,3,3,4,Loyal
C028860,57,3,10646.0,5,4,4,Champions
C008999,457,3,10647.0,2,4,4,At risk
C012751,289,3,10647.0,3,4,4,Loyal
C012993,475,1,10647.0,2,3,4,At risk
C020417,283,1,10647.0,3,3,4,Loyal
C002803,793,1,10648.0,1,3,4,At risk
C003120,764,3,10648.0,1,4,4,At risk
C020191,249,1,10648.0,3,3,4,Loyal
C011549,51,4,10651.0,5,5,4,Champions
C010035,562,2,10656.0,2,4,4,At risk
C029038,1,2,10657.0,5,4,4,Champions
C032049,28,2,10657.0,5,4,4,Champions
C001966,824,1,10664.0,1,3,4,At risk
C002151,815,2,10665.0,1,4,4,At risk
C015595,383,2,10672.0,2,4,4,At risk
C018070,294,3,10672.0,3,4,4,Loyal
C024179,214,1,10675.0,3,3,4,Loyal
C011879,464,2,10676.0,2,4,4,At risk
C004456,689,2,10678.0,1,4,4,At risk
C024438,33,3,10686.0,5,4,4,Champions
C030369,89,2,10686.0,4,4,4,Champions
C023383,214,2,10690.0,3,4,4,Loyal
C031724,61,3,10690.0,5,4,4,Champions
C018346,297,3,10693.0,3,4,4,Loyal
C003874,591,4,10695.0,1,5,4,At risk
C017309,176,2,10695.0,4,4,4,Champions
C020628,278,2,10695.0,3,4,4,Loyal
C000506,752,4,10696.0,1,5,4,At risk
C004584,594,4,10696.0,1,5,4,At risk
C018254,226,1,10696.0,3,3,4,Loyal
C019828,261,2,10696.0,3,4,4,Loyal
C026681,133,2,10696.0,4,4,4,Champions
C027926,71,3,10696.0,5,4,4,Champions
C029975,106,3,10696.0,4,4,4,Champions
C001029,862,1,10697.0,1,3,4,At risk
C008763,585,1,10697.0,1,3,4,At risk
C016334,325,2,10697.0,3,4,4,Loyal
C018453,231,3,10697.0,3,4,4,Loyal
C019903,270,2,10697.0,3,4,4,Loyal
C022425,214,2,10697.0,3,4,4,Loyal
C026708,162,2,10697.0,4,4,4,Champions
C027994,146,1,10697.0,4,3,4,Loyal
C029145,21,2,10697.0,5,4,4,Champions
C030933,39,2,10697.0,5,4,4,Champions
C034324,9,2,10697.0,5,4,4,Champions
C034668,12,2,10697.0,5,4,4,Champions
C000348,889,1,10698.0,1,3,4,At risk
C010445,512,1,10698.0,2,3,4,At risk
C011167,530,1,10698.0,2,3,4,At risk
C014432,406,2,10698.0,2,4,4,At risk
C016511,256,2,10698.0,3,4,4,Loyal
C020271,280,1,10698.0,3,3,4,Loyal
C023413,228,1,10698.0,3,3,4,Loyal
C035448,2,2,10698.0,5,4,4,Champions
C012090,213,7,10700.0,3,5,4,Loyal
C018018,282,1,10707.0,3,3,4,Loyal
C026608,167,1,10707.0,4,3,4,Loyal
C004512,674,2,10709.0,1,4,4,At risk
C006692,578,4,10715.0,1,5,4,At risk
C009589,543,2,10717.0,2,4,4,At risk
C016417,354,2,10717.0,3,4,4,Loyal
C018329,320,2,10726.0,3,4,4,Loyal
C004763,512,2,10731.0,2,4,4,At risk
C002118,780,3,10734.0,1,4,4,At risk
C027121,11,6,10743.0,5,5,4,Champions
C000520,824,2,10744.0,1,4,4,At risk
C006627,657,1,10745.0,1,3,4,At risk
C019290,310,2,10745.0,3,4,4,Loyal
C021928,153,2,10745.0,4,4,4,Champions
C019918,298,1,10746.0,3,3,4,Loyal
C027747,107,2,10746.0,4,4,4,Champions
C028020,105,3,10746.0,4,4,4,Champions
C032510,57,1,10746.0,5,3,4,Loyal
C013309,431,1,10747.0,2,3,4,At risk
C016998,366,1,10747.0,3,3,4,Loyal
C023880,214,2,10747.0,3,4,4,Loyal
C000575,878,2,10748.0,1,4,4,At risk
C023590,200,1,10748.0,4,3,4,Loyal
C033057,52,1,10749.0,5,3,4,Loyal
C008598,578,2,10750.0,2,4,4,At risk
C019123,311,1,10750.0,3,3,4,Loyal
C003788,690,2,10752.0,1,4,4,At risk
C027557,146,3,10762.0,4,4,4,Champions
C023624,176,4,10768.0,4,5,4,Champions
C034562,8,2,10772.0,5,4,4,Champions
C013086,365,3,10779.0,3,4,4,Loyal
C016644,297,3,10779.0,3,4,4,Loyal
C027392,145,2,10782.0,4,4,4,Champions
C010060,564,1,10792.0,2,3,4,At risk
C011220,527,1,10792.0,2,3,4,At risk
C023033,231,1,10792.0,3,3,4,Loyal
C000495,891,1,10793.0,1,3,4,At risk
C013179,469,1,10794.0,2,3,4,At risk
C023069,231,1,10794.0,3,3,4,Loyal
C029181,103,2,10794.0,4,4,4,Champions
C000036,898,2,10795.0,1,4,4,At risk
C001408,690,3,10795.0,1,4,4,At risk
C006473,543,4,10795.0,2,5,4,At risk
C009346,553,2,10795.0,2,4,4,At risk
C016705,309,3,10795.0,3,4,4,Loyal
C025546,2,4,10795.0,5,5,4,Champions
C034733,14,2,10795.0,5,4,4,Champions
C005555,591,3,10796.0,1,4,4,At risk
C015678,281,2,10796.0,3,4,4,Loyal
C031738,55,4,10796.0,5,5,4,Champions
C033188,42,3,10796.0,5,4,4,Champions
C008421,541,2,10797.0,2,4,4,At risk
C010125,460,2,10797.0,2,4,4,At risk
C012537,162,3,10797.0,4,4,4,Champions
C014853,425,1,10797.0,2,3,4,At risk
C015011,393,2,10797.0,2,4,4,At risk
C015515,381,3,10797.0,2,4,4,At risk
C020239,281,1,10797.0,3,3,4,Loyal
C021543,163,2,10797.0,4,4,4,Champions
C027984,106,2,10797.0,4,4,4,Champions
C028128,144,1,10797.0,4,3,4,Loyal
C031149,77,2,10797.0,5,4,4,Champions
C031155,78,2,10797.0,5,4,4,Champions
C002130,782,2,10798.0,1,4,4,At risk
C005470,666,2,10798.0,1,4,4,At risk
C010161,562,1,10798.0,2,3,4,At risk
C021136,186,2,10798.0,4,4,4,Champions
C027066,161,2,10798.0,4,4,4,Champions
C026574,42,3,10799.0,5,4,4,Champions
C000508,823,3,10806.0,1,4,4,At risk
C028272,111,2,10807.0,4,4,4,Champions
C024168,128,2,10808.0,4,4,4,Champions
C007799,561,1,10810.0,2,3,4,At risk
C002220,606,3,10814.0,1,4,4,At risk
C010985,460,4,10815.0,2,5,4,At risk
C026125,86,3,10815.0,4,4,4,Champions
C032668,43,2,10816.0,5,4,4,Champions
C019994,190,3,10821.0,4,4,4,Champions
C006528,637,2,10837.0,1,4,4,At risk
C010873,464,3,10844.0,2,4,4,At risk
C025097,137,2,10844.0,4,4,4,Champions
C002864,726,2,10845.0,1,4,4,At risk
C004464,646,3,10846.0,1,4,4,At risk
C006903,558,2,10846.0,2,4,4,At risk
C016206,389,1,10846.0,2,3,4,At risk
C016372,384,1,10846.0,2,3,4,At risk
C026446,178,1,10846.0,4,3,4,Loyal
C028931,86,2,10846.0,4,4,4,Champions
C029460,20,3,10846.0,5,4,4,Champions
C030877,28,3,10846.0,5,4,4,Champions
C014879,422,2,10847.0,2,4,4,At risk
C028438,96,1,10847.0,4,3,4,Loyal
C011539,458,3,10851.0,2,4,4,At risk
C014609,358,2,10852.0,3,4,4,Loyal
C016575,227,5,10855.0,3,5,4,Loyal
C027678,108,3,10858.0,4,4,4,Champions
C028876,68,2,10863.0,5,4,4,Champions
C027445,17,2,10866.0,5,4,4,Champions
C027054,141,2,10867.0,4,4,4,Champions
C007166,596,2,10872.0,1,4,4,At risk
C005515,692,1,10876.0,1,3,4,At risk
C007095,639,1,10877.0,1,3,4,At risk
C031049,89,1,10877.0,4,3,4,Loyal
C001764,780,1,10878.0,1,3,4,At risk
C018561,323,1,10878.0,3,3,4,Loyal
C029962,108,1,10878.0,4,3,4,Loyal
C029984,108,1,10878.0,4,3,4,Loyal
C033201,49,1,10878.0,5,3,4,Loyal
C012122,468,4,10881.0,2,5,4,At risk
C017734,337,3,10881.0,3,4,4,Loyal
C023269,214,2,10884.0,3,4,4,Loyal
C019120,252,3,10886.0,3,4,4,Loyal
C024206,157,2,10887.0,4,4,4,Champions
C032926,26,2,10891.0,5,4,4,Champions
C023304,231,1,10892.0,3,3,4,Loyal
C017721,155,5,10893.0,4,5,4,Champions
C028068,77,3,10894.0,5,4,4,Champions
C031769,1,4,10894.0,5,5,4,Champions
C019416,93,5,10895.0,4,5,4,Champions
C020640,218,2,10895.0,3,4,4,Loyal
C028010,120,3,10895.0,4,4,4,Champions
C031929,1,3,10895.0,5,4,4,Champions
C000654,762,2,10896.0,1,4,4,At risk
C001402,845,1,10896.0,1,3,4,At risk
C007159,621,2,10896.0,1,4,4,At risk
C010813,162,3,10896.0,4,4,4,Champions
C011022,486,2,10896.0,2,4,4,At risk
C013303,416,3,10896.0,2,4,4,At risk
C022279,190,1,10896.0,4,3,4,Loyal
C025905,188,1,10896.0,4,3,4,Loyal
C027799,102,2,10896.0,4,4,4,Champions
C000073,908,1,10897.0,1,3,4,At risk
C007943,604,2,10897.0,1,4,4,At risk
C015872,305,2,10897.0,3,4,4,Loyal
C023991,184,2,10897.0,4,4,4,Champions
C030667,97,1,10897.0,4,3,4,Loyal
C003352,694,1,10898.0,1,3,4,At risk
C006086,635,1,10898.0,1,3,4,At risk
C014796,426,1,10898.0,2,3,4,At risk
C015937,387,1,10898.0,2,3,4,At risk
C024852,179,2,10898.0,4,4,4,Champions
C031690,48,2,10898.0,5,4,4,Champions
C001281,858,1,10899.0,1,3,4,At risk
C001588,844,1,10899.0,1,3,4,At risk
C008087,608,1,10899.0,1,3,4,At risk
C014358,431,1,10899.0,2,3,4,At risk
C015898,395,1,10899.0,2,3,4,At risk
C017429,356,1,10899.0,3,3,4,Loyal
C028405,8,2,10899.0,5,4,4,Champions
C027925,40,3,10906.0,5,4,4,Champions
C007868,591,3,10907.0,1,4,4,At risk
C012816,424,2,10907.0,2,4,4,At risk
C031499,27,3,10910.0,5,4,4,Champions
C022532,230,3,10911.0,3,4,4,Loyal
C009364,564,2,10916.0,2,4,4,At risk
C013129,465,1,10919.0,2,3,4,At risk
C031583,79,1,10919.0,5,3,4,Loyal
C011211,412,3,10926.0,2,4,4,At risk
C031506,59,2,10932.0,5,4,4,Champions
C013651,426,2,10937.0,2,4,4,At risk
C008431,295,4,10940.0,3,5,4,Loyal
C014543,390,3,10944.0,2,4,4,At risk
C003410,740,3,10945.0,1,4,4,At risk
C007947,601,2,10945.0,1,4,4,At risk
C014389,381,3,10945.0,2,4,4,At risk
C027560,108,3,10945.0,4,4,4,Champions
C001026,753,2,10946.0,1,4,4,At risk
C003131,622,3,10946.0,1,4,4,At risk
C007617,596,3,10946.0,1,4,4,At risk
C008024,604,2,10946.0,1,4,4,At risk
C008707,565,3,10946.0,2,4,4,At risk
C016362,318,4,10946.0,3,5,4,Loyal
C024709,205,1,10946.0,4,3,4,Loyal
C020468,286,1,10947.0,3,3,4,Loyal
C026819,90,3,10947.0,4,4,4,Champions
C028532,116,2,10947.0,4,4,4,Champions
C007415,621,2,10948.0,1,4,4,At risk
C010231,550,2,10960.0,2,4,4,At risk
C034918,18,1,10961.0,5,3,4,Loyal
C024752,208,1,10962.0,4,3,4,Loyal
C005300,699,1,10963.0,1,3,4,At risk
C018619,317,1,10963.0,3,3,4,Loyal
C008013,587,3,10969.0,1,4,4,At risk
C001810,804,2,10972.0,1,4,4,At risk
C012643,473,2,10978.0,2,4,4,At risk
C018826,319,2,10987.0,3,4,4,Loyal
C004562,664,2,10995.0,1,4,4,At risk
C006042,674,1,10995.0,1,3,4,At risk
C019543,160,2,10995.0,4,4,4,Champions
C030448,98,2,10995.0,4,4,4,Champions
C030717,80,2,10995.0,5,4,4,Champions
C000697,810,3,10996.0,1,4,4,At risk
C003813,724,2,10996.0,1,4,4,At risk
C004148,742,1,10996.0,1,3,4,At risk
C008289,602,1,10996.0,1,3,4,At risk
C009782,523,3,10996.0,2,4,4,At risk
C014282,380,2,10996.0,2,4,4,At risk
C015128,385,2,10996.0,2,4,4,At risk
C020488,152,3,10996.0,4,4,4,Champions
C021472,254,2,10996.0,3,4,4,Loyal
C028203,46,3,10996.0,5,4,4,Champions
C032598,31,2,10996.0,5,4,4,Champions
C035517,7,1,10996.0,5,3,4,Loyal
C002540,684,4,10997.0,1,5,4,At risk
C004102,734,2,10997.0,1,4,4,At risk
C013118,463,2,10997.0,2,4,4,At risk
C014578,364,3,10997.0,3,4,4,Loyal
C017621,351,1,10997.0,3,3,4,Loyal
C019148,263,2,10997.0,3,4,4,Loyal
C025210,195,1,10997.0,4,3,4,Loyal
C034860,19,1,10997.0,5,3,4,Loyal
C011411,522,1,10998.0,2,3,4,At risk
C024134,214,1,10998.0,3,3,4,Loyal
C026823,156,1,10998.0,4,3,4,Loyal
C029041,106,2,10998.0,4,4,4,Champions
C032918,54,2,10998.0,5,4,4,Champions
C033105,39,1,10998.0,5,3,4,Loyal
C033419,45,1,10999.0,5,3,4,Loyal
C001790,592,4,11000.0,1,5,4,At risk
C020859,81,3,11000.0,5,4,4,Champions
C028182,105,2,11008.0,4,4,4,Champions
C010635,532,2,11020.0,2,4,4,At risk
C011119,326,3,11021.0,3,4,4,Loyal
C028347,68,3,11024.0,5,4,4,Champions
C016960,353,2,11032.0,3,4,4,Loyal
C003309,711,2,11033.0,1,4,4,At risk
C023492,214,1,11042.0,3,3,4,Loyal
C028308,102,2,11042.0,4,4,4,Champions
C016867,339,4,11043.0,3,5,4,Loyal
C008285,503,3,11044.0,2,4,4,At risk
C001100,820,3,11045.0,1,4,4,At risk
C013579,423,3,11045.0,2,4,4,At risk
C022497,220,3,11045.0,3,4,4,Loyal
C026472,92,4,11045.0,4,5,4,Champions
C001077,807,2,11046.0,1,4,4,At risk
C002520,696,3,11046.0,1,4,4,At risk
C007933,594,2,11046.0,1,4,4,At risk
C009006,537,4,11046.0,2,5,4,At risk
C022576,212,1,11046.0,3,3,4,Loyal
C022749,105,4,11046.0,4,5,4,Champions
C026179,184,1,11046.0,4,3,4,Loyal
C027955,147,1,11046.0,4,3,4,Loyal
C029928,108,1,11046.0,4,3,4,Loyal
C010796,429,2,11047.0,2,4,4,At risk
C017181,349,2,11047.0,3,4,4,Loyal
C020455,283,1,11047.0,3,3,4,Loyal
C007021,611,2,11048.0,1,4,4,At risk
C022387,223,3,11049.0,3,4,4,Loyal
C033292,14,3,11052.0,5,4,4,Champions
C031004,26,2,11061.0,5,4,4,Champions
C020696,248,2,11062.0,3,4,4,Loyal
C020889,211,2,11064.0,4,4,4,Champions
C011752,491,2,11066.0,2,4,4,At risk
C028871,43,3,11066.0,5,4,4,Champions
C024714,197,3,11071.0,4,4,4,Champions
C007156,578,3,11072.0,1,4,4,At risk
C001045,685,3,11073.0,1,4,4,At risk
C013867,440,3,11074.0,2,4,4,At risk
C027716,87,3,11079.0,4,4,4,Champions
C013232,350,2,11080.0,3,4,4,Loyal
C032173,36,2,11081.0,5,4,4,Champions
C000214,612,3,11083.0,1,4,4,At risk
C035879,2,1,11090.0,5,3,4,Loyal
C005771,596,3,11091.0,1,4,4,At risk
C012866,111,3,11091.0,4,4,4,Champions
C031376,83,1,11091.0,5,3,4,Loyal
C008551,415,2,11092.0,2,4,4,At risk
C000980,715,3,11094.0,1,4,4,At risk
C021964,53,5,11094.0,5,5,4,Champions
C018786,324,1,11095.0,3,3,4,Loyal
C006427,661,2,11096.0,1,4,4,At risk
C011264,36,4,11096.0,5,5,4,Champions
C014050,207,2,11096.0,4,4,4,Champions
C027387,117,1,11096.0,4,3,4,Loyal
C027390,139,1,11096.0,4,3,4,Loyal
C029874,94,2,11096.0,4,4,4,Champions
C033950,28,2,11096.0,5,4,4,Champions
C034443,9,2,11096.0,5,4,4,Champions
C000694,804,4,11097.0,1,5,4,At risk
C006319,445,3,11097.0,2,4,4,At risk
C006339,667,1,11097.0,1,3,4,At risk
C012071,484,1,11097.0,2,3,4,At risk
C012563,463,2,11097.0,2,4,4,At risk
C018511,246,3,11097.0,3,4,4,Loyal
C025884,186,2,11097.0,4,4,4,Champions
C027711,108,2,11097.0,4,4,4,Champions
C030967,4,4,11097.0,5,5,4,Champions
C031289,62,3,11097.0,5,4,4,Champions
C009282,565,2,11098.0,2,4,4,At risk
C029419,118,1,11098.0,4,3,4,Loyal
C000723,822,2,11099.0,1,4,4,At risk
C002642,800,1,11099.0,1,3,4,At risk
C003505,765,1,11099.0,1,3,4,At risk
C005938,675,1,11099.0,1,3,4,At risk
C008744,565,3,11099.0,2,4,4,At risk
C011510,518,1,11099.0,2,3,4,At risk
C013814,453,1,11099.0,2,3,4,At risk
C015976,394,1,11099.0,2,3,4,At risk
C018171,338,1,11099.0,3,3,4,Loyal
C019299,315,1,11099.0,3,3,4,Loyal
C023487,200,1,11099.0,4,3,4,Loyal
C025136,196,1,11099.0,4,3,4,Loyal
C031283,84,1,11099.0,5,3,4,Loyal
C031350,70,1,11099.0,5,3,4,Loyal
C035393,10,1,11099.0,5,3,4,Loyal
C035419,9,1,11099.0,5,3,4,Loyal
C009807,565,2,11107.0,2,4,4,At risk
C017975,146,3,11107.0,4,4,4,Champions
C018625,250,3,11107.0,3,4,4,Loyal
C004455,718,2,11121.0,1,4,4,At risk
C012555,408,3,11121.0,2,4,4,At risk
C031182,17,2,11122.0,5,4,4,Champions
C010509,486,2,11126.0,2,4,4,At risk
C012919,378,2,11127.0,2,4,4,At risk
C023862,214,1,11130.0,3,3,4,Loyal
C025206,200,1,11130.0,4,3,4,Loyal
C002076,821,1,11131.0,1,3,4,At risk
C005431,685,1,11131.0,1,3,4,At risk
C004169,741,1,11132.0,1,3,4,At risk
C009044,586,1,11133.0,1,3,4,At risk
C023187,229,1,11133.0,3,3,4,Loyal
C030650,97,1,11133.0,4,3,4,Loyal
C032728,54,1,11133.0,5,3,4,Loyal
C001143,756,4,11134.0,1,5,4,At risk
C011456,412,3,11136.0,2,4,4,At risk
C026210,112,2,11136.0,4,4,4,Champions
C012842,458,2,11138.0,2,4,4,At risk
C021205,198,3,11141.0,4,4,4,Champions
C032747,3,2,11142.0,5,4,4,Champions
C019842,208,3,11144.0,4,4,4,Champions
C001219,819,2,11145.0,1,4,4,At risk
C020974,224,2,11145.0,3,4,4,Loyal
C010462,536,2,11146.0,2,4,4,At risk
C012091,375,3,11146.0,2,4,4,At risk
C015587,63,4,11146.0,5,5,4,Champions
C025855,179,2,11146.0,4,4,4,Champions
C027134,37,3,11146.0,5,4,4,Champions
C000221,896,2,11147.0,1,4,4,At risk
C007666,618,1,11147.0,1,3,4,At risk
C029255,12,4,11147.0,5,5,4,Champions
C030222,33,3,11147.0,5,4,4,Champions
C018359,268,3,11149.0,3,4,4,Loyal
C023917,45,4,11150.0,5,5,4,Champions
C006438,513,3,11160.0,2,4,4,At risk
C016346,381,2,11162.0,2,4,4,At risk
C028867,7,2,11170.0,5,4,4,Champions
C012818,386,2,11171.0,2,4,4,At risk
C011592,454,2,11172.0,2,4,4,At risk
C018802,302,2,11172.0,3,4,4,Loyal
C032726,43,2,11178.0,5,4,4,Champions
C007810,521,3,11183.0,2,4,4,At risk
C020553,214,3,11188.0,3,4,4,Loyal
C018898,320,3,11193.0,3,4,4,Loyal
C023752,191,2,11194.0,4,4,4,Champions
C025747,158,3,11194.0,4,4,4,Champions
C006410,653,3,11195.0,1,4,4,At risk
C014491,406,2,11195.0,2,4,4,At risk
C021317,266,1,11195.0,3,3,4,Loyal
C000324,806,3,11196.0,1,4,4,At risk
C021840,231,3,11196.0,3,4,4,Loyal
C029883,108,2,11196.0,4,4,4,Champions
C034835,19,1,11196.0,5,3,4,Loyal
C000069,703,3,11197.0,1,4,4,At risk
C000733,363,3,11197.0,3,4,4,Loyal
C004770,717,1,11197.0,1,3,4,At risk
C007954,566,3,11197.0,2,4,4,At risk
C008769,562,1,11197.0,2,3,4,At risk
C024274,204,1,11197.0,4,3,4,Loyal
C026190,111,3,11197.0,4,4,4,Champions
C029159,93,1,11197.0,4,3,4,Loyal
C032784,10,2,11197.0,5,4,4,Champions
C004886,652,2,11198.0,1,4,4,At risk
C005522,670,1,11198.0,1,3,4,At risk
C013228,384,2,11198.0,2,4,4,At risk
C017987,343,1,11198.0,3,3,4,Loyal
C025116,197,1,11198.0,4,3,4,Loyal
C028352,102,2,11198.0,4,4,4,Champions
C035126,7,1,11198.0,5,3,4,Loyal
C008275,602,1,11199.0,1,3,4,At risk
C015260,414,1,11199.0,2,3,4,At risk
C032788,52,1,11199.0,5,3,4,Loyal
C018396,109,4,11204.0,4,5,4,Champions
C033068,9,2,11207.0,5,4,4,Champions
C003351,718,2,11211.0,1,4,4,At risk
C034050,34,1,11215.0,5,3,4,Loyal
C033637,20,1,11216.0,5,3,4,Loyal
C031248,85,1,11217.0,5,3,4,Loyal
C030363,85,1,11218.0,5,3,4,Loyal
C034976,17,1,11218.0,5,3,4,Loyal
C003669,566,2,11229.0,2,4,4,At risk
C031123,74,3,11243.0,5,4,4,Champions
C025338,183,2,11244.0,4,4,4,Champions
C014460,431,1,11245.0,2,3,4,At risk
C034160,20,1,11245.0,5,3,4,Loyal
C025741,172,3,11246.0,4,4,4,Champions
C030078,97,2,11246.0,4,4,4,Champions
C031276,61,3,11247.0,5,4,4,Champions
C032979,53,1,11247.0,5,3,4,Loyal
C015255,396,2,11248.0,2,4,4,At risk
C012776,383,3,11249.0,2,4,4,At risk
C000027,865,3,11251.0,1,4,4,At risk
C005871,684,1,11259.0,1,3,4,At risk
C009874,538,2,11259.0,2,4,4,At risk
C000446,894,1,11260.0,1,3,4,At risk
C020319,265,2,11263.0,3,4,4,Loyal
C012135,464,2,11265.0,2,4,4,At risk
C000945,805,3,11266.0,1,4,4,At risk
C018612,327,2,11271.0,3,4,4,Loyal
C005608,561,4,11275.0,2,5,4,At risk
C005689,524,5,11279.0,2,5,4,At risk
C034336,0,2,11282.0,5,4,4,Champions
C019801,219,4,11284.0,3,5,4,Loyal
C025786,156,3,11286.0,4,4,4,Champions
C028490,26,2,11287.0,5,4,4,Champions
C032524,61,2,11291.0,5,4,4,Champions
C027442,37,3,11293.0,5,4,4,Champions
C001763,821,2,11294.0,1,4,4,At risk
C004437,484,4,11294.0,2,5,4,At risk
C011269,457,3,11294.0,2,4,4,At risk
C003764,702,3,11295.0,1,4,4,At risk
C010330,529,2,11295.0,2,4,4,At risk
C015068,371,2,11295.0,2,4,4,At risk
C001415,790,3,11296.0,1,4,4,At risk
C011541,226,2,11296.0,3,4,4,Loyal
C012925,413,2,11296.0,2,4,4,At risk
C014605,198,3,11296.0,4,4,4,Champions
C015479,392,2,11296.0,2,4,4,At risk
C019388,237,3,11296.0,3,4,4,Loyal
C002929,766,1,11297.0,1,3,4,At risk
C007334,632,1,11297.0,1,3,4,At risk
C010166,473,2,11297.0,2,4,4,At risk
C010811,521,2,11297.0,2,4,4,At risk
C012094,466,2,11297.0,2,4,4,At risk
C012684,482,2,11297.0,2,4,4,At risk
C013530,454,1,11297.0,2,3,4,At risk
C014634,388,3,11297.0,2,4,4,At risk
C014637,352,2,11297.0,3,4,4,Loyal
C016578,144,3,11297.0,4,4,4,Champions
C016659,376,1,11297.0,2,3,4,At risk
C017761,348,1,11297.0,3,3,4,Loyal
C018671,327,1,11297.0,3,3,4,Loyal
C027357,103,2,11297.0,4,4,4,Champions
C028322,97,2,11297.0,4,4,4,Champions
C028708,125,2,11297.0,4,4,4,Champions
C032299,66,1,11297.0,5,3,4,Loyal
C033836,11,2,11297.0,5,4,4,Champions
C003963,749,1,11298.0,1,3,4,At risk
C006768,436,3,11298.0,2,4,4,At risk
C009575,576,1,11298.0,2,3,4,At risk
C029787,25,2,11298.0,5,4,4,Champions
C002829,793,1,11299.0,1,3,4,At risk
C003502,765,1,11299.0,1,3,4,At risk
C020211,280,1,11299.0,3,3,4,Loyal
C025583,195,1,11299.0,4,3,4,Loyal
C009823,565,1,11301.0,2,3,4,At risk
C017837,317,2,11301.0,3,4,4,Loyal
C016014,394,1,11302.0,2,3,4,At risk
C010181,561,1,11303.0,2,3,4,At risk
C031258,78,1,11303.0,5,3,4,Loyal
C034612,23,1,11303.0,5,3,4,Loyal
C011305,484,2,11306.0,2,4,4,At risk
C010110,320,3,11315.0,3,4,4,Loyal
C007272,568,2,11318.0,2,4,4,At risk
C012024,452,2,11318.0,2,4,4,At risk
C033354,13,2,11322.0,5,4,4,Champions
C021420,214,4,11325.0,3,5,4,Loyal
C028110,63,2,11327.0,5,4,4,Champions
C020414,227,3,11332.0,3,4,4,Loyal
C022047,214,4,11342.0,3,5,4,Loyal
C022478,214,3,11342.0,3,4,4,Loyal
C001645,842,1,11343.0,1,3,4,At risk
C003247,618,3,11344.0,1,4,4,At risk
C006148,622,2,11344.0,1,4,4,At risk
C021218,201,4,11344.0,4,5,4,Champions
C024532,198,3,11344.0,4,4,4,Champions
C024822,176,2,11344.0,4,4,4,Champions
C029288,69,3,11344.0,5,4,4,Champions
C002055,822,1,11345.0,1,3,4,At risk
C025007,9,3,11345.0,5,4,4,Champions
C008207,578,2,11346.0,2,4,4,At risk
C016814,332,2,11346.0,3,4,4,Loyal
C022756,199,3,11346.0,4,4,4,Champions
C034114,26,1,11346.0,5,3,4,Loyal
C006970,605,2,11347.0,1,4,4,At risk
C011786,492,2,11347.0,2,4,4,At risk
C006070,584,3,11354.0,1,4,4,At risk
C022517,212,2,11360.0,3,4,4,Loyal
C010914,506,2,11377.0,2,4,4,At risk
C021648,207,2,11377.0,4,4,4,Champions
C028952,108,2,11377.0,4,4,4,Champions
C003326,685,3,11381.0,1,4,4,At risk
C017154,363,1,11386.0,3,3,4,Loyal
C026478,177,1,11386.0,4,3,4,Loyal
C002838,793,1,11387.0,1,3,4,At risk
C033173,46,1,11387.0,5,3,4,Loyal
C003275,775,1,11388.0,1,3,4,At risk
C027265,151,1,11388.0,4,3,4,Loyal
C014731,427,1,11394.0,2,3,4,At risk
C017126,352,2,11394.0,3,4,4,Loyal
C029779,7,5,11394.0,5,5,4,Champions
C018040,297,2,11395.0,3,4,4,Loyal
C019893,237,5,11395.0,3,5,4,Loyal
C013813,61,4,11396.0,5,5,4,Champions
C029703,111,1,11396.0,4,3,4,Loyal
C000459,893,1,11397.0,1,3,4,At risk
C001639,837,2,11397.0,1,4,4,At risk
C001906,829,1,11397.0,1,3,4,At risk
C007558,596,3,11397.0,1,4,4,At risk
C013383,458,2,11397.0,2,4,4,At risk
C023497,217,1,11397.0,3,3,4,Loyal
C025869,149,2,11397.0,4,4,4,Champions
C026107,157,2,11397.0,4,4,4,Champions
C032353,42,3,11397.0,5,4,4,Champions
C000419,890,1,11398.0,1,3,4,At risk
C002721,792,1,11398.0,1,3,4,At risk
C004132,697,1,11398.0,1,3,4,At risk
C004144,727,2,11398.0,1,4,4,At risk
C005438,596,3,11398.0,1,4,4,At risk
C013940,440,2,11398.0,2,4,4,At risk
C020655,228,3,11398.0,3,4,4,Loyal
C022332,93,2,11398.0,4,4,4,Champions
C028851,130,2,11398.0,4,4,4,Champions
C031619,70,1,11398.0,5,3,4,Loyal
C033650,37,1,11398.0,5,3,4,Loyal
C026259,113,2,11404.0,4,4,4,Champions
C022802,184,2,11407.0,4,4,4,Champions
C013545,319,4,11411.0,3,5,4,Loyal
C013668,344,4,11415.0,3,5,4,Loyal
C024427,214,1,11416.0,3,3,4,Loyal
C027642,76,2,11417.0,5,4,4,Champions
C008208,602,2,11418.0,1,4,4,At risk
C015167,395,2,11418.0,2,4,4,At risk
C033213,5,2,11421.0,5,4,4,Champions
C009020,468,3,11422.0,2,4,4,At risk
C016312,110,1,11427.0,4,3,4,Loyal
C025508,186,1,11428.0,4,3,4,Loyal
C035673,5,1,11429.0,5,3,4,Loyal
C014401,436,1,11430.0,2,3,4,At risk
C016771,366,1,11430.0,3,3,4,Loyal
C027289,106,2,11431.0,4,4,4,Champions
C003494,761,2,11433.0,1,4,4,At risk
C018192,85,5,11435.0,4,5,4,Champions
C024889,147,2,11437.0,4,4,4,Champions
C001310,856,1,11445.0,1,3,4,At risk
C003233,687,4,11445.0,1,5,4,At risk
C008333,578,1,11445.0,2,3,4,At risk
C014971,420,3,11445.0,2,4,4,At risk
C019587,35,4,11445.0,5,5,4,Champions
C027263,26,4,11445.0,5,5,4,Champions
C004492,728,2,11446.0,1,4,4,At risk
C015016,404,2,11446.0,2,4,4,At risk
C024068,216,1,11446.0,3,3,4,Loyal
C024547,140,4,11446.0,4,5,4,Champions
C026571,146,2,11446.0,4,4,4,Champions
C030142,62,2,11446.0,5,4,4,Champions
C003046,784,1,11447.0,1,3,4,At risk
C013362,278,2,11447.0,3,4,4,Loyal
C030450,10,4,11447.0,5,5,4,Champions
C014969,221,2,11448.0,3,4,4,Loyal
C017584,280,3,11455.0,3,4,4,Loyal
C012358,452,3,11461.0,2,4,4,At risk
C003226,716,2,11463.0,1,4,4,At risk
C019734,38,4,11465.0,5,5,4,Champions
C021201,231,2,11469.0,3,4,4,Loyal
C005518,685,2,11470.0,1,4,4,At risk
C019677,306,1,11472.0,3,3,4,Loyal
C003302,774,1,11473.0,1,3,4,At risk
C007161,504,3,11473.0,2,4,4,At risk
C033987,21,2,11473.0,5,4,4,Champions
C031030,40,4,11474.0,5,5,4,Champions
C006872,595,3,11486.0,1,4,4,At risk
C008369,31,5,11486.0,5,5,4,Champions
C013547,396,4,11486.0,2,5,4,At risk
C022624,76,5,11493.0,5,5,4,Champions
C004268,506,4,11494.0,2,5,4,At risk
C007957,535,2,11494.0,2,4,4,At risk
C026404,68,3,11494.0,5,4,4,Champions
C005883,296,3,11495.0,3,4,4,Loyal
C015228,381,2,11495.0,2,4,4,At risk
C001456,835,1,11496.0,1,3,4,At risk
C014709,49,2,11496.0,5,4,4,Champions
C019138,313,2,11496.0,3,4,4,Loyal
C031197,76,2,11496.0,5,4,4,Champions
C006820,481,3,11497.0,2,4,4,At risk
C010625,546,1,11497.0,2,3,4,At risk
C011049,534,1,11497.0,2,3,4,At risk
C011144,531,1,11497.0,2,3,4,At risk
C011202,519,2,11497.0,2,4,4,At risk
C014089,441,1,11497.0,2,3,4,At risk
C014437,343,3,11497.0,3,4,4,Loyal
C016778,373,1,11497.0,2,3,4,At risk
C018122,305,2,11497.0,3,4,4,Loyal
C018450,290,2,11497.0,3,4,4,Loyal
C019960,221,3,11497.0,3,4,4,Loyal
C028667,134,1,11497.0,4,3,4,Loyal
C029492,80,3,11497.0,5,4,4,Champions
C031529,56,2,11497.0,5,4,4,Champions
C001330,847,1,11498.0,1,3,4,At risk
C003852,657,2,11498.0,1,4,4,At risk
C018568,290,2,11498.0,3,4,4,Loyal
C023558,223,2,11498.0,3,4,4,Loyal
C023601,210,2,11498.0,4,4,4,Champions
C024844,178,2,11498.0,4,4,4,Champions
C026852,146,2,11498.0,4,4,4,Champions
C011135,317,4,11503.0,3,5,4,Loyal
C008754,530,3,11505.0,2,4,4,At risk
C010721,543,1,11515.0,2,3,4,At risk
C003708,744,2,11518.0,1,4,4,At risk
C000024,869,3,11520.0,1,4,4,At risk
C034457,9,2,11521.0,5,4,4,Champions
C020636,27,2,11536.0,5,4,4,Champions
C003685,631,3,11543.0,1,4,4,At risk
C001867,770,3,11544.0,1,4,4,At risk
C004280,646,2,11545.0,1,4,4,At risk
C019604,293,2,11545.0,3,4,4,Loyal
C028351,140,1,11545.0,4,3,4,Loyal
C013382,435,2,11546.0,2,4,4,At risk
C017340,274,3,11546.0,3,4,4,Loyal
C006281,570,1,11547.0,2,3,4,At risk
C026386,179,1,11547.0,4,3,4,Loyal
C026734,27,2,11547.0,5,4,4,Champions
C022315,184,2,11555.0,4,4,4,Champions
C005716,686,1,11556.0,1,3,4,At risk
C019879,301,1,11556.0,3,3,4,Loyal
C032751,58,1,11556.0,5,3,4,Loyal
C034780,6,1,11557.0,5,3,4,Loyal
C008104,604,1,11558.0,1,3,4,At risk
C011331,525,1,11558.0,2,3,4,At risk
C031858,74,1,11558.0,5,3,4,Loyal
C015005,421,1,11559.0,2,3,4,At risk
C026384,161,1,11559.0,4,3,4,Loyal
C006661,653,2,11573.0,1,4,4,At risk
C018017,107,3,11579.0,4,4,4,Champions
C012770,289,3,11583.0,3,4,4,Loyal
C023114,214,2,11590.0,3,4,4,Loyal
C033287,23,4,11594.0,5,5,4,Champions
C029454,106,2,11595.0,4,4,4,Champions
C033112,12,2,11595.0,5,4,4,Champions
C033344,23,2,11595.0,5,4,4,Champions
C003242,768,2,11596.0,1,4,4,At risk
C009340,548,1,11596.0,2,3,4,At risk
C015245,395,2,11596.0,2,4,4,At risk
C018197,273,3,11596.0,3,4,4,Loyal
C021629,258,1,11596.0,3,3,4,Loyal
C024785,55,2,11596.0,5,4,4,Champions
C026065,50,3,11596.0,5,4,4,Champions
C030869,9,3,11596.0,5,4,4,Champions
C003263,731,2,11597.0,1,4,4,At risk
C005240,602,1,11597.0,1,3,4,At risk
C006962,643,2,11597.0,1,4,4,At risk
C013529,458,1,11597.0,2,3,4,At risk
C020321,274,2,11597.0,3,4,4,Loyal
C020379,269,1,11597.0,3,3,4,Loyal
C027188,163,1,11597.0,4,3,4,Loyal
C032546,62,1,11597.0,5,3,4,Loyal
C005257,541,2,11598.0,2,4,4,At risk
C017610,352,1,11598.0,3,3,4,Loyal
C028037,145,1,11598.0,4,3,4,Loyal
C029361,104,1,11598.0,4,3,4,Loyal
C031553,79,1,11598.0,5,3,4,Loyal
C034389,27,1,11598.0,5,3,4,Loyal
C020579,277,1,11599.0,3,3,4,Loyal
C033547,15,2,11605.0,5,4,4,Champions
C028053,137,2,11609.0,4,4,4,Champions
C021685,231,2,11613.0,3,4,4,Loyal
C007445,595,2,11615.0,1,4,4,At risk
C018701,319,3,11623.0,3,4,4,Loyal
C022635,192,4,11625.0,4,5,4,Champions
C001459,812,2,11631.0,1,4,4,At risk
C003329,772,1,11641.0,1,3,4,At risk
C007606,622,1,11641.0,1,3,4,At risk
C031973,72,1,11641.0,5,3,4,Loyal
C032813,32,1,11641.0,5,3,4,Loyal
C003833,753,1,11642.0,1,3,4,At risk
C029913,109,1,11642.0,4,3,4,Loyal
C009428,565,1,11643.0,2,3,4,At risk
C015303,411,2,11643.0,2,4,4,At risk
C033965,21,1,11643.0,5,3,4,Loyal
C018798,221,3,11645.0,3,4,4,Loyal
C018941,297,2,11645.0,3,4,4,Loyal
C021815,200,4,11645.0,4,5,4,Champions
C030704,31,2,11645.0,5,4,4,Champions
C001176,800,2,11646.0,1,4,4,At risk
C024815,110,3,11646.0,4,4,4,Champions
C028019,104,3,11646.0,4,4,4,Champions
C029003,111,2,11646.0,4,4,4,Champions
C035309,7,2,11646.0,5,4,4,Champions
C012676,439,2,11647.0,2,4,4,At risk
C026624,158,2,11647.0,4,4,4,Champions
C000977,222,5,11651.0,3,5,4,Loyal
C008198,546,4,11651.0,2,5,4,At risk
C008331,578,1,11651.0,2,3,4,At risk
C002218,743,2,11652.0,1,4,4,At risk
C005928,652,3,11657.0,1,4,4,At risk
C018256,218,2,11661.0,3,4,4,Loyal
C007956,606,2,11663.0,1,4,4,At risk
C028899,80,4,11663.0,5,5,4,Champions
C001834,798,2,11667.0,1,4,4,At risk
C021569,192,3,11667.0,4,4,4,Champions
C024766,168,2,11671.0,4,4,4,Champions
C024980,201,1,11672.0,4,3,4,Loyal
C000521,836,2,11676.0,1,4,4,At risk
C002638,695,3,11676.0,1,4,4,At risk
C014384,429,2,11676.0,2,4,4,At risk
C005006,658,1,11683.0,1,3,4,At risk
C026349,89,2,11685.0,4,4,4,Champions
C022863,173,4,11686.0,4,5,4,Champions
C009212,417,5,11694.0,2,5,4,At risk
C009708,501,3,11694.0,2,4,4,At risk
C017879,300,3,11694.0,3,4,4,Loyal
C005788,495,2,11695.0,2,4,4,At risk
C014012,339,2,11695.0,3,4,4,Loyal
C014773,48,2,11695.0,5,4,4,Champions
C008593,596,1,11696.0,1,3,4,At risk
C011200,364,3,11696.0,3,4,4,Loyal
C017175,140,3,11696.0,4,4,4,Champions
C021942,210,2,11696.0,4,4,4,Champions
C025401,196,1,11696.0,4,3,4,Loyal
C025901,18,3,11696.0,5,4,4,Champions
C026702,131,3,11696.0,4,4,4,Champions
C027359,159,1,11696.0,4,3,4,Loyal
C027847,85,4,11696.0,5,5,4,Champions
C029100,125,1,11696.0,4,3,4,Loyal
C030049,54,4,11696.0,5,5,4,Champions
C031674,60,2,11696.0,5,4,4,Champions
C033451,41,2,11696.0,5,4,4,Champions
C003809,749,2,11697.0,1,4,4,At risk
C005210,644,2,11697.0,1,4,4,At risk
C005549,691,1,11697.0,1,3,4,At risk
C010717,521,2,11697.0,2,4,4,At risk
C013257,466,1,11697.0,2,3,4,At risk
C018842,323,1,11697.0,3,3,4,Loyal
C019916,259,2,11697.0,3,4,4,Loyal
C030806,94,1,11697.0,4,3,4,Loyal
C004289,724,1,11698.0,1,3,4,At risk
C004964,712,1,11698.0,1,3,4,At risk
C010545,535,2,11698.0,2,4,4,At risk
C012740,404,2,11698.0,2,4,4,At risk
C015563,406,1,11698.0,2,3,4,At risk
C016231,388,1,11698.0,2,3,4,At risk
C031723,1,2,11698.0,5,4,4,Champions
C033464,45,1,11698.0,5,3,4,Loyal
C034495,25,1,11698.0,5,3,4,Loyal
C004274,197,3,11699.0,4,4,4,Champions
C014999,352,3,11700.0,3,4,4,Loyal
C008472,374,2,11704.0,2,4,4,At risk
C001828,832,2,11705.0,1,4,4,At risk
C013376,453,2,11707.0,2,4,4,At risk
C013963,419,2,11708.0,2,4,4,At risk
C020623,255,2,11714.0,3,4,4,Loyal
C000403,706,2,11718.0,1,4,4,At risk
C011227,326,2,11718.0,3,4,4,Loyal
C021116,247,2,11718.0,3,4,4,Loyal
C001152,772,5,11721.0,1,5,4,At risk
C006000,679,1,11726.0,1,3,4,At risk
C022330,135,4,11732.0,4,5,4,Champions
C018824,187,5,11737.0,4,5,4,Champions
C032481,42,2,11740.0,5,4,4,Champions
C026402,107,3,11743.0,4,4,4,Champions
C009167,492,3,11745.0,2,4,4,At risk
C026517,44,3,11745.0,5,4,4,Champions
C007263,617,2,11746.0,1,4,4,At risk
C027836,49,2,11746.0,5,4,4,Champions
C028549,121,4,11746.0,4,5,4,Champions
C019606,267,2,11747.0,3,4,4,Loyal
C000016,779,5,11750.0,1,5,4,At risk
C022780,153,4,11750.0,4,5,4,Champions
C025134,134,2,11751.0,4,4,4,Champions
C017082,336,2,11752.0,3,4,4,Loyal
C031278,64,2,11759.0,5,4,4,Champions
C026481,104,2,11763.0,4,4,4,Champions
C009771,515,4,11764.0,2,5,4,At risk
C000252,867,2,11765.0,1,4,4,At risk
C005750,685,1,11767.0,1,3,4,At risk
C003465,711,3,11769.0,1,4,4,At risk
C029689,21,5,11779.0,5,5,4,Champions
C023266,94,4,11780.0,4,5,4,Champions
C028266,136,2,11783.0,4,4,4,Champions
C012968,320,6,11784.0,3,5,4,Loyal
C026376,16,3,11786.0,5,4,4,Champions
C015065,190,3,11795.0,4,4,4,Champions
C025469,81,2,11795.0,5,4,4,Champions
C032577,0,2,11795.0,5,4,4,Champions
C034307,15,2,11795.0,5,4,4,Champions
C000307,897,1,11796.0,1,3,4,At risk
C000891,603,3,11796.0,1,4,4,At risk
C001372,812,3,11796.0,1,4,4,At risk
C013760,337,2,11796.0,3,4,4,Loyal
C014179,436,1,11796.0,2,3,4,At risk
C018847,323,1,11796.0,3,3,4,Loyal
C030726,89,2,11796.0,4,4,4,Champions
C031231,16,4,11796.0,5,5,4,Champions
C033435,6,2,11796.0,5,4,4,Champions
C001625,821,1,11797.0,1,3,4,At risk
C002283,776,2,11797.0,1,4,4,At risk
C002302,814,1,11797.0,1,3,4,At risk
C004559,705,3,11797.0,1,4,4,At risk
C005016,710,1,11797.0,1,3,4,At risk
C005260,662,2,11797.0,1,4,4,At risk
C011046,445,2,11797.0,2,4,4,At risk
C011632,479,2,11797.0,2,4,4,At risk
C022717,91,1,11797.0,4,3,4,Loyal
C025312,200,1,11797.0,4,3,4,Loyal
C026029,169,3,11797.0,4,4,4,Champions
C028613,50,2,11797.0,5,4,4,Champions
C029831,102,1,11797.0,4,3,4,Loyal
C033995,9,1,11797.0,5,3,4,Loyal
C035612,6,1,11797.0,5,3,4,Loyal
C000917,818,2,11798.0,1,4,4,At risk
C008051,535,2,11798.0,2,4,4,At risk
C014512,184,1,11798.0,4,3,4,Loyal
C018474,269,2,11798.0,3,4,4,Loyal
C020533,282,1,11798.0,3,3,4,Loyal
C031679,77,1,11798.0,5,3,4,Loyal
C033364,38,2,11798.0,5,4,4,Champions
C033703,40,1,11798.0,5,3,4,Loyal
C005651,688,1,11799.0,1,3,4,At risk
C017297,359,1,11799.0,3,3,4,Loyal
C032188,68,1,11799.0,5,3,4,Loyal
C032703,48,2,11799.0,5,4,4,Champions
C016837,302,2,11806.0,3,4,4,Loyal
C018069,206,3,11807.0,4,4,4,Champions
C008457,555,3,11808.0,2,4,4,At risk
C021654,197,2,11809.0,4,4,4,Champions
C004924,713,1,11811.0,1,3,4,At risk
C012397,434,1,11811.0,2,3,4,At risk
C008381,497,3,11812.0,2,4,4,At risk
C023877,80,1,11813.0,5,3,4,Loyal
C027330,129,3,11814.0,4,4,4,Champions
C029780,2,2,11815.0,5,4,4,Champions
C033699,20,2,11817.0,5,4,4,Champions
C001546,801,4,11819.0,1,5,4,At risk
C012780,408,3,11825.0,2,4,4,At risk
C007980,408,4,11826.0,2,5,4,At risk
C013945,399,3,11829.0,2,4,4,At risk
C024216,214,1,11835.0,3,3,4,Loyal
C015639,227,7,11836.0,3,5,4,Loyal
C019931,181,4,11841.0,4,5,4,Champions
C012073,419,3,11842.0,2,4,4,At risk
C013725,455,1,11843.0,2,3,4,At risk
C012958,202,3,11844.0,4,4,4,Champions
C020723,216,2,11844.0,3,4,4,Loyal
C027284,13,3,11844.0,5,4,4,Champions
C031877,64,2,11844.0,5,4,4,Champions
C005302,393,3,11845.0,2,4,4,At risk
C013856,424,2,11845.0,2,4,4,At risk
C006949,472,3,11846.0,2,4,4,At risk
C006984,569,5,11846.0,2,5,4,At risk
C009265,498,2,11846.0,2,4,4,At risk
C014533,397,1,11846.0,2,3,4,At risk
C015709,402,1,11846.0,2,3,4,At risk
C028030,146,1,11846.0,4,3,4,Loyal
C026761,164,1,11847.0,4,3,4,Loyal
C009826,565,2,11851.0,2,4,4,At risk
C004813,710,1,11852.0,1,3,4,At risk
C024391,208,1,11854.0,4,3,4,Loyal
C029385,6,3,11854.0,5,4,4,Champions
C034091,33,1,11854.0,5,3,4,Loyal
C013620,394,5,11856.0,2,5,4,At risk
C030414,41,3,11861.0,5,4,4,Champions
C016618,230,3,11865.0,3,4,4,Loyal
C020026,13,3,11872.0,5,4,4,Champions
C031338,11,4,11876.0,5,5,4,Champions
C023930,200,3,11877.0,4,4,4,Champions
C002226,791,1,11878.0,1,3,4,At risk
C006485,319,3,11878.0,3,4,4,Loyal
C003718,565,3,11879.0,2,4,4,At risk
C004157,690,2,11894.0,1,4,4,At risk
C005466,639,3,11895.0,1,4,4,At risk
C007509,473,4,11895.0,2,5,4,At risk
C008160,558,3,11895.0,2,4,4,At risk
C012753,355,2,11896.0,3,4,4,Loyal
C021295,97,2,11896.0,4,4,4,Champions
C023661,15,4,11896.0,5,5,4,Champions
C024582,211,1,11896.0,4,3,4,Loyal
C024644,183,2,11896.0,4,4,4,Champions
C033528,40,2,11896.0,5,4,4,Champions
C000389,884,2,11897.0,1,4,4,At risk
C006131,674,1,11897.0,1,3,4,At risk
C006152,674,1,11897.0,1,3,4,At risk
C012417,481,2,11897.0,2,4,4,At risk
C022156,239,1,11897.0,3,3,4,Loyal
C023894,220,1,11897.0,3,3,4,Loyal
C025483,82,2,11897.0,5,4,4,Champions
C027401,158,1,11897.0,4,3,4,Loyal
C031910,73,1,11897.0,5,3,4,Loyal
C006125,674,1,11898.0,1,3,4,At risk
C008223,587,1,11898.0,1,3,4,At risk
C010795,540,2,11898.0,2,4,4,At risk
C016872,350,2,11898.0,3,4,4,Loyal
C025234,184,1,11898.0,4,3,4,Loyal
C026290,181,1,11898.0,4,3,4,Loyal
C029645,113,1,11898.0,4,3,4,Loyal
C029998,75,2,11898.0,5,4,4,Champions
C033006,52,2,11898.0,5,4,4,Champions
C006224,598,1,11899.0,1,3,4,At risk
C022407,243,1,11899.0,3,3,4,Loyal
C024479,213,1,11899.0,3,3,4,Loyal
C032790,56,1,11899.0,5,3,4,Loyal
C029243,66,2,11900.0,5,4,4,Champions
C020145,224,4,11902.0,3,5,4,Loyal
C023330,231,1,11916.0,3,3,4,Loyal
C017787,326,2,11927.0,3,4,4,Loyal
C002846,596,6,11928.0,1,5,4,At risk
C027705,95,3,11938.0,4,4,4,Champions
C032768,57,1,11938.0,5,3,4,Loyal
C025941,188,1,11939.0,4,3,4,Loyal
C007582,610,2,11944.0,1,4,4,At risk
C014741,268,6,11944.0,3,5,4,Loyal
C001686,550,2,11945.0,2,4,4,At risk
C014016,229,4,11945.0,3,5,4,Loyal
C024956,143,2,11945.0,4,4,4,Champions
C003800,648,2,11946.0,1,4,4,At risk
C028123,104,2,11946.0,4,4,4,Champions
C031856,57,2,11946.0,5,4,4,Champions
C004694,675,3,11947.0,1,4,4,At risk
C014434,421,2,11948.0,2,4,4,At risk
C003159,474,3,11957.0,2,4,4,At risk
C010731,490,5,11960.0,2,5,4,At risk
C012996,469,1,11964.0,2,3,4,At risk
C010365,547,2,11965.0,2,4,4,At risk
C023179,60,2,11965.0,5,4,4,Champions
C029503,62,3,11966.0,5,4,4,Champions
C031273,52,2,11967.0,5,4,4,Champions
C009361,564,2,11968.0,2,4,4,At risk
C025090,200,2,11973.0,4,4,4,Champions
C016738,374,1,11980.0,2,3,4,At risk
C020537,285,1,11980.0,3,3,4,Loyal
C007822,616,1,11981.0,1,3,4,At risk
C021806,144,3,11981.0,4,4,4,Champions
C035500,8,1,11981.0,5,3,4,Loyal
C024680,163,1,11982.0,4,3,4,Loyal
C035871,2,1,11983.0,5,3,4,Loyal
C005148,451,4,11993.0,2,5,4,At risk
C007744,543,3,11994.0,2,4,4,At risk
C008541,578,2,11994.0,2,4,4,At risk
C015972,306,3,11994.0,3,4,4,Loyal
C001571,563,3,11995.0,2,4,4,At risk
C021902,210,1,11995.0,4,3,4,Loyal
C026802,27,2,11995.0,5,4,4,Champions
C000396,634,2,11996.0,1,4,4,At risk
C003749,712,2,11996.0,1,4,4,At risk
C011569,425,3,11996.0,2,4,4,At risk
C012546,470,2,11996.0,2,4,4,At risk
C020979,219,2,11996.0,3,4,4,Loyal
C026913,140,3,11996.0,4,4,4,Champions
C033386,7,2,11996.0,5,4,4,Champions
C000478,875,2,11997.0,1,4,4,At risk
C000969,870,1,11997.0,1,3,4,At risk
C004243,738,1,11997.0,1,3,4,At risk
C007780,617,1,11997.0,1,3,4,At risk
C015062,404,2,11997.0,2,4,4,At risk
C015307,413,1,11997.0,2,3,4,At risk
C016849,318,2,11997.0,3,4,4,Loyal
C019429,299,1,11997.0,3,3,4,Loyal
C020895,270,1,11997.0,3,3,4,Loyal
C021465,254,1,11997.0,3,3,4,Loyal
C026808,152,2,11997.0,4,4,4,Champions
C027940,109,3,11997.0,4,4,4,Champions
C028082,145,1,11997.0,4,3,4,Loyal
C028972,128,1,11997.0,4,3,4,Loyal
C029894,16,2,11997.0,5,4,4,Champions
C030867,72,2,11997.0,5,4,4,Champions
C031634,78,1,11997.0,5,3,4,Loyal
C032731,5,2,11997.0,5,4,4,Champions
C032810,36,3,11997.0,5,4,4,Champions
C035100,15,1,11997.0,5,3,4,Loyal
C035412,7,1,11997.0,5,3,4,Loyal
C031102,87,1,11998.0,4,3,4,Loyal
C035800,3,1,11998.0,5,3,4,Loyal
C010633,546,1,11999.0,2,3,4,At risk
C019370,207,1,11999.0,4,3,4,Loyal
C024499,213,1,11999.0,3,3,4,Loyal
C006598,634,3,12001.0,1,4,4,At risk
C001380,752,2,12003.0,1,4,4,At risk
C001448,812,3,12006.0,1,4,4,At risk
C005298,685,3,12006.0,1,4,4,At risk
C018938,308,2,12007.0,3,4,4,Loyal
C005480,687,2,12010.0,1,4,4,At risk
C006311,572,3,12011.0,2,4,4,At risk
C006533,588,3,12017.0,1,4,4,At risk
C017529,311,4,12020.0,3,5,4,Loyal
C006936,584,3,12025.0,1,4,4,At risk
C015112,410,1,12025.0,2,3,4,At risk
C025284,200,1,12030.0,4,3,4,Loyal
C005846,684,1,12031.0,1,3,4,At risk
C023959,114,3,12035.0,4,4,4,Champions
C026458,98,3,12040.0,4,4,4,Champions
C003017,41,4,12045.0,5,5,4,Champions
C003865,640,5,12045.0,1,5,4,At risk
C005945,623,2,12045.0,1,4,4,At risk
C011638,231,3,12045.0,3,4,4,Loyal
C014854,416,2,12045.0,2,4,4,At risk
C018138,280,3,12045.0,3,4,4,Loyal
C021748,194,3,12045.0,4,4,4,Champions
C005358,698,1,12046.0,1,3,4,At risk
C010279,553,2,12046.0,2,4,4,At risk
C010887,535,1,12046.0,2,3,4,At risk
C026834,163,3,12046.0,4,4,4,Champions
C034480,25,1,12046.0,5,3,4,Loyal
C026285,145,2,12047.0,4,4,4,Champions
C027524,156,1,12047.0,4,3,4,Loyal
C034357,7,2,12047.0,5,4,4,Champions
C027974,0,4,12048.0,5,5,4,Champions
C004414,596,6,12050.0,1,5,4,At risk
C001908,788,3,12066.0,1,4,4,At risk
C020126,255,1,12066.0,3,3,4,Loyal
C022340,138,2,12066.0,4,4,4,Champions
C007825,616,1,12067.0,1,3,4,At risk
C033676,41,1,12067.0,5,3,4,Loyal
C010986,337,3,12070.0,3,4,4,Loyal
C008497,524,2,12072.0,2,4,4,At risk
C015047,395,2,12080.0,2,4,4,At risk
C031192,70,3,12081.0,5,4,4,Champions
C027046,86,3,12085.0,4,4,4,Champions
C030725,83,2,12087.0,5,4,4,Champions
C004576,562,3,12090.0,2,4,4,At risk
C000896,821,3,12092.0,1,4,4,At risk
C021694,214,5,12093.0,3,5,4,Loyal
C004333,661,3,12094.0,1,4,4,At risk
C002847,758,3,12095.0,1,4,4,At risk
C006274,669,1,12095.0,1,3,4,At risk
C025612,15,4,12095.0,5,5,4,Champions
C034378,16,3,12095.0,5,4,4,Champions
C004205,725,2,12096.0,1,4,4,At risk
C007797,592,3,12096.0,1,4,4,At risk
C014239,324,3,12096.0,3,4,4,Loyal
C027783,103,2,12096.0,4,4,4,Champions
C031964,48,2,12096.0,5,4,4,Champions
C001762,836,1,12097.0,1,3,4,At risk
C001979,820,2,12097.0,1,4,4,At risk
C002811,794,1,12097.0,1,3,4,At risk
C004538,651,2,12097.0,1,4,4,At risk
C016053,365,2,12097.0,3,4,4,Loyal
C017668,187,3,12097.0,4,4,4,Champions
C017911,337,2,12097.0,3,4,4,Loyal
C027930,49,2,12097.0,5,4,4,Champions
C028769,132,1,12097.0,4,3,4,Loyal
C030671,96,1,12097.0,4,3,4,Loyal
C031354,83,1,12097.0,5,3,4,Loyal
C033557,17,2,12097.0,5,4,4,Champions
C034609,23,1,12097.0,5,3,4,Loyal
C004297,685,2,12098.0,1,4,4,At risk
C019936,231,2,12098.0,3,4,4,Loyal
C034481,9,2,12098.0,5,4,4,Champions
C026251,67,2,12100.0,5,4,4,Champions
C024462,200,2,12101.0,4,4,4,Champions
C026327,106,3,12101.0,4,4,4,Champions
C007200,603,2,12102.0,1,4,4,At risk
C021193,98,3,12109.0,4,4,4,Champions
C011643,274,4,12110.0,3,5,4,Loyal
C010716,1,4,12121.0,5,5,4,Champions
C028152,73,2,12121.0,5,4,4,Champions
C034641,15,2,12121.0,5,4,4,Champions
C030890,57,2,12126.0,5,4,4,Champions
C021238,38,4,12132.0,5,5,4,Champions
C014369,427,2,12133.0,2,4,4,At risk
C023344,149,4,12136.0,4,5,4,Champions
C012960,465,4,12141.0,2,5,4,At risk
C017427,320,2,12141.0,3,4,4,Loyal
C014863,280,4,12144.0,3,5,4,Loyal
C032614,47,2,12144.0,5,4,4,Champions
C010029,561,1,12145.0,2,3,4,At risk
C021004,274,1,12145.0,3,3,4,Loyal
C021043,240,3,12145.0,3,4,4,Loyal
C025858,129,3,12145.0,4,4,4,Champions
C003102,752,3,12146.0,1,4,4,At risk
C023294,231,1,12146.0,3,3,4,Loyal
C002827,793,1,12147.0,1,3,4,At risk
C007811,545,2,12147.0,2,4,4,At risk
C020809,263,1,12147.0,3,3,4,Loyal
C001299,856,1,12151.0,1,3,4,At risk
C012479,403,3,12151.0,2,4,4,At risk
C035376,10,1,12152.0,5,3,4,Loyal
C000163,905,1,12154.0,1,3,4,At risk
C002661,762,2,12154.0,1,4,4,At risk
C003580,746,1,12154.0,1,3,4,At risk
C004282,733,1,12154.0,1,3,4,At risk
C006985,643,1,12154.0,1,3,4,At risk
C011640,475,1,12154.0,2,3,4,At risk
C011671,499,1,12154.0,2,3,4,At risk
C013165,470,1,12154.0,2,3,4,At risk
C013608,438,1,12154.0,2,3,4,At risk
C015287,398,1,12154.0,2,3,4,At risk
C016487,380,1,12154.0,2,3,4,At risk
C017280,359,1,12154.0,3,3,4,Loyal
C017379,344,1,12154.0,3,3,4,Loyal
C018059,341,1,12154.0,3,3,4,Loyal
C018863,322,1,12154.0,3,3,4,Loyal
C018999,309,1,12154.0,3,3,4,Loyal
C020489,286,1,12154.0,3,3,4,Loyal
C020509,285,1,12154.0,3,3,4,Loyal
C021242,268,1,12154.0,3,3,4,Loyal
C021387,265,1,12154.0,3,3,4,Loyal
C023287,231,1,12154.0,3,3,4,Loyal
C024775,207,1,12154.0,4,3,4,Loyal
C024922,204,1,12154.0,4,3,4,Loyal
C025096,200,1,12154.0,4,3,4,Loyal
C025654,187,1,12154.0,4,3,4,Loyal
C028389,139,1,12154.0,4,3,4,Loyal
C030699,96,1,12154.0,4,3,4,Loyal
C031309,82,1,12154.0,5,3,4,Loyal
C031556,77,1,12154.0,5,3,4,Loyal
C031854,74,1,12154.0,5,3,4,Loyal
C032384,41,1,12154.0,5,3,4,Loyal
C032914,55,1,12154.0,5,3,4,Loyal
C032615,13,3,12155.0,5,4,4,Champions
C027103,162,2,12157.0,4,4,4,Champions
C027646,102,3,12159.0,4,4,4,Champions
C022682,231,2,12160.0,3,4,4,Loyal
C003365,584,3,12169.0,1,4,4,At risk
C022322,232,1,12169.0,3,3,4,Loyal
C014682,311,3,12176.0,3,4,4,Loyal
C020581,65,3,12189.0,5,4,4,Champions
C034704,2,3,12191.0,5,4,4,Champions
C007114,621,1,12193.0,1,3,4,At risk
C028148,124,3,12194.0,4,4,4,Champions
C001144,715,2,12195.0,1,4,4,At risk
C001753,752,3,12195.0,1,4,4,At risk
C018828,254,3,12195.0,3,4,4,Loyal
C026283,105,4,12195.0,4,5,4,Champions
C030391,55,2,12195.0,5,4,4,Champions
C030812,34,2,12195.0,5,4,4,Champions
C002132,819,1,12196.0,1,3,4,At risk
C006455,652,2,12196.0,1,4,4,At risk
C007526,625,1,12196.0,1,3,4,At risk
C024599,211,1,12196.0,4,3,4,Loyal
C001022,866,1,12197.0,1,3,4,At risk
C001412,832,2,12197.0,1,4,4,At risk
C006186,529,2,12197.0,2,4,4,At risk
C015267,380,3,12197.0,2,4,4,At risk
C019956,277,3,12197.0,3,4,4,Loyal
C022095,209,3,12197.0,4,4,4,Champions
C027430,55,2,12197.0,5,4,4,Champions
C008968,590,1,12198.0,1,3,4,At risk
C012106,487,3,12198.0,2,4,4,At risk
C012524,436,2,12198.0,2,4,4,At risk
C023081,141,2,12198.0,4,4,4,Champions
C028493,21,2,12198.0,5,4,4,Champions
C017768,348,1,12199.0,3,3,4,Loyal
C020940,275,1,12199.0,3,3,4,Loyal
C023584,227,1,12199.0,3,3,4,Loyal
C024144,215,1,12199.0,3,3,4,Loyal
C026600,175,1,12199.0,4,3,4,Loyal
C033162,50,1,12199.0,5,3,4,Loyal
C000778,828,4,12204.0,1,5,4,At risk
C008200,561,3,12213.0,2,4,4,At risk
C032177,68,1,12236.0,5,3,4,Loyal
C023572,227,1,12237.0,3,3,4,Loyal
C034604,23,1,12237.0,5,3,4,Loyal
C001084,845,1,12238.0,1,3,4,At risk
C008273,347,4,12240.0,3,5,4,Loyal
C003670,748,2,12242.0,1,4,4,At risk
C033569,12,2,12242.0,5,4,4,Champions
C009304,535,3,12243.0,2,4,4,At risk
C005214,701,2,12244.0,1,4,4,At risk
C022761,205,2,12244.0,4,4,4,Champions
C014088,348,3,12245.0,3,4,4,Loyal
C001784,823,3,12246.0,1,4,4,At risk
C004708,695,1,12246.0,1,3,4,At risk
C006446,540,2,12246.0,2,4,4,At risk
C010291,415,3,12246.0,2,4,4,At risk
C000643,876,1,12247.0,1,3,4,At risk
C021080,272,1,12247.0,3,3,4,Loyal
C030340,56,2,12247.0,5,4,4,Champions
C021200,269,1,12248.0,3,3,4,Loyal
C030103,97,2,12252.0,4,4,4,Champions
C027345,58,3,12265.0,5,4,4,Champions
C029433,51,2,12267.0,5,4,4,Champions
C013586,381,3,12271.0,2,4,4,At risk
C033795,12,2,12282.0,5,4,4,Champions
C007424,578,3,12284.0,1,4,4,At risk
C028192,114,3,12290.0,4,4,4,Champions
C020995,231,2,12291.0,3,4,4,Loyal
C019405,198,5,12294.0,4,5,4,Champions
C024858,124,4,12295.0,4,5,4,Champions
C033222,7,2,12295.0,5,4,4,Champions
C000310,828,3,12296.0,1,4,4,At risk
C007073,432,3,12296.0,2,4,4,At risk
C007610,527,3,12296.0,2,4,4,At risk
C009237,560,2,12296.0,2,4,4,At risk
C018137,302,3,12296.0,3,4,4,Loyal
C033595,22,2,12296.0,5,4,4,Champions
C000167,847,1,12297.0,1,3,4,At risk
C001008,806,2,12297.0,1,4,4,At risk
C003400,706,3,12297.0,1,4,4,At risk
C007600,591,2,12297.0,1,4,4,At risk
C008197,509,2,12297.0,2,4,4,At risk
C009058,587,1,12297.0,1,3,4,At risk
C014150,398,4,12297.0,2,5,4,At risk
C016143,391,1,12297.0,2,3,4,At risk
C016347,376,2,12297.0,2,4,4,At risk
C016938,364,1,12297.0,3,3,4,Loyal
C017383,357,1,12297.0,3,3,4,Loyal
C019649,306,1,12297.0,3,3,4,Loyal
C023481,229,1,12297.0,3,3,4,Loyal
C027551,102,2,12297.0,4,4,4,Champions
C027921,106,3,12297.0,4,4,4,Champions
C030464,6,1,12297.0,5,3,4,Loyal
C031408,43,2,12297.0,5,4,4,Champions
C032282,41,3,12297.0,5,4,4,Champions
C004530,728,1,12298.0,1,3,4,At risk
C010104,490,1,12298.0,2,3,4,At risk
C034282,16,2,12298.0,5,4,4,Champions
C019346,166,4,12306.0,4,5,4,Champions
C023131,172,2,12311.0,4,4,4,Champions
C025279,148,2,12313.0,4,4,4,Champions
C004307,736,1,12319.0,1,3,4,At risk
C021907,33,4,12320.0,5,5,4,Champions
C028501,103,3,12321.0,4,4,4,Champions
C026918,168,1,12323.0,4,3,4,Loyal
C020463,241,3,12324.0,3,4,4,Loyal
C024345,30,3,12337.0,5,4,4,Champions
C007969,501,5,12340.0,2,5,4,At risk
C013513,403,3,12343.0,2,4,4,At risk
C028097,118,2,12343.0,4,4,4,Champions
C000754,867,2,12344.0,1,4,4,At risk
C029526,53,2,12344.0,5,4,4,Champions
C003935,748,2,12345.0,1,4,4,At risk
C004582,363,4,12346.0,3,5,4,Loyal
C001125,794,3,12347.0,1,4,4,At risk
C001627,664,3,12347.0,1,4,4,At risk
C031158,20,4,12357.0,5,5,4,Champions
C009098,554,2,12362.0,2,4,4,At risk
C009401,565,2,12364.0,2,4,4,At risk
C002569,184,5,12365.0,4,5,4,Champions
C001615,817,2,12366.0,1,4,4,At risk
C028683,115,3,12370.0,4,4,4,Champions
C023203,214,2,12374.0,3,4,4,Loyal
C018336,320,1,12376.0,3,3,4,Loyal
C019571,214,4,12383.0,3,5,4,Loyal
C005948,596,3,12388.0,1,4,4,At risk
C031573,9,3,12389.0,5,4,4,Champions
C018421,227,3,12393.0,3,4,4,Loyal
C028408,138,2,12393.0,4,4,4,Champions
C015528,348,5,12394.0,3,5,4,Loyal
C012897,463,1,12395.0,2,3,4,At risk
C028974,15,3,12395.0,5,4,4,Champions
C029796,16,4,12395.0,5,5,4,Champions
C031523,62,2,12395.0,5,4,4,Champions
C009662,573,1,12396.0,2,3,4,At risk
C010378,542,2,12396.0,2,4,4,At risk
C016044,393,1,12396.0,2,3,4,At risk
C017569,185,3,12396.0,4,4,4,Champions
C021400,258,2,12396.0,3,4,4,Loyal
C024612,73,4,12396.0,5,5,4,Champions
C030516,64,3,12396.0,5,4,4,Champions
C032568,17,2,12396.0,5,4,4,Champions
C030398,14,2,12397.0,5,4,4,Champions
C035344,5,2,12397.0,5,4,4,Champions
C006655,649,1,12398.0,1,3,4,At risk
C009333,578,1,12398.0,2,3,4,At risk
C015233,274,2,12398.0,3,4,4,Loyal
C018086,243,1,12398.0,3,3,4,Loyal
C020827,276,2,12398.0,3,4,4,Loyal
C030682,91,2,12398.0,4,4,4,Champions
C031752,76,1,12398.0,5,3,4,Loyal
C032680,17,1,12398.0,5,3,4,Loyal
C033113,51,1,12398.0,5,3,4,Loyal
C028398,120,2,12400.0,4,4,4,Champions
C002124,796,2,12401.0,1,4,4,At risk
C021132,270,1,12406.0,3,3,4,Loyal
C006475,662,1,12407.0,1,3,4,At risk
C016290,386,1,12407.0,2,3,4,At risk
C019592,172,3,12407.0,4,4,4,Champions
C027187,163,1,12407.0,4,3,4,Loyal
C011028,296,3,12408.0,3,4,4,Loyal
C029579,112,2,12411.0,4,4,4,Champions
C012736,405,3,12416.0,2,4,4,At risk
C022245,214,2,12422.0,3,4,4,Loyal
C030110,95,2,12435.0,4,4,4,Champions
C021371,187,3,12436.0,4,4,4,Champions
C026710,112,2,12439.0,4,4,4,Champions
C003743,725,3,12445.0,1,4,4,At risk
C033830,37,1,12445.0,5,3,4,Loyal
C021532,197,3,12446.0,4,4,4,Champions
C021769,208,3,12446.0,4,4,4,Champions
C026778,75,2,12446.0,5,4,4,Champions
C028197,137,1,12446.0,4,3,4,Loyal
C030155,105,1,12446.0,4,3,4,Loyal
C035788,0,1,12446.0,5,3,4,Loyal
C007055,354,3,12447.0,3,4,4,Loyal
C023399,214,2,12447.0,3,4,4,Loyal
C020419,263,4,12451.0,3,5,4,Loyal
C021127,235,2,12454.0,3,4,4,Loyal
C011532,404,3,12455.0,2,4,4,At risk
C029305,4,4,12456.0,5,5,4,Champions
C006990,444,4,12461.0,2,5,4,At risk
C031033,15,4,12466.0,5,5,4,Champions
C029853,40,2,12473.0,5,4,4,Champions
C001174,732,3,12475.0,1,4,4,At risk
C017941,154,4,12476.0,4,5,4,Champions
C020433,209,2,12482.0,4,4,4,Champions
C002262,814,1,12492.0,1,3,4,At risk
C009993,565,1,12492.0,2,3,4,At risk
C020819,278,1,12492.0,3,3,4,Loyal
C013987,448,1,12493.0,2,3,4,At risk
C033929,21,3,12493.0,5,4,4,Champions
C006953,581,2,12494.0,1,4,4,At risk
C006976,562,2,12494.0,2,4,4,At risk
C017263,315,3,12494.0,3,4,4,Loyal
C025766,42,4,12494.0,5,5,4,Champions
C001967,719,3,12495.0,1,4,4,At risk
C014876,259,2,12495.0,3,4,4,Loyal
C027700,66,6,12495.0,5,5,4,Champions
C003270,743,3,12496.0,1,4,4,At risk
C004181,700,2,12496.0,1,4,4,At risk
C004214,738,1,12496.0,1,3,4,At risk
C007365,574,3,12496.0,2,4,4,At risk
C009086,542,2,12496.0,2,4,4,At risk
C014825,426,1,12496.0,2,3,4,At risk
C021934,226,2,12496.0,3,4,4,Loyal
C026933,163,1,12496.0,4,3,4,Loyal
C027651,153,1,12496.0,4,3,4,Loyal
C028243,126,3,12496.0,4,4,4,Champions
C000930,872,1,12497.0,1,3,4,At risk
C002490,172,3,12497.0,4,4,4,Champions
C004550,670,2,12497.0,1,4,4,At risk
C011114,482,3,12497.0,2,4,4,At risk
C021208,269,1,12497.0,3,3,4,Loyal
C027096,109,3,12497.0,4,4,4,Champions
C032842,55,2,12497.0,5,4,4,Champions
C018271,335,1,12498.0,3,3,4,Loyal
C019186,318,1,12498.0,3,3,4,Loyal
C022546,231,1,12498.0,3,3,4,Loyal
C004871,454,2,12500.0,2,4,4,At risk
C001551,797,4,12512.0,1,5,4,At risk
C005244,685,2,12513.0,1,4,4,At risk
C007429,596,1,12514.0,1,3,4,At risk
C007729,554,3,12514.0,2,4,4,At risk
C016522,231,4,12514.0,3,5,4,Loyal
C009246,431,3,12516.0,2,4,4,At risk
C031969,14,4,12523.0,5,5,4,Champions
C014121,231,2,12524.0,3,4,4,Loyal
C032013,62,2,12525.0,5,4,4,Champions
C004203,739,1,12532.0,1,3,4,At risk
C032509,57,1,12533.0,5,3,4,Loyal
C010252,452,5,12535.0,2,5,4,At risk
C012726,473,2,12535.0,2,4,4,At risk
C004630,537,5,12541.0,2,5,4,At risk
C000713,760,3,12543.0,1,4,4,At risk
C027438,27,2,12544.0,5,4,4,Champions
C032034,62,3,12544.0,5,4,4,Champions
C016591,207,3,12545.0,4,4,4,Champions
C028873,74,3,12545.0,5,4,4,Champions
C005887,631,3,12546.0,1,4,4,At risk
C020960,13,3,12546.0,5,4,4,Champions
C025018,164,2,12546.0,4,4,4,Champions
C025616,177,2,12546.0,4,4,4,Champions
C031727,77,1,12546.0,5,3,4,Loyal
C004440,731,1,12547.0,1,3,4,At risk
C031390,24,2,12547.0,5,4,4,Champions
C021663,207,2,12548.0,4,4,4,Champions
C009652,320,5,12559.0,3,5,4,Loyal
C025590,29,3,12562.0,5,4,4,Champions
C027112,105,3,12565.0,4,4,4,Champions
C027946,129,3,12566.0,4,4,4,Champions
C012185,489,2,12568.0,2,4,4,At risk
C015795,347,2,12568.0,3,4,4,Loyal
C021622,98,3,12568.0,4,4,4,Champions
C028565,114,2,12571.0,4,4,4,Champions
C023218,231,1,12576.0,3,3,4,Loyal
C034022,21,1,12576.0,5,3,4,Loyal
C030584,86,1,12578.0,4,3,4,Loyal
C020100,262,2,12581.0,3,4,4,Loyal
C032769,44,2,12587.0,5,4,4,Champions
C019584,217,3,12594.0,3,4,4,Loyal
C032069,71,1,12594.0,5,3,4,Loyal
C009669,573,1,12595.0,2,3,4,At risk
C010664,438,2,12595.0,2,4,4,At risk
C011210,503,3,12595.0,2,4,4,At risk
C027729,134,1,12595.0,4,3,4,Loyal
C034413,10,3,12595.0,5,4,4,Champions
C004209,739,1,12596.0,1,3,4,At risk
C018995,318,1,12596.0,3,3,4,Loyal
C019633,298,1,12596.0,3,3,4,Loyal
C022540,226,3,12596.0,3,4,4,Loyal
C031714,38,2,12596.0,5,4,4,Champions
C031773,35,2,12596.0,5,4,4,Champions
C034267,26,2,12596.0,5,4,4,Champions
C000943,866,1,12597.0,1,3,4,At risk
C002067,805,2,12597.0,1,4,4,At risk
C011431,494,4,12597.0,2,5,4,At risk
C012364,429,2,12597.0,2,4,4,At risk
C014268,387,3,12597.0,2,4,4,At risk
C021834,191,2,12597.0,4,4,4,Champions
C025962,181,1,12597.0,4,3,4,Loyal
C027534,79,2,12597.0,5,4,4,Champions
C028822,44,2,12597.0,5,4,4,Champions
C032413,36,2,12597.0,5,4,4,Champions
C000218,885,2,12598.0,1,4,4,At risk
C005559,691,1,12598.0,1,3,4,At risk
C012186,499,1,12598.0,2,3,4,At risk
C028609,84,2,12598.0,5,4,4,Champions
C030372,69,2,12598.0,5,4,4,Champions
C034588,24,1,12598.0,5,3,4,Loyal
C022068,212,4,12604.0,3,5,4,Loyal
C004994,565,6,12610.0,2,5,4,At risk
C003333,735,2,12612.0,1,4,4,At risk
C011226,462,3,12640.0,2,4,4,At risk
C012037,232,6,12642.0,3,5,4,Loyal
C016047,379,3,12642.0,2,4,4,At risk
C002696,685,3,12644.0,1,4,4,At risk
C012416,300,5,12644.0,3,5,4,Loyal
C019295,258,3,12645.0,3,4,4,Loyal
C005047,709,1,12646.0,1,3,4,At risk
C007228,499,2,12646.0,2,4,4,At risk
C018127,339,1,12646.0,3,3,4,Loyal
C033300,47,2,12646.0,5,4,4,Champions
C011866,377,2,12648.0,2,4,4,At risk
C016999,352,2,12648.0,3,4,4,Loyal
C027973,120,2,12662.0,4,4,4,Champions
C031160,87,1,12663.0,4,3,4,Loyal
C004109,733,1,12664.0,1,3,4,At risk
C028494,102,2,12666.0,4,4,4,Champions
C001533,790,2,12667.0,1,4,4,At risk
C019872,201,5,12674.0,4,5,4,Champions
C028116,107,3,12675.0,4,4,4,Champions
C007559,190,3,12676.0,4,4,4,Champions
C001761,812,2,12686.0,1,4,4,At risk
C022432,179,3,12687.0,4,4,4,Champions
C011201,507,2,12688.0,2,4,4,At risk
C000860,749,2,12691.0,1,4,4,At risk
C006590,559,3,12694.0,2,4,4,At risk
C022789,209,2,12694.0,4,4,4,Champions
C020947,151,4,12695.0,4,5,4,Champions
C002360,449,4,12696.0,2,5,4,At risk
C019844,300,2,12696.0,3,4,4,Loyal
C027870,60,3,12696.0,5,4,4,Champions
C029422,106,2,12696.0,4,4,4,Champions
C001396,851,2,12697.0,1,4,4,At risk
C003117,753,2,12697.0,1,4,4,At risk
C011109,433,4,12697.0,2,5,4,At risk
C011165,465,2,12697.0,2,4,4,At risk
C011391,495,3,12697.0,2,4,4,At risk
C015096,416,1,12697.0,2,3,4,At risk
C016907,314,4,12697.0,3,5,4,Loyal
C020091,285,2,12697.0,3,4,4,Loyal
C023547,228,1,12697.0,3,3,4,Loyal
C026836,130,2,12697.0,4,4,4,Champions
C028713,107,2,12697.0,4,4,4,Champions
C017062,350,2,12698.0,3,4,4,Loyal
C022212,134,2,12698.0,4,4,4,Champions
C023875,200,2,12698.0,4,4,4,Champions
C027169,160,1,12698.0,4,3,4,Loyal
C033389,0,1,12698.0,5,3,4,Loyal
C034192,31,1,12698.0,5,3,4,Loyal
C034311,19,1,12698.0,5,3,4,Loyal
C015569,401,1,12704.0,2,3,4,At risk
C014483,434,1,12705.0,2,3,4,At risk
C004165,40,5,12706.0,5,5,4,Champions
C021560,15,4,12706.0,5,5,4,Champions
C029410,54,4,12714.0,5,5,4,Champions
C032200,12,3,12715.0,5,4,4,Champions
C010085,525,3,12717.0,2,4,4,At risk
C030408,64,2,12724.0,5,4,4,Champions
C003405,26,9,12730.0,5,5,4,Champions
C031686,69,2,12731.0,5,4,4,Champions
C020925,200,5,12733.0,4,5,4,Champions
C026549,131,2,12740.0,4,4,4,Champions
C003274,730,3,12741.0,1,4,4,At risk
C003704,559,3,12744.0,2,4,4,At risk
C016901,250,3,12744.0,3,4,4,Loyal
C000012,357,4,12745.0,3,5,4,Loyal
C023573,93,3,12745.0,4,4,4,Champions
C014107,444,1,12746.0,2,3,4,At risk
C018512,331,1,12746.0,3,3,4,Loyal
C025773,191,1,12746.0,4,3,4,Loyal
C026345,85,3,12746.0,5,4,4,Champions
C033805,38,1,12746.0,5,3,4,Loyal
C009559,565,3,12747.0,2,4,4,At risk
C029334,30,3,12747.0,5,4,4,Champions
C010824,486,2,12754.0,2,4,4,At risk
C022664,214,2,12754.0,3,4,4,Loyal
C007154,565,3,12755.0,2,4,4,At risk
C018660,298,2,12755.0,3,4,4,Loyal
C023228,200,2,12757.0,4,4,4,Champions
C009785,526,2,12763.0,2,4,4,At risk
C029544,27,4,12763.0,5,5,4,Champions
C017741,200,4,12770.0,4,5,4,Champions
C019476,277,2,12771.0,3,4,4,Loyal
C020800,245,2,12771.0,3,4,4,Loyal
C012704,214,4,12784.0,3,5,4,Loyal
C002110,795,2,12787.0,1,4,4,At risk
C005616,689,1,12788.0,1,3,4,At risk
C030893,72,2,12793.0,5,4,4,Champions
C003531,506,3,12794.0,2,4,4,At risk
C018510,98,5,12795.0,4,5,4,Champions
C007540,579,2,12796.0,1,4,4,At risk
C011617,465,2,12796.0,2,4,4,At risk
C027243,125,3,12796.0,4,4,4,Champions
C027770,105,1,12796.0,4,3,4,Loyal
C031705,45,2,12796.0,5,4,4,Champions
C000144,843,2,12797.0,1,4,4,At risk
C000303,893,1,12797.0,1,3,4,At risk
C005486,563,2,12797.0,2,4,4,At risk
C017207,244,3,12797.0,3,4,4,Loyal
C017352,313,2,12797.0,3,4,4,Loyal
C018692,326,1,12797.0,3,3,4,Loyal
C025708,192,1,12797.0,4,3,4,Loyal
C028038,54,2,12797.0,5,4,4,Champions
C029947,108,1,12797.0,4,3,4,Loyal
C030351,102,2,12797.0,4,4,4,Champions
C014786,353,2,12798.0,3,4,4,Loyal
C018520,323,2,12798.0,3,4,4,Loyal
C028105,63,2,12798.0,5,4,4,Champions
C029373,24,2,12798.0,5,4,4,Champions
C012164,409,2,12803.0,2,4,4,At risk
C018208,256,2,12813.0,3,4,4,Loyal
C021225,230,3,12820.0,3,4,4,Loyal
C006107,668,1,12831.0,1,3,4,At risk
C008563,582,1,12831.0,1,3,4,At risk
C002693,798,1,12833.0,1,3,4,At risk
C022219,214,2,12841.0,3,4,4,Loyal
C027576,74,5,12844.0,5,5,4,Champions
C001512,787,3,12845.0,1,4,4,At risk
C005324,650,2,12845.0,1,4,4,At risk
C006925,560,1,12845.0,2,3,4,At risk
C010494,534,2,12845.0,2,4,4,At risk
C017933,344,1,12845.0,3,3,4,Loyal
C001283,842,3,12846.0,1,4,4,At risk
C011155,446,3,12846.0,2,4,4,At risk
C011929,465,3,12846.0,2,4,4,At risk
C013736,326,4,12846.0,3,5,4,Loyal
C018288,276,4,12846.0,3,5,4,Loyal
C011721,450,3,12847.0,2,4,4,At risk
C016773,347,2,12847.0,3,4,4,Loyal
C029509,98,2,12847.0,4,4,4,Champions
C014348,199,2,12848.0,4,4,4,Champions
C031893,66,2,12853.0,5,4,4,Champions
C033466,41,2,12856.0,5,4,4,Champions
C014645,255,3,12860.0,3,4,4,Loyal
C011332,80,4,12863.0,5,5,4,Champions
C029530,103,2,12866.0,4,4,4,Champions
C007758,515,4,12868.0,2,5,4,At risk
C028374,103,1,12868.0,4,3,4,Loyal
C029855,99,2,12868.0,4,4,4,Champions
C012761,483,1,12869.0,2,3,4,At risk
C012775,476,1,12869.0,2,3,4,At risk
C030213,20,3,12870.0,5,4,4,Champions
C006079,603,3,12877.0,1,4,4,At risk
C005384,684,2,12879.0,1,4,4,At risk
C027814,77,3,12881.0,5,4,4,Champions
C026638,87,2,12886.0,4,4,4,Champions
C022922,232,1,12889.0,3,3,4,Loyal
C013002,378,2,12890.0,2,4,4,At risk
C015590,381,2,12893.0,2,4,4,At risk
C000722,745,2,12894.0,1,4,4,At risk
C009390,441,3,12894.0,2,4,4,At risk
C013457,408,2,12894.0,2,4,4,At risk
C014906,398,4,12894.0,2,5,4,At risk
C019679,197,2,12894.0,4,4,4,Champions
C027771,81,3,12894.0,5,4,4,Champions
C019927,179,3,12895.0,4,4,4,Champions
C019932,77,4,12895.0,5,5,4,Champions
C023009,226,1,12895.0,3,3,4,Loyal
C024670,166,2,12895.0,4,4,4,Champions
C031746,51,2,12895.0,5,4,4,Champions
C032270,21,4,12895.0,5,5,4,Champions
C000461,639,3,12896.0,1,4,4,At risk
C000587,21,3,12896.0,5,4,4,Champions
C005007,617,3,12896.0,1,4,4,At risk
C006682,621,3,12896.0,1,4,4,At risk
C007138,367,3,12896.0,3,4,4,Loyal
C012739,339,2,12896.0,3,4,4,Loyal
C019491,89,4,12896.0,4,5,4,Champions
C020905,218,3,12896.0,3,4,4,Loyal
C021956,229,3,12896.0,3,4,4,Loyal
C027350,67,3,12896.0,5,4,4,Champions
C027937,102,2,12896.0,4,4,4,Champions
C030669,47,3,12896.0,5,4,4,Champions
C031884,74,1,12896.0,5,3,4,Loyal
C000533,889,1,12897.0,1,3,4,At risk
C001886,785,2,12897.0,1,4,4,At risk
C009186,387,3,12897.0,2,4,4,At risk
C009665,389,1,12897.0,2,3,4,At risk
C010443,457,3,12897.0,2,4,4,At risk
C012129,498,1,12897.0,2,3,4,At risk
C013622,459,1,12897.0,2,3,4,At risk
C019580,178,2,12897.0,4,4,4,Champions
C019848,292,3,12897.0,3,4,4,Loyal
C021340,112,3,12897.0,4,4,4,Champions
C024732,55,2,12897.0,5,4,4,Champions
C034650,19,1,12897.0,5,3,4,Loyal
C034812,20,1,12897.0,5,3,4,Loyal
C009199,582,1,12898.0,1,3,4,At risk
C010236,537,2,12898.0,2,4,4,At risk
C015791,355,2,12898.0,3,4,4,Loyal
C019678,306,1,12898.0,3,3,4,Loyal
C026645,174,1,12898.0,4,3,4,Loyal
C028131,144,1,12898.0,4,3,4,Loyal
C028434,138,1,12898.0,4,3,4,Loyal
C033366,46,1,12898.0,5,3,4,Loyal
C034758,15,1,12898.0,5,3,4,Loyal
C031087,50,4,12910.0,5,5,4,Champions
C010221,111,4,12912.0,4,5,4,Champions
C020716,231,4,12912.0,3,5,4,Loyal
C030494,81,2,12917.0,5,4,4,Champions
C011606,517,1,12918.0,2,3,4,At risk
C034513,16,1,12918.0,5,3,4,Loyal
C022080,231,2,12921.0,3,4,4,Loyal
C005540,594,4,12927.0,1,5,4,At risk
C027166,154,2,12928.0,4,4,4,Champions
C003019,622,7,12933.0,1,5,4,At risk
C016320,57,4,12941.0,5,5,4,Champions
C007042,577,4,12942.0,2,5,4,At risk
C015564,246,3,12944.0,3,4,4,Loyal
C024990,157,2,12945.0,4,4,4,Champions
C003143,758,3,12946.0,1,4,4,At risk
C019900,244,4,12946.0,3,5,4,Loyal
C020042,198,3,12946.0,4,4,4,Champions
C020629,278,1,12946.0,3,3,4,Loyal
C031587,21,2,12946.0,5,4,4,Champions
C032289,4,4,12946.0,5,5,4,Champions
C028424,135,1,12947.0,4,3,4,Loyal
C015633,272,2,12948.0,3,4,4,Loyal
C029392,108,1,12957.0,4,3,4,Loyal
C026614,175,1,12959.0,4,3,4,Loyal
C034567,8,3,12959.0,5,4,4,Champions
C001365,786,3,12993.0,1,4,4,At risk
C012435,411,3,12993.0,2,4,4,At risk
C004470,696,4,12994.0,1,5,4,At risk
C006140,351,4,12994.0,3,5,4,Loyal
C028046,110,2,12994.0,4,4,4,Champions
C014844,216,4,12995.0,3,5,4,Loyal
C018840,276,4,12995.0,3,5,4,Loyal
C026286,105,3,12995.0,4,4,4,Champions
C005328,699,1,12996.0,1,3,4,At risk
C012647,298,3,12996.0,3,4,4,Loyal
C014704,428,1,12996.0,2,3,4,At risk
C015940,395,1,12996.0,2,3,4,At risk
C020978,56,3,12996.0,5,4,4,Champions
C029562,108,1,12996.0,4,3,4,Loyal
C010779,521,2,12997.0,2,4,4,At risk
C029489,19,2,12997.0,5,4,4,Champions
C030641,83,3,12997.0,5,4,4,Champions
C031406,82,1,12997.0,5,3,4,Loyal
C032218,39,2,12997.0,5,4,4,Champions
C034032,35,1,12997.0,5,3,4,Loyal
C012636,444,2,12998.0,2,4,4,At risk
C018304,320,2,12998.0,3,4,4,Loyal
C035733,4,1,12998.0,5,3,4,Loyal
C033832,38,1,13000.0,5,3,4,Loyal
C008516,451,4,13001.0,2,5,4,At risk
C023579,78,2,13012.0,5,4,4,Champions
C027597,98,3,13029.0,4,4,4,Champions
C000056,895,2,13030.0,1,4,4,At risk
C005090,668,4,13035.0,1,5,4,At risk
C003292,695,5,13037.0,1,5,4,At risk
C021887,231,3,13037.0,3,4,4,Loyal
C024058,214,2,13037.0,3,4,4,Loyal
C000241,663,4,13044.0,1,5,4,At risk
C001782,715,2,13045.0,1,4,4,At risk
C004607,401,3,13045.0,2,4,4,At risk
C006645,409,3,13045.0,2,4,4,At risk
C013393,299,3,13045.0,3,4,4,Loyal
C026545,58,3,13045.0,5,4,4,Champions
C029791,59,3,13045.0,5,4,4,Champions
C000373,779,3,13046.0,1,4,4,At risk
C034436,17,1,13046.0,5,3,4,Loyal
C034574,24,1,13046.0,5,3,4,Loyal
C001088,866,1,13047.0,1,3,4,At risk
C004537,727,1,13047.0,1,3,4,At risk
C024730,103,3,13047.0,4,4,4,Champions
C026012,186,1,13048.0,4,3,4,Loyal
C007206,596,2,13051.0,1,4,4,At risk
C013053,375,4,13056.0,2,5,4,At risk
C014346,219,6,13057.0,3,5,4,Loyal
C032169,44,2,13059.0,5,4,4,Champions
C015837,362,2,13061.0,3,4,4,Loyal
C032228,50,2,13075.0,5,4,4,Champions
C006894,517,3,13082.0,2,4,4,At risk
C007767,607,1,13086.0,1,3,4,At risk
C000315,813,5,13087.0,1,5,4,At risk
C030170,100,1,13087.0,4,3,4,Loyal
C014848,425,1,13088.0,2,3,4,At risk
C033487,44,1,13088.0,5,3,4,Loyal
C015263,398,2,13092.0,2,4,4,At risk
C021666,77,4,13092.0,5,5,4,Champions
C032937,14,3,13093.0,5,4,4,Champions
C029123,98,3,13094.0,4,4,4,Champions
C007293,542,2,13095.0,2,4,4,At risk
C011605,466,3,13095.0,2,4,4,At risk
C016392,347,2,13096.0,3,4,4,Loyal
C024564,68,3,13096.0,5,4,4,Champions
C025797,135,2,13096.0,4,4,4,Champions
C004701,691,2,13097.0,1,4,4,At risk
C006865,607,2,13097.0,1,4,4,At risk
C010344,302,3,13097.0,3,4,4,Loyal
C012930,429,2,13097.0,2,4,4,At risk
C013961,395,3,13097.0,2,4,4,At risk
C017216,349,1,13097.0,3,3,4,Loyal
C031542,80,1,13097.0,5,3,4,Loyal
C005558,558,2,13098.0,2,4,4,At risk
C032340,37,2,13098.0,5,4,4,Champions
C017838,159,3,13101.0,4,4,4,Champions
C002802,680,3,13102.0,1,4,4,At risk
C029739,89,2,13106.0,4,4,4,Champions
C017958,289,2,13108.0,3,4,4,Loyal
C023346,111,4,13110.0,4,5,4,Champions
C016528,319,3,13111.0,3,4,4,Loyal
C026878,56,4,13114.0,5,5,4,Champions
C028303,141,1,13129.0,4,3,4,Loyal
C007731,619,1,13130.0,1,3,4,At risk
C008630,596,1,13131.0,1,3,4,At risk
C012377,433,3,13136.0,2,4,4,At risk
C010351,314,5,13142.0,3,5,4,Loyal
C001331,739,3,13145.0,1,4,4,At risk
C016683,215,2,13145.0,3,4,4,Loyal
C022755,42,4,13145.0,5,5,4,Champions
C023593,194,3,13145.0,4,4,4,Champions
C009018,588,1,13146.0,1,3,4,At risk
C015317,359,3,13146.0,3,4,4,Loyal
C016650,375,2,13146.0,2,4,4,At risk
C025784,87,2,13147.0,4,4,4,Champions
C021623,231,2,13148.0,3,4,4,Loyal
C031214,25,2,13153.0,5,4,4,Champions
C015108,3,6,13163.0,5,5,4,Champions
C022905,200,3,13163.0,4,4,4,Champions
C024492,213,1,13170.0,3,3,4,Loyal
C019249,316,1,13171.0,3,3,4,Loyal
C003726,754,2,13174.0,1,4,4,At risk
C013048,466,3,13184.0,2,4,4,At risk
C003416,704,5,13190.0,1,5,4,At risk
C030562,93,2,13192.0,4,4,4,Champions
C032132,21,2,13193.0,5,4,4,Champions
C001284,756,4,13195.0,1,5,4,At risk
C001367,807,2,13195.0,1,4,4,At risk
C006476,629,2,13195.0,1,4,4,At risk
C008086,351,4,13195.0,3,5,4,Loyal
C010599,480,2,13195.0,2,4,4,At risk
C016515,298,5,13195.0,3,5,4,Loyal
C027062,149,2,13195.0,4,4,4,Champions
C034986,4,2,13195.0,5,4,4,Champions
C002616,657,3,13196.0,1,4,4,At risk
C011684,469,3,13196.0,2,4,4,At risk
C014843,394,1,13196.0,2,3,4,At risk
C021489,193,3,13196.0,4,4,4,Champions
C024729,115,2,13196.0,4,4,4,Champions
C000819,843,3,13197.0,1,4,4,At risk
C004294,621,3,13197.0,1,4,4,At risk
C005183,638,2,13197.0,1,4,4,At risk
C020665,280,2,13197.0,3,4,4,Loyal
C031614,41,2,13197.0,5,4,4,Champions
C033468,44,1,13197.0,5,3,4,Loyal
C015754,401,1,13198.0,2,3,4,At risk
C025944,141,2,13198.0,4,4,4,Champions
C012881,409,3,13199.0,2,4,4,At risk
C025998,33,2,13203.0,5,4,4,Champions
C001099,821,3,13213.0,1,4,4,At risk
C025577,19,5,13215.0,5,5,4,Champions
C014913,423,1,13216.0,2,3,4,At risk
C019234,317,1,13216.0,3,3,4,Loyal
C022603,121,3,13216.0,4,4,4,Champions
C010082,524,2,13217.0,2,4,4,At risk
C004745,263,5,13230.0,3,5,4,Loyal
C018677,302,2,13231.0,3,4,4,Loyal
C021464,111,5,13243.0,4,5,4,Champions
C025605,156,2,13243.0,4,4,4,Champions
C010405,481,3,13244.0,2,4,4,At risk
C010857,539,1,13244.0,2,3,4,At risk
C010955,490,4,13244.0,2,5,4,At risk
C016313,380,1,13244.0,2,3,4,At risk
C021468,3,5,13244.0,5,5,4,Champions
C000367,803,3,13245.0,1,4,4,At risk
C011134,459,2,13245.0,2,4,4,At risk
C012433,476,2,13245.0,2,4,4,At risk
C016637,220,3,13245.0,3,4,4,Loyal
C018896,225,4,13245.0,3,5,4,Loyal
C027366,104,3,13245.0,4,4,4,Champions
C013009,475,1,13246.0,2,3,4,At risk
C015602,309,3,13246.0,3,4,4,Loyal
C004098,738,2,13247.0,1,4,4,At risk
C024448,137,2,13247.0,4,4,4,Champions
C026424,178,1,13248.0,4,3,4,Loyal
C021886,3,4,13253.0,5,5,4,Champions
C007733,578,1,13257.0,1,3,4,At risk
C016316,380,1,13257.0,2,3,4,At risk
C022429,243,1,13257.0,3,3,4,Loyal
C033288,48,1,13257.0,5,3,4,Loyal
C006374,666,1,13258.0,1,3,4,At risk
C009016,571,1,13258.0,2,3,4,At risk
C009674,573,1,13258.0,2,3,4,At risk
C012046,504,1,13258.0,2,3,4,At risk
C023900,209,4,13260.0,4,5,4,Champions
C004936,685,1,13263.0,1,3,4,At risk
C029270,88,3,13267.0,4,4,4,Champions
C009105,501,4,13275.0,2,5,4,At risk
C003814,636,2,13290.0,1,4,4,At risk
C014210,353,4,13292.0,3,5,4,Loyal
C009286,557,2,13293.0,2,4,4,At risk
C001977,709,3,13294.0,1,4,4,At risk
C004834,633,3,13295.0,1,4,4,At risk
C016008,320,3,13295.0,3,4,4,Loyal
C017978,307,3,13295.0,3,4,4,Loyal
C020038,297,1,13295.0,3,3,4,Loyal
C028900,50,3,13295.0,5,4,4,Champions
C002094,820,1,13296.0,1,3,4,At risk
C003305,774,1,13296.0,1,3,4,At risk
C004058,697,2,13296.0,1,4,4,At risk
C006327,641,2,13296.0,1,4,4,At risk
C023397,214,2,13296.0,3,4,4,Loyal
C024717,90,3,13296.0,4,4,4,Champions
C027011,76,2,13296.0,5,4,4,Champions
C032312,37,2,13296.0,5,4,4,Champions
C016639,336,3,13297.0,3,4,4,Loyal
C005551,653,1,13298.0,1,3,4,At risk
C007421,627,1,13298.0,1,3,4,At risk
C010532,473,2,13298.0,2,4,4,At risk
C012492,454,6,13298.0,2,5,4,At risk
C014263,400,2,13298.0,2,4,4,At risk
C021683,258,1,13298.0,3,3,4,Loyal
C025723,181,1,13298.0,4,3,4,Loyal
C026810,171,1,13298.0,4,3,4,Loyal
C033878,35,1,13298.0,5,3,4,Loyal
C034224,7,2,13298.0,5,4,4,Champions
C035302,12,1,13298.0,5,3,4,Loyal
C020261,290,1,13300.0,3,3,4,Loyal
C001712,762,4,13303.0,1,5,4,At risk
C023030,231,1,13305.0,3,3,4,Loyal
C017786,171,3,13306.0,4,4,4,Champions
C016222,248,4,13310.0,3,5,4,Loyal
C007923,596,2,13313.0,1,4,4,At risk
C003264,592,2,13317.0,1,4,4,At risk
C015468,278,2,13321.0,3,4,4,Loyal
C012595,488,1,13340.0,2,3,4,At risk
C010062,564,1,13341.0,2,3,4,At risk
C011887,507,1,13341.0,2,3,4,At risk
C004800,578,4,13343.0,1,5,4,At risk
C009695,356,5,13343.0,3,5,4,Loyal
C027767,149,1,13343.0,4,3,4,Loyal
C005898,682,1,13344.0,1,3,4,At risk
C008388,599,1,13344.0,1,3,4,At risk
C010358,471,5,13344.0,2,5,4,At risk
C012319,496,1,13344.0,2,3,4,At risk
C015841,371,3,13344.0,2,4,4,At risk
C021231,265,1,13344.0,3,3,4,Loyal
C035252,7,1,13344.0,5,3,4,Loyal
C016364,355,2,13346.0,3,4,4,Loyal
C016851,315,2,13346.0,3,4,4,Loyal
C025449,195,2,13346.0,4,4,4,Champions
C032603,59,2,13347.0,5,4,4,Champions
C012030,387,2,13352.0,2,4,4,At risk
C013270,319,5,13354.0,3,5,4,Loyal
C021664,197,3,13366.0,4,4,4,Champions
C007631,170,5,13367.0,4,5,4,Champions
C027229,61,3,13382.0,5,4,4,Champions
C005748,616,3,13383.0,1,4,4,At risk
C000984,613,6,13394.0,1,5,4,At risk
C003696,757,2,13394.0,1,4,4,At risk
C028204,136,2,13394.0,4,4,4,Champions
C000020,854,2,13395.0,1,4,4,At risk
C004772,677,2,13395.0,1,4,4,At risk
C006154,633,1,13395.0,1,3,4,At risk
C007392,571,2,13395.0,2,4,4,At risk
C009844,529,4,13395.0,2,5,4,At risk
C017722,52,4,13395.0,5,5,4,Champions
C027068,102,2,13395.0,4,4,4,Champions
C027868,49,2,13395.0,5,4,4,Champions
C031079,58,2,13395.0,5,4,4,Champions
C001227,621,3,13396.0,1,4,4,At risk
C017357,294,2,13396.0,3,4,4,Loyal
C029471,26,3,13396.0,5,4,4,Champions
C030692,96,1,13396.0,4,3,4,Loyal
C030955,86,2,13396.0,4,4,4,Champions
C000743,753,4,13397.0,1,5,4,At risk
C014631,420,3,13397.0,2,4,4,At risk
C015308,360,1,13397.0,3,3,4,Loyal
C022675,13,3,13397.0,5,4,4,Champions
C026476,63,2,13397.0,5,4,4,Champions
C032982,35,2,13397.0,5,4,4,Champions
C001562,846,1,13398.0,1,3,4,At risk
C004256,687,2,13398.0,1,4,4,At risk
C012223,347,2,13398.0,3,4,4,Loyal
C026074,177,2,13398.0,4,4,4,Champions
C027383,159,1,13398.0,4,3,4,Loyal
C010326,546,2,13421.0,2,4,4,At risk
C009135,509,3,13424.0,2,4,4,At risk
C009619,565,2,13424.0,2,4,4,At risk
C019536,158,3,13424.0,4,4,4,Champions
C002415,810,1,13426.0,1,3,4,At risk
C005456,685,2,13426.0,1,4,4,At risk
C011852,510,1,13426.0,2,3,4,At risk
C014266,413,1,13429.0,2,3,4,At risk
C019710,305,1,13429.0,3,3,4,Loyal
C029464,107,4,13441.0,4,5,4,Champions
C000622,807,3,13444.0,1,4,4,At risk
C022864,16,4,13444.0,5,5,4,Champions
C001061,606,4,13445.0,1,5,4,At risk
C003399,737,3,13445.0,1,4,4,At risk
C007623,596,5,13445.0,1,5,4,At risk
C033134,41,2,13445.0,5,4,4,Champions
C035423,9,1,13445.0,5,3,4,Loyal
C003271,655,3,13446.0,1,4,4,At risk
C012989,468,1,13446.0,2,3,4,At risk
C006296,642,2,13447.0,1,4,4,At risk
C013738,449,2,13447.0,2,4,4,At risk
C032722,21,2,13447.0,5,4,4,Champions
C006602,615,2,13448.0,1,4,4,At risk
C014696,426,1,13448.0,2,3,4,At risk
C032018,65,2,13449.0,5,4,4,Champions
C010090,426,3,13452.0,2,4,4,At risk
C010757,527,2,13452.0,2,4,4,At risk
C019210,303,3,13452.0,3,4,4,Loyal
C031784,51,2,13458.0,5,4,4,Champions
C003758,660,3,13489.0,1,4,4,At risk
C023680,100,2,13489.0,4,4,4,Champions
C002814,787,3,13494.0,1,4,4,At risk
C026827,45,3,13494.0,5,4,4,Champions
C000683,787,5,13495.0,1,5,4,At risk
C002753,383,4,13495.0,2,5,4,At risk
C008410,594,2,13495.0,1,4,4,At risk
C027629,57,3,13495.0,5,4,4,Champions
C000045,729,3,13496.0,1,4,4,At risk
C002621,331,4,13496.0,3,5,4,Loyal
C006832,570,3,13496.0,2,4,4,At risk
C008650,592,1,13496.0,1,3,4,At risk
C013861,406,1,13496.0,2,3,4,At risk
C018782,225,2,13496.0,3,4,4,Loyal
C025851,142,3,13496.0,4,4,4,Champions
C015222,411,1,13497.0,2,3,4,At risk
C017605,181,2,13497.0,4,4,4,Champions
C020116,214,4,13497.0,3,5,4,Loyal
C022499,82,4,13497.0,5,5,4,Champions
C000662,884,1,13498.0,1,3,4,At risk
C013884,448,1,13498.0,2,3,4,At risk
C031939,73,1,13498.0,5,3,4,Loyal
C035469,9,1,13498.0,5,3,4,Loyal
C011036,534,1,13509.0,2,3,4,At risk
C020787,279,1,13511.0,3,3,4,Loyal
C007184,637,1,13512.0,1,3,4,At risk
C024401,211,1,13512.0,4,3,4,Loyal
C026022,185,1,13513.0,4,3,4,Loyal
C001718,745,3,13514.0,1,4,4,At risk
C011178,71,3,13521.0,5,4,4,Champions
C029588,77,3,13535.0,5,4,4,Champions
C019503,210,2,13537.0,4,4,4,Champions
C001406,702,5,13539.0,1,5,4,At risk
C001129,640,4,13546.0,1,5,4,At risk
C003145,617,1,13546.0,1,3,4,At risk
C004984,656,2,13546.0,1,4,4,At risk
C005711,578,2,13546.0,1,4,4,At risk
C007784,560,3,13546.0,2,4,4,At risk
C027790,42,3,13546.0,5,4,4,Champions
C004367,717,2,13547.0,1,4,4,At risk
C011018,520,2,13547.0,2,4,4,At risk
C019341,228,3,13547.0,3,4,4,Loyal
C024936,134,2,13547.0,4,4,4,Champions
C027215,104,1,13547.0,4,3,4,Loyal
C033120,47,1,13547.0,5,3,4,Loyal
C035115,11,2,13547.0,5,4,4,Champions
C035533,7,1,13547.0,5,3,4,Loyal
C020403,183,2,13548.0,4,4,4,Champions
C005623,503,4,13550.0,2,5,4,At risk
C028040,98,4,13558.0,4,5,4,Champions
C014415,418,2,13563.0,2,4,4,At risk
C021746,214,2,13572.0,3,4,4,Loyal
C026541,151,2,13573.0,4,4,4,Champions
C018718,303,3,13577.0,3,4,4,Loyal
C016060,330,4,13594.0,3,5,4,Loyal
C035516,7,1,13595.0,5,3,4,Loyal
C002086,736,3,13596.0,1,4,4,At risk
C002796,791,1,13596.0,1,3,4,At risk
C007176,499,2,13596.0,2,4,4,At risk
C008168,603,1,13596.0,1,3,4,At risk
C011701,201,3,13596.0,4,4,4,Champions
C012507,439,2,13596.0,2,4,4,At risk
C015824,399,1,13596.0,2,3,4,At risk
C018296,334,2,13596.0,3,4,4,Loyal
C027086,39,4,13596.0,5,5,4,Champions
C027663,130,4,13596.0,4,5,4,Champions
C027996,87,2,13596.0,4,4,4,Champions
C003429,768,1,13597.0,1,3,4,At risk
C003748,745,2,13597.0,1,4,4,At risk
C004152,724,2,13597.0,1,4,4,At risk
C007284,547,3,13597.0,2,4,4,At risk
C007326,588,2,13597.0,1,4,4,At risk
C011962,376,2,13597.0,2,4,4,At risk
C014162,443,1,13597.0,2,3,4,At risk
C035416,9,1,13597.0,5,3,4,Loyal
C010486,511,1,13598.0,2,3,4,At risk
C018610,318,1,13598.0,3,3,4,Loyal
C026223,183,1,13598.0,4,3,4,Loyal
C012015,468,2,13599.0,2,4,4,At risk
C015719,355,3,13599.0,3,4,4,Loyal
C017256,360,1,13599.0,3,3,4,Loyal
C021361,265,1,13599.0,3,3,4,Loyal
C034504,5,1,13599.0,5,3,4,Loyal
C007734,457,5,13600.0,2,5,4,At risk
C004418,622,3,13601.0,1,4,4,At risk
C011375,141,4,13606.0,4,5,4,Champions
C016479,221,4,13609.0,3,5,4,Loyal
C010715,501,2,13613.0,2,4,4,At risk
C029513,35,4,13625.0,5,5,4,Champions
C004940,685,3,13636.0,1,4,4,At risk
C021618,87,5,13642.0,4,5,4,Champions
C006287,547,4,13644.0,2,5,4,At risk
C009164,374,4,13644.0,2,5,4,At risk
C012497,464,4,13644.0,2,5,4,At risk
C016478,351,4,13644.0,3,5,4,Loyal
C011396,498,2,13645.0,2,4,4,At risk
C003068,767,1,13646.0,1,3,4,At risk
C019515,300,2,13646.0,3,4,4,Loyal
C022825,218,2,13646.0,3,4,4,Loyal
C028234,117,4,13646.0,4,5,4,Champions
C026030,166,1,13647.0,4,3,4,Loyal
C032909,49,1,13647.0,5,3,4,Loyal
C033633,41,1,13647.0,5,3,4,Loyal
C001132,823,3,13650.0,1,4,4,At risk
C027654,49,4,13663.0,5,5,4,Champions
C029941,36,3,13670.0,5,4,4,Champions
C012244,495,1,13680.0,2,3,4,At risk
C030841,79,2,13682.0,5,4,4,Champions
C002024,824,1,13683.0,1,3,4,At risk
C033094,6,3,13686.0,5,4,4,Champions
C025894,31,2,13693.0,5,4,4,Champions
C029611,0,4,13693.0,5,5,4,Champions
C002159,657,3,13694.0,1,4,4,At risk
C006799,645,3,13694.0,1,4,4,At risk
C014221,255,2,13694.0,3,4,4,Loyal
C013783,416,3,13695.0,2,4,4,At risk
C020065,159,3,13695.0,4,4,4,Champions
C020425,286,1,13695.0,3,3,4,Loyal
C020437,239,3,13695.0,3,4,4,Loyal
C027669,39,3,13695.0,5,4,4,Champions
C000405,815,4,13696.0,1,5,4,At risk
C012110,432,3,13696.0,2,4,4,At risk
C019719,195,4,13696.0,4,5,4,Champions
C021700,49,3,13696.0,5,4,4,Champions
C034716,12,2,13696.0,5,4,4,Champions
C034952,12,1,13696.0,5,3,4,Loyal
C010476,392,2,13697.0,2,4,4,At risk
C015296,410,1,13697.0,2,3,4,At risk
C017845,248,3,13697.0,3,4,4,Loyal
C024602,197,1,13697.0,4,3,4,Loyal
C026609,98,2,13697.0,4,4,4,Champions
C026666,102,2,13697.0,4,4,4,Champions
C027145,115,2,13697.0,4,4,4,Champions
C034583,24,1,13697.0,5,3,4,Loyal
C013238,351,3,13698.0,3,4,4,Loyal
C014405,365,3,13698.0,3,4,4,Loyal
C031808,75,1,13698.0,5,3,4,Loyal
C032346,65,1,13698.0,5,3,4,Loyal
C035157,8,2,13698.0,5,4,4,Champions
C035269,12,1,13698.0,5,3,4,Loyal
C013367,457,2,13703.0,2,4,4,At risk
C007312,587,2,13706.0,1,4,4,At risk
C011468,477,3,13708.0,2,4,4,At risk
C020344,232,5,13710.0,3,5,4,Loyal
C015367,329,4,13711.0,3,5,4,Loyal
C029335,29,3,13713.0,5,4,4,Champions
C015572,406,1,13722.0,2,3,4,At risk
C006958,578,4,13728.0,1,5,4,At risk
C004215,674,4,13735.0,1,5,4,At risk
C020473,230,3,13735.0,3,4,4,Loyal
C025608,111,2,13735.0,4,4,4,Champions
C024471,196,2,13738.0,4,4,4,Champions
C024163,67,5,13739.0,5,5,4,Champions
C030810,65,2,13744.0,5,4,4,Champions
C000174,848,2,13745.0,1,4,4,At risk
C014893,277,2,13745.0,3,4,4,Loyal
C021169,50,4,13745.0,5,5,4,Champions
C026019,22,4,13745.0,5,5,4,Champions
C035385,9,2,13745.0,5,4,4,Champions
C035628,5,1,13745.0,5,3,4,Loyal
C000614,777,3,13746.0,1,4,4,At risk
C020349,205,5,13747.0,4,5,4,Champions
C013900,279,5,13750.0,3,5,4,Loyal
C017099,224,6,13761.0,3,5,4,Loyal
C012747,477,1,13767.0,2,3,4,At risk
C030848,85,1,13767.0,5,3,4,Loyal
C018893,191,5,13771.0,4,5,4,Champions
C022141,62,3,13771.0,5,4,4,Champions
C030387,81,3,13792.0,5,4,4,Champions
C031744,45,2,13792.0,5,4,4,Champions
C000192,623,5,13793.0,1,5,4,At risk
C031295,52,2,13793.0,5,4,4,Champions
C002464,713,5,13794.0,1,5,4,At risk
C003387,576,4,13795.0,2,5,4,At risk
C013779,428,3,13795.0,2,4,4,At risk
C020926,272,2,13795.0,3,4,4,Loyal
C021441,231,2,13795.0,3,4,4,Loyal
C005709,687,1,13796.0,1,3,4,At risk
C009750,569,1,13796.0,2,3,4,At risk
C020811,273,1,13796.0,3,3,4,Loyal
C004033,738,2,13797.0,1,4,4,At risk
C004034,582,2,13797.0,1,4,4,At risk
C008016,552,2,13797.0,2,4,4,At risk
C008269,591,2,13797.0,1,4,4,At risk
C015954,391,1,13797.0,2,3,4,At risk
C016838,2,2,13797.0,5,4,4,Champions
C023944,150,2,13797.0,4,4,4,Champions
C010699,481,2,13798.0,2,4,4,At risk
C015475,363,2,13804.0,3,4,4,Loyal
C001268,519,3,13811.0,2,4,4,At risk
C021216,254,3,13817.0,3,4,4,Loyal
C015685,214,4,13819.0,3,5,4,Loyal
C022521,187,5,13820.0,4,5,4,Champions
C005347,566,4,13822.0,2,5,4,At risk
C006804,201,2,13822.0,4,4,4,Champions
C022962,200,3,13833.0,4,4,4,Champions
C006910,578,5,13837.0,1,5,4,At risk
C014115,314,4,13842.0,3,5,4,Loyal
C015634,331,4,13843.0,3,5,4,Loyal
C015018,363,5,13844.0,3,5,4,Loyal
C018075,328,2,13844.0,3,4,4,Loyal
C005684,660,3,13845.0,1,4,4,At risk
C008776,494,2,13846.0,2,4,4,At risk
C013406,283,4,13846.0,3,5,4,Loyal
C023794,211,2,13846.0,4,4,4,Champions
C033893,24,2,13846.0,5,4,4,Champions
C011662,448,2,13847.0,2,4,4,At risk
C012828,423,3,13847.0,2,4,4,At risk
C022352,200,4,13848.0,4,5,4,Champions
C022150,214,2,13850.0,3,4,4,Loyal
C035295,12,1,13852.0,5,3,4,Loyal
C008444,584,2,13853.0,1,4,4,At risk
C016749,333,2,13860.0,3,4,4,Loyal
C017618,200,5,13864.0,4,5,4,Champions
C020647,46,2,13864.0,5,4,4,Champions
C023687,216,2,13865.0,3,4,4,Loyal
C028412,105,3,13867.0,4,4,4,Champions
C016194,181,3,13869.0,4,4,4,Champions
C015729,396,2,13871.0,2,4,4,At risk
C021966,211,2,13873.0,4,4,4,Champions
C020574,213,2,13878.0,3,4,4,Loyal
C017901,97,4,13880.0,4,5,4,Champions
C007880,600,4,13892.0,1,5,4,At risk
C000208,895,1,13894.0,1,3,4,At risk
C030807,75,2,13894.0,5,4,4,Champions
C002832,714,3,13895.0,1,4,4,At risk
C019486,302,3,13895.0,3,4,4,Loyal
C021154,16,6,13895.0,5,5,4,Champions
C027969,107,3,13895.0,4,4,4,Champions
C004264,708,2,13896.0,1,4,4,At risk
C012270,465,2,13896.0,2,4,4,At risk
C014622,385,2,13896.0,2,4,4,At risk
C019229,234,4,13896.0,3,5,4,Loyal
C020404,170,3,13896.0,4,4,4,Champions
C021014,261,2,13896.0,3,4,4,Loyal
C030942,45,2,13896.0,5,4,4,Champions
C033690,23,2,13896.0,5,4,4,Champions
C034448,20,2,13896.0,5,4,4,Champions
C000717,532,2,13897.0,2,4,4,At risk
C002256,805,1,13897.0,1,3,4,At risk
C014188,414,2,13897.0,2,4,4,At risk
C014321,426,2,13897.0,2,4,4,At risk
C017428,310,2,13897.0,3,4,4,Loyal
C020290,279,2,13897.0,3,4,4,Loyal
C031946,61,2,13897.0,5,4,4,Champions
C008664,596,1,13898.0,1,3,4,At risk
C023814,200,1,13898.0,4,3,4,Loyal
C034016,35,1,13898.0,5,3,4,Loyal
C032696,28,2,13903.0,5,4,4,Champions
C013035,175,5,13905.0,4,5,4,Champions
C018552,282,2,13905.0,3,4,4,Loyal
C007147,439,3,13910.0,2,4,4,At risk
C000584,749,4,13915.0,1,5,4,At risk
C017490,205,2,13917.0,4,4,4,Champions
C013138,239,3,13920.0,3,4,4,Loyal
C018253,314,3,13930.0,3,4,4,Loyal
C029954,64,1,13936.0,5,3,4,Loyal
C033812,38,1,13937.0,5,3,4,Loyal
C003188,667,1,13938.0,1,3,4,At risk
C010954,461,3,13940.0,2,4,4,At risk
C018502,108,6,13940.0,4,5,4,Champions
C017395,179,3,13941.0,4,4,4,Champions
C002817,690,3,13944.0,1,4,4,At risk
C013648,263,5,13944.0,3,5,4,Loyal
C022821,213,3,13944.0,3,4,4,Loyal
C026205,69,4,13944.0,5,5,4,Champions
C013769,217,3,13945.0,3,4,4,Loyal
C019118,174,3,13945.0,4,4,4,Champions
C032057,70,2,13945.0,5,4,4,Champions
C007787,586,3,13946.0,1,4,4,At risk
C014315,222,2,13946.0,3,4,4,Loyal
C021353,214,3,13946.0,3,4,4,Loyal
C001680,805,2,13947.0,1,4,4,At risk
C031737,35,4,13959.0,5,5,4,Champions
C019541,277,2,13961.0,3,4,4,Loyal
C029053,85,3,13966.0,5,4,4,Champions
C012834,306,3,13970.0,3,4,4,Loyal
C012003,149,3,13974.0,4,4,4,Champions
C004831,564,4,13980.0,2,5,4,At risk
C032025,69,1,13980.0,5,3,4,Loyal
C028411,82,4,13983.0,5,5,4,Champions
C003856,669,2,13987.0,1,4,4,At risk
C004965,532,3,13992.0,2,4,4,At risk
C005035,687,3,13994.0,1,4,4,At risk
C014660,194,4,13995.0,4,5,4,Champions
C025010,193,2,13995.0,4,4,4,Champions
C034137,5,3,13995.0,5,4,4,Champions
C002224,787,2,13996.0,1,4,4,At risk
C005081,620,5,13996.0,1,5,4,At risk
C008107,408,3,13996.0,2,4,4,At risk
C017457,355,1,13996.0,3,3,4,Loyal
C020621,122,3,13996.0,4,4,4,Champions
C004104,653,3,13997.0,1,4,4,At risk
C004329,655,2,13997.0,1,4,4,At risk
C020030,271,3,13997.0,3,4,4,Loyal
C027884,25,2,13997.0,5,4,4,Champions
C029674,30,2,13997.0,5,4,4,Champions
C029898,106,1,13997.0,4,3,4,Loyal
C002996,787,1,13998.0,1,3,4,At risk
C004676,723,1,13998.0,1,3,4,At risk
C007719,578,2,13998.0,1,4,4,At risk
C020409,287,1,13998.0,3,3,4,Loyal
C028492,104,4,14002.0,4,5,4,Champions
C006621,576,3,14006.0,2,4,4,At risk
C032023,42,2,14017.0,5,4,4,Champions
C029299,119,1,14020.0,4,3,4,Loyal
C009839,559,1,14021.0,2,3,4,At risk
C004466,725,1,14023.0,1,3,4,At risk
C003589,574,2,14028.0,2,4,4,At risk
C014932,396,4,14031.0,2,5,4,At risk
C029881,39,2,14031.0,5,4,4,Champions
C012807,30,7,14035.0,5,5,4,Champions
C032367,47,3,14035.0,5,4,4,Champions
C007528,595,4,14036.0,1,5,4,At risk
C013450,459,1,14037.0,2,3,4,At risk
C001978,747,2,14041.0,1,4,4,At risk
C003485,740,2,14043.0,1,4,4,At risk
C013787,390,3,14043.0,2,4,4,At risk
C005545,627,3,14045.0,1,4,4,At risk
C003793,752,2,14046.0,1,4,4,At risk
C006882,557,2,14047.0,2,4,4,At risk
C017540,67,2,14047.0,5,4,4,Champions
C019973,289,2,14047.0,3,4,4,Loyal
C019251,275,2,14052.0,3,4,4,Loyal
C027158,110,3,14059.0,4,4,4,Champions
C020294,214,5,14062.0,3,5,4,Loyal
C017715,200,3,14073.0,4,4,4,Champions
C002556,530,3,14074.0,2,4,4,At risk
C017568,196,3,14074.0,4,4,4,Champions
C001701,770,2,14080.0,1,4,4,At risk
C007426,596,3,14080.0,1,4,4,At risk
C011861,272,5,14080.0,3,5,4,Loyal
C027901,146,2,14082.0,4,4,4,Champions
C023533,200,2,14091.0,4,4,4,Champions
C001028,769,3,14093.0,1,4,4,At risk
C028141,35,4,14094.0,5,5,4,Champions
C007932,554,2,14095.0,2,4,4,At risk
C027465,157,1,14095.0,4,3,4,Loyal
C028324,107,3,14095.0,4,4,4,Champions
C000070,796,4,14096.0,1,5,4,At risk
C004131,733,1,14096.0,1,3,4,At risk
C017399,339,1,14096.0,3,3,4,Loyal
C021969,252,1,14096.0,3,3,4,Loyal
C022034,192,3,14096.0,4,4,4,Champions
C023160,148,4,14096.0,4,5,4,Champions
C023806,201,1,14096.0,4,3,4,Loyal
C027932,13,3,14096.0,5,4,4,Champions
C028072,108,2,14096.0,4,4,4,Champions
C035032,15,1,14096.0,5,3,4,Loyal
C005329,623,2,14097.0,1,4,4,At risk
C008260,546,2,14097.0,2,4,4,At risk
C020923,276,1,14097.0,3,3,4,Loyal
C021707,143,2,14097.0,4,4,4,Champions
C024575,211,1,14097.0,4,3,4,Loyal
C030190,105,1,14097.0,4,3,4,Loyal
C033126,49,1,14097.0,5,3,4,Loyal
C015969,395,1,14098.0,2,3,4,At risk
C030279,103,1,14098.0,4,3,4,Loyal
C022699,199,4,14099.0,4,5,4,Champions
C023414,200,3,14100.0,4,4,4,Champions
C013733,457,1,14107.0,2,3,4,At risk
C008672,587,1,14108.0,1,3,4,At risk
C017575,352,1,14108.0,3,3,4,Loyal
C031075,53,2,14110.0,5,4,4,Champions
C000479,877,2,14111.0,1,4,4,At risk
C004987,596,5,14112.0,1,5,4,At risk
C003533,685,3,14113.0,1,4,4,At risk
C011506,462,3,14115.0,2,4,4,At risk
C009601,565,3,14119.0,2,4,4,At risk
C030336,25,2,14119.0,5,4,4,Champions
C004380,24,4,14121.0,5,5,4,Champions
C012962,352,5,14125.0,3,5,4,Loyal
C028581,104,3,14126.0,4,4,4,Champions
C017745,214,3,14134.0,3,4,4,Loyal
C008434,578,2,14143.0,2,4,4,At risk
C022383,118,4,14144.0,4,5,4,Champions
C030833,33,2,14144.0,5,4,4,Champions
C006538,499,2,14145.0,2,4,4,At risk
C013353,238,4,14145.0,3,5,4,Loyal
C030092,99,2,14145.0,4,4,4,Champions
C002491,749,2,14146.0,1,4,4,At risk
C006937,224,4,14146.0,3,5,4,Loyal
C017446,296,2,14147.0,3,4,4,Loyal
C020199,247,2,14147.0,3,4,4,Loyal
C022618,157,2,14147.0,4,4,4,Champions
C023050,231,1,14147.0,3,3,4,Loyal
C028219,139,1,14148.0,4,3,4,Loyal
C017267,317,2,14150.0,3,4,4,Loyal
C003228,757,2,14157.0,1,4,4,At risk
C020052,87,2,14163.0,4,4,4,Champions
C009467,390,4,14168.0,2,5,4,At risk
C007524,536,3,14172.0,2,4,4,At risk
C018459,320,2,14172.0,3,4,4,Loyal
C023120,230,2,14178.0,3,4,4,Loyal
C015647,395,2,14192.0,2,4,4,At risk
C034963,18,1,14192.0,5,3,4,Loyal
C027250,9,6,14193.0,5,5,4,Champions
C007190,637,1,14194.0,1,3,4,At risk
C014712,297,4,14194.0,3,5,4,Loyal
C014891,424,1,14194.0,2,3,4,At risk
C015188,416,1,14194.0,2,3,4,At risk
C021855,254,1,14194.0,3,3,4,Loyal
C022640,214,2,14194.0,3,4,4,Loyal
C025034,164,3,14194.0,4,4,4,Champions
C027584,23,6,14194.0,5,5,4,Champions
C031941,67,1,14194.0,5,3,4,Loyal
C034062,34,1,14194.0,5,3,4,Loyal
C021322,246,3,14195.0,3,4,4,Loyal
C022108,80,4,14195.0,5,5,4,Champions
C002828,773,2,14196.0,1,4,4,At risk
C006499,578,4,14196.0,1,5,4,At risk
C008244,603,1,14196.0,1,3,4,At risk
C010441,550,2,14196.0,2,4,4,At risk
C018365,290,2,14196.0,3,4,4,Loyal
C021065,42,4,14196.0,5,5,4,Champions
C021915,30,4,14196.0,5,5,4,Champions
C031404,64,2,14196.0,5,4,4,Champions
C005567,691,1,14197.0,1,3,4,At risk
C011562,331,3,14197.0,3,4,4,Loyal
C005179,647,2,14198.0,1,4,4,At risk
C010356,555,1,14198.0,2,3,4,At risk
C001535,675,5,14199.0,1,5,4,At risk
C033377,29,3,14201.0,5,4,4,Champions
C001654,73,4,14206.0,5,5,4,Champions
C011230,453,2,14211.0,2,4,4,At risk
C005517,611,3,14217.0,1,4,4,At risk
C009846,518,2,14232.0,2,4,4,At risk
C022518,200,4,14233.0,4,5,4,Champions
C014197,320,3,14234.0,3,4,4,Loyal
C005791,654,3,14235.0,1,4,4,At risk
C007716,596,3,14236.0,1,4,4,At risk
C002239,711,4,14244.0,1,5,4,At risk
C008280,562,2,14244.0,2,4,4,At risk
C011074,404,3,14244.0,2,4,4,At risk
C025956,82,3,14244.0,5,4,4,Champions
C029590,8,3,14244.0,5,4,4,Champions
C001765,517,4,14245.0,2,5,4,At risk
C006147,550,4,14245.0,2,5,4,At risk
C009039,484,3,14245.0,2,4,4,At risk
C010565,460,3,14245.0,2,4,4,At risk
C034459,7,3,14245.0,5,4,4,Champions
C012566,472,2,14246.0,2,4,4,At risk
C022028,220,3,14246.0,3,4,4,Loyal
C027291,161,1,14246.0,4,3,4,Loyal
C033008,53,1,14246.0,5,3,4,Loyal
C011366,464,2,14247.0,2,4,4,At risk
C007776,614,1,14248.0,1,3,4,At risk
C020385,79,4,14251.0,5,5,4,Champions
C028513,102,4,14254.0,4,5,4,Champions
C004986,680,3,14263.0,1,4,4,At risk
C021510,231,2,14263.0,3,4,4,Loyal
C012861,460,2,14265.0,2,4,4,At risk
C001255,778,3,14269.0,1,4,4,At risk
C017087,329,4,14269.0,3,5,4,Loyal
C014686,417,2,14276.0,2,4,4,At risk
C022548,125,1,14276.0,4,3,4,Loyal
C023441,226,1,14276.0,3,3,4,Loyal
C024698,209,1,14277.0,4,3,4,Loyal
C004318,736,1,14278.0,1,3,4,At risk
C014450,434,1,14278.0,2,3,4,At risk
C026245,182,1,14279.0,4,3,4,Loyal
C035553,2,1,14279.0,5,3,4,Loyal
C017541,195,3,14282.0,4,4,4,Champions
C001552,794,3,14286.0,1,4,4,At risk
C007060,528,4,14292.0,2,5,4,At risk
C026026,147,2,14293.0,4,4,4,Champions
C004957,681,2,14294.0,1,4,4,At risk
C007101,612,2,14294.0,1,4,4,At risk
C010616,537,2,14294.0,2,4,4,At risk
C013532,409,3,14294.0,2,4,4,At risk
C013872,320,3,14294.0,3,4,4,Loyal
C014192,375,2,14294.0,2,4,4,At risk
C018187,303,3,14294.0,3,4,4,Loyal
C024939,164,2,14295.0,4,4,4,Champions
C004260,663,3,14296.0,1,4,4,At risk
C007708,615,1,14296.0,1,3,4,At risk
C011061,514,2,14296.0,2,4,4,At risk
C018684,164,5,14296.0,4,5,4,Champions
C028467,44,2,14296.0,5,4,4,Champions
C032405,35,3,14296.0,5,4,4,Champions
C009071,574,2,14297.0,2,4,4,At risk
C010940,506,2,14297.0,2,4,4,At risk
C015491,325,2,14297.0,3,4,4,Loyal
C020235,292,1,14297.0,3,3,4,Loyal
C024598,113,4,14297.0,4,5,4,Champions
C034909,19,1,14298.0,5,3,4,Loyal
C000158,899,1,14299.0,1,3,4,At risk
C001202,594,1,14299.0,1,3,4,At risk
C001445,851,1,14299.0,1,3,4,At risk
C001684,840,1,14299.0,1,3,4,At risk
C002079,807,1,14299.0,1,3,4,At risk
C003592,762,1,14299.0,1,3,4,At risk
C003785,692,2,14299.0,1,4,4,At risk
C004668,723,1,14299.0,1,3,4,At risk
C005971,656,2,14299.0,1,4,4,At risk
C006215,645,2,14299.0,1,4,4,At risk
C006295,659,1,14299.0,1,3,4,At risk
C006536,660,1,14299.0,1,3,4,At risk
C008394,598,1,14299.0,1,3,4,At risk
C009789,566,1,14299.0,2,3,4,At risk
C010180,539,1,14299.0,2,3,4,At risk
C011001,535,1,14299.0,2,3,4,At risk
C011015,535,1,14299.0,2,3,4,At risk
C012192,499,1,14299.0,2,3,4,At risk
C012229,470,2,14299.0,2,4,4,At risk
C013803,453,1,14299.0,2,3,4,At risk
C014860,425,1,14299.0,2,3,4,At risk
C015183,413,1,14299.0,2,3,4,At risk
C015390,374,2,14299.0,2,4,4,At risk
C017214,361,1,14299.0,3,3,4,Loyal
C017461,352,1,14299.0,3,3,4,Loyal
C018633,287,1,14299.0,3,3,4,Loyal
C019333,314,1,14299.0,3,3,4,Loyal
C019724,305,1,14299.0,3,3,4,Loyal
C019729,305,1,14299.0,3,3,4,Loyal
C019856,302,1,14299.0,3,3,4,Loyal
C020651,247,1,14299.0,3,3,4,Loyal
C023725,224,1,14299.0,3,3,4,Loyal
C023999,217,1,14299.0,3,3,4,Loyal
C024530,212,1,14299.0,4,3,4,Loyal
C025889,185,1,14299.0,4,3,4,Loyal
C027271,161,1,14299.0,4,3,4,Loyal
C029194,123,1,14299.0,4,3,4,Loyal
C030157,105,1,14299.0,4,3,4,Loyal
C030770,94,1,14299.0,4,3,4,Loyal
C030871,92,1,14299.0,4,3,4,Loyal
C031481,80,1,14299.0,5,3,4,Loyal
C031712,77,1,14299.0,5,3,4,Loyal
C032587,58,1,14299.0,5,3,4,Loyal
C034113,26,1,14299.0,5,3,4,Loyal
C034131,32,1,14299.0,5,3,4,Loyal
C034341,21,1,14299.0,5,3,4,Loyal
C034573,23,1,14299.0,5,3,4,Loyal
C035483,8,1,14299.0,5,3,4,Loyal
C035711,4,1,14299.0,5,3,4,Loyal
C013057,473,1,14307.0,2,3,4,At risk
C015335,402,3,14313.0,2,4,4,At risk
C012755,462,2,14316.0,2,4,4,At risk
C011352,507,2,14317.0,2,4,4,At risk
C016540,334,2,14321.0,3,4,4,Loyal
C013911,431,2,14327.0,2,4,4,At risk
C023229,200,2,14331.0,4,4,4,Champions
C007406,596,2,14338.0,1,4,4,At risk
C028280,9,4,14340.0,5,5,4,Champions
C012889,450,3,14343.0,2,4,4,At risk
C019259,302,2,14343.0,3,4,4,Loyal
C019810,177,5,14343.0,4,5,4,Champions
C011457,476,2,14344.0,2,4,4,At risk
C025465,148,2,14344.0,4,4,4,Champions
C004729,550,2,14345.0,2,4,4,At risk
C013280,466,1,14345.0,2,3,4,At risk
C021999,217,2,14345.0,3,4,4,Loyal
C024931,23,3,14346.0,5,4,4,Champions
C002245,782,3,14351.0,1,4,4,At risk
C029915,98,3,14353.0,4,4,4,Champions
C034180,14,2,14356.0,5,4,4,Champions
C015845,392,2,14357.0,2,4,4,At risk
C024840,175,3,14361.0,4,4,4,Champions
C026343,175,1,14362.0,4,3,4,Loyal
C017536,320,3,14363.0,3,4,4,Loyal
C004287,685,4,14367.0,1,5,4,At risk
C006600,653,2,14368.0,1,4,4,At risk
C006720,258,3,14386.0,3,4,4,Loyal
C017582,234,4,14393.0,3,5,4,Loyal
C018184,66,3,14394.0,5,4,4,Champions
C027618,98,4,14394.0,4,5,4,Champions
C001525,803,3,14395.0,1,4,4,At risk
C009150,493,3,14395.0,2,4,4,At risk
C010761,285,4,14395.0,3,5,4,Loyal
C013461,400,2,14395.0,2,4,4,At risk
C016048,247,2,14395.0,3,4,4,Loyal
C020000,283,2,14395.0,3,4,4,Loyal
C025978,141,3,14395.0,4,4,4,Champions
C031546,66,2,14395.0,5,4,4,Champions
C004872,681,2,14396.0,1,4,4,At risk
C006559,659,1,14396.0,1,3,4,At risk
C009776,556,2,14396.0,2,4,4,At risk
C020619,208,4,14396.0,4,5,4,Champions
C021221,268,1,14396.0,3,3,4,Loyal
C030906,13,4,14396.0,5,5,4,Champions
C031627,53,2,14396.0,5,4,4,Champions
C004119,744,1,14397.0,1,3,4,At risk
C004310,691,2,14397.0,1,4,4,At risk
C012246,487,2,14397.0,2,4,4,At risk
C013753,329,2,14397.0,3,4,4,Loyal
C015553,407,1,14397.0,2,3,4,At risk
C015758,401,1,14397.0,2,3,4,At risk
C032843,7,3,14397.0,5,4,4,Champions
C033693,40,1,14397.0,5,3,4,Loyal
C010190,558,1,14398.0,2,3,4,At risk
C010999,535,1,14398.0,2,3,4,At risk
C017535,328,2,14398.0,3,4,4,Loyal
C032237,67,1,14398.0,5,3,4,Loyal
C029282,33,3,14406.0,5,4,4,Champions
C018005,208,4,14411.0,4,5,4,Champions
C022285,45,4,14411.0,5,5,4,Champions
C022136,231,2,14413.0,3,4,4,Loyal
C003138,724,3,14416.0,1,4,4,At risk
C003096,510,7,14421.0,2,5,4,At risk
C009007,462,3,14421.0,2,4,4,At risk
C012293,51,6,14432.0,5,5,4,Champions
C001032,810,2,14443.0,1,4,4,At risk
C009772,282,3,14443.0,3,4,4,Loyal
C000649,851,3,14444.0,1,4,4,At risk
C028065,109,2,14445.0,4,4,4,Champions
C030080,6,3,14445.0,5,4,4,Champions
C030936,12,3,14445.0,5,4,4,Champions
C009816,402,3,14446.0,2,4,4,At risk
C010042,557,2,14446.0,2,4,4,At risk
C016531,379,1,14446.0,2,3,4,At risk
C028220,138,2,14446.0,4,4,4,Champions
C008649,592,1,14447.0,1,3,4,At risk
C007542,625,1,14448.0,1,3,4,At risk
C008177,548,3,14459.0,2,4,4,At risk
C022224,157,3,14459.0,4,4,4,Champions
C011791,249,2,14462.0,3,4,4,Loyal
C003975,722,3,14467.0,1,4,4,At risk
C010764,323,4,14483.0,3,5,4,Loyal
C009547,549,3,14484.0,2,4,4,At risk
C027621,36,5,14489.0,5,5,4,Champions
C012513,457,2,14491.0,2,4,4,At risk
C029310,90,2,14492.0,4,4,4,Champions
C000647,810,2,14493.0,1,4,4,At risk
C003581,713,3,14494.0,1,4,4,At risk
C005647,679,2,14494.0,1,4,4,At risk
C001417,822,2,14495.0,1,4,4,At risk
C002229,810,1,14495.0,1,3,4,At risk
C022120,149,3,14495.0,4,4,4,Champions
C028357,105,2,14495.0,4,4,4,Champions
C011954,438,1,14496.0,2,3,4,At risk
C012038,457,1,14496.0,2,3,4,At risk
C013656,331,3,14496.0,3,4,4,Loyal
C017717,231,4,14496.0,3,5,4,Loyal
C028932,65,2,14496.0,5,4,4,Champions
C010690,452,3,14497.0,2,4,4,At risk
C014815,330,3,14497.0,3,4,4,Loyal
C022089,204,2,14497.0,4,4,4,Champions
C023369,230,1,14497.0,3,3,4,Loyal
C024277,214,1,14497.0,3,3,4,Loyal
C029162,124,1,14497.0,4,3,4,Loyal
C029646,62,3,14497.0,5,4,4,Champions
C031177,52,2,14497.0,5,4,4,Champions
C032238,1,2,14497.0,5,4,4,Champions
C014680,427,1,14498.0,2,3,4,At risk
C027813,131,2,14498.0,4,4,4,Champions
C031253,85,1,14498.0,5,3,4,Loyal
C018034,77,4,14506.0,5,5,4,Champions
C028857,122,3,14510.0,4,4,4,Champions
C008437,578,2,14527.0,2,4,4,At risk
C005657,687,1,14531.0,1,3,4,At risk
C016651,376,1,14533.0,2,3,4,At risk
C017530,225,4,14539.0,3,5,4,Loyal
C027691,52,3,14543.0,5,4,4,Champions
C013438,386,4,14544.0,2,5,4,At risk
C028397,103,2,14544.0,4,4,4,Champions
C008347,550,2,14545.0,2,4,4,At risk
C019501,170,3,14545.0,4,4,4,Champions
C013200,435,3,14546.0,2,4,4,At risk
C026667,157,2,14546.0,4,4,4,Champions
C029695,77,2,14546.0,5,4,4,Champions
C031109,88,1,14546.0,4,3,4,Loyal
C004200,673,4,14549.0,1,5,4,At risk
C007593,514,5,14566.0,2,5,4,At risk
C028704,66,3,14566.0,5,4,4,Champions
C032153,5,2,14566.0,5,4,4,Champions
C033145,22,3,14566.0,5,4,4,Champions
C005596,612,3,14567.0,1,4,4,At risk
C004915,683,2,14577.0,1,4,4,At risk
C016718,140,2,14577.0,4,4,4,Champions
C011899,472,3,14585.0,2,4,4,At risk
C001904,508,4,14586.0,2,5,4,At risk
C031967,3,6,14591.0,5,5,4,Champions
C001504,628,5,14592.0,1,5,4,At risk
C009933,430,6,14593.0,2,5,4,At risk
C027604,53,4,14593.0,5,5,4,Champions
C000386,834,3,14595.0,1,4,4,At risk
C004197,666,3,14595.0,1,4,4,At risk
C006657,630,3,14595.0,1,4,4,At risk
C009099,421,4,14595.0,2,5,4,At risk
C013221,461,1,14595.0,2,3,4,At risk
C023190,137,2,14595.0,4,4,4,Champions
C025530,39,4,14595.0,5,5,4,Champions
C032075,17,3,14595.0,5,4,4,Champions
C032875,38,2,14595.0,5,4,4,Champions
C002894,713,2,14596.0,1,4,4,At risk
C009645,562,2,14596.0,2,4,4,At risk
C011502,466,3,14596.0,2,4,4,At risk
C013941,404,4,14596.0,2,5,4,At risk
C029799,72,3,14596.0,5,4,4,Champions
C031510,80,1,14596.0,5,3,4,Loyal
C031730,0,2,14596.0,5,4,4,Champions
C001530,768,3,14597.0,1,4,4,At risk
C010004,565,1,14597.0,2,3,4,At risk
C015776,396,2,14597.0,2,4,4,At risk
C011938,349,2,14598.0,3,4,4,Loyal
C014813,338,1,14598.0,3,3,4,Loyal
C029325,89,3,14603.0,4,4,4,Champions
C007501,603,2,14611.0,1,4,4,At risk
C021686,88,5,14612.0,4,5,4,Champions
C035146,2,1,14616.0,5,3,4,Loyal
C032886,55,1,14618.0,5,3,4,Loyal
C029295,118,2,14630.0,4,4,4,Champions
C000597,727,3,14634.0,1,4,4,At risk
C020764,80,4,14634.0,5,5,4,Champions
C032486,3,4,14642.0,5,5,4,Champions
C001398,485,5,14643.0,2,5,4,At risk
C001502,750,3,14644.0,1,4,4,At risk
C004482,661,5,14644.0,1,5,4,At risk
C019043,148,3,14644.0,4,4,4,Champions
C001344,677,3,14645.0,1,4,4,At risk
C026323,98,3,14645.0,4,4,4,Champions
C029685,26,3,14646.0,5,4,4,Champions
C034675,19,1,14646.0,5,3,4,Loyal
C012931,444,2,14647.0,2,4,4,At risk
C002974,751,2,14655.0,1,4,4,At risk
C004890,697,3,14657.0,1,4,4,At risk
C005685,649,2,14663.0,1,4,4,At risk
C021380,231,2,14663.0,3,4,4,Loyal
C029317,113,3,14664.0,4,4,4,Champions
C010454,485,3,14665.0,2,4,4,At risk
C001651,833,2,14666.0,1,4,4,At risk
C001218,819,2,14675.0,1,4,4,At risk
C013028,462,2,14688.0,2,4,4,At risk
C021081,244,3,14691.0,3,4,4,Loyal
C024628,140,2,14694.0,4,4,4,Champions
C031783,70,2,14694.0,5,4,4,Champions
C033783,10,2,14694.0,5,4,4,Champions
C011527,497,3,14695.0,2,4,4,At risk
C026406,69,5,14695.0,5,5,4,Champions
C027851,36,4,14695.0,5,5,4,Champions
C030261,62,2,14695.0,5,4,4,Champions
C004549,578,2,14696.0,1,4,4,At risk
C011500,498,3,14696.0,2,4,4,At risk
C014658,359,2,14696.0,3,4,4,Loyal
C018350,214,2,14696.0,3,4,4,Loyal
C024854,206,1,14696.0,4,3,4,Loyal
C026668,37,4,14696.0,5,5,4,Champions
C028318,24,2,14696.0,5,4,4,Champions
C030491,8,3,14696.0,5,4,4,Champions
C031652,2,2,14696.0,5,4,4,Champions
C034518,15,2,14696.0,5,4,4,Champions
C002250,801,2,14697.0,1,4,4,At risk
C011020,525,2,14697.0,2,4,4,At risk
C014259,440,1,14697.0,2,3,4,At risk
C015781,376,2,14697.0,2,4,4,At risk
C019654,296,1,14697.0,3,3,4,Loyal
C019781,294,2,14697.0,3,4,4,Loyal
C003116,759,2,14698.0,1,4,4,At risk
C018154,252,2,14698.0,3,4,4,Loyal
C004918,661,2,14737.0,1,4,4,At risk
C018739,214,4,14744.0,3,5,4,Loyal
C000398,893,2,14745.0,1,4,4,At risk
C005213,492,4,14745.0,2,5,4,At risk
C012109,220,3,14745.0,3,4,4,Loyal
C020530,278,3,14745.0,3,4,4,Loyal
C001850,652,4,14746.0,1,5,4,At risk
C003436,442,4,14746.0,2,5,4,At risk
C010720,515,2,14746.0,2,4,4,At risk
C018827,150,2,14746.0,4,4,4,Champions
C020706,281,1,14746.0,3,3,4,Loyal
C002265,753,2,14747.0,1,4,4,At risk
C010296,556,2,14748.0,2,4,4,At risk
C026023,178,2,14748.0,4,4,4,Champions
C017394,316,2,14751.0,3,4,4,Loyal
C028108,4,4,14751.0,5,5,4,Champions
C006115,656,2,14752.0,1,4,4,At risk
C009172,550,4,14757.0,2,5,4,At risk
C015823,283,2,14757.0,3,4,4,Loyal
C020005,18,4,14758.0,5,5,4,Champions
C010068,552,2,14763.0,2,4,4,At risk
C017257,18,4,14764.0,5,5,4,Champions
C010624,464,5,14765.0,2,5,4,At risk
C029064,104,2,14776.0,4,4,4,Champions
C027368,120,2,14778.0,4,4,4,Champions
C011423,478,5,14779.0,2,5,4,At risk
C003904,750,1,14783.0,1,3,4,At risk
C017954,344,1,14787.0,3,3,4,Loyal
C000824,730,4,14794.0,1,5,4,At risk
C003456,665,4,14794.0,1,5,4,At risk
C006815,627,3,14794.0,1,4,4,At risk
C009877,457,3,14795.0,2,4,4,At risk
C016937,194,3,14795.0,4,4,4,Champions
C022538,232,2,14795.0,3,4,4,Loyal
C030921,72,3,14795.0,5,4,4,Champions
C031567,29,2,14795.0,5,4,4,Champions
C033656,41,1,14795.0,5,3,4,Loyal
C004386,732,1,14796.0,1,3,4,At risk
C011402,509,2,14796.0,2,4,4,At risk
C013710,449,2,14796.0,2,4,4,At risk
C030487,101,1,14796.0,4,3,4,Loyal
C030920,86,2,14796.0,4,4,4,Champions
C001957,579,3,14797.0,1,4,4,At risk
C002930,770,2,14797.0,1,4,4,At risk
C004471,675,3,14797.0,1,4,4,At risk
C013460,462,1,14797.0,2,3,4,At risk
C020735,250,1,14797.0,3,3,4,Loyal
C027536,110,2,14797.0,4,4,4,Champions
C027706,35,2,14797.0,5,4,4,Champions
C007955,541,2,14798.0,2,4,4,At risk
C005557,648,2,14802.0,1,4,4,At risk
C002620,758,2,14806.0,1,4,4,At risk
C008034,578,3,14806.0,2,4,4,At risk
C016940,21,5,14825.0,5,5,4,Champions
C013263,422,2,14827.0,2,4,4,At risk
C010951,457,6,14830.0,2,5,4,At risk
C019073,230,3,14831.0,3,4,4,Loyal
C016464,280,5,14832.0,3,5,4,Loyal
C026664,131,4,14841.0,4,5,4,Champions
C002143,813,2,14846.0,1,4,4,At risk
C016946,344,3,14846.0,3,4,4,Loyal
C018464,311,2,14846.0,3,4,4,Loyal
C029884,2,2,14846.0,5,4,4,Champions
C034158,11,2,14846.0,5,4,4,Champions
C009046,554,3,14847.0,2,4,4,At risk
C021971,214,2,14847.0,3,4,4,Loyal
C025540,114,2,14847.0,4,4,4,Champions
C035074,16,1,14847.0,5,3,4,Loyal
C007145,638,1,14848.0,1,3,4,At risk
C005691,561,3,14862.0,2,4,4,At risk
C017336,257,6,14869.0,3,5,4,Loyal
C030675,18,3,14894.0,5,4,4,Champions
C007725,533,3,14895.0,2,4,4,At risk
C007935,459,3,14895.0,2,4,4,At risk
C009133,518,3,14895.0,2,4,4,At risk
C010335,481,3,14895.0,2,4,4,At risk
C023524,67,2,14895.0,5,4,4,Champions
C028393,27,4,14895.0,5,5,4,Champions
C031076,42,3,14895.0,5,4,4,Champions
C005194,668,2,14896.0,1,4,4,At risk
C009029,587,1,14896.0,1,3,4,At risk
C028383,29,3,14896.0,5,4,4,Champions
C031484,38,3,14896.0,5,4,4,Champions
C003319,773,1,14897.0,1,3,4,At risk
C019937,200,4,14897.0,4,5,4,Champions
C026919,98,3,14897.0,4,4,4,Champions
C005427,695,1,14898.0,1,3,4,At risk
C010643,538,2,14898.0,2,4,4,At risk
C016623,350,2,14898.0,3,4,4,Loyal
C019375,313,1,14898.0,3,3,4,Loyal
C021638,197,2,14898.0,4,4,4,Champions
C002928,786,1,14899.0,1,3,4,At risk
C006124,674,1,14899.0,1,3,4,At risk
C032038,71,1,14899.0,5,3,4,Loyal
C019980,277,2,14909.0,3,4,4,Loyal
C032830,56,1,14913.0,5,3,4,Loyal
C004413,577,6,14915.0,2,5,4,At risk
C003571,376,2,14936.0,2,4,4,At risk
C032864,22,3,14942.0,5,4,4,Champions
C026942,133,3,14943.0,4,4,4,Champions
C014068,350,3,14944.0,3,4,4,Loyal
C025945,172,2,14945.0,4,4,4,Champions
C034330,15,2,14945.0,5,4,4,Champions
C011553,519,1,14946.0,2,3,4,At risk
C027639,67,2,14946.0,5,4,4,Champions
C019523,251,3,14947.0,3,4,4,Loyal
C028070,138,2,14947.0,4,4,4,Champions
C030644,97,1,14948.0,4,3,4,Loyal
C005017,710,1,14956.0,1,3,4,At risk
C003353,578,4,14957.0,1,5,4,At risk
C018745,325,1,14958.0,3,3,4,Loyal
C024127,215,1,14981.0,3,3,4,Loyal
C003249,730,2,14985.0,1,4,4,At risk
C014011,256,4,14990.0,3,5,4,Loyal
C018020,104,6,14992.0,4,5,4,Champions
C022304,67,3,14993.0,5,4,4,Champions
C029152,107,3,14993.0,4,4,4,Champions
C004153,742,1,14994.0,1,3,4,At risk
C021895,139,4,14994.0,4,5,4,Champions
C031048,1,5,14994.0,5,5,4,Champions
C012141,459,2,14995.0,2,4,4,At risk
C014225,15,5,14995.0,5,5,4,Champions
C018631,221,2,14995.0,3,4,4,Loyal
C020528,200,3,14995.0,4,4,4,Champions
C026341,113,3,14995.0,4,4,4,Champions
C004082,591,3,14996.0,1,4,4,At risk
C015294,370,2,14996.0,2,4,4,At risk
C017452,355,1,14996.0,3,3,4,Loyal
C027563,137,2,14996.0,4,4,4,Champions
C002394,804,1,14997.0,1,3,4,At risk
C028963,72,2,14997.0,5,4,4,Champions
C027512,29,4,14998.0,5,5,4,Champions
C033558,28,2,14998.0,5,4,4,Champions
C008141,604,1,15001.0,1,3,4,At risk
C008277,434,3,15006.0,2,4,4,At risk
C019837,200,3,15007.0,4,4,4,Champions
C022506,75,4,15011.0,5,5,4,Champions
C000387,879,1,15042.0,1,3,4,At risk
C003684,700,3,15044.0,1,4,4,At risk
C003746,633,5,15044.0,1,5,4,At risk
C007199,600,2,15044.0,1,4,4,At risk
C021168,243,3,15044.0,3,4,4,Loyal
C030855,80,4,15044.0,5,5,4,Champions
C006018,617,3,15045.0,1,4,4,At risk
C006292,648,3,15045.0,1,4,4,At risk
C002195,747,3,15047.0,1,4,4,At risk
C032845,23,2,15047.0,5,4,4,Champions
C013146,418,3,15050.0,2,4,4,At risk
C004618,659,3,15054.0,1,4,4,At risk
C030334,98,2,15054.0,4,4,4,Champions
C013169,463,2,15056.0,2,4,4,At risk
C008337,472,5,15066.0,2,5,4,At risk
C016567,317,3,15068.0,3,4,4,Loyal
C021910,200,4,15073.0,4,5,4,Champions
C035072,11,2,15078.0,5,4,4,Champions
C033794,28,2,15079.0,5,4,4,Champions
C024180,214,1,15080.0,3,3,4,Loyal
C027389,111,2,15081.0,4,4,4,Champions
C029658,82,3,15091.0,5,4,4,Champions
C024987,194,2,15092.0,4,4,4,Champions
C012518,417,2,15094.0,2,4,4,At risk
C001902,744,3,15095.0,1,4,4,At risk
C027944,135,2,15095.0,4,4,4,Champions
C031367,47,4,15095.0,5,5,4,Champions
C012188,347,4,15096.0,3,5,4,Loyal
C017107,231,4,15096.0,3,5,4,Loyal
C032931,5,2,15096.0,5,4,4,Champions
C006888,647,1,15097.0,1,3,4,At risk
C031247,82,1,15097.0,5,3,4,Loyal
C001531,815,2,15098.0,1,4,4,At risk
C011830,496,1,15098.0,2,3,4,At risk
C014468,435,1,15098.0,2,3,4,At risk
C023467,203,2,15098.0,4,4,4,Champions
C011797,440,4,15101.0,2,5,4,At risk
C016942,310,3,15101.0,3,4,4,Loyal
C009822,565,1,15105.0,2,3,4,At risk
C019544,254,3,15106.0,3,4,4,Loyal
C022869,39,3,15106.0,5,4,4,Champions
C024472,190,2,15111.0,4,4,4,Champions
C034366,28,1,15126.0,5,3,4,Loyal
C016383,108,4,15127.0,4,5,4,Champions
C029263,105,2,15132.0,4,4,4,Champions
C014402,372,4,15144.0,2,5,4,At risk
C019122,293,2,15144.0,3,4,4,Loyal
C020360,270,2,15144.0,3,4,4,Loyal
C015162,379,2,15145.0,2,4,4,At risk
C020725,214,3,15145.0,3,4,4,Loyal
C018331,239,4,15146.0,3,5,4,Loyal
C027632,102,3,15146.0,4,4,4,Champions
C006733,592,3,15147.0,1,4,4,At risk
C032440,63,1,15147.0,5,3,4,Loyal
C030696,86,1,15148.0,4,3,4,Loyal
C001064,673,2,15152.0,1,4,4,At risk
C032429,57,2,15156.0,5,4,4,Champions
C011047,296,4,15161.0,3,5,4,Loyal
C018168,113,3,15162.0,4,4,4,Champions
C029973,0,3,15166.0,5,4,4,Champions
C000950,762,4,15168.0,1,5,4,At risk
C017469,355,1,15168.0,3,3,4,Loyal
C011368,347,4,15176.0,3,5,4,Loyal
C023172,200,2,15180.0,4,4,4,Champions
C026875,38,2,15188.0,5,4,4,Champions
C018626,20,3,15189.0,5,4,4,Champions
C001590,751,3,15192.0,1,4,4,At risk
C034103,33,1,15194.0,5,3,4,Loyal
C007752,596,2,15195.0,1,4,4,At risk
C015609,80,6,15195.0,5,5,4,Champions
C017488,308,3,15195.0,3,4,4,Loyal
C020050,99,4,15195.0,4,5,4,Champions
C022854,145,4,15195.0,4,5,4,Champions
C027267,97,3,15195.0,4,4,4,Champions
C007728,591,2,15196.0,1,4,4,At risk
C009781,478,4,15196.0,2,5,4,At risk
C016072,392,1,15196.0,2,3,4,At risk
C026703,17,2,15196.0,5,4,4,Champions
C001869,766,3,15197.0,1,4,4,At risk
C022766,228,1,15197.0,3,3,4,Loyal
C031824,69,1,15197.0,5,3,4,Loyal
C014535,412,2,15198.0,2,4,4,At risk
C023476,229,1,15198.0,3,3,4,Loyal
C023595,227,1,15198.0,3,3,4,Loyal
C001975,764,2,15205.0,1,4,4,At risk
C021671,97,4,15206.0,4,5,4,Champions
C000503,810,3,15209.0,1,4,4,At risk
C007423,629,1,15212.0,1,3,4,At risk
C026894,161,1,15212.0,4,3,4,Loyal
C013329,418,3,15213.0,2,4,4,At risk
C005581,669,1,15214.0,1,3,4,At risk
C024146,215,1,15214.0,3,3,4,Loyal
C006514,658,2,15216.0,1,4,4,At risk
C015314,283,3,15216.0,3,4,4,Loyal
C001428,845,2,15225.0,1,4,4,At risk
C025260,103,3,15231.0,4,4,4,Champions
C024041,44,3,15234.0,5,4,4,Champions
C006864,601,5,15240.0,1,5,4,At risk
C002337,808,2,15243.0,1,4,4,At risk
C012871,139,4,15243.0,4,5,4,Champions
C018096,280,3,15243.0,3,4,4,Loyal
C002103,766,3,15244.0,1,4,4,At risk
C004429,578,3,15244.0,1,4,4,At risk
C004350,407,3,15245.0,2,4,4,At risk
C007901,574,2,15245.0,2,4,4,At risk
C018093,227,3,15245.0,3,4,4,Loyal
C030679,78,2,15245.0,5,4,4,Champions
C031234,66,2,15245.0,5,4,4,Champions
C009161,550,3,15246.0,2,4,4,At risk
C028637,97,2,15246.0,4,4,4,Champions
C029485,111,2,15246.0,4,4,4,Champions
C033549,23,1,15246.0,5,3,4,Loyal
C022085,36,3,15247.0,5,4,4,Champions
C029656,108,2,15249.0,4,4,4,Champions
C026040,138,2,15251.0,4,4,4,Champions
C026039,157,2,15256.0,4,4,4,Champions
C017174,54,4,15270.0,5,5,4,Champions
C029589,86,3,15276.0,4,4,4,Champions
C013127,450,3,15277.0,2,4,4,At risk
C020597,214,4,15284.0,3,5,4,Loyal
C011695,314,4,15292.0,3,5,4,Loyal
C001158,678,3,15293.0,1,4,4,At risk
C006927,632,2,15293.0,1,4,4,At risk
C024115,25,3,15293.0,5,4,4,Champions
C030547,73,3,15293.0,5,4,4,Champions
C002956,635,3,15294.0,1,4,4,At risk
C003234,731,4,15294.0,1,5,4,At risk
C013805,409,3,15294.0,2,4,4,At risk
C016256,231,4,15294.0,3,5,4,Loyal
C017337,284,3,15294.0,3,4,4,Loyal
C017856,319,2,15294.0,3,4,4,Loyal
C024873,189,2,15294.0,4,4,4,Champions
C031170,49,2,15294.0,5,4,4,Champions
C013601,411,2,15295.0,2,4,4,At risk
C015197,340,3,15295.0,3,4,4,Loyal
C015788,165,3,15296.0,4,4,4,Champions
C017272,360,1,15296.0,3,3,4,Loyal
C030503,25,3,15296.0,5,4,4,Champions
C007431,628,1,15297.0,1,3,4,At risk
C014482,413,2,15297.0,2,4,4,At risk
C016442,380,1,15297.0,2,3,4,At risk
C009994,547,1,15298.0,2,3,4,At risk
C015353,405,1,15298.0,2,3,4,At risk
C006612,587,3,15302.0,1,4,4,At risk
C009032,441,4,15304.0,2,5,4,At risk
C019731,145,4,15304.0,4,5,4,Champions
C011822,375,5,15307.0,2,5,4,At risk
C000777,674,4,15312.0,1,5,4,At risk
C014234,410,2,15323.0,2,4,4,At risk
C020855,276,2,15329.0,3,4,4,Loyal
C032192,13,4,15332.0,5,5,4,Champions
C025567,56,5,15338.0,5,5,4,Champions
C024439,103,3,15342.0,4,4,4,Champions
C017908,214,2,15344.0,3,4,4,Loyal
C032911,12,3,15344.0,5,4,4,Champions
C009171,562,4,15345.0,2,5,4,At risk
C015414,324,4,15345.0,3,5,4,Loyal
C008906,514,1,15346.0,2,3,4,At risk
C010998,267,2,15346.0,3,4,4,Loyal
C012217,331,4,15346.0,3,5,4,Loyal
C020943,231,3,15346.0,3,4,4,Loyal
C031282,76,2,15346.0,5,4,4,Champions
C029096,94,3,15351.0,4,4,4,Champions
C007777,577,2,15357.0,2,4,4,At risk
C010488,458,3,15360.0,2,4,4,At risk
C021137,169,3,15363.0,4,4,4,Champions
C035636,5,1,15381.0,5,3,4,Loyal
C016388,383,1,15382.0,2,3,4,At risk
C019069,317,1,15382.0,3,3,4,Loyal
C002497,750,3,15393.0,1,4,4,At risk
C008083,483,7,15393.0,2,5,4,At risk
C015794,307,4,15393.0,3,5,4,Loyal
C007366,631,1,15394.0,1,3,4,At risk
C024881,147,2,15394.0,4,4,4,Champions
C002989,740,2,15395.0,1,4,4,At risk
C012211,461,3,15395.0,2,4,4,At risk
C014574,334,5,15395.0,3,5,4,Loyal
C021706,237,2,15395.0,3,4,4,Loyal
C003088,765,3,15396.0,1,4,4,At risk
C004087,740,2,15396.0,1,4,4,At risk
C012548,411,3,15396.0,2,4,4,At risk
C023864,60,4,15396.0,5,5,4,Champions
C032308,47,2,15396.0,5,4,4,Champions
C013104,472,1,15397.0,2,3,4,At risk
C025728,192,1,15397.0,4,3,4,Loyal
C027789,130,2,15397.0,4,4,4,Champions
C030037,81,2,15397.0,5,4,4,Champions
C032542,62,1,15397.0,5,3,4,Loyal
C033847,36,1,15397.0,5,3,4,Loyal
C032425,37,3,15400.0,5,4,4,Champions
C012050,353,4,15404.0,3,5,4,Loyal
C003366,513,3,15408.0,2,4,4,At risk
C019472,280,2,15411.0,3,4,4,Loyal
C028023,16,3,15411.0,5,4,4,Champions
C019735,186,3,15418.0,4,4,4,Champions
C022781,214,2,15427.0,3,4,4,Loyal
C011250,471,3,15441.0,2,4,4,At risk
C000830,680,3,15444.0,1,4,4,At risk
C007208,561,4,15444.0,2,5,4,At risk
C003703,753,2,15445.0,1,4,4,At risk
C011196,484,2,15445.0,2,4,4,At risk
C021179,67,3,15445.0,5,4,4,Champions
C012623,274,3,15446.0,3,4,4,Loyal
C014942,277,3,15446.0,3,4,4,Loyal
C018109,327,2,15446.0,3,4,4,Loyal
C035243,13,1,15447.0,5,3,4,Loyal
C031600,79,1,15448.0,5,3,4,Loyal
C015980,278,4,15450.0,3,5,4,Loyal
C008300,595,2,15452.0,1,4,4,At risk
C016100,392,1,15467.0,2,3,4,At risk
C023381,209,1,15468.0,4,3,4,Loyal
C022982,228,3,15474.0,3,4,4,Loyal
C026888,81,3,15475.0,5,4,4,Champions
C007223,596,3,15477.0,1,4,4,At risk
C029461,31,3,15488.0,5,4,4,Champions
C024636,100,3,15492.0,4,4,4,Champions
C004894,688,2,15493.0,1,4,4,At risk
C027436,94,4,15493.0,4,5,4,Champions
C003652,649,3,15494.0,1,4,4,At risk
C021549,228,4,15494.0,3,5,4,Loyal
C001980,641,3,15495.0,1,4,4,At risk
C011159,498,2,15495.0,2,4,4,At risk
C012132,458,1,15495.0,2,3,4,At risk
C012686,231,1,15495.0,3,3,4,Loyal
C024566,165,4,15495.0,4,5,4,Champions
C034496,22,1,15495.0,5,3,4,Loyal
C004826,608,2,15496.0,1,4,4,At risk
C015324,410,1,15496.0,2,3,4,At risk
C019354,11,3,15496.0,5,4,4,Champions
C026213,47,2,15496.0,5,4,4,Champions
C028509,53,3,15496.0,5,4,4,Champions
C032984,53,1,15496.0,5,3,4,Loyal
C034847,10,2,15496.0,5,4,4,Champions
C014340,438,1,15497.0,2,3,4,At risk
C017266,347,2,15497.0,3,4,4,Loyal
C018535,288,3,15497.0,3,4,4,Loyal
C020484,155,2,15497.0,4,4,4,Champions
C027083,164,2,15497.0,4,4,4,Champions
C029103,111,2,15497.0,4,4,4,Champions
C010522,387,5,15498.0,2,5,4,At risk
C018569,192,3,15500.0,4,4,4,Champions
C006087,629,4,15513.0,1,5,4,At risk
C007311,628,2,15523.0,1,4,4,At risk
C013332,398,2,15526.0,2,4,4,At risk
C009557,553,3,15536.0,2,4,4,At risk
C030827,6,3,15544.0,5,4,4,Champions
C012214,462,3,15545.0,2,4,4,At risk
C000186,787,3,15546.0,1,4,4,At risk
C025686,147,3,15546.0,4,4,4,Champions
C028045,124,2,15546.0,4,4,4,Champions
C025834,51,2,15547.0,5,4,4,Champions
C003404,617,2,15548.0,1,4,4,At risk
C018314,331,2,15551.0,3,4,4,Loyal
C008099,608,1,15553.0,1,3,4,At risk
C028056,97,1,15553.0,4,3,4,Loyal
C007373,552,3,15562.0,2,4,4,At risk
C024887,98,3,15563.0,4,4,4,Champions
C028677,39,3,15585.0,5,4,4,Champions
C007841,308,3,15593.0,3,4,4,Loyal
C015227,341,4,15593.0,3,5,4,Loyal
C014707,352,3,15594.0,3,4,4,Loyal
C020448,172,4,15594.0,4,5,4,Champions
C006993,587,3,15595.0,1,4,4,At risk
C022746,216,2,15595.0,3,4,4,Loyal
C006181,637,2,15596.0,1,4,4,At risk
C013627,246,3,15596.0,3,4,4,Loyal
C014650,416,2,15596.0,2,4,4,At risk
C015061,305,3,15596.0,3,4,4,Loyal
C017071,298,3,15596.0,3,4,4,Loyal
C025841,64,4,15596.0,5,5,4,Champions
C029155,117,2,15596.0,4,4,4,Champions
C006564,649,1,15597.0,1,3,4,At risk
C009508,573,1,15597.0,2,3,4,At risk
C010910,538,1,15597.0,2,3,4,At risk
C016179,390,1,15597.0,2,3,4,At risk
C016512,356,1,15597.0,3,3,4,Loyal
C021951,121,1,15597.0,4,3,4,Loyal
C025356,198,1,15597.0,4,3,4,Loyal
C027306,89,3,15597.0,4,4,4,Champions
C031094,5,3,15597.0,5,4,4,Champions
C032337,66,1,15597.0,5,3,4,Loyal
C032797,44,2,15597.0,5,4,4,Champions
C033401,45,1,15597.0,5,3,4,Loyal
C000286,884,2,15598.0,1,4,4,At risk
C002534,805,1,15598.0,1,3,4,At risk
C010253,559,1,15598.0,2,3,4,At risk
C023906,77,2,15598.0,5,4,4,Champions
C034982,17,1,15598.0,5,3,4,Loyal
C020334,200,3,15601.0,4,4,4,Champions
C022173,10,4,15603.0,5,5,4,Champions
C027720,66,3,15608.0,5,4,4,Champions
C006108,435,4,15628.0,2,5,4,At risk
C007683,565,3,15628.0,2,4,4,At risk
C001258,801,2,15632.0,1,4,4,At risk
C005941,681,1,15636.0,1,3,4,At risk
C030431,102,1,15636.0,4,3,4,Loyal
C022370,207,3,15637.0,4,4,4,Champions
C005327,600,4,15642.0,1,5,4,At risk
C011205,455,5,15643.0,2,5,4,At risk
C015429,320,5,15643.0,3,5,4,Loyal
C011545,436,4,15644.0,2,5,4,At risk
C015699,170,5,15644.0,4,5,4,Champions
C030018,85,2,15644.0,5,4,4,Champions
C007534,593,4,15645.0,1,5,4,At risk
C009792,541,2,15645.0,2,4,4,At risk
C012966,334,2,15645.0,3,4,4,Loyal
C026291,163,2,15645.0,4,4,4,Champions
C002741,453,3,15646.0,2,4,4,At risk
C011316,469,2,15649.0,2,4,4,At risk
C019751,236,4,15652.0,3,5,4,Loyal
C029934,0,1,15655.0,5,3,4,Loyal
C010203,459,4,15662.0,2,5,4,At risk
C017487,201,2,15691.0,4,4,4,Champions
C033687,25,2,15693.0,5,4,4,Champions
C000330,884,4,15694.0,1,5,4,At risk
C027133,150,1,15694.0,4,3,4,Loyal
C029598,73,3,15694.0,5,4,4,Champions
C021440,254,2,15695.0,3,4,4,Loyal
C001679,782,2,15696.0,1,4,4,At risk
C009845,552,1,15696.0,2,3,4,At risk
C018639,136,3,15696.0,4,4,4,Champions
C033250,25,2,15696.0,5,4,4,Champions
C002291,449,3,15697.0,2,4,4,At risk
C003751,708,1,15697.0,1,3,4,At risk
C011002,514,2,15697.0,2,4,4,At risk
C018424,316,3,15697.0,3,4,4,Loyal
C028337,140,1,15697.0,4,3,4,Loyal
C033161,48,2,15697.0,5,4,4,Champions
C035141,14,1,15697.0,5,3,4,Loyal
C011603,494,2,15698.0,2,4,4,At risk
C020536,181,2,15698.0,4,4,4,Champions
C029001,120,1,15698.0,4,3,4,Loyal
C003693,748,1,15699.0,1,3,4,At risk
C004163,741,1,15699.0,1,3,4,At risk
C008479,578,1,15699.0,2,3,4,At risk
C008681,596,1,15699.0,1,3,4,At risk
C009269,578,1,15699.0,2,3,4,At risk
C014013,447,1,15699.0,2,3,4,At risk
C014943,421,1,15699.0,2,3,4,At risk
C016565,379,1,15699.0,2,3,4,At risk
C020352,193,4,15699.0,4,5,4,Champions
C025798,191,1,15699.0,4,3,4,Loyal
C028167,143,1,15699.0,4,3,4,Loyal
C029511,116,1,15699.0,4,3,4,Loyal
C030879,86,1,15699.0,4,3,4,Loyal
C032551,61,1,15699.0,5,3,4,Loyal
C034450,11,1,15699.0,5,3,4,Loyal
C027588,28,4,15704.0,5,5,4,Champions
C004029,723,2,15707.0,1,4,4,At risk
C031153,61,2,15710.0,5,4,4,Champions
C017875,214,4,15713.0,3,5,4,Loyal
C027461,26,3,15713.0,5,4,4,Champions
C007309,633,1,15721.0,1,3,4,At risk
C024181,207,1,15723.0,4,3,4,Loyal
C008230,481,3,15732.0,2,4,4,At risk
C026833,156,2,15732.0,4,4,4,Champions
C008809,576,3,15736.0,2,4,4,At risk
C021281,27,4,15741.0,5,5,4,Champions
C004128,698,4,15743.0,1,5,4,At risk
C005013,674,4,15743.0,1,5,4,At risk
C008039,562,2,15743.0,2,4,4,At risk
C031054,10,5,15743.0,5,5,4,Champions
C002309,663,2,15745.0,1,4,4,At risk
C004382,596,3,15745.0,1,4,4,At risk
C015106,219,4,15745.0,3,5,4,Loyal
C004820,596,3,15746.0,1,4,4,At risk
C012980,466,2,15746.0,2,4,4,At risk
C020341,271,2,15746.0,3,4,4,Loyal
C000792,802,3,15747.0,1,4,4,At risk
C008878,592,1,15748.0,1,3,4,At risk
C022914,214,3,15760.0,3,4,4,Loyal
C011245,520,1,15765.0,2,3,4,At risk
C019017,170,3,15765.0,4,4,4,Champions
C025201,186,2,15779.0,4,4,4,Champions
C009373,546,2,15781.0,2,4,4,At risk
C011509,451,2,15785.0,2,4,4,At risk
C006350,560,5,15787.0,2,5,4,At risk
C019723,230,2,15789.0,3,4,4,Loyal
C010334,466,3,15791.0,2,4,4,At risk
C014114,425,2,15794.0,2,4,4,At risk
C014492,215,4,15794.0,3,5,4,Loyal
C014828,396,4,15794.0,2,5,4,At risk
C015273,310,3,15794.0,3,4,4,Loyal
C024655,28,3,15794.0,5,4,4,Champions
C026603,30,3,15794.0,5,4,4,Champions
C001612,697,2,15795.0,1,4,4,At risk
C001197,534,4,15796.0,2,5,4,At risk
C003224,675,2,15796.0,1,4,4,At risk
C013183,431,2,15796.0,2,4,4,At risk
C014118,15,3,15796.0,5,4,4,Champions
C003705,707,2,15797.0,1,4,4,At risk
C003713,757,1,15798.0,1,3,4,At risk
C015542,407,1,15798.0,2,3,4,At risk
C020135,295,1,15798.0,3,3,4,Loyal
C030600,83,2,15798.0,5,4,4,Champions
C001018,745,2,15799.0,1,4,4,At risk
C001846,832,1,15799.0,1,3,4,At risk
C006743,638,1,15799.0,1,3,4,At risk
C008657,596,1,15799.0,1,3,4,At risk
C011058,534,1,15799.0,2,3,4,At risk
C015315,413,1,15799.0,2,3,4,At risk
C017365,358,1,15799.0,3,3,4,Loyal
C017417,356,1,15799.0,3,3,4,Loyal
C033996,20,1,15799.0,5,3,4,Loyal
C017305,311,2,15804.0,3,4,4,Loyal
C010435,459,8,15813.0,2,5,4,At risk
C020237,232,4,15819.0,3,5,4,Loyal
C021701,90,2,15833.0,4,4,4,Champions
C003938,496,4,15842.0,2,5,4,At risk
C011726,507,2,15843.0,2,4,4,At risk
C025824,177,2,15843.0,4,4,4,Champions
C027008,76,2,15843.0,5,4,4,Champions
C017122,293,4,15844.0,3,5,4,Loyal
C008335,596,2,15845.0,1,4,4,At risk
C014822,403,3,15845.0,2,4,4,At risk
C031563,77,2,15845.0,5,4,4,Champions
C034332,28,1,15845.0,5,3,4,Loyal
C004650,655,2,15846.0,1,4,4,At risk
C018498,267,2,15846.0,3,4,4,Loyal
C006165,646,2,15853.0,1,4,4,At risk
C024949,21,3,15854.0,5,4,4,Champions
C034974,11,2,15864.0,5,4,4,Champions
C027056,53,5,15865.0,5,5,4,Champions
C023372,109,3,15866.0,4,4,4,Champions
C015415,391,2,15867.0,2,4,4,At risk
C021993,48,4,15870.0,5,5,4,Champions
C022404,231,1,15872.0,3,3,4,Loyal
C001223,814,3,15875.0,1,4,4,At risk
C011622,422,3,15877.0,2,4,4,At risk
C007986,578,2,15888.0,2,4,4,At risk
C032180,68,1,15892.0,5,3,4,Loyal
C000141,874,2,15893.0,1,4,4,At risk
C012870,422,3,15893.0,2,4,4,At risk
C013672,277,4,15894.0,3,5,4,Loyal
C022105,171,3,15894.0,4,4,4,Champions
C000915,758,2,15895.0,1,4,4,At risk
C019607,287,3,15895.0,3,4,4,Loyal
C020093,251,2,15895.0,3,4,4,Loyal
C021669,238,1,15895.0,3,3,4,Loyal
C000004,864,2,15896.0,1,4,4,At risk
C007512,602,2,15896.0,1,4,4,At risk
C019181,318,1,15896.0,3,3,4,Loyal
C019784,302,1,15896.0,3,3,4,Loyal
C025093,23,3,15896.0,5,4,4,Champions
C028865,103,3,15896.0,4,4,4,Champions
C003553,763,1,15897.0,1,3,4,At risk
C011583,460,2,15897.0,2,4,4,At risk
C013343,465,1,15897.0,2,3,4,At risk
C023630,211,1,15897.0,4,3,4,Loyal
C024319,124,2,15897.0,4,4,4,Champions
C035298,12,1,15898.0,5,3,4,Loyal
C020407,231,4,15900.0,3,5,4,Loyal
C000872,472,5,15910.0,2,5,4,At risk
C028634,74,2,15914.0,5,4,4,Champions
C017825,346,1,15935.0,3,3,4,Loyal
C013559,129,3,15936.0,4,4,4,Champions
C025479,123,4,15940.0,4,5,4,Champions
C021794,97,4,15943.0,4,5,4,Champions
C003991,105,9,15944.0,4,5,4,Champions
C029318,112,2,15945.0,4,4,4,Champions
C027122,118,2,15946.0,4,4,4,Champions
C022712,236,1,15947.0,3,3,4,Loyal
C024116,136,2,15955.0,4,4,4,Champions
C027687,113,3,15961.0,4,4,4,Champions
C014820,365,3,15968.0,3,4,4,Loyal
C026531,29,5,15970.0,5,5,4,Champions
C006310,643,4,15973.0,1,5,4,At risk
C025832,190,1,15975.0,4,3,4,Loyal
C008700,526,2,15976.0,2,4,4,At risk
C031813,75,1,15977.0,5,3,4,Loyal
C006162,673,1,15978.0,1,3,4,At risk
C006997,596,3,15978.0,1,4,4,At risk
C032178,31,3,15982.0,5,4,4,Champions
C025758,107,4,15983.0,4,5,4,Champions
C010179,552,2,15993.0,2,4,4,At risk
C013029,413,5,15993.0,2,5,4,At risk
C008844,474,4,15995.0,2,5,4,At risk
C009831,464,2,15995.0,2,4,4,At risk
C016050,345,2,15995.0,3,4,4,Loyal
C023557,134,2,15996.0,4,4,4,Champions
C027315,140,3,15996.0,4,4,4,Champions
C001451,842,2,15997.0,1,4,4,At risk
C009713,571,1,15997.0,2,3,4,At risk
C022539,208,2,15997.0,4,4,4,Champions
C005693,660,2,15998.0,1,4,4,At risk
C009797,542,2,15998.0,2,4,4,At risk
C031362,77,1,15998.0,5,3,4,Loyal
C003327,751,2,16019.0,1,4,4,At risk
C009352,460,5,16024.0,2,5,4,At risk
C023084,231,1,16024.0,3,3,4,Loyal
C004823,578,4,16025.0,1,5,4,At risk
C013149,462,2,16028.0,2,4,4,At risk
C006482,486,4,16044.0,2,5,4,At risk
C004124,559,3,16045.0,2,4,4,At risk
C034186,24,1,16045.0,5,3,4,Loyal
C011099,342,3,16046.0,3,4,4,Loyal
C018375,145,4,16046.0,4,5,4,Champions
C017868,200,3,16052.0,4,4,4,Champions
C009310,559,2,16053.0,2,4,4,At risk
C012370,418,5,16054.0,2,5,4,At risk
C013641,429,3,16055.0,2,4,4,At risk
C034465,26,1,16062.0,5,3,4,Loyal
C033817,27,1,16063.0,5,3,4,Loyal
C033884,2,3,16065.0,5,4,4,Champions
C004622,677,3,16070.0,1,4,4,At risk
C000042,819,4,16082.0,1,5,4,At risk
C021635,168,2,16083.0,4,4,4,Champions
C015849,79,5,16087.0,5,5,4,Champions
C021836,185,4,16088.0,4,5,4,Champions
C016288,300,4,16094.0,3,5,4,Loyal
C004292,627,2,16095.0,1,4,4,At risk
C011891,461,3,16095.0,2,4,4,At risk
C028323,141,1,16095.0,4,3,4,Loyal
C005619,610,2,16096.0,1,4,4,At risk
C009149,583,2,16096.0,1,4,4,At risk
C014309,378,4,16096.0,2,5,4,At risk
C018003,158,4,16096.0,4,5,4,Champions
C021941,214,3,16096.0,3,4,4,Loyal
C034380,9,2,16096.0,5,4,4,Champions
C000658,883,2,16097.0,1,4,4,At risk
C004633,676,1,16097.0,1,3,4,At risk
C017075,361,2,16097.0,3,4,4,Loyal
C018932,212,3,16097.0,3,4,4,Loyal
C020359,196,2,16097.0,4,4,4,Champions
C023065,159,2,16097.0,4,4,4,Champions
C030185,75,3,16097.0,5,4,4,Champions
C033278,11,3,16097.0,5,4,4,Champions
C014706,312,3,16100.0,3,4,4,Loyal
C032393,3,3,16102.0,5,4,4,Champions
C023552,83,6,16107.0,5,5,4,Champions
C009338,413,3,16110.0,2,4,4,At risk
C001421,804,3,16112.0,1,4,4,At risk
C020788,255,3,16113.0,3,4,4,Loyal
C029146,105,3,16113.0,4,4,4,Champions
C015040,348,5,16118.0,3,5,4,Loyal
C034109,17,2,16126.0,5,4,4,Champions
C005759,685,1,16127.0,1,3,4,At risk
C013818,451,2,16141.0,2,4,4,At risk
C014721,415,3,16143.0,2,4,4,At risk
C016229,182,5,16143.0,4,5,4,Champions
C027135,7,4,16144.0,5,5,4,Champions
C015355,300,3,16145.0,3,4,4,Loyal
C029542,80,2,16145.0,5,4,4,Champions
C033418,26,2,16145.0,5,4,4,Champions
C029004,92,1,16146.0,4,3,4,Loyal
C005514,668,1,16147.0,1,3,4,At risk
C007482,611,1,16147.0,1,3,4,At risk
C013975,446,1,16147.0,2,3,4,At risk
C015013,320,4,16158.0,3,5,4,Loyal
C024988,200,2,16161.0,4,4,4,Champions
C022313,105,5,16162.0,4,5,4,Champions
C001734,791,2,16168.0,1,4,4,At risk
C008862,565,3,16171.0,2,4,4,At risk
C022923,96,3,16173.0,4,4,4,Champions
C014997,211,2,16176.0,4,4,4,Champions
C011625,474,4,16189.0,2,5,4,At risk
C023438,200,2,16189.0,4,4,4,Champions
C025486,193,1,16190.0,4,3,4,Loyal
C001034,811,2,16193.0,1,4,4,At risk
C008380,595,2,16193.0,1,4,4,At risk
C009036,578,2,16193.0,2,4,4,At risk
C014278,411,2,16194.0,2,4,4,At risk
C032054,57,2,16194.0,5,4,4,Champions
C013822,383,3,16195.0,2,4,4,At risk
C019966,299,1,16195.0,3,3,4,Loyal
C028874,27,2,16195.0,5,4,4,Champions
C001665,751,4,16196.0,1,5,4,At risk
C002851,675,3,16196.0,1,4,4,At risk
C022030,178,2,16196.0,4,4,4,Champions
C032445,49,2,16196.0,5,4,4,Champions
C000051,868,2,16197.0,1,4,4,At risk
C007134,610,2,16197.0,1,4,4,At risk
C011595,502,2,16197.0,2,4,4,At risk
C016797,3,3,16197.0,5,4,4,Champions
C016903,346,1,16197.0,3,3,4,Loyal
C026860,19,3,16197.0,5,4,4,Champions
C019042,314,1,16198.0,3,3,4,Loyal
C001976,638,4,16201.0,1,5,4,At risk
C025837,123,4,16205.0,4,5,4,Champions
C002997,200,3,16209.0,4,4,4,Champions
C004640,708,2,16222.0,1,4,4,At risk
C001012,752,3,16226.0,1,4,4,At risk
C015539,368,2,16226.0,3,4,4,Loyal
C020212,39,4,16234.0,5,5,4,Champions
C007281,616,3,16244.0,1,4,4,At risk
C016368,249,4,16244.0,3,5,4,Loyal
C016774,350,2,16245.0,3,4,4,Loyal
C029671,112,1,16245.0,4,3,4,Loyal
C011091,385,3,16246.0,2,4,4,At risk
C002727,797,1,16247.0,1,3,4,At risk
C026873,103,3,16248.0,4,4,4,Champions
C027838,36,5,16251.0,5,5,4,Champions
C006639,564,4,16253.0,2,5,4,At risk
C025187,137,2,16254.0,4,4,4,Champions
C001031,792,4,16256.0,1,5,4,At risk
C027586,39,3,16260.0,5,4,4,Champions
C000335,829,3,16265.0,1,4,4,At risk
C022257,214,3,16273.0,3,4,4,Loyal
C008624,174,5,16276.0,4,5,4,Champions
C000569,827,2,16278.0,1,4,4,At risk
C000837,873,3,16279.0,1,4,4,At risk
C016744,347,3,16286.0,3,4,4,Loyal
C016898,353,2,16287.0,3,4,4,Loyal
C025173,200,1,16288.0,4,3,4,Loyal
C017591,257,4,16293.0,3,5,4,Loyal
C017700,155,3,16294.0,4,4,4,Champions
C003847,668,3,16295.0,1,4,4,At risk
C005175,571,2,16295.0,2,4,4,At risk
C020529,270,2,16295.0,3,4,4,Loyal
C022868,138,2,16295.0,4,4,4,Champions
C014585,253,3,16296.0,3,4,4,Loyal
C015058,241,3,16296.0,3,4,4,Loyal
C018080,292,2,16296.0,3,4,4,Loyal
C021925,231,2,16296.0,3,4,4,Loyal
C025804,104,2,16296.0,4,4,4,Champions
C008788,590,2,16297.0,1,4,4,At risk
C018224,158,3,16297.0,4,4,4,Champions
C011937,466,4,16298.0,2,5,4,At risk
C010502,514,3,16304.0,2,4,4,At risk
C009188,473,2,16307.0,2,4,4,At risk
C026859,56,3,16309.0,5,4,4,Champions
C004959,712,1,16318.0,1,3,4,At risk
C014836,67,6,16327.0,5,5,4,Champions
C018872,287,4,16341.0,3,5,4,Loyal
C000256,823,3,16344.0,1,4,4,At risk
C026060,42,5,16344.0,5,5,4,Champions
C005998,67,4,16345.0,5,5,4,Champions
C013420,325,3,16346.0,3,4,4,Loyal
C013964,65,3,16346.0,5,4,4,Champions
C011110,511,2,16347.0,2,4,4,At risk
C026786,85,2,16347.0,5,4,4,Champions
C009578,416,2,16348.0,2,4,4,At risk
C028548,121,2,16348.0,4,4,4,Champions
C008142,331,4,16354.0,3,5,4,Loyal
C012446,447,3,16366.0,2,4,4,At risk
C026142,66,6,16369.0,5,5,4,Champions
C023395,185,2,16383.0,4,4,4,Champions
C027957,142,2,16384.0,4,4,4,Champions
C012951,465,2,16387.0,2,4,4,At risk
C020531,214,4,16391.0,3,5,4,Loyal
C013436,121,6,16394.0,4,5,4,Champions
C015797,399,2,16394.0,2,4,4,At risk
C018339,212,3,16394.0,3,4,4,Loyal
C013826,250,3,16395.0,3,4,4,Loyal
C018157,270,2,16395.0,3,4,4,Loyal
C021275,248,2,16395.0,3,4,4,Loyal
C014683,367,2,16396.0,3,4,4,Loyal
C005692,683,1,16397.0,1,3,4,At risk
C016389,361,2,16398.0,3,4,4,Loyal
C019618,202,4,16400.0,4,5,4,Champions
C031428,79,1,16401.0,5,3,4,Loyal
C006632,562,3,16411.0,2,4,4,At risk
C007171,565,3,16421.0,2,4,4,At risk
C023902,217,2,16421.0,3,4,4,Loyal
C002717,745,3,16426.0,1,4,4,At risk
C023926,103,3,16429.0,4,4,4,Champions
C006316,564,4,16430.0,2,5,4,At risk
C003731,720,3,16444.0,1,4,4,At risk
C014821,364,3,16444.0,3,4,4,Loyal
C018090,329,1,16444.0,3,3,4,Loyal
C014014,365,4,16445.0,3,5,4,Loyal
C014345,430,2,16445.0,2,4,4,At risk
C028147,11,3,16445.0,5,4,4,Champions
C028437,61,3,16445.0,5,4,4,Champions
C030074,29,3,16445.0,5,4,4,Champions
C000648,683,4,16446.0,1,5,4,At risk
C011577,440,2,16446.0,2,4,4,At risk
C015488,209,2,16446.0,4,4,4,Champions
C028289,129,1,16446.0,4,3,4,Loyal
C029277,43,3,16447.0,5,4,4,Champions
C014341,412,2,16448.0,2,4,4,At risk
C028912,110,2,16457.0,4,4,4,Champions
C015173,231,2,16461.0,3,4,4,Loyal
C007709,54,4,16477.0,5,5,4,Champions
C003254,776,1,16484.0,1,3,4,At risk
C029751,109,2,16484.0,4,4,4,Champions
C010778,514,1,16485.0,2,3,4,At risk
C031785,45,2,16489.0,5,4,4,Champions
C015549,396,2,16490.0,2,4,4,At risk
C004507,645,5,16493.0,1,5,4,At risk
C014560,405,4,16494.0,2,5,4,At risk
C017681,162,3,16494.0,4,4,4,Champions
C029322,103,3,16494.0,4,4,4,Champions
C029377,81,2,16494.0,5,4,4,Champions
C017971,309,2,16495.0,3,4,4,Loyal
C031141,41,2,16495.0,5,4,4,Champions
C032245,43,2,16495.0,5,4,4,Champions
C005149,685,2,16496.0,1,4,4,At risk
C008897,465,2,16496.0,2,4,4,At risk
C010422,547,2,16496.0,2,4,4,At risk
C008401,596,1,16497.0,1,3,4,At risk
C032601,42,3,16497.0,5,4,4,Champions
C000233,845,2,16498.0,1,4,4,At risk
C021390,85,3,16502.0,4,4,4,Champions
C015840,385,2,16507.0,2,4,4,At risk
C029016,124,1,16511.0,4,3,4,Loyal
C007347,630,3,16516.0,1,4,4,At risk
C025161,70,3,16525.0,5,4,4,Champions
C007144,110,3,16526.0,4,4,4,Champions
C006738,652,1,16530.0,1,3,4,At risk
C012586,319,3,16538.0,3,4,4,Loyal
C031683,71,2,16539.0,5,4,4,Champions
C010657,334,6,16541.0,3,5,4,Loyal
C016854,160,4,16542.0,4,5,4,Champions
C007510,450,4,16544.0,2,5,4,At risk
C022016,7,5,16544.0,5,5,4,Champions
C028621,81,3,16545.0,5,4,4,Champions
C012957,341,2,16547.0,3,4,4,Loyal
C034734,15,1,16548.0,5,3,4,Loyal
C032444,49,3,16554.0,5,4,4,Champions
C020552,111,5,16560.0,4,5,4,Champions
C001730,816,4,16564.0,1,5,4,At risk
C003503,696,4,16569.0,1,5,4,At risk
C018196,222,5,16575.0,3,5,4,Loyal
C013189,275,4,16594.0,3,5,4,Loyal
C017510,302,4,16595.0,3,5,4,Loyal
C021481,138,3,16595.0,4,4,4,Champions
C001994,621,3,16596.0,1,4,4,At risk
C016551,191,3,16596.0,4,4,4,Champions
C026176,67,4,16596.0,5,5,4,Champions
C030332,84,3,16596.0,5,4,4,Champions
C031958,54,3,16596.0,5,4,4,Champions
C013115,465,1,16597.0,2,3,4,At risk
C015437,410,1,16597.0,2,3,4,At risk
C000383,884,1,16598.0,1,3,4,At risk
C022316,240,1,16598.0,3,3,4,Loyal
C022730,204,1,16598.0,4,3,4,Loyal
C025687,193,1,16598.0,4,3,4,Loyal
C033238,49,1,16598.0,5,3,4,Loyal
C028965,22,5,16599.0,5,5,4,Champions
C018721,267,3,16611.0,3,4,4,Loyal
C031290,2,3,16615.0,5,4,4,Champions
C008341,396,6,16620.0,2,5,4,At risk
C014429,200,5,16621.0,4,5,4,Champions
C004809,675,3,16623.0,1,4,4,At risk
C008375,578,2,16629.0,2,4,4,At risk
C025868,156,2,16629.0,4,4,4,Champions
C005351,673,2,16630.0,1,4,4,At risk
C007029,541,3,16635.0,2,4,4,At risk
C030218,34,3,16636.0,5,4,4,Champions
C003828,578,4,16639.0,1,5,4,At risk
C026820,137,2,16640.0,4,4,4,Champions
C009982,563,2,16641.0,2,4,4,At risk
C018413,154,5,16642.0,4,5,4,Champions
C002322,803,3,16643.0,1,4,4,At risk
C010931,446,3,16643.0,2,4,4,At risk
C026350,147,2,16644.0,4,4,4,Champions
C026768,110,3,16644.0,4,4,4,Champions
C033048,4,3,16644.0,5,4,4,Champions
C004724,668,2,16645.0,1,4,4,At risk
C005668,605,3,16645.0,1,4,4,At risk
C014093,424,2,16645.0,2,4,4,At risk
C025464,193,2,16645.0,4,4,4,Champions
C015531,378,2,16646.0,2,4,4,At risk
C018398,324,2,16646.0,3,4,4,Loyal
C018462,263,4,16646.0,3,5,4,Loyal
C017661,350,1,16648.0,3,3,4,Loyal
C000369,724,3,16650.0,1,4,4,At risk
C009537,308,2,16653.0,3,4,4,Loyal
C012271,455,2,16653.0,2,4,4,At risk
C027611,11,2,16653.0,5,4,4,Champions
C012250,497,1,16657.0,2,3,4,At risk
C018814,157,3,16658.0,4,4,4,Champions
C016668,317,3,16661.0,3,4,4,Loyal
C020969,49,5,16661.0,5,5,4,Champions
C000559,511,5,16662.0,2,5,4,At risk
C022402,214,2,16666.0,3,4,4,Loyal
C018892,195,3,16668.0,4,4,4,Champions
C007382,459,6,16674.0,2,5,4,At risk
C013315,464,2,16675.0,2,4,4,At risk
C027431,28,4,16678.0,5,5,4,Champions
C008385,578,3,16684.0,2,4,4,At risk
C016636,281,4,16692.0,3,5,4,Loyal
C026774,13,4,16692.0,5,5,4,Champions
C001060,774,4,16693.0,1,5,4,At risk
C027211,30,3,16693.0,5,4,4,Champions
C026188,87,4,16694.0,4,5,4,Champions
C028689,106,3,16694.0,4,4,4,Champions
C002396,785,3,16695.0,1,4,4,At risk
C003699,560,4,16695.0,2,5,4,At risk
C009566,297,4,16695.0,3,5,4,Loyal
C013768,93,3,16695.0,4,4,4,Champions
C028902,107,2,16695.0,4,4,4,Champions
C008706,466,4,16696.0,2,5,4,At risk
C016497,171,4,16696.0,4,5,4,Champions
C025744,101,2,16696.0,4,4,4,Champions
C027249,116,2,16696.0,4,4,4,Champions
C030847,91,2,16696.0,4,4,4,Champions
C001016,803,4,16697.0,1,5,4,At risk
C034532,24,1,16697.0,5,3,4,Loyal
C035294,5,2,16697.0,5,4,4,Champions
C008755,595,1,16698.0,1,3,4,At risk
C016075,223,2,16698.0,3,4,4,Loyal
C031527,13,2,16698.0,5,4,4,Champions
C032247,58,1,16698.0,5,3,4,Loyal
C001383,854,1,16699.0,1,3,4,At risk
C003909,750,1,16699.0,1,3,4,At risk
C008725,588,1,16699.0,1,3,4,At risk
C013143,470,1,16699.0,2,3,4,At risk
C021882,246,2,16699.0,3,4,4,Loyal
C028355,140,1,16699.0,4,3,4,Loyal
C030380,89,1,16699.0,4,3,4,Loyal
C033230,39,1,16699.0,5,3,4,Loyal
C033895,37,1,16699.0,5,3,4,Loyal
C034876,6,1,16699.0,5,3,4,Loyal
C035297,12,1,16699.0,5,3,4,Loyal
C001808,209,6,16701.0,4,5,4,Champions
C008461,534,3,16707.0,2,4,4,At risk
C032032,57,2,16711.0,5,4,4,Champions
C017279,203,4,16714.0,4,5,4,Champions
C030079,13,2,16717.0,5,4,4,Champions
C016693,230,4,16732.0,3,5,4,Loyal
C007350,399,4,16734.0,2,5,4,At risk
C007597,601,2,16734.0,1,4,4,At risk
C009419,571,1,16743.0,2,3,4,At risk
C028445,84,2,16744.0,5,4,4,Champions
C006390,425,4,16745.0,2,5,4,At risk
C031470,35,2,16745.0,5,4,4,Champions
C002058,690,3,16746.0,1,4,4,At risk
C001287,687,2,16747.0,1,4,4,At risk
C002135,633,3,16747.0,1,4,4,At risk
C026387,115,2,16747.0,4,4,4,Champions
C027795,105,2,16755.0,4,4,4,Champions
C033067,2,4,16766.0,5,5,4,Champions
C002372,766,2,16775.0,1,4,4,At risk
C009221,486,5,16791.0,2,5,4,At risk
C012806,361,4,16793.0,3,5,4,Loyal
C025749,164,3,16793.0,4,4,4,Champions
C010942,509,2,16794.0,2,4,4,At risk
C030382,29,2,16794.0,5,4,4,Champions
C004609,619,3,16795.0,1,4,4,At risk
C005202,622,3,16795.0,1,4,4,At risk
C008009,543,3,16795.0,2,4,4,At risk
C011397,522,1,16796.0,2,3,4,At risk
C012138,321,3,16796.0,3,4,4,Loyal
C021653,225,3,16796.0,3,4,4,Loyal
C032828,15,3,16796.0,5,4,4,Champions
C004675,674,3,16797.0,1,4,4,At risk
C000397,794,2,16798.0,1,4,4,At risk
C008719,591,2,16798.0,1,4,4,At risk
C018387,334,1,16798.0,3,3,4,Loyal
C000631,885,1,16799.0,1,3,4,At risk
C007375,628,1,16799.0,1,3,4,At risk
C028966,113,1,16799.0,4,3,4,Loyal
C031091,75,1,16799.0,5,3,4,Loyal
C032606,33,1,16799.0,5,3,4,Loyal
C034454,23,1,16799.0,5,3,4,Loyal
C027603,76,2,16815.0,5,4,4,Champions
C007201,469,2,16816.0,2,4,4,At risk
C030099,47,2,16821.0,5,4,4,Champions
C006132,674,1,16828.0,1,3,4,At risk
C023157,83,2,16833.0,5,4,4,Champions
C018694,2,6,16834.0,5,5,4,Champions
C023617,172,4,16839.0,4,5,4,Champions
C006739,569,3,16843.0,2,4,4,At risk
C008585,255,4,16843.0,3,5,4,Loyal
C029117,104,2,16843.0,4,4,4,Champions
C022772,36,3,16844.0,5,4,4,Champions
C013346,385,3,16846.0,2,4,4,At risk
C017422,311,3,16846.0,3,4,4,Loyal
C030468,97,1,16846.0,4,3,4,Loyal
C004442,731,1,16847.0,1,3,4,At risk
C030732,92,1,16847.0,4,3,4,Loyal
C011645,274,4,16848.0,3,5,4,Loyal
C025637,157,3,16848.0,4,4,4,Champions
C011012,509,3,16850.0,2,4,4,At risk
C028135,5,4,16855.0,5,5,4,Champions
C020656,147,3,16860.0,4,4,4,Champions
C011992,108,8,16866.0,4,5,4,Champions
C003127,767,3,16868.0,1,5,4,At risk
C015172,340,3,16878.0,3,5,4,Loyal
C010209,497,3,16880.0,2,5,4,At risk
C015724,354,4,16881.0,3,5,4,Loyal
C022400,223,5,16889.0,3,5,4,Loyal
C017442,331,2,16890.0,3,4,4,Loyal
C010540,490,3,16893.0,2,5,4,At risk
C028736,29,2,16893.0,5,4,4,Champions
C013269,406,2,16894.0,2,4,4,At risk
C013938,211,6,16894.0,4,5,4,Champions
C017162,317,4,16894.0,3,5,4,Loyal
C023825,86,3,16894.0,4,5,4,Champions
C029337,88,3,16894.0,4,5,4,Champions
C003468,703,4,16895.0,1,5,4,At risk
C004850,700,2,16895.0,1,4,4,At risk
C008232,581,3,16895.0,1,5,4,At risk
C015550,365,3,16895.0,3,5,4,Loyal
C016902,364,2,16895.0,3,4,4,Loyal
C007125,562,2,16896.0,2,4,4,At risk
C028744,97,2,16896.0,4,4,4,Champions
C021940,242,2,16897.0,3,4,4,Loyal
C022698,152,3,16897.0,4,5,4,Champions
C033748,40,1,16897.0,5,3,4,Loyal
C006683,655,1,16898.0,1,3,4,At risk
C034709,19,1,16898.0,5,3,4,Loyal
C007096,631,1,16899.0,1,3,4,At risk
C026399,175,1,16899.0,4,3,4,Loyal
C022617,84,3,16901.0,5,5,4,Champions
C001914,828,1,16911.0,1,3,4,At risk
C015044,146,5,16912.0,4,5,4,Champions
C032986,40,2,16912.0,5,4,4,Champions
C007903,482,3,16921.0,2,5,4,At risk
C022484,56,5,16924.0,5,5,4,Champions
C015389,105,4,16925.0,4,5,4,Champions
C014364,380,3,16930.0,2,5,4,At risk
C011465,129,4,16933.0,4,5,4,Champions
C009240,527,4,16942.0,2,5,4,At risk
C017102,267,2,16943.0,3,4,4,Loyal
C004791,390,4,16944.0,2,5,4,At risk
C022446,231,2,16944.0,3,4,4,Loyal
C028328,88,2,16944.0,4,4,4,Champions
C028979,99,4,16944.0,4,5,4,Champions
C000408,654,2,16945.0,1,4,4,At risk
C012784,331,4,16945.0,3,5,4,Loyal
C021236,45,4,16945.0,5,5,4,Champions
C016961,220,4,16947.0,3,5,4,Loyal
C019540,297,2,16947.0,3,4,4,Loyal
C026486,134,2,16947.0,4,4,4,Champions
C029271,122,1,16947.0,4,3,4,Loyal
C022637,235,2,16948.0,3,4,4,Loyal
C012983,355,3,16952.0,3,5,4,Loyal
C019109,319,1,16956.0,3,3,4,Loyal
C021589,228,2,16970.0,3,4,4,Loyal
C035513,6,2,16970.0,5,4,4,Champions
C025351,199,1,16975.0,4,3,4,Loyal
C022740,231,2,16989.0,3,4,4,Loyal
C001030,627,5,16991.0,1,5,4,At risk
C011138,503,3,16993.0,2,5,4,At risk
C004293,453,3,16995.0,2,5,4,At risk
C012808,273,2,16995.0,3,4,4,Loyal
C013370,450,2,16995.0,2,4,4,At risk
C014986,319,5,16995.0,3,5,4,Loyal
C018603,305,2,16995.0,3,4,4,Loyal
C029129,5,2,16995.0,5,4,4,Champions
C035629,5,1,16995.0,5,3,4,Loyal
C011593,360,2,16996.0,3,4,4,Loyal
C033520,19,2,16996.0,5,4,4,Champions
C001926,814,2,16997.0,1,4,4,At risk
C007358,558,2,16997.0,2,4,4,At risk
C014929,356,2,16997.0,3,4,4,Loyal
C026438,50,2,16997.0,5,4,4,Champions
C026891,169,1,16997.0,4,3,4,Loyal
C029506,108,2,16997.0,4,4,4,Champions
C000147,803,2,16998.0,1,4,4,At risk
C006373,666,1,16998.0,1,3,4,At risk
C007087,577,1,16998.0,2,3,4,At risk
C027583,73,2,16998.0,5,4,4,Champions
C034255,30,1,16998.0,5,3,4,Loyal
C014314,327,2,17018.0,3,4,4,Loyal
C029023,27,4,17019.0,5,5,4,Champions
C022583,24,5,17020.0,5,5,4,Champions
C019630,189,3,17021.0,4,5,4,Champions
C008920,509,3,17023.0,2,5,4,At risk
C010576,390,4,17042.0,2,5,4,At risk
C018560,311,4,17042.0,3,5,4,Loyal
C018120,289,5,17043.0,3,5,4,Loyal
C021412,90,7,17044.0,4,5,4,Champions
C023774,223,1,17044.0,3,3,4,Loyal
C006932,628,2,17045.0,1,4,4,At risk
C016541,5,4,17045.0,5,5,4,Champions
C012609,457,2,17046.0,2,4,4,At risk
C022082,192,3,17046.0,4,5,4,Champions
C006706,651,1,17047.0,1,3,4,At risk
C024199,55,3,17064.0,5,5,4,Champions
C029897,81,3,17073.0,5,5,4,Champions
C012607,456,3,17076.0,2,5,4,At risk
C022459,57,4,17077.0,5,5,4,Champions
C023955,181,4,17090.0,4,5,4,Champions
C010194,475,2,17093.0,2,4,4,At risk
C019554,161,5,17093.0,4,5,4,Champions
C021808,233,3,17093.0,3,5,4,Loyal
C027612,113,2,17094.0,4,4,4,Champions
C002248,816,1,17095.0,1,3,4,At risk
C000772,866,2,17097.0,1,4,4,At risk
C006323,665,2,17097.0,1,4,4,At risk
C020101,294,1,17097.0,3,3,4,Loyal
C028930,11,2,17100.0,5,4,4,Champions
C027731,86,3,17112.0,4,5,4,Champions
C000356,808,4,17115.0,1,5,4,At risk
C004978,684,3,17115.0,1,5,4,At risk
C029010,104,3,17126.0,4,5,4,Champions
C013098,453,3,17139.0,2,5,4,At risk
C023882,152,5,17142.0,4,5,4,Champions
C029076,17,3,17142.0,5,5,4,Champions
C005093,517,2,17143.0,2,4,4,At risk
C011416,451,5,17143.0,2,5,4,At risk
C012532,312,2,17145.0,3,4,4,Loyal
C014406,369,3,17145.0,3,5,4,Loyal
C027794,114,3,17145.0,4,5,4,Champions
C003114,451,4,17146.0,2,5,4,At risk
C015004,421,1,17168.0,2,3,4,At risk
C007162,514,4,17176.0,2,5,4,At risk
C034930,2,2,17176.0,5,4,4,Champions
C012043,489,2,17178.0,2,4,4,At risk
C021793,138,3,17187.0,4,5,4,Champions
C007529,310,5,17189.0,3,5,4,Loyal
C021795,99,4,17192.0,4,5,4,Champions
C012101,403,4,17194.0,2,5,4,At risk
C018278,181,3,17194.0,4,5,4,Champions
C031608,66,2,17194.0,5,4,4,Champions
C004914,626,3,17195.0,1,5,4,At risk
C005633,201,2,17195.0,4,4,4,Champions
C022733,145,4,17195.0,4,5,4,Champions
C024065,193,2,17195.0,4,4,4,Champions
C031665,52,2,17195.0,5,4,4,Champions
C006260,581,2,17196.0,1,4,4,At risk
C024966,203,1,17196.0,4,3,4,Loyal
C006642,627,2,17197.0,1,4,4,At risk
C013974,448,1,17198.0,2,3,4,At risk
C025397,100,3,17200.0,4,5,4,Champions
C029047,61,4,17204.0,5,5,4,Champions
C006419,557,4,17206.0,2,5,4,At risk
C020564,214,2,17220.0,3,4,4,Loyal
C016517,227,4,17226.0,3,5,4,Loyal
C007888,418,4,17230.0,2,5,4,At risk
C002369,782,3,17243.0,1,5,4,At risk
C028616,64,3,17243.0,5,5,4,Champions
C013477,420,3,17244.0,2,5,4,At risk
C006597,551,2,17245.0,2,4,4,At risk
C011476,300,4,17245.0,3,5,4,Loyal
C027689,72,2,17245.0,5,4,4,Champions
C010541,465,3,17246.0,2,5,4,At risk
C015712,389,1,17246.0,2,3,4,At risk
C019556,231,3,17246.0,3,5,4,Loyal
C023419,200,2,17246.0,4,4,4,Champions
C034619,22,1,17246.0,5,3,4,Loyal
C014695,258,2,17247.0,3,4,4,Loyal
C026028,186,1,17251.0,4,3,4,Loyal
C017037,224,5,17257.0,3,5,4,Loyal
C002732,791,3,17269.0,1,5,4,At risk
C015275,413,2,17271.0,2,4,4,At risk
C013587,460,1,17278.0,2,3,4,At risk
C012365,413,3,17284.0,2,5,4,At risk
C002516,792,2,17285.0,1,4,4,At risk
C026132,33,2,17285.0,5,4,4,Champions
C029987,23,2,17285.0,5,4,4,Champions
C018470,133,5,17292.0,4,5,4,Champions
C002505,773,2,17293.0,1,4,4,At risk
C004183,667,2,17294.0,1,4,4,At risk
C004404,704,2,17294.0,1,4,4,At risk
C016885,370,1,17295.0,2,3,4,At risk
C026771,118,3,17295.0,4,5,4,Champions
C017557,311,2,17296.0,3,4,4,Loyal
C018996,291,2,17296.0,3,4,4,Loyal
C023129,207,2,17296.0,4,4,4,Champions
C033013,19,3,17296.0,5,5,4,Champions
C012478,447,2,17297.0,2,4,4,At risk
C013907,366,3,17297.0,3,5,4,Loyal
C018894,303,2,17297.0,3,4,4,Loyal
C031011,81,3,17297.0,5,5,4,Champions
C022321,119,2,17298.0,4,4,4,Champions
C030029,73,3,17299.0,5,5,4,Champions
C004563,701,2,17300.0,1,4,4,At risk
C000974,542,5,17309.0,2,5,4,At risk
C022762,109,4,17310.0,4,5,4,Champions
C001081,788,3,17311.0,1,5,4,At risk
C015242,96,4,17311.0,4,5,4,Champions
C015830,343,5,17319.0,3,5,4,Loyal
C015211,402,2,17328.0,2,4,4,At risk
C022947,195,3,17334.0,4,5,4,Champions
C022817,231,2,17336.0,3,4,4,Loyal
C035402,5,1,17336.0,5,3,4,Loyal
C016496,357,5,17342.0,3,5,4,Loyal
C013921,8,5,17343.0,5,5,4,Champions
C020230,283,3,17343.0,3,5,4,Loyal
C021342,134,4,17343.0,4,5,4,Champions
C029717,55,3,17344.0,5,5,4,Champions
C000787,743,4,17345.0,1,5,4,At risk
C006540,607,2,17345.0,1,4,4,At risk
C008964,440,4,17345.0,2,5,4,At risk
C012039,390,2,17345.0,2,4,4,At risk
C014106,401,2,17345.0,2,4,4,At risk
C022679,193,2,17346.0,4,4,4,Champions
C000773,710,3,17361.0,1,5,4,At risk
C006229,319,3,17372.0,3,5,4,Loyal
C003065,688,4,17381.0,1,5,4,At risk
C007032,636,2,17382.0,1,4,4,At risk
C009810,502,2,17392.0,2,4,4,At risk
C004278,668,4,17393.0,1,5,4,At risk
C006915,555,4,17393.0,2,5,4,At risk
C002662,710,4,17394.0,1,5,4,At risk
C023512,228,1,17394.0,3,3,4,Loyal
C016784,370,1,17395.0,2,3,4,At risk
C028246,68,3,17395.0,5,5,4,Champions
C003529,643,3,17396.0,1,5,4,At risk
C019266,276,2,17396.0,3,4,4,Loyal
C026920,143,2,17396.0,4,4,4,Champions
C011362,464,3,17397.0,2,5,4,At risk
C012399,217,3,17397.0,3,5,4,Loyal
C025488,175,2,17397.0,4,4,4,Champions
C024188,200,2,17398.0,4,4,4,Champions
C032033,46,2,17399.0,5,4,4,Champions
C019383,278,6,17406.0,3,5,4,Loyal
C022656,34,3,17413.0,5,5,4,Champions
C020751,202,3,17415.0,4,5,4,Champions
C001528,720,4,17422.0,1,5,4,At risk
C032588,57,1,17422.0,5,3,4,Loyal
C032298,32,3,17430.0,5,5,4,Champions
C027585,145,1,17443.0,4,3,4,Loyal
C001982,598,4,17445.0,1,5,4,At risk
C018497,273,4,17445.0,3,5,4,Loyal
C031921,65,2,17446.0,5,4,4,Champions
C000690,818,4,17454.0,1,5,4,At risk
C008395,596,2,17459.0,1,4,4,At risk
C022700,202,3,17470.0,4,5,4,Champions
C031187,43,3,17475.0,5,5,4,Champions
C014727,317,3,17476.0,3,5,4,Loyal
C029037,107,3,17485.0,4,5,4,Champions
C009724,465,4,17489.0,2,5,4,At risk
C028451,7,8,17490.0,5,5,4,Champions
C005082,552,3,17494.0,2,5,4,At risk
C008544,581,2,17494.0,1,4,4,At risk
C009651,496,3,17494.0,2,5,4,At risk
C024877,42,3,17494.0,5,5,4,Champions
C004930,366,4,17495.0,3,5,4,Loyal
C011320,425,5,17495.0,2,5,4,At risk
C015000,397,2,17495.0,2,4,4,At risk
C012144,319,2,17496.0,3,4,4,Loyal
C004775,691,3,17497.0,1,5,4,At risk
C027924,148,1,17498.0,4,3,4,Loyal
C030721,37,2,17498.0,5,4,4,Champions
C033946,36,1,17498.0,5,3,4,Loyal
C021559,200,3,17499.0,4,5,4,Champions
C029626,99,2,17508.0,4,4,4,Champions
C002937,731,3,17515.0,1,5,4,At risk
C029224,105,2,17516.0,4,4,4,Champions
C024183,214,1,17521.0,3,3,4,Loyal
C016691,299,2,17534.0,3,4,4,Loyal
C029046,116,2,17541.0,4,4,4,Champions
C001102,425,4,17544.0,2,5,4,At risk
C030881,8,3,17544.0,5,5,4,Champions
C032705,25,3,17544.0,5,5,4,Champions
C034112,24,2,17545.0,5,4,4,Champions
C012512,423,5,17546.0,2,5,4,At risk
C007771,565,4,17547.0,2,5,4,At risk
C030264,48,3,17554.0,5,5,4,Champions
C018547,291,2,17564.0,3,4,4,Loyal
C028050,52,5,17565.0,5,5,4,Champions
C007315,558,2,17567.0,2,4,4,At risk
C003384,424,5,17574.0,2,5,4,At risk
C028503,40,3,17582.0,5,5,4,Champions
C029743,97,2,17584.0,4,4,4,Champions
C000725,851,3,17587.0,1,5,4,At risk
C000112,687,5,17594.0,1,5,4,At risk
C000740,849,3,17594.0,1,5,4,At risk
C017286,214,4,17594.0,3,5,4,Loyal
C011819,466,2,17595.0,2,4,4,At risk
C000477,847,4,17596.0,1,5,4,At risk
C007690,458,4,17596.0,2,5,4,At risk
C016840,336,4,17596.0,3,5,4,Loyal
C025600,41,2,17596.0,5,4,4,Champions
C030677,12,2,17596.0,5,4,4,Champions
C031625,62,2,17596.0,5,4,4,Champions
C016212,361,2,17597.0,3,4,4,Loyal
C031388,4,2,17598.0,5,4,4,Champions
C033787,9,2,17605.0,5,4,4,Champions
C025606,122,3,17614.0,4,5,4,Champions
C010984,299,7,17618.0,3,5,4,Loyal
C034379,4,2,17623.0,5,4,4,Champions
C022151,110,3,17625.0,4,5,4,Champions
C025135,103,4,17626.0,4,5,4,Champions
C018319,153,4,17640.0,4,5,4,Champions
C035440,4,2,17641.0,5,4,4,Champions
C006608,576,5,17642.0,2,5,4,At risk
C007778,603,2,17643.0,1,4,4,At risk
C000840,805,3,17644.0,1,5,4,At risk
C000961,786,2,17644.0,1,4,4,At risk
C010577,357,4,17644.0,3,5,4,Loyal
C018215,264,4,17644.0,3,5,4,Loyal
C023480,227,2,17644.0,3,4,4,Loyal
C000922,784,3,17645.0,1,5,4,At risk
C002009,710,4,17645.0,1,5,4,At risk
C010634,437,3,17645.0,2,5,4,At risk
C026951,111,3,17645.0,4,5,4,Champions
C001109,820,2,17646.0,1,4,4,At risk
C026975,162,2,17646.0,4,4,4,Champions
C007775,548,3,17647.0,2,5,4,At risk
C032928,27,2,17674.0,5,4,4,Champions
C012625,234,4,17675.0,3,5,4,Loyal
C013225,468,1,17682.0,2,3,4,At risk
C022027,234,2,17684.0,3,4,4,Loyal
C025799,8,4,17693.0,5,5,4,Champions
C026491,148,2,17693.0,4,4,4,Champions
C014881,416,3,17694.0,2,5,4,At risk
C030075,64,2,17694.0,5,4,4,Champions
C030324,66,5,17694.0,5,5,4,Champions
C009450,550,2,17695.0,2,4,4,At risk
C010859,539,1,17695.0,2,3,4,At risk
C011259,516,1,17695.0,2,3,4,At risk
C022558,240,1,17695.0,3,3,4,Loyal
C009232,431,3,17696.0,2,5,4,At risk
C009991,559,1,17696.0,2,3,4,At risk
C022714,189,2,17696.0,4,4,4,Champions
C023513,218,1,17696.0,3,3,4,Loyal
C027513,145,3,17696.0,4,5,4,Champions
C032530,39,2,17696.0,5,4,4,Champions
C000395,871,2,17697.0,1,4,4,At risk
C015622,356,3,17697.0,3,5,4,Loyal
C017103,364,1,17697.0,3,3,4,Loyal
C031623,59,2,17697.0,5,4,4,Champions
C032290,66,1,17697.0,5,3,4,Loyal
C008548,596,1,17698.0,1,3,4,At risk
C011547,403,3,17714.0,2,5,4,At risk
C006210,622,3,17734.0,1,5,4,At risk
C000476,718,5,17735.0,1,5,4,At risk
C004412,576,4,17737.0,2,5,4,At risk
C005661,612,3,17743.0,1,5,4,At risk
C022489,205,3,17743.0,4,5,4,Champions
C030937,76,3,17744.0,5,5,4,Champions
C006412,654,2,17746.0,1,4,4,At risk
C015765,378,2,17747.0,2,4,4,At risk
C016919,92,5,17752.0,4,5,4,Champions
C021550,150,4,17758.0,4,5,4,Champions
C006870,647,1,17761.0,1,3,4,At risk
C008085,557,2,17762.0,2,4,4,At risk
C030792,94,1,17763.0,4,3,4,Loyal
C010689,390,2,17764.0,2,4,4,At risk
C021710,183,3,17770.0,4,5,4,Champions
C012386,375,4,17780.0,2,5,4,At risk
C029338,41,5,17781.0,5,5,4,Champions
C017565,185,2,17791.0,4,4,4,Champions
C002123,607,5,17792.0,1,5,4,At risk
C013507,431,3,17792.0,2,5,4,At risk
C011031,396,3,17794.0,2,5,4,At risk
C018141,272,3,17794.0,3,5,4,Loyal
C011590,468,4,17795.0,2,5,4,At risk
C001544,843,1,17797.0,1,3,4,At risk
C009130,565,2,17797.0,2,4,4,At risk
C009734,571,1,17797.0,2,3,4,At risk
C019743,214,3,17797.0,3,5,4,Loyal
C026035,184,2,17797.0,4,4,4,Champions
C005323,687,1,17798.0,1,3,4,At risk
C008847,593,1,17798.0,1,3,4,At risk
C021588,232,3,17805.0,3,5,4,Loyal
C026298,131,3,17810.0,4,5,4,Champions
C013550,47,5,17815.0,5,5,4,Champions
C002293,761,2,17816.0,1,4,4,At risk
C003985,27,4,17828.0,5,5,4,Champions
C011437,408,5,17828.0,2,5,4,At risk
C019428,108,3,17830.0,4,5,4,Champions
C007226,578,4,17835.0,1,5,4,At risk
C014561,200,6,17841.0,4,5,4,Champions
C029888,14,4,17843.0,5,5,4,Champions
C004741,687,2,17844.0,1,4,4,At risk
C006138,650,3,17844.0,1,5,4,At risk
C008894,495,4,17845.0,2,5,4,At risk
C002439,771,2,17846.0,1,4,4,At risk
C026746,168,1,17846.0,4,3,4,Loyal
C009216,456,4,17847.0,2,5,4,At risk
C030255,56,2,17847.0,5,4,4,Champions
C023652,105,6,17848.0,4,5,4,Champions
C020749,214,3,17862.0,3,5,4,Loyal
C028839,122,4,17865.0,4,5,4,Champions
C027324,98,2,17885.0,4,4,4,Champions
C014571,275,3,17886.0,3,5,4,Loyal
C022907,224,3,17887.0,3,5,4,Loyal
C016841,365,2,17892.0,3,4,4,Loyal
C016123,319,3,17894.0,3,5,4,Loyal
C019363,214,5,17894.0,3,5,4,Loyal
C026380,104,2,17894.0,4,4,4,Champions
C030479,38,2,17894.0,5,4,4,Champions
C002686,782,4,17895.0,1,5,4,At risk
C017093,238,4,17895.0,3,5,4,Loyal
C020856,146,2,17895.0,4,4,4,Champions
C029610,104,2,17895.0,4,4,4,Champions
C020283,291,1,17896.0,3,3,4,Loyal
C026887,162,2,17896.0,4,4,4,Champions
C033912,7,3,17896.0,5,5,4,Champions
C018125,290,4,17897.0,3,5,4,Loyal
C000328,881,1,17899.0,1,3,4,At risk
C000314,879,2,17900.0,1,4,4,At risk
C014206,279,5,17900.0,3,5,4,Loyal
C020761,130,4,17907.0,4,5,4,Champions
C006582,558,2,17916.0,2,4,4,At risk
C018404,107,4,17921.0,4,5,4,Champions
C019748,133,3,17921.0,4,5,4,Champions
C016888,35,3,17924.0,5,5,4,Champions
C001416,271,3,17931.0,3,5,4,Loyal
C026851,24,4,17931.0,5,5,4,Champions
C025967,187,1,17932.0,4,3,4,Loyal
C001744,575,3,17935.0,2,5,4,At risk
C005169,23,6,17937.0,5,5,4,Champions
C015336,342,3,17943.0,3,5,4,Loyal
C010691,247,4,17944.0,3,5,4,Loyal
C020769,218,3,17945.0,3,5,4,Loyal
C001394,844,2,17946.0,1,4,4,At risk
C030140,90,2,17947.0,4,4,4,Champions
C030981,53,3,17966.0,5,5,4,Champions
C003408,459,6,17968.0,2,5,4,At risk
C006236,516,4,17971.0,2,5,4,At risk
C002848,472,4,17974.0,2,5,4,At risk
C001877,779,5,17985.0,1,5,4,At risk
C034416,25,2,17985.0,5,4,4,Champions
C011587,461,2,17988.0,2,4,4,At risk
C023722,97,4,17990.0,4,5,4,Champions
C011762,435,4,17992.0,2,5,4,At risk
C019829,231,3,17992.0,3,5,4,Loyal
C021499,117,3,17992.0,4,5,4,Champions
C004646,664,3,17993.0,1,5,4,At risk
C018769,309,2,17995.0,3,4,4,Loyal
C024024,82,4,17995.0,5,5,4,Champions
C004870,673,3,17996.0,1,5,4,At risk
C013514,456,1,17996.0,2,3,4,At risk
C016211,385,1,17996.0,2,3,4,At risk
C022269,243,1,17996.0,3,3,4,Loyal
C029205,14,4,17996.0,5,5,4,Champions
C004661,706,3,17997.0,1,5,4,At risk
C026371,180,1,17997.0,4,3,4,Loyal
C030050,21,3,17997.0,5,5,4,Champions
C030822,23,2,17997.0,5,4,4,Champions
C005096,678,2,17998.0,1,4,4,At risk
C022104,237,1,17998.0,3,3,4,Loyal
C026163,184,1,17998.0,4,3,4,Loyal
C031509,80,1,17998.0,5,3,4,Loyal
C035009,17,1,17998.0,5,3,4,Loyal
C012976,453,3,18008.0,2,5,4,At risk
C020832,87,3,18017.0,4,5,4,Champions
C013754,367,3,18018.0,3,5,4,Loyal
C030983,77,1,18018.0,5,3,4,Loyal
C014883,368,3,18029.0,3,5,4,Loyal
C033669,20,2,18031.0,5,4,4,Champions
C021702,200,2,18039.0,4,4,4,Champions
C031916,26,4,18039.0,5,5,4,Champions
C021868,216,3,18040.0,3,5,4,Loyal
C010855,444,2,18042.0,2,4,4,At risk
C012356,337,5,18042.0,3,5,4,Loyal
C032739,15,2,18042.0,5,4,4,Champions
C003241,675,3,18044.0,1,5,4,At risk
C010116,314,3,18044.0,3,5,4,Loyal
C019591,210,4,18044.0,4,5,4,Champions
C031252,14,3,18044.0,5,5,4,Champions
C010331,555,1,18045.0,2,3,4,At risk
C033014,26,2,18045.0,5,4,4,Champions
C008151,535,3,18046.0,2,5,4,At risk
C000280,866,2,18047.0,1,4,4,At risk
C000522,883,2,18048.0,1,4,4,At risk
C019028,275,2,18056.0,3,4,4,Loyal
C013123,459,2,18063.0,2,4,4,At risk
C002264,364,6,18072.0,3,5,4,Loyal
C006808,485,4,18072.0,2,5,4,At risk
C007896,562,4,18081.0,2,5,4,At risk
C013031,80,5,18081.0,5,5,4,Champions
C027036,28,3,18081.0,5,5,4,Champions
C024862,124,5,18083.0,4,5,4,Champions
C007014,209,6,18084.0,4,5,4,Champions
C022149,200,3,18092.0,4,5,4,Champions
C001579,456,5,18093.0,2,5,4,At risk
C011247,388,3,18093.0,2,5,4,At risk
C011531,499,1,18094.0,2,3,4,At risk
C016614,213,4,18094.0,3,5,4,Loyal
C015922,363,2,18095.0,3,4,4,Loyal
C018832,282,4,18095.0,3,5,4,Loyal
C026184,173,2,18095.0,4,4,4,Champions
C033864,16,2,18095.0,5,4,4,Champions
C020066,282,2,18096.0,3,4,4,Loyal
C003577,612,2,18097.0,1,4,4,At risk
C007155,575,2,18097.0,2,4,4,At risk
C015361,411,1,18097.0,2,3,4,At risk
C022727,227,1,18097.0,3,3,4,Loyal
C027810,114,3,18097.0,4,5,4,Champions
C008152,601,2,18098.0,1,4,4,At risk
C018664,317,2,18098.0,3,4,4,Loyal
C021041,75,5,18101.0,5,5,4,Champions
C011724,514,1,18103.0,2,3,4,At risk
C004496,729,1,18104.0,1,3,4,At risk
C020765,224,3,18105.0,3,5,4,Loyal
C028259,99,3,18113.0,4,5,4,Champions
C014817,315,4,18121.0,3,5,4,Loyal
C007721,336,5,18122.0,3,5,4,Loyal
C028360,12,3,18125.0,5,5,4,Champions
C021454,94,2,18128.0,4,4,4,Champions
C022595,91,4,18134.0,4,5,4,Champions
C028929,98,2,18141.0,4,4,4,Champions
C011209,57,6,18142.0,5,5,4,Champions
C023443,193,4,18142.0,4,5,4,Champions
C026649,62,5,18142.0,5,5,4,Champions
C029029,58,4,18143.0,5,5,4,Champions
C013794,277,4,18144.0,3,5,4,Loyal
C003051,569,3,18145.0,2,5,4,At risk
C003169,610,3,18145.0,1,5,4,At risk
C027912,73,4,18145.0,5,5,4,Champions
C018243,43,3,18146.0,5,5,4,Champions
C021430,163,3,18146.0,4,5,4,Champions
C014072,379,4,18150.0,2,5,4,At risk
C000927,852,2,18159.0,1,4,4,At risk
C030064,64,3,18175.0,5,5,4,Champions
C018366,317,2,18181.0,3,4,4,Loyal
C022072,195,4,18183.0,4,5,4,Champions
C030527,15,2,18187.0,5,4,4,Champions
C002560,636,5,18193.0,1,5,4,At risk
C019163,317,2,18193.0,3,4,4,Loyal
C010159,495,3,18194.0,2,5,4,At risk
C014540,369,2,18194.0,3,4,4,Loyal
C003878,728,2,18196.0,1,4,4,At risk
C007438,628,1,18196.0,1,3,4,At risk
C009916,542,1,18196.0,2,3,4,At risk
C026123,41,3,18196.0,5,5,4,Champions
C033738,37,1,18196.0,5,3,4,Loyal
C002188,804,2,18197.0,1,4,4,At risk
C022658,236,1,18197.0,3,3,4,Loyal
C003290,674,1,18198.0,1,3,4,At risk
C020337,290,1,18198.0,3,3,4,Loyal
C022954,228,1,18198.0,3,3,4,Loyal
C029236,16,2,18198.0,5,4,4,Champions
C026967,120,2,18203.0,4,4,4,Champions
C006352,476,4,18209.0,2,5,4,At risk
C021274,208,3,18220.0,4,5,4,Champions
C020942,241,5,18223.0,3,5,4,Loyal
C021083,258,2,18226.0,3,4,4,Loyal
C015145,187,5,18228.0,4,5,4,Champions
C010736,207,5,18229.0,4,5,4,Champions
C013148,457,2,18231.0,2,4,4,At risk
C010619,545,2,18233.0,2,4,4,At risk
C009685,565,2,18236.0,2,4,4,At risk
C011946,435,4,18240.0,2,5,4,At risk
C006507,97,5,18242.0,4,5,4,Champions
C003500,621,4,18243.0,1,5,4,At risk
C029008,12,4,18243.0,5,5,4,Champions
C032195,16,3,18243.0,5,5,4,Champions
C013171,405,2,18245.0,2,4,4,At risk
C026436,108,4,18245.0,4,5,4,Champions
C008241,438,3,18246.0,2,5,4,At risk
C026241,181,1,18246.0,4,3,4,Loyal
C026898,57,3,18246.0,5,5,4,Champions
C019000,179,2,18247.0,4,4,4,Champions
C010679,313,6,18250.0,3,5,4,Loyal
C013833,396,2,18260.0,2,4,4,At risk
C015121,418,1,18269.0,2,3,4,At risk
C023329,231,1,18270.0,3,3,4,Loyal
C001693,685,3,18291.0,1,5,4,At risk
C004732,425,4,18294.0,2,5,4,At risk
C026080,41,3,18294.0,5,5,4,Champions
C010997,395,3,18295.0,2,5,4,At risk
C011383,407,4,18295.0,2,5,4,At risk
C013158,398,2,18295.0,2,4,4,At risk
C020732,59,3,18295.0,5,5,4,Champions
C026641,143,2,18295.0,4,4,4,Champions
C031739,17,2,18295.0,5,4,4,Champions
C033365,42,2,18295.0,5,4,4,Champions
C003459,697,1,18296.0,1,3,4,At risk
C029776,38,3,18296.0,5,5,4,Champions
C035153,7,2,18296.0,5,4,4,Champions
C004454,621,2,18297.0,1,4,4,At risk
C007187,584,3,18297.0,1,5,4,At risk
C014737,200,2,18297.0,4,4,4,Champions
C017455,261,1,18297.0,3,3,4,Loyal
C032650,33,3,18297.0,5,5,4,Champions
C017432,347,2,18298.0,3,4,4,Loyal
C019632,306,1,18298.0,3,3,4,Loyal
C021985,200,3,18305.0,4,5,4,Champions
C018430,134,4,18314.0,4,5,4,Champions
C032441,22,3,18314.0,5,5,4,Champions
C026234,70,4,18319.0,5,5,4,Champions
C002282,661,4,18323.0,1,5,4,At risk
C017651,178,2,18325.0,4,4,4,Champions
C010489,543,2,18334.0,2,4,4,At risk
C008863,465,5,18335.0,2,5,4,At risk
C026500,118,3,18336.0,4,5,4,Champions
C002517,678,5,18341.0,1,5,4,At risk
C002301,719,3,18342.0,1,5,4,At risk
C015413,336,5,18343.0,3,5,4,Loyal
C020006,104,4,18343.0,4,5,4,Champions
C030566,47,2,18343.0,5,4,4,Champions
C014467,377,4,18344.0,2,5,4,At risk
C030830,50,4,18344.0,5,5,4,Champions
C020663,159,2,18345.0,4,4,4,Champions
C021708,177,2,18345.0,4,4,4,Champions
C014237,375,3,18355.0,2,5,4,At risk
C000129,865,3,18360.0,1,5,4,At risk
C008458,255,5,18373.0,3,5,4,Loyal
C026625,106,3,18375.0,4,5,4,Champions
C029326,87,4,18380.0,4,5,4,Champions
C026912,79,3,18381.0,5,5,4,Champions
C019143,265,4,18393.0,3,5,4,Loyal
C024692,127,3,18393.0,4,5,4,Champions
C027395,56,5,18394.0,5,5,4,Champions
C003640,742,2,18395.0,1,4,4,At risk
C015554,263,2,18395.0,3,4,4,Loyal
C009737,527,3,18396.0,2,5,4,At risk
C010413,194,4,18396.0,4,5,4,Champions
C015202,390,2,18396.0,2,4,4,At risk
C020913,274,1,18396.0,3,3,4,Loyal
C027489,136,2,18396.0,4,4,4,Champions
C031904,48,3,18396.0,5,5,4,Champions
C033474,10,2,18396.0,5,4,4,Champions
C015974,316,2,18397.0,3,4,4,Loyal
C002190,812,2,18398.0,1,4,4,At risk
C007979,589,2,18398.0,1,4,4,At risk
C008958,590,1,18398.0,1,3,4,At risk
C018416,314,2,18398.0,3,4,4,Loyal
C023916,220,1,18398.0,3,3,4,Loyal
C033471,25,2,18398.0,5,4,4,Champions
C005245,573,3,18399.0,2,5,4,At risk
C033504,43,2,18402.0,5,4,4,Champions
C002056,565,6,18404.0,2,5,4,At risk
C027107,7,5,18405.0,5,5,4,Champions
C000571,765,4,18407.0,1,5,4,At risk
C008368,523,5,18410.0,2,5,4,At risk
C013412,450,3,18416.0,2,5,4,At risk
C005828,659,2,18425.0,1,4,4,At risk
C019802,214,3,18425.0,3,5,4,Loyal
C021159,189,4,18435.0,4,5,4,Champions
C020133,136,4,18443.0,4,5,4,Champions
C002361,790,3,18445.0,1,5,4,At risk
C018518,304,2,18446.0,3,4,4,Loyal
C012571,339,2,18447.0,3,4,4,Loyal
C020858,93,2,18447.0,4,4,4,Champions
C025880,128,3,18447.0,4,5,4,Champions
C004322,734,2,18448.0,1,4,4,At risk
C008033,453,2,18448.0,2,4,4,At risk
C016822,225,5,18451.0,3,5,4,Loyal
C020592,57,5,18452.0,5,5,4,Champions
C025813,160,2,18456.0,4,4,4,Champions
C000956,665,5,18458.0,1,5,4,At risk
C018975,319,2,18476.0,3,4,4,Loyal
C029683,112,1,18484.0,4,3,4,Loyal
C023038,200,1,18486.0,4,3,4,Loyal
C016192,261,6,18493.0,3,5,4,Loyal
C021723,187,4,18493.0,4,5,4,Champions
C000377,665,4,18494.0,1,5,4,At risk
C002572,740,3,18494.0,1,5,4,At risk
C001940,733,3,18495.0,1,5,4,At risk
C001970,755,2,18495.0,1,4,4,At risk
C016513,231,3,18495.0,3,5,4,Loyal
C011173,452,2,18496.0,2,4,4,At risk
C032108,31,4,18496.0,5,5,4,Champions
C032977,53,1,18496.0,5,3,4,Loyal
C008172,605,1,18497.0,1,3,4,At risk
C009136,459,3,18497.0,2,5,4,At risk
C019585,178,3,18497.0,4,5,4,Champions
C026224,73,3,18497.0,5,5,4,Champions
C009659,494,3,18500.0,2,5,4,At risk
C032714,38,2,18501.0,5,4,4,Champions
C006947,565,2,18502.0,2,4,4,At risk
C024173,212,2,18508.0,3,4,4,Loyal
C011183,500,2,18511.0,2,4,4,At risk
C015302,210,2,18521.0,4,4,4,Champions
C022398,200,4,18523.0,4,5,4,Champions
C010298,335,3,18530.0,3,5,4,Loyal
C020852,81,4,18530.0,5,5,4,Champions
C029693,39,3,18533.0,5,5,4,Champions
C024218,123,5,18539.0,4,5,4,Champions
C004506,673,4,18542.0,1,5,4,At risk
C004818,641,3,18546.0,1,5,4,At risk
C005474,650,4,18546.0,1,5,4,At risk
C032341,2,2,18546.0,5,4,4,Champions
C017938,320,2,18549.0,3,4,4,Loyal
C025185,102,4,18557.0,4,5,4,Champions
C016877,213,3,18569.0,3,5,4,Loyal
C027683,142,3,18573.0,4,5,4,Champions
C031133,80,2,18574.0,5,4,4,Champions
C012055,344,4,18576.0,3,5,4,Loyal
C022102,214,3,18576.0,3,5,4,Loyal
C033596,9,2,18577.0,5,4,4,Champions
C007792,596,4,18581.0,1,5,4,At risk
C004066,637,4,18584.0,1,5,4,At risk
C001521,507,6,18592.0,2,5,4,At risk
C030316,51,3,18592.0,5,5,4,Champions
C030087,61,3,18593.0,5,5,4,Champions
C027371,61,3,18594.0,5,5,4,Champions
C003478,700,4,18595.0,1,5,4,At risk
C019701,289,2,18595.0,3,4,4,Loyal
C025168,181,2,18595.0,4,4,4,Champions
C013352,349,3,18596.0,3,5,4,Loyal
C019739,299,2,18596.0,3,4,4,Loyal
C030614,71,3,18596.0,5,5,4,Champions
C032431,15,3,18596.0,5,5,4,Champions
C003781,615,3,18597.0,1,5,4,At risk
C007205,535,4,18597.0,2,5,4,At risk
C000589,887,1,18598.0,1,3,4,At risk
C003692,740,1,18598.0,1,3,4,At risk
C002948,574,4,18600.0,2,5,4,At risk
C007673,415,9,18604.0,2,5,4,At risk
C022125,200,3,18605.0,4,5,4,Champions
C024624,99,4,18615.0,4,5,4,Champions
C015750,350,3,18616.0,3,5,4,Loyal
C020025,281,3,18617.0,3,5,4,Loyal
C029214,96,2,18626.0,4,4,4,Champions
C022632,72,5,18640.0,5,5,4,Champions
C018772,147,5,18643.0,4,5,4,Champions
C029916,29,4,18643.0,5,5,4,Champions
C031839,65,1,18643.0,5,3,4,Loyal
C001192,665,6,18644.0,1,5,4,At risk
C002044,643,2,18644.0,1,4,4,At risk
C006972,461,2,18645.0,2,4,4,At risk
C010092,310,4,18645.0,3,5,4,Loyal
C027207,153,3,18645.0,4,5,4,Champions
C011117,465,4,18646.0,2,5,4,At risk
C018226,200,4,18646.0,4,5,4,Champions
C023827,197,2,18646.0,4,4,4,Champions
C027675,54,3,18656.0,5,5,4,Champions
C014672,371,4,18659.0,2,5,4,At risk
C014947,419,2,18665.0,2,4,4,At risk
C004469,686,2,18668.0,1,4,4,At risk
C011850,71,6,18668.0,5,5,4,Champions
C022461,139,4,18670.0,4,5,4,Champions
C029556,115,1,18671.0,4,3,4,Loyal
C031250,12,2,18685.0,5,4,4,Champions
C016524,345,4,18692.0,3,5,4,Loyal
C012259,453,3,18694.0,2,5,4,At risk
C027384,103,6,18694.0,4,5,4,Champions
C013891,383,5,18695.0,2,5,4,At risk
C016617,47,3,18695.0,5,5,4,Champions
C024770,207,1,18695.0,4,3,4,Loyal
C027346,21,4,18695.0,5,5,4,Champions
C031474,74,2,18695.0,5,4,4,Champions
C014080,312,3,18696.0,3,5,4,Loyal
C027405,98,3,18696.0,4,5,4,Champions
C032605,49,2,18696.0,5,4,4,Champions
C009774,541,2,18697.0,2,4,4,At risk
C014732,321,5,18697.0,3,5,4,Loyal
C032317,66,1,18698.0,5,3,4,Loyal
C026225,172,2,18702.0,4,4,4,Champions
C030083,66,3,18703.0,5,5,4,Champions
C033184,23,2,18710.0,5,4,4,Champions
C008204,444,4,18712.0,2,5,4,At risk
C001703,814,2,18722.0,1,4,4,At risk
C012334,333,3,18730.0,3,5,4,Loyal
C032718,32,4,18740.0,5,5,4,Champions
C003594,685,3,18741.0,1,5,4,At risk
C017410,309,3,18742.0,3,5,4,Loyal
C031782,50,2,18744.0,5,4,4,Champions
C007123,634,1,18745.0,1,3,4,At risk
C011985,421,3,18745.0,2,5,4,At risk
C013821,436,2,18745.0,2,4,4,At risk
C011838,494,4,18746.0,2,5,4,At risk
C013454,419,3,18746.0,2,5,4,At risk
C011240,528,1,18748.0,2,3,4,At risk
C012222,463,3,18756.0,2,5,4,At risk
C019007,317,2,18756.0,3,4,4,Loyal
C001754,745,4,18762.0,1,5,4,At risk
C018217,294,2,18768.0,3,4,4,Loyal
C013196,387,5,18792.0,2,5,4,At risk
C019959,209,5,18792.0,4,5,4,Champions
C010557,527,3,18793.0,2,5,4,At risk
C011769,89,5,18793.0,4,5,4,Champions
C021677,4,5,18793.0,5,5,4,Champions
C016982,236,4,18794.0,3,5,4,Loyal
C029788,29,3,18794.0,5,5,4,Champions
C028968,58,4,18795.0,5,5,4,Champions
C011646,494,2,18796.0,2,4,4,At risk
C013162,399,3,18796.0,2,5,4,At risk
C031794,60,2,18796.0,5,4,4,Champions
C032550,31,2,18796.0,5,4,4,Champions
C028401,126,2,18797.0,4,4,4,Champions
C014654,430,1,18798.0,2,3,4,At risk
C031817,23,2,18805.0,5,4,4,Champions
C000776,703,3,18814.0,1,5,4,At risk
C013114,440,2,18824.0,2,4,4,At risk
C029090,82,2,18825.0,5,4,4,Champions
C011670,454,2,18827.0,2,4,4,At risk
C018607,231,5,18831.0,3,5,4,Loyal
C003112,520,5,18839.0,2,5,4,At risk
C012023,480,4,18840.0,2,5,4,At risk
C017035,315,4,18841.0,3,5,4,Loyal
C009123,574,2,18842.0,2,4,4,At risk
C028255,90,4,18843.0,4,5,4,Champions
C004055,605,5,18844.0,1,5,4,At risk
C004272,700,4,18844.0,1,5,4,At risk
C033398,9,3,18844.0,5,5,4,Champions
C000223,807,4,18845.0,1,5,4,At risk
C029168,120,2,18850.0,4,4,4,Champions
C016059,293,2,18852.0,3,4,4,Loyal
C008936,591,1,18869.0,1,3,4,At risk
C024360,212,1,18869.0,3,3,4,Loyal
C029696,111,1,18869.0,4,3,4,Loyal
C000666,776,4,18871.0,1,5,4,At risk
C017597,320,2,18873.0,3,4,4,Loyal
C030413,36,4,18878.0,5,5,4,Champions
C020142,200,3,18882.0,4,5,4,Champions
C028556,80,3,18892.0,5,5,4,Champions
C029374,33,3,18892.0,5,5,4,Champions
C007545,336,4,18893.0,3,5,4,Loyal
C035349,6,2,18893.0,5,4,4,Champions
C003203,680,3,18894.0,1,5,4,At risk
C007371,538,4,18895.0,2,5,4,At risk
C011877,484,2,18895.0,2,4,4,At risk
C025802,191,1,18896.0,4,3,4,Loyal
C030410,21,2,18896.0,5,4,4,Champions
C033282,48,1,18896.0,5,3,4,Loyal
C033673,1,2,18896.0,5,4,4,Champions
C013967,447,1,18897.0,2,3,4,At risk
C001664,793,3,18904.0,1,5,4,At risk
C034636,22,1,18909.0,5,3,4,Loyal
C022850,199,2,18925.0,4,4,4,Champions
C017783,304,2,18943.0,3,4,4,Loyal
C021360,169,3,18943.0,4,5,4,Champions
C030187,65,3,18944.0,5,5,4,Champions
C010458,248,3,18945.0,3,5,4,Loyal
C010964,408,3,18945.0,2,5,4,At risk
C017152,107,3,18945.0,4,5,4,Champions
C033387,26,4,18945.0,5,5,4,Champions
C029795,83,2,18946.0,5,4,4,Champions
C017322,350,2,18950.0,3,4,4,Loyal
C002196,815,1,18954.0,1,3,4,At risk
C015667,354,3,18956.0,3,5,4,Loyal
C010831,524,3,18961.0,2,5,4,At risk
C009581,528,2,18966.0,2,4,4,At risk
C013099,462,2,18969.0,2,4,4,At risk
C013625,452,2,18972.0,2,4,4,At risk
C007379,507,3,18990.0,2,5,4,At risk
C029203,118,2,18991.0,4,4,4,Champions
C002915,684,4,18995.0,1,5,4,At risk
C020203,16,2,18995.0,5,4,4,Champions
C012273,475,4,18996.0,2,5,4,At risk
C026254,170,2,18996.0,4,4,4,Champions
C028099,51,3,18996.0,5,5,4,Champions
C032643,38,2,18996.0,5,4,4,Champions
C008145,533,2,18997.0,2,4,4,At risk
C010607,547,1,18997.0,2,3,4,At risk
C028409,116,3,18997.0,4,5,4,Champions
C022574,222,2,18998.0,3,4,4,Loyal
C035109,15,1,18998.0,5,3,4,Loyal
C012528,460,4,19000.0,2,5,4,At risk
C004503,590,5,19005.0,1,5,4,At risk
C002947,430,5,19022.0,2,5,4,At risk
C009241,443,4,19027.0,2,5,4,At risk
C022374,214,2,19041.0,3,4,4,Loyal
C032618,8,4,19043.0,5,5,4,Champions
C028410,102,2,19045.0,4,4,4,Champions
C001483,823,2,19046.0,1,4,4,At risk
C011864,285,3,19046.0,3,5,4,Loyal
C022328,231,3,19050.0,3,5,4,Loyal
C005315,441,2,19060.0,2,4,4,At risk
C029274,120,2,19061.0,4,4,4,Champions
C007812,258,4,19062.0,3,5,4,Loyal
C015168,196,8,19062.0,4,5,4,Champions
C001537,809,3,19066.0,1,5,4,At risk
C012439,486,2,19070.0,2,4,4,At risk
C028145,55,5,19072.0,5,5,4,Champions
C006289,415,5,19077.0,2,5,4,At risk
C021929,102,4,19079.0,4,5,4,Champions
C011831,161,6,19091.0,4,5,4,Champions
C002206,544,3,19093.0,2,5,4,At risk
C002376,682,4,19094.0,1,5,4,At risk
C012315,282,5,19094.0,3,5,4,Loyal
C006986,534,3,19095.0,2,5,4,At risk
C001249,775,3,19096.0,1,5,4,At risk
C027773,150,1,19096.0,4,3,4,Loyal
C013085,466,2,19098.0,2,4,4,At risk
C011469,119,4,19102.0,4,5,4,Champions
C012655,386,5,19109.0,2,5,4,At risk
C032884,34,3,19110.0,5,5,4,Champions
C033339,15,3,19111.0,5,5,4,Champions
C024962,167,2,19112.0,4,4,4,Champions
C029697,102,2,19120.0,4,4,4,Champions
C008348,496,3,19121.0,2,5,4,At risk
C033709,35,2,19121.0,5,4,4,Champions
C018929,270,2,19135.0,3,4,4,Loyal
C023887,106,3,19139.0,4,5,4,Champions
C031138,63,3,19140.0,5,5,4,Champions
C009195,532,3,19142.0,2,5,4,At risk
C021044,174,5,19142.0,4,5,4,Champions
C011759,336,6,19143.0,3,5,4,Loyal
C004892,504,5,19144.0,2,5,4,At risk
C013301,454,2,19144.0,2,4,4,At risk
C020429,288,1,19144.0,3,3,4,Loyal
C001115,816,2,19145.0,1,4,4,At risk
C019421,283,2,19145.0,3,4,4,Loyal
C009080,383,4,19173.0,2,5,4,At risk
C029808,28,3,19180.0,5,5,4,Champions
C005368,696,2,19189.0,1,4,4,At risk
C005267,583,3,19191.0,1,5,4,At risk
C014890,398,4,19191.0,2,5,4,At risk
C018100,314,3,19193.0,3,5,4,Loyal
C013113,464,2,19195.0,2,4,4,At risk
C020462,284,3,19195.0,3,5,4,Loyal
C026488,6,3,19195.0,5,5,4,Champions
C005042,651,1,19197.0,1,3,4,At risk
C005799,660,2,19197.0,1,4,4,At risk
C002618,770,3,19198.0,1,5,4,At risk
C024315,108,2,19198.0,4,4,4,Champions
C007322,627,1,19207.0,1,3,4,At risk
C008282,553,1,19208.0,2,3,4,At risk
C029246,31,3,19213.0,5,5,4,Champions
C025225,166,3,19215.0,4,5,4,Champions
C030803,49,5,19218.0,5,5,4,Champions
C009632,219,6,19221.0,3,5,4,Loyal
C022228,200,3,19227.0,4,5,4,Champions
C027610,35,4,19229.0,5,5,4,Champions
C016119,230,6,19239.0,3,5,4,Loyal
C002918,534,5,19240.0,2,5,4,At risk
C010283,373,4,19241.0,2,5,4,At risk
C000116,752,4,19243.0,1,5,4,At risk
C000030,787,2,19245.0,1,4,4,At risk
C002204,656,4,19253.0,1,5,4,At risk
C010781,502,3,19253.0,2,5,4,At risk
C011126,479,3,19253.0,2,5,4,At risk
C016980,192,4,19260.0,4,5,4,Champions
C022935,214,2,19261.0,3,4,4,Loyal
C020077,59,6,19283.0,5,5,4,Champions
C007614,596,4,19285.0,1,5,4,At risk
C010455,486,5,19290.0,2,5,4,At risk
C025933,114,3,19291.0,4,5,4,Champions
C020149,123,4,19292.0,4,5,4,Champions
C002605,774,4,19293.0,1,5,4,At risk
C012474,430,3,19295.0,2,5,4,At risk
C029536,8,3,19295.0,5,5,4,Champions
C017953,332,2,19296.0,3,4,4,Loyal
C021691,194,3,19296.0,4,5,4,Champions
C024191,181,1,19296.0,4,3,4,Loyal
C008867,514,1,19298.0,2,3,4,At risk
C001450,602,5,19303.0,1,5,4,At risk
C029199,9,4,19303.0,5,5,4,Champions
C001411,808,3,19309.0,1,5,4,At risk
C005346,660,3,19311.0,1,5,4,At risk
C014532,185,2,19313.0,4,4,4,Champions
C030864,80,3,19325.0,5,5,4,Champions
C013458,329,5,19333.0,3,5,4,Loyal
C016571,199,2,19339.0,4,4,4,Champions
C032223,42,3,19339.0,5,5,4,Champions
C021753,40,6,19341.0,5,5,4,Champions
C001154,770,2,19346.0,1,4,4,At risk
C019423,273,1,19346.0,3,3,4,Loyal
C022601,181,2,19357.0,4,4,4,Champions
C000906,863,3,19365.0,1,5,4,At risk
C012575,446,2,19371.0,2,4,4,At risk
C026582,166,2,19379.0,4,4,4,Champions
C003579,596,5,19382.0,1,5,4,At risk
C027082,23,3,19390.0,5,5,4,Champions
C025369,88,3,19392.0,4,5,4,Champions
C029465,2,3,19393.0,5,5,4,Champions
C004225,739,1,19394.0,1,3,4,At risk
C012200,218,3,19394.0,3,5,4,Loyal
C015409,317,4,19394.0,3,5,4,Loyal
C026200,79,3,19394.0,5,5,4,Champions
C026740,106,3,19395.0,4,5,4,Champions
C015871,323,2,19396.0,3,4,4,Loyal
C016560,379,1,19396.0,2,3,4,At risk
C034039,8,3,19396.0,5,5,4,Champions
C019930,300,1,19397.0,3,3,4,Loyal
C020682,223,2,19397.0,3,4,4,Loyal
C026269,152,2,19397.0,4,4,4,Champions
C000905,873,1,19398.0,1,3,4,At risk
C000131,492,4,19405.0,2,5,4,At risk
C000645,730,3,19405.0,1,5,4,At risk
C020167,227,5,19405.0,3,5,4,Loyal
C004341,596,3,19415.0,1,5,4,At risk
C012272,153,7,19421.0,4,5,4,Champions
C011214,372,4,19422.0,2,5,4,At risk
C012912,305,2,19425.0,3,4,4,Loyal
C016667,168,3,19425.0,4,5,4,Champions
C009967,542,3,19430.0,2,5,4,At risk
C022238,215,4,19441.0,3,5,4,Loyal
C022303,230,3,19441.0,3,5,4,Loyal
C029140,43,3,19441.0,5,5,4,Champions
C008036,527,5,19442.0,2,5,4,At risk
C014517,349,2,19443.0,3,4,4,Loyal
C016493,128,3,19443.0,4,5,4,Champions
C007588,478,4,19444.0,2,5,4,At risk
C030952,24,3,19444.0,5,5,4,Champions
C033855,24,3,19444.0,5,5,4,Champions
C003356,652,3,19445.0,1,5,4,At risk
C034623,23,1,19447.0,5,3,4,Loyal
C032343,52,2,19448.0,5,4,4,Champions
C010982,417,4,19455.0,2,5,4,At risk
C011282,384,4,19459.0,2,5,4,At risk
C030609,96,1,19461.0,4,3,4,Loyal
C006897,565,4,19467.0,2,5,4,At risk
C007084,568,3,19473.0,2,5,4,At risk
C003178,596,4,19475.0,1,5,4,At risk
C011293,119,4,19479.0,4,5,4,Champions
C009521,565,2,19490.0,2,4,4,At risk
C029160,40,2,19491.0,5,4,4,Champions
C011868,464,3,19492.0,2,5,4,At risk
C010260,446,3,19493.0,2,5,4,At risk
C010941,457,5,19493.0,2,5,4,At risk
C012466,479,2,19494.0,2,4,4,At risk
C017759,327,2,19494.0,3,4,4,Loyal
C006055,640,3,19495.0,1,5,4,At risk
C035311,8,2,19495.0,5,4,4,Champions
C012401,403,4,19496.0,2,5,4,At risk
C027917,138,3,19496.0,4,5,4,Champions
C004830,565,3,19498.0,2,5,4,At risk
C033608,12,2,19498.0,5,4,4,Champions
C006036,581,3,19515.0,1,5,4,At risk
C023907,80,2,19523.0,5,4,4,Champions
C017706,250,4,19527.0,3,5,4,Loyal
C023782,124,3,19532.0,4,5,4,Champions
C012314,412,5,19540.0,2,5,4,At risk
C004829,383,5,19543.0,2,5,4,At risk
C017764,21,5,19543.0,5,5,4,Champions
C026940,30,4,19543.0,5,5,4,Champions
C002073,601,4,19544.0,1,5,4,At risk
C001119,636,4,19547.0,1,5,4,At risk
C020190,139,7,19565.0,4,5,4,Champions
C023718,222,2,19574.0,3,4,4,Loyal
C029033,89,3,19585.0,4,5,4,Champions
C023331,137,5,19590.0,4,5,4,Champions
C021546,211,3,19593.0,4,5,4,Champions
C022702,172,3,19594.0,4,5,4,Champions
C015502,236,4,19595.0,3,5,4,Loyal
C005917,678,2,19596.0,1,4,4,At risk
C017217,286,4,19596.0,3,5,4,Loyal
C009126,342,6,19597.0,3,5,4,Loyal
C011006,383,3,19597.0,2,5,4,At risk
C031403,82,1,19598.0,5,3,4,Loyal
C007793,370,4,19603.0,2,5,4,At risk
C028102,32,3,19604.0,5,5,4,Champions
C008281,565,2,19609.0,2,4,4,At risk
C030030,89,3,19614.0,4,5,4,Champions
C016595,211,5,19615.0,4,5,4,Champions
C018030,338,2,19617.0,3,4,4,Loyal
C014656,430,1,19631.0,2,3,4,At risk
C005467,694,1,19632.0,1,3,4,At risk
C009853,566,2,19632.0,2,4,4,At risk
C032929,54,1,19633.0,5,3,4,Loyal
C005680,356,2,19637.0,3,4,4,Loyal
C026303,74,4,19638.0,5,5,4,Champions
C020259,60,5,19642.0,5,5,4,Champions
C007097,596,2,19643.0,1,4,4,At risk
C004693,347,4,19644.0,3,5,4,Loyal
C012463,453,4,19644.0,2,5,4,At risk
C027331,142,1,19644.0,4,3,4,Loyal
C002580,727,4,19645.0,1,5,4,At risk
C034035,4,4,19645.0,5,5,4,Champions
C003104,685,3,19646.0,1,5,4,At risk
C023697,108,3,19646.0,4,5,4,Champions
C008455,582,2,19649.0,1,4,4,At risk
C020174,28,4,19661.0,5,5,4,Champions
C020883,179,4,19663.0,4,5,4,Champions
C004717,676,2,19665.0,1,4,4,At risk
C028216,4,5,19667.0,5,5,4,Champions
C024028,214,2,19677.0,3,4,4,Loyal
C003256,710,2,19695.0,1,4,4,At risk
C022743,207,3,19695.0,4,5,4,Champions
C025675,175,2,19695.0,4,4,4,Champions
C008117,573,2,19696.0,2,4,4,At risk
C014066,184,3,19696.0,4,5,4,Champions
C019981,299,1,19696.0,3,3,4,Loyal
C021422,154,4,19696.0,4,5,4,Champions
C007951,608,2,19697.0,1,4,4,At risk
C019317,312,2,19697.0,3,4,4,Loyal
C022564,231,2,19698.0,3,4,4,Loyal
C022200,198,4,19705.0,4,5,4,Champions
C003891,562,3,19710.0,2,5,4,At risk
C001900,682,2,19723.0,1,4,4,At risk
C029638,107,3,19723.0,4,5,4,Champions
C016296,336,6,19738.0,3,5,4,Loyal
C016767,37,5,19742.0,5,5,4,Champions
C003457,464,3,19743.0,2,5,4,At risk
C020374,48,3,19744.0,5,5,4,Champions
C005243,563,4,19745.0,2,5,4,At risk
C006012,499,4,19745.0,2,5,4,At risk
C016327,195,2,19747.0,4,4,4,Champions
C016324,323,3,19749.0,3,5,4,Loyal
C020704,200,3,19764.0,4,5,4,Champions
C026358,103,4,19773.0,4,5,4,Champions
C018804,19,8,19777.0,5,5,4,Champions
C011170,472,2,19779.0,2,4,4,At risk
C001423,813,4,19784.0,1,5,4,At risk
C028369,67,6,19792.0,5,5,4,Champions
C028387,100,3,19792.0,4,5,4,Champions
C001135,656,3,19793.0,1,5,4,At risk
C021010,237,3,19793.0,3,5,4,Loyal
C006886,623,3,19794.0,1,5,4,At risk
C025673,39,4,19794.0,5,5,4,Champions
C027837,103,3,19794.0,4,5,4,Champions
C026267,4,3,19795.0,5,5,4,Champions
C027480,52,3,19795.0,5,5,4,Champions
C000705,860,2,19797.0,1,4,4,At risk
C018504,296,2,19798.0,3,4,4,Loyal
C007910,602,1,19803.0,1,3,4,At risk
C025840,158,2,19808.0,4,4,4,Champions
C008292,369,6,19816.0,2,5,4,At risk
C032456,6,2,19823.0,5,4,4,Champions
C033708,27,3,19831.0,5,5,4,Champions
C003423,559,2,19843.0,2,4,4,At risk
C005103,654,2,19845.0,1,4,4,At risk
C025704,42,3,19845.0,5,5,4,Champions
C032988,35,3,19845.0,5,5,4,Champions
C033974,8,3,19845.0,5,5,4,Champions
C009796,410,4,19849.0,2,5,4,At risk
C023300,231,1,19856.0,3,3,4,Loyal
C004226,684,3,19863.0,1,5,4,At risk
C008608,483,4,19869.0,2,5,4,At risk
C030109,30,3,19869.0,5,5,4,Champions
C003221,578,4,19871.0,1,5,4,At risk
C012839,345,3,19876.0,3,5,4,Loyal
C021807,222,2,19877.0,3,4,4,Loyal
C007761,268,4,19888.0,3,5,4,Loyal
C008116,531,4,19892.0,2,5,4,At risk
C006676,500,5,19893.0,2,5,4,At risk
C024719,146,3,19893.0,4,5,4,Champions
C000925,705,4,19894.0,1,5,4,At risk
C012999,78,5,19894.0,5,5,4,Champions
C016233,388,1,19894.0,2,3,4,At risk
C018829,253,3,19894.0,3,5,4,Loyal
C020933,200,3,19894.0,4,5,4,Champions
C000309,847,1,19895.0,1,3,4,At risk
C023490,110,3,19895.0,4,5,4,Champions
C007803,259,2,19896.0,3,4,4,Loyal
C010178,276,4,19896.0,3,5,4,Loyal
C012943,477,1,19896.0,2,3,4,At risk
C019832,86,3,19896.0,4,5,4,Champions
C013215,446,3,19897.0,2,5,4,At risk
C019257,295,2,19897.0,3,4,4,Loyal
C017872,270,2,19898.0,3,4,4,Loyal
C030583,10,2,19898.0,5,4,4,Champions
C000302,852,3,19905.0,1,5,4,At risk
C026398,102,5,19905.0,4,5,4,Champions
C007456,554,4,19909.0,2,5,4,At risk
C012840,380,2,19910.0,2,4,4,At risk
C017853,314,3,19914.0,3,5,4,Loyal
C033090,43,2,19917.0,5,4,4,Champions
C012089,464,4,19926.0,2,5,4,At risk
C019785,188,5,19926.0,4,5,4,Champions
C025350,198,1,19929.0,4,3,4,Loyal
C000859,471,4,19943.0,2,5,4,At risk
C010807,374,3,19943.0,2,5,4,At risk
C013223,310,5,19943.0,3,5,4,Loyal
C013103,211,3,19944.0,4,5,4,Champions
C019972,185,3,19944.0,4,5,4,Champions
C020506,17,6,19945.0,5,5,4,Champions
C004335,555,2,19946.0,2,4,4,At risk
C024407,214,1,19946.0,3,3,4,Loyal
C004073,623,5,19952.0,1,5,4,At risk
C031206,74,2,19954.0,5,4,4,Champions
C019866,158,3,19966.0,4,5,4,Champions
C012831,480,1,19973.0,2,3,4,At risk
C011133,472,3,19977.0,2,5,4,At risk
C010636,169,5,19992.0,4,5,4,Champions
C004273,457,5,19993.0,2,5,4,At risk
C015330,80,4,19993.0,5,5,4,Champions
C028205,84,4,19993.0,5,5,4,Champions
C006190,638,4,19994.0,1,5,4,At risk
C006893,639,2,19994.0,1,4,4,At risk
C010174,560,2,19994.0,2,4,4,At risk
C015028,346,4,19994.0,3,5,4,Loyal
C016640,211,6,19995.0,4,5,4,Champions
C029965,63,3,19995.0,5,5,4,Champions
C022741,227,2,19997.0,3,4,4,Loyal
C000471,793,2,19998.0,1,4,4,At risk
C004637,674,2,19998.0,1,4,4,At risk
C011263,423,4,20003.0,2,5,4,At risk
C009298,545,1,20020.0,2,3,4,At risk
C006644,471,5,20023.0,2,5,4,At risk
C004517,465,4,20025.0,2,5,4,At risk
C012325,190,5,20043.0,4,5,4,Champions
C021605,193,4,20043.0,4,5,4,Champions
C006780,596,5,20045.0,1,5,4,At risk
C013273,460,2,20045.0,2,4,4,At risk
C017493,326,2,20045.0,3,4,4,Loyal
C021217,176,4,20045.0,4,5,4,Champions
C017601,317,4,20046.0,3,5,4,Loyal
C031100,52,2,20047.0,5,4,4,Champions
C009866,565,2,20050.0,2,4,4,At risk
C030979,36,4,20053.0,5,5,4,Champions
C025053,24,4,20061.0,5,5,4,Champions
C026742,8,4,20064.0,5,5,4,Champions
C002723,762,2,20070.0,1,4,4,At risk
C021561,97,6,20071.0,4,5,4,Champions
C021705,28,4,20089.0,5,5,4,Champions
C003634,563,4,20091.0,2,5,4,At risk
C029427,66,2,20092.0,5,4,4,Champions
C020755,39,5,20093.0,5,5,4,Champions
C009752,288,4,20094.0,3,5,4,Loyal
C002047,784,3,20095.0,1,5,4,At risk
C020127,260,3,20095.0,3,5,4,Loyal
C011933,332,3,20096.0,3,5,4,Loyal
C019702,156,3,20096.0,4,5,4,Champions
C021847,105,3,20096.0,4,5,4,Champions
C024388,188,1,20096.0,4,3,4,Loyal
C014070,445,1,20097.0,2,3,4,At risk
C029949,105,1,20097.0,4,3,4,Loyal
C028456,30,3,20099.0,5,5,4,Champions
C027863,27,5,20101.0,5,5,4,Champions
C000404,816,3,20118.0,1,5,4,At risk
C004062,675,4,20118.0,1,5,4,At risk
C019519,275,2,20120.0,3,4,4,Loyal
C008967,16,3,20130.0,5,5,4,Champions
C027892,103,2,20143.0,4,4,4,Champions
C021314,21,4,20145.0,5,5,4,Champions
C024010,101,4,20145.0,4,5,4,Champions
C027478,111,3,20146.0,4,5,4,Champions
C002738,502,3,20149.0,2,5,4,At risk
C006846,467,7,20173.0,2,5,4,At risk
C026117,32,7,20179.0,5,5,4,Champions
C008977,338,4,20180.0,3,5,4,Loyal
C035383,5,1,20185.0,5,3,4,Loyal
C010895,476,3,20188.0,2,5,4,At risk
C016187,385,2,20191.0,2,4,4,At risk
C010146,529,2,20193.0,2,4,4,At risk
C017528,326,2,20193.0,3,4,4,Loyal
C021470,76,4,20193.0,5,5,4,Champions
C021586,37,3,20193.0,5,5,4,Champions
C026115,76,5,20193.0,5,5,4,Champions
C010498,468,3,20194.0,2,5,4,At risk
C016046,352,3,20195.0,3,5,4,Loyal
C025574,172,3,20195.0,4,5,4,Champions
C026817,77,3,20195.0,5,5,4,Champions
C011337,374,2,20196.0,2,4,4,At risk
C013717,194,4,20196.0,4,5,4,Champions
C020099,262,3,20196.0,3,5,4,Loyal
C023465,229,1,20196.0,3,3,4,Loyal
C023416,214,2,20198.0,3,4,4,Loyal
C021398,132,2,20204.0,4,4,4,Champions
C031259,56,2,20212.0,5,4,4,Champions
C007735,328,5,20215.0,3,5,4,Loyal
C003488,404,6,20217.0,2,5,4,At risk
C017203,291,4,20223.0,3,5,4,Loyal
C024110,178,3,20224.0,4,5,4,Champions
C015783,275,3,20228.0,3,5,4,Loyal
C007946,106,7,20240.0,4,5,4,Champions
C031908,12,4,20241.0,5,5,4,Champions
C005641,534,5,20242.0,2,5,4,At risk
C020150,270,5,20242.0,3,5,4,Loyal
C026352,60,3,20242.0,5,5,4,Champions
C021843,246,2,20244.0,3,4,4,Loyal
C030850,9,3,20244.0,5,5,4,Champions
C035159,13,1,20246.0,5,3,4,Loyal
C028450,59,2,20249.0,5,4,4,Champions
C024154,179,2,20267.0,4,4,4,Champions
C013539,369,4,20274.0,2,5,4,At risk
C012119,391,4,20275.0,2,5,4,At risk
C002100,671,4,20294.0,1,5,4,At risk
C010745,167,4,20294.0,4,5,4,Champions
C025563,107,3,20295.0,4,5,4,Champions
C001145,818,3,20296.0,1,5,4,At risk
C000456,861,2,20297.0,1,4,4,At risk
C011276,431,3,20297.0,2,5,4,At risk
C014520,269,2,20297.0,3,4,4,Loyal
C026465,168,1,20297.0,4,3,4,Loyal
C034240,6,2,20297.0,5,4,4,Champions
C023341,135,2,20298.0,4,4,4,Champions
C017421,180,5,20318.0,4,5,4,Champions
C020072,155,6,20340.0,4,5,4,Champions
C030962,13,6,20340.0,5,5,4,Champions
C026091,43,4,20343.0,5,5,4,Champions
C005635,681,2,20344.0,1,4,4,At risk
C022060,23,3,20344.0,5,5,4,Champions
C021693,258,1,20345.0,3,3,4,Loyal
C007808,578,2,20346.0,1,4,4,At risk
C020687,246,2,20346.0,3,4,4,Loyal
C033080,40,2,20346.0,5,4,4,Champions
C034283,10,2,20346.0,5,4,4,Champions
C010197,479,3,20347.0,2,5,4,At risk
C015460,320,6,20360.0,3,5,4,Loyal
C007508,411,6,20361.0,2,5,4,At risk
C013242,427,3,20367.0,2,5,4,At risk
C009858,458,5,20381.0,2,5,4,At risk
C006640,447,5,20388.0,2,5,4,At risk
C013928,56,4,20394.0,5,5,4,Champions
C010603,481,3,20395.0,2,5,4,At risk
C031807,52,2,20395.0,5,4,4,Champions
C002655,752,3,20396.0,1,5,4,At risk
C013832,398,2,20396.0,2,4,4,At risk
C020323,109,3,20396.0,4,5,4,Champions
C008896,591,2,20397.0,1,4,4,At risk
C027435,114,2,20397.0,4,4,4,Champions
C019463,195,2,20406.0,4,4,4,Champions
C027191,139,3,20417.0,4,5,4,Champions
C022655,238,1,20439.0,3,3,4,Loyal
C007671,68,6,20441.0,5,5,4,Champions
C017059,106,3,20441.0,4,5,4,Champions
C025074,125,4,20441.0,4,5,4,Champions
C020022,214,4,20442.0,3,5,4,Loyal
C018247,288,2,20443.0,3,4,4,Loyal
C002919,775,2,20444.0,1,4,4,At risk
C009432,412,3,20445.0,2,5,4,At risk
C016455,222,3,20446.0,3,5,4,Loyal
C015341,373,1,20447.0,2,3,4,At risk
C007928,565,3,20469.0,2,5,4,At risk
C028698,14,6,20473.0,5,5,4,Champions
C028391,64,4,20475.0,5,5,4,Champions
C029235,122,1,20482.0,4,3,4,Loyal
C028295,77,3,20484.0,5,5,4,Champions
C018743,163,4,20485.0,4,5,4,Champions
C024105,11,3,20485.0,5,5,4,Champions
C002877,292,7,20487.0,3,5,4,Loyal
C020990,244,3,20489.0,3,5,4,Loyal
C017172,339,2,20491.0,3,4,4,Loyal
C032502,6,4,20493.0,5,5,4,Champions
C006772,650,2,20494.0,1,4,4,At risk
C015036,270,3,20494.0,3,5,4,Loyal
C006157,639,2,20495.0,1,4,4,At risk
C007103,640,1,20495.0,1,3,4,At risk
C022124,145,4,20495.0,4,5,4,Champions
C002714,778,3,20497.0,1,5,4,At risk
C014024,442,2,20497.0,2,4,4,At risk
C012292,333,4,20508.0,3,5,4,Loyal
C022298,231,3,20516.0,3,5,4,Loyal
C015042,0,4,20517.0,5,5,4,Champions
C027630,78,6,20518.0,5,5,4,Champions
C007491,551,3,20537.0,2,5,4,At risk
C000671,740,6,20542.0,1,5,4,At risk
C015623,214,5,20542.0,3,5,4,Loyal
C012247,375,4,20545.0,2,5,4,At risk
C030985,42,3,20547.0,5,5,4,Champions
C030313,6,2,20558.0,5,4,4,Champions
C018310,274,3,20559.0,3,5,4,Loyal
C032748,58,1,20565.0,5,3,4,Loyal
C022460,135,4,20569.0,4,5,4,Champions
C004374,662,4,20590.0,1,5,4,At risk
C011813,438,3,20591.0,2,5,4,At risk
C015289,111,5,20592.0,4,5,4,Champions
C002378,671,3,20593.0,1,5,4,At risk
C015514,105,4,20594.0,4,5,4,Champions
C019955,231,3,20594.0,3,5,4,Loyal
C027137,125,3,20596.0,4,5,4,Champions
C005824,644,3,20597.0,1,5,4,At risk
C027929,111,3,20597.0,4,5,4,Champions
C032802,56,2,20597.0,5,4,4,Champions
C032901,55,1,20597.0,5,3,4,Loyal
C034001,15,3,20597.0,5,5,4,Champions
C002977,648,4,20601.0,1,5,4,At risk
C022073,17,7,20609.0,5,5,4,Champions
C000283,797,3,20610.0,1,5,4,At risk
C012143,313,2,20615.0,3,4,4,Loyal
C012420,457,3,20615.0,2,5,4,At risk
C013804,221,6,20616.0,3,5,4,Loyal
C001114,621,5,20641.0,1,5,4,At risk
C003897,691,4,20641.0,1,5,4,At risk
C012672,439,3,20641.0,2,5,4,At risk
C000392,729,3,20644.0,1,5,4,At risk
C009697,327,5,20644.0,3,5,4,Loyal
C016474,291,3,20646.0,3,5,4,Loyal
C021266,78,4,20649.0,5,5,4,Champions
C017109,240,3,20651.0,3,5,4,Loyal
C013184,398,3,20664.0,2,5,4,At risk
C020999,209,3,20665.0,4,5,4,Champions
C002708,288,4,20684.0,3,5,4,Loyal
C003656,741,2,20692.0,1,4,4,At risk
C031978,14,3,20693.0,5,5,4,Champions
C005319,596,3,20694.0,1,5,4,At risk
C020823,30,4,20694.0,5,5,4,Champions
C004473,680,3,20695.0,1,5,4,At risk
C004773,654,3,20696.0,1,5,4,At risk
C031045,51,2,20696.0,5,4,4,Champions
C033553,43,1,20696.0,5,3,4,Loyal
C012804,481,1,20697.0,2,3,4,At risk
C021536,205,3,20697.0,4,5,4,Champions
C033066,45,1,20697.0,5,3,4,Loyal
C026530,99,3,20708.0,4,5,4,Champions
C016150,210,4,20712.0,4,5,4,Champions
C025655,49,4,20717.0,5,5,4,Champions
C029429,93,3,20720.0,4,5,4,Champions
C006466,541,3,20725.0,2,5,4,At risk
C023464,199,4,20725.0,4,5,4,Champions
C022423,182,3,20730.0,4,5,4,Champions
C006631,498,7,20738.0,2,5,4,At risk
C015843,398,1,20738.0,2,3,4,At risk
C003362,314,6,20743.0,3,5,4,Loyal
C007647,578,2,20743.0,1,4,4,At risk
C011912,458,5,20743.0,2,5,4,At risk
C021125,257,3,20746.0,3,5,4,Loyal
C005965,559,2,20747.0,2,4,4,At risk
C021104,225,3,20751.0,3,5,4,Loyal
C001822,823,3,20759.0,1,5,4,At risk
C022420,181,4,20772.0,4,5,4,Champions
C004997,643,3,20774.0,1,5,4,At risk
C033543,5,4,20780.0,5,5,4,Champions
C034829,9,4,20780.0,5,5,4,Champions
C008935,421,5,20784.0,2,5,4,At risk
C021773,117,3,20785.0,4,5,4,Champions
C001998,694,7,20790.0,1,5,4,At risk
C002683,782,4,20792.0,1,5,4,At risk
C026959,26,5,20792.0,5,5,4,Champions
C002909,686,4,20793.0,1,5,4,At risk
C013083,382,4,20793.0,2,5,4,At risk
C027372,49,3,20793.0,5,5,4,Champions
C022775,208,3,20794.0,4,5,4,Champions
C002624,799,2,20795.0,1,4,4,At risk
C023879,204,1,20795.0,4,3,4,Loyal
C025929,20,3,20795.0,5,5,4,Champions
C026542,95,4,20795.0,4,5,4,Champions
C003767,574,2,20796.0,2,4,4,At risk
C035161,14,1,20796.0,5,3,4,Loyal
C015619,405,1,20798.0,2,3,4,At risk
C018231,310,3,20800.0,3,5,4,Loyal
C014165,54,4,20805.0,5,5,4,Champions
C011906,365,4,20809.0,3,5,4,Loyal
C028559,33,6,20833.0,5,5,4,Champions
C010762,419,4,20835.0,2,5,4,At risk
C020654,243,2,20835.0,3,4,4,Loyal
C020873,66,6,20841.0,5,5,4,Champions
C027450,96,2,20844.0,4,4,4,Champions
C033372,12,4,20844.0,5,5,4,Champions
C014337,405,3,20845.0,2,5,4,At risk
C009096,442,8,20848.0,2,5,4,At risk
C008816,577,1,20853.0,2,3,4,At risk
C025390,199,1,20868.0,4,3,4,Loyal
C012191,347,7,20890.0,3,5,4,Loyal
C018632,320,1,20891.0,3,3,4,Loyal
C004613,615,4,20892.0,1,5,4,At risk
C017731,284,2,20893.0,3,4,4,Loyal
C021883,46,4,20893.0,5,5,4,Champions
C016927,310,4,20894.0,3,5,4,Loyal
C029510,91,3,20895.0,4,5,4,Champions
C028334,10,4,20896.0,5,5,4,Champions
C021552,111,2,20897.0,4,4,4,Champions
C012629,470,2,20899.0,2,4,4,At risk
C006483,516,4,20900.0,2,5,4,At risk
C027971,74,3,20903.0,5,5,4,Champions
C019221,246,3,20911.0,3,5,4,Loyal
C018449,65,5,20923.0,5,5,4,Champions
C017141,177,5,20941.0,4,5,4,Champions
C010773,232,4,20942.0,3,5,4,Loyal
C024565,66,6,20942.0,5,5,4,Champions
C014031,432,2,20944.0,2,4,4,At risk
C033039,25,4,20944.0,5,5,4,Champions
C009434,570,2,20945.0,2,4,4,At risk
C011944,390,3,20945.0,2,5,4,At risk
C030123,32,3,20945.0,5,5,4,Champions
C017117,262,3,20955.0,3,5,4,Loyal
C022554,214,3,20956.0,3,5,4,Loyal
C010843,373,5,20959.0,2,5,4,At risk
C005865,656,4,20987.0,1,5,4,At risk
C018147,113,2,20988.0,4,4,4,Champions
C031554,78,1,20989.0,5,3,4,Loyal
C008234,323,4,20991.0,3,5,4,Loyal
C019233,14,4,20992.0,5,5,4,Champions
C026736,15,4,20993.0,5,5,4,Champions
C011132,513,2,20995.0,2,4,4,At risk
C035589,6,1,20995.0,5,3,4,Loyal
C007320,611,2,20997.0,1,4,4,At risk
C019638,193,2,20997.0,4,4,4,Champions
C035535,6,2,20997.0,5,4,4,Champions
C027210,81,2,21002.0,5,4,4,Champions
C022057,156,4,21005.0,4,5,4,Champions
C028480,7,5,21031.0,5,5,4,Champions
C012975,385,4,21043.0,2,5,4,At risk
C027505,62,2,21043.0,5,4,4,Champions
C027274,92,4,21044.0,4,5,4,Champions
C004602,565,6,21059.0,2,5,4,At risk
C006701,572,5,21059.0,2,5,4,At risk
C014256,403,3,21071.0,2,5,4,At risk
C024125,210,2,21075.0,4,4,4,Champions
C009773,560,1,21076.0,2,3,4,At risk
C033393,46,1,21078.0,5,3,4,Loyal
C000651,867,4,21079.0,1,5,4,At risk
C010639,461,3,21079.0,2,5,4,At risk
C019529,286,3,21081.0,3,5,4,Loyal
C020392,214,6,21083.0,3,5,4,Loyal
C015644,317,3,21085.0,3,5,4,Loyal
C012148,421,5,21091.0,2,5,4,At risk
C000903,771,2,21093.0,1,4,4,At risk
C019342,185,3,21093.0,4,5,4,Champions
C026008,93,4,21094.0,4,5,4,Champions
C015041,416,1,21095.0,2,3,4,At risk
C012903,400,1,21096.0,2,3,4,At risk
C015603,275,2,21096.0,3,4,4,Loyal
C028022,14,3,21096.0,5,5,4,Champions
C029923,65,3,21096.0,5,5,4,Champions
C012204,468,1,21097.0,2,3,4,At risk
C019790,303,1,21097.0,3,3,4,Loyal
C016295,266,3,21103.0,3,5,4,Loyal
C024977,163,5,21103.0,4,5,4,Champions
C012139,431,3,21105.0,2,5,4,At risk
C006745,500,6,21115.0,2,5,4,At risk
C033383,9,4,21129.0,5,5,4,Champions
C007828,164,6,21136.0,4,5,4,Champions
C015648,352,3,21146.0,3,5,4,Loyal
C007670,152,4,21150.0,4,5,4,Champions
C010096,496,3,21163.0,2,5,4,At risk
C025891,155,3,21178.0,4,5,4,Champions
C005163,582,4,21189.0,1,5,4,At risk
C007286,608,6,21190.0,1,5,4,At risk
C026299,86,3,21190.0,4,5,4,Champions
C027386,104,4,21191.0,4,5,4,Champions
C006080,323,7,21192.0,3,5,4,Loyal
C014085,276,7,21193.0,3,5,4,Loyal
C003300,670,4,21194.0,1,5,4,At risk
C012297,463,2,21194.0,2,4,4,At risk
C019202,317,1,21194.0,3,3,4,Loyal
C020198,38,2,21196.0,5,4,4,Champions
C000505,891,1,21197.0,1,3,4,At risk
C004417,460,3,21197.0,2,5,4,At risk
C010212,461,2,21197.0,2,4,4,At risk
C024263,23,3,21197.0,5,5,4,Champions
C011704,369,5,21205.0,2,5,4,At risk
C001841,762,4,21206.0,1,5,4,At risk
C006041,624,3,21213.0,1,5,4,At risk
C017025,214,4,21220.0,3,5,4,Loyal
C028118,8,4,21241.0,5,5,4,Champions
C025898,27,4,21244.0,5,5,4,Champions
C009227,292,4,21246.0,3,5,4,Loyal
C014232,275,4,21246.0,3,5,4,Loyal
C007536,625,1,21247.0,1,3,4,At risk
C019951,264,2,21247.0,3,4,4,Loyal
C021446,228,3,21253.0,3,5,4,Loyal
C028482,0,3,21264.0,5,5,4,Champions
C009564,565,2,21275.0,2,4,4,At risk
C004519,679,3,21294.0,1,5,4,At risk
C014602,381,4,21294.0,2,5,4,At risk
C016303,172,3,21294.0,4,5,4,Champions
C004555,692,1,21295.0,1,3,4,At risk
C022449,242,1,21296.0,3,3,4,Loyal
C033881,36,2,21296.0,5,4,4,Champions
C000707,882,1,21298.0,1,3,4,At risk
C017215,361,1,21299.0,3,3,4,Loyal
C022272,115,1,21299.0,4,3,4,Loyal
C025152,200,1,21299.0,4,3,4,Loyal
C027409,102,2,21299.0,4,4,4,Champions
C028086,145,1,21299.0,4,3,4,Loyal
C022542,107,5,21313.0,4,5,4,Champions
C008301,513,5,21316.0,2,5,4,At risk
C018781,229,4,21324.0,3,5,4,Loyal
C010482,493,3,21342.0,2,5,4,At risk
C016078,106,6,21343.0,4,5,4,Champions
C027561,36,3,21343.0,5,5,4,Champions
C006221,40,6,21345.0,5,5,4,Champions
C031767,10,3,21346.0,5,5,4,Champions
C035632,3,2,21347.0,5,4,4,Champions
C011620,320,3,21351.0,3,5,4,Loyal
C002227,140,7,21367.0,4,5,4,Champions
C024236,214,1,21369.0,3,3,4,Loyal
C015109,231,4,21370.0,3,5,4,Loyal
C019738,97,7,21374.0,4,5,4,Champions
C030233,29,5,21394.0,5,5,4,Champions
C007685,570,3,21395.0,2,5,4,At risk
C012531,408,4,21395.0,2,5,4,At risk
C031981,30,3,21395.0,5,5,4,Champions
C020920,75,4,21396.0,5,5,4,Champions
C031853,4,3,21398.0,5,5,4,Champions
C010059,533,2,21399.0,2,4,4,At risk
C027318,5,4,21401.0,5,5,4,Champions
C021659,200,3,21403.0,4,5,4,Champions
C004240,596,5,21409.0,1,5,4,At risk
C017679,140,5,21416.0,4,5,4,Champions
C000094,817,6,21418.0,1,5,4,At risk
C002049,573,3,21421.0,2,5,4,At risk
C022063,200,3,21431.0,4,5,4,Champions
C000139,170,5,21434.0,4,5,4,Champions
C026195,133,2,21436.0,4,4,4,Champions
C003561,584,4,21442.0,1,5,4,At risk
C014279,358,4,21443.0,3,5,4,Loyal
C004515,593,3,21444.0,1,5,4,At risk
C014380,371,2,21445.0,2,4,4,At risk
C015924,155,4,21445.0,4,5,4,Champions
C028174,91,3,21445.0,4,5,4,Champions
C000189,895,2,21446.0,1,4,4,At risk
C023638,82,3,21456.0,5,5,4,Champions
C029293,13,5,21458.0,5,5,4,Champions
C013777,321,3,21460.0,3,5,4,Loyal
C005225,463,5,21464.0,2,5,4,At risk
C020304,200,4,21478.0,4,5,4,Champions
C017652,166,5,21491.0,4,5,4,Champions
C007319,593,4,21493.0,1,5,4,At risk
C014676,21,3,21493.0,5,5,4,Champions
C013159,371,3,21494.0,2,5,4,At risk
C032940,54,1,21494.0,5,3,4,Loyal
C003896,699,3,21495.0,1,5,4,At risk
C018586,114,4,21495.0,4,5,4,Champions
C018727,228,2,21495.0,3,4,4,Loyal
C010706,521,2,21496.0,2,4,4,At risk
C012669,402,3,21496.0,2,5,4,At risk
C031906,17,3,21496.0,5,5,4,Champions
C025827,151,3,21497.0,4,5,4,Champions
C018605,329,1,21502.0,3,3,4,Loyal
C010959,85,3,21512.0,4,5,4,Champions
C001854,765,5,21535.0,1,5,4,At risk
C002789,675,5,21542.0,1,5,4,At risk
C010676,452,3,21542.0,2,5,4,At risk
C031548,58,4,21542.0,5,5,4,Champions
C001670,521,3,21544.0,2,5,4,At risk
C006578,644,2,21544.0,1,4,4,At risk
C006146,547,4,21545.0,2,5,4,At risk
C022138,62,4,21545.0,5,5,5,Champions
C010771,423,2,21547.0,2,4,5,At risk
C022305,214,2,21581.0,3,4,5,Loyal
C010868,78,3,21592.0,5,5,5,Champions
C030553,25,3,21593.0,5,5,5,Champions
C021155,76,4,21595.0,5,5,5,Champions
C021410,232,2,21597.0,3,4,5,Loyal
C034715,22,1,21597.0,5,3,5,Loyal
C031865,37,3,21600.0,5,5,5,Champions
C017196,194,6,21606.0,4,5,5,Champions
C011575,135,5,21616.0,4,5,5,Champions
C005209,578,4,21624.0,1,5,5,At risk
C030963,16,5,21626.0,5,5,5,Champions
C002467,806,2,21630.0,1,4,5,At risk
C032001,20,5,21640.0,5,5,5,Champions
C009174,583,1,21642.0,1,3,5,At risk
C015180,409,2,21642.0,2,4,5,At risk
C011609,300,3,21643.0,3,5,5,Loyal
C014205,405,2,21645.0,2,4,5,At risk
C018914,265,4,21645.0,3,5,5,Loyal
C015506,301,3,21657.0,3,5,5,Loyal
C018584,104,3,21675.0,4,5,5,Champions
C032058,36,3,21690.0,5,5,5,Champions
C001019,760,3,21693.0,1,5,5,At risk
C008309,578,1,21693.0,2,3,5,At risk
C026082,170,3,21693.0,4,5,5,Champions
C032543,41,2,21693.0,5,4,5,Champions
C004090,306,6,21694.0,3,5,5,Loyal
C009168,559,2,21694.0,2,4,5,At risk
C034738,7,2,21694.0,5,4,5,Champions
C010463,547,1,21695.0,2,3,5,At risk
C023632,103,4,21695.0,4,5,5,Champions
C014725,272,5,21696.0,3,5,5,Loyal
C018422,104,5,21696.0,4,5,5,Champions
C026197,55,4,21696.0,5,5,5,Champions
C030856,92,1,21696.0,4,3,5,Loyal
C006225,666,2,21697.0,1,4,5,At risk
C007361,631,1,21697.0,1,3,5,At risk
C029864,85,2,21697.0,5,4,5,Champions
C000359,896,1,21698.0,1,3,5,At risk
C004952,612,4,21698.0,1,5,5,At risk
C004141,657,2,21703.0,1,4,5,At risk
C022171,115,5,21703.0,4,5,5,Champions
C011823,465,3,21704.0,2,5,5,At risk
C013145,375,5,21711.0,2,5,5,At risk
C016824,118,3,21728.0,4,5,5,Champions
C023147,231,1,21733.0,3,3,5,Loyal
C003619,386,5,21740.0,2,5,5,At risk
C025780,169,3,21742.0,4,5,5,Champions
C024098,48,3,21744.0,5,5,5,Champions
C030172,11,2,21746.0,5,4,5,Champions
C035075,5,3,21746.0,5,5,5,Champions
C014086,322,2,21747.0,3,4,5,Loyal
C020124,294,2,21747.0,3,4,5,Loyal
C025732,99,4,21764.0,4,5,5,Champions
C004802,570,5,21769.0,2,5,5,At risk
C020580,212,5,21773.0,3,5,5,Loyal
C008312,578,2,21774.0,2,4,5,At risk
C025287,111,3,21783.0,4,5,5,Champions
C020386,83,3,21790.0,5,5,5,Champions
C020416,23,5,21792.0,5,5,5,Champions
C004824,240,5,21793.0,3,5,5,Loyal
C010309,493,3,21794.0,2,5,5,At risk
C000799,854,3,21795.0,1,5,5,At risk
C003053,778,2,21795.0,1,4,5,At risk
C011093,375,4,21795.0,2,5,5,At risk
C001508,817,1,21796.0,1,3,5,At risk
C023741,134,3,21796.0,4,5,5,Champions
C030966,68,1,21796.0,5,3,5,Loyal
C034569,7,2,21798.0,5,4,5,Champions
C013080,459,2,21821.0,2,4,5,At risk
C014052,354,5,21822.0,3,5,5,Loyal
C006812,504,5,21837.0,2,5,5,At risk
C010881,483,2,21839.0,2,4,5,At risk
C031240,83,2,21842.0,5,4,5,Champions
C004044,722,2,21844.0,1,4,5,At risk
C012372,473,2,21844.0,2,4,5,At risk
C017362,324,3,21845.0,3,5,5,Loyal
C006951,593,2,21846.0,1,4,5,At risk
C013752,389,3,21846.0,2,5,5,At risk
C030974,37,2,21846.0,5,4,5,Champions
C029111,71,3,21856.0,5,5,5,Champions
C018129,3,5,21871.0,5,5,5,Champions
C000248,888,3,21875.0,1,5,5,At risk
C030556,54,5,21890.0,5,5,5,Champions
C020275,253,4,21891.0,3,5,5,Loyal
C001274,855,2,21894.0,1,4,5,At risk
C016325,231,4,21894.0,3,5,5,Loyal
C032139,22,5,21894.0,5,5,5,Champions
C014368,389,2,21895.0,2,4,5,At risk
C010783,538,1,21896.0,2,3,5,At risk
C004556,718,1,21898.0,1,3,5,At risk
C009969,459,3,21924.0,2,5,5,At risk
C014055,397,3,21941.0,2,5,5,At risk
C019711,257,4,21942.0,3,5,5,Loyal
C011184,501,3,21944.0,2,5,5,At risk
C022384,19,3,21944.0,5,5,5,Champions
C025355,110,3,21944.0,4,5,5,Champions
C015692,319,3,21945.0,3,5,5,Loyal
C004030,613,5,21946.0,1,5,5,At risk
C016884,66,7,21951.0,5,5,5,Champions
C007054,543,5,21958.0,2,5,5,At risk
C007304,136,5,21960.0,4,5,5,Champions
C002760,740,2,21965.0,1,4,5,At risk
C007417,565,4,21972.0,2,5,5,At risk
C018158,108,5,21973.0,4,5,5,Champions
C020449,189,2,21996.0,4,4,5,Champions
C033462,13,2,21996.0,5,4,5,Champions
C031859,66,4,21997.0,5,5,5,Champions
C020020,230,4,22006.0,3,5,5,Loyal
C025872,71,4,22010.0,5,5,5,Champions
C003695,685,4,22025.0,1,5,5,At risk
C002764,23,5,22027.0,5,5,5,Champions
C002237,741,2,22035.0,1,4,5,At risk
C015397,367,4,22041.0,3,5,5,Loyal
C027074,42,4,22042.0,5,5,5,Champions
C001620,674,3,22044.0,1,5,5,At risk
C027048,108,2,22044.0,4,4,5,Champions
C008988,562,3,22046.0,2,5,5,At risk
C014748,351,3,22048.0,3,5,5,Loyal
C004285,436,8,22050.0,2,5,5,At risk
C028635,123,2,22081.0,4,4,5,Champions
C011035,499,3,22082.0,2,5,5,At risk
C017667,187,4,22083.0,4,5,5,Champions
C014397,149,6,22084.0,4,5,5,Champions
C013576,456,2,22085.0,2,4,5,At risk
C008324,490,4,22092.0,2,5,5,At risk
C032329,19,2,22094.0,5,4,5,Champions
C000826,851,3,22095.0,1,5,5,At risk
C005483,677,3,22095.0,1,5,5,At risk
C014351,273,4,22095.0,3,5,5,Loyal
C018335,332,2,22096.0,3,4,5,Loyal
C022989,231,1,22096.0,3,3,5,Loyal
C005155,684,2,22097.0,1,4,5,At risk
C033384,34,2,22097.0,5,4,5,Champions
C033476,1,2,22098.0,5,4,5,Champions
C006736,629,2,22106.0,1,4,5,At risk
C000435,750,3,22108.0,1,5,5,At risk
C018737,310,2,22116.0,3,4,5,Loyal
C028392,21,4,22134.0,5,5,5,Champions
C002820,623,4,22140.0,1,5,5,At risk
C006709,476,6,22141.0,2,5,5,At risk
C018577,280,5,22142.0,3,5,5,Loyal
C006309,552,4,22145.0,2,5,5,At risk
C006520,543,3,22151.0,2,5,5,At risk
C019673,214,7,22151.0,3,5,5,Loyal
C029574,78,2,22168.0,5,4,5,Champions
C013574,407,4,22175.0,2,5,5,At risk
C000998,681,4,22185.0,1,5,5,At risk
C003073,744,2,22193.0,1,4,5,At risk
C030797,89,3,22194.0,4,5,5,Champions
C011421,447,3,22195.0,2,5,5,At risk
C020649,170,5,22195.0,4,5,5,Champions
C029344,36,2,22195.0,5,4,5,Champions
C018004,125,3,22196.0,4,5,5,Champions
C032915,31,1,22196.0,5,3,5,Loyal
C008066,497,1,22199.0,2,3,5,At risk
C017167,362,1,22199.0,3,3,5,Loyal
C027552,104,4,22218.0,4,5,5,Champions
C002472,795,2,22242.0,1,4,5,At risk
C005396,375,5,22244.0,2,5,5,At risk
C029543,23,3,22244.0,5,5,5,Champions
C011958,451,2,22247.0,2,4,5,At risk
C004079,607,5,22255.0,1,5,5,At risk
C028734,57,5,22257.0,5,5,5,Champions
C022307,179,4,22259.0,4,5,5,Champions
C015578,202,4,22261.0,4,5,5,Champions
C028854,109,2,22271.0,4,4,5,Champions
C025906,108,3,22276.0,4,5,5,Champions
C008053,595,4,22278.0,1,5,5,At risk
C011693,356,5,22279.0,3,5,5,Loyal
C000083,565,4,22281.0,2,5,5,At risk
C013021,410,3,22283.0,2,5,5,At risk
C024824,136,3,22285.0,4,5,5,Champions
C005780,321,5,22290.0,3,5,5,Loyal
C010734,280,6,22290.0,3,5,5,Loyal
C003987,593,5,22291.0,1,5,5,At risk
C014296,76,6,22292.0,5,5,5,Champions
C015718,317,3,22293.0,3,5,5,Loyal
C020130,110,5,22294.0,4,5,5,Champions
C011000,492,3,22295.0,2,5,5,At risk
C021156,128,3,22295.0,4,5,5,Champions
C004626,228,4,22296.0,3,5,5,Loyal
C014195,442,1,22296.0,2,3,5,At risk
C008852,481,2,22297.0,2,4,5,At risk
C003902,750,1,22299.0,1,3,5,At risk
C007333,632,1,22299.0,1,3,5,At risk
C010673,542,1,22299.0,2,3,5,At risk
C027131,164,1,22299.0,4,3,5,Loyal
C015919,331,3,22309.0,3,5,5,Loyal
C024386,197,2,22322.0,4,4,5,Champions
C025599,74,3,22324.0,5,5,5,Champions
C008646,596,1,22327.0,1,3,5,At risk
C005283,318,7,22333.0,3,5,5,Loyal
C013062,299,4,22338.0,3,5,5,Loyal
C000097,899,1,22346.0,1,3,5,At risk
C011038,182,7,22351.0,4,5,5,Champions
C020157,148,3,22358.0,4,5,5,Champions
C022839,156,3,22359.0,4,5,5,Champions
C028225,14,3,22365.0,5,5,5,Champions
C025485,110,4,22379.0,4,5,5,Champions
C016632,18,4,22389.0,5,5,5,Champions
C004208,97,5,22391.0,4,5,5,Champions
C011326,296,4,22392.0,3,5,5,Loyal
C000313,840,2,22394.0,1,4,5,At risk
C001277,739,4,22394.0,1,5,5,At risk
C011288,470,3,22394.0,2,5,5,At risk
C000627,667,3,22395.0,1,5,5,At risk
C010505,526,3,22395.0,2,5,5,At risk
C014246,433,1,22395.0,2,3,5,At risk
C031146,75,2,22396.0,5,4,5,Champions
C006020,545,4,22405.0,2,5,5,At risk
C021307,214,3,22407.0,3,5,5,Loyal
C002593,577,4,22411.0,2,5,5,At risk
C016979,299,3,22415.0,3,5,5,Loyal
C020608,200,4,22415.0,4,5,5,Champions
C028542,137,1,22436.0,4,3,5,Loyal
C002168,802,3,22443.0,1,5,5,At risk
C008052,502,4,22443.0,2,5,5,At risk
C011886,370,3,22443.0,2,5,5,At risk
C003516,687,3,22444.0,1,5,5,At risk
C013448,323,4,22454.0,3,5,5,Loyal
C025442,188,2,22456.0,4,4,5,Champions
C029945,74,3,22462.0,5,5,5,Champions
C004508,727,2,22465.0,1,4,5,At risk
C016555,73,6,22473.0,5,5,5,Champions
C015800,198,7,22483.0,4,5,5,Champions
C017139,142,7,22491.0,4,5,5,Champions
C001136,709,4,22492.0,1,5,5,At risk
C008774,522,3,22493.0,2,5,5,At risk
C010804,529,2,22493.0,2,4,5,At risk
C014868,79,4,22493.0,5,5,5,Champions
C021413,99,3,22493.0,4,5,5,Champions
C002109,729,4,22494.0,1,5,5,At risk
C004743,632,1,22494.0,1,3,5,At risk
C010168,501,2,22494.0,2,4,5,At risk
C010315,422,3,22494.0,2,5,5,At risk
C025569,42,4,22494.0,5,5,5,Champions
C011470,402,2,22495.0,2,4,5,At risk
C014458,385,4,22495.0,2,5,5,At risk
C027966,98,3,22495.0,4,5,5,Champions
C026707,7,4,22502.0,5,5,5,Champions
C029854,64,2,22503.0,5,4,5,Champions
C021587,212,2,22515.0,3,4,5,Loyal
C006822,214,8,22535.0,3,5,5,Loyal
C030778,37,3,22539.0,5,5,5,Champions
C014002,437,3,22541.0,2,5,5,At risk
C023561,7,3,22543.0,5,5,5,Champions
C000164,693,4,22546.0,1,5,5,At risk
C021326,207,4,22562.0,4,5,5,Champions
C029257,16,4,22565.0,5,5,5,Champions
C001358,834,4,22567.0,1,5,5,At risk
C016345,98,5,22568.0,4,5,5,Champions
C001934,807,2,22573.0,1,4,5,At risk
C021615,88,5,22578.0,4,5,5,Champions
C027510,66,3,22592.0,5,5,5,Champions
C009593,21,4,22593.0,5,5,5,Champions
C010733,333,5,22593.0,3,5,5,Loyal
C002527,735,2,22594.0,1,4,5,At risk
C021995,226,2,22595.0,3,4,5,Loyal
C033122,51,1,22596.0,5,3,5,Loyal
C006239,671,1,22597.0,1,3,5,At risk
C007195,571,2,22597.0,2,4,5,At risk
C007211,593,3,22597.0,1,5,5,At risk
C020108,190,6,22602.0,4,5,5,Champions
C010352,454,4,22612.0,2,5,5,At risk
C019437,251,3,22612.0,3,5,5,Loyal
C005528,375,6,22614.0,2,5,5,At risk
C021389,209,3,22634.0,4,5,5,Champions
C010726,391,5,22635.0,2,5,5,At risk
C019286,305,3,22642.0,3,5,5,Loyal
C007865,514,2,22643.0,2,4,5,At risk
C007934,536,3,22643.0,2,5,5,At risk
C015427,342,5,22643.0,3,5,5,Loyal
C026632,167,4,22644.0,4,5,5,Champions
C028879,117,2,22646.0,4,4,5,Champions
C013304,273,2,22647.0,3,4,5,Loyal
C027999,77,4,22658.0,5,5,5,Champions
C017961,338,2,22661.0,3,4,5,Loyal
C009085,371,6,22662.0,2,5,5,At risk
C023807,194,3,22662.0,4,5,5,Champions
C021524,204,3,22667.0,4,5,5,Champions
C018437,29,6,22683.0,5,5,5,Champions
C019789,59,4,22692.0,5,5,5,Champions
C000686,720,5,22693.0,1,5,5,At risk
C031887,47,2,22693.0,5,4,5,Champions
C033472,9,4,22694.0,5,5,5,Champions
C008926,582,2,22696.0,1,4,5,At risk
C009119,453,3,22696.0,2,5,5,At risk
C018700,48,4,22696.0,5,5,5,Champions
C003576,560,2,22697.0,2,4,5,At risk
C014058,336,3,22711.0,3,5,5,Loyal
C025864,181,1,22735.0,4,3,5,Loyal
C004498,665,5,22737.0,1,5,5,At risk
C010517,486,4,22740.0,2,5,5,At risk
C011935,66,5,22745.0,5,5,5,Champions
C029472,80,4,22745.0,5,5,5,Champions
C011925,481,4,22747.0,2,5,5,At risk
C010301,491,4,22751.0,2,5,5,At risk
C021878,145,5,22755.0,4,5,5,Champions
C003144,696,1,22778.0,1,3,5,At risk
C026368,45,4,22783.0,5,5,5,Champions
C025100,169,2,22785.0,4,4,5,Champions
C009115,434,4,22788.0,2,5,5,At risk
C000363,753,7,22792.0,1,5,5,At risk
C011104,412,5,22793.0,2,5,5,At risk
C031136,66,3,22794.0,5,5,5,Champions
C003084,394,3,22795.0,2,5,5,At risk
C015613,395,3,22795.0,2,5,5,At risk
C017811,204,4,22795.0,4,5,5,Champions
C024849,110,4,22795.0,4,5,5,Champions
C014619,391,3,22796.0,2,5,5,At risk
C015717,281,4,22796.0,3,5,5,Loyal
C023984,64,4,22796.0,5,5,5,Champions
C001892,658,5,22797.0,1,5,5,At risk
C011517,345,6,22800.0,3,5,5,Loyal
C020436,244,3,22832.0,3,5,5,Loyal
C026722,76,6,22841.0,5,5,5,Champions
C015198,232,3,22842.0,3,5,5,Loyal
C000343,810,4,22843.0,1,5,5,At risk
C001729,607,3,22844.0,1,5,5,At risk
C017494,309,2,22845.0,3,4,5,Loyal
C020104,278,2,22845.0,3,4,5,Loyal
C008193,320,6,22847.0,3,5,5,Loyal
C019809,303,1,22861.0,3,3,5,Loyal
C021429,200,3,22861.0,4,5,5,Champions
C006826,536,3,22864.0,2,5,5,At risk
C028752,65,3,22889.0,5,5,5,Champions
C024045,170,6,22890.0,4,5,5,Champions
C018289,196,2,22892.0,4,4,5,Champions
C024072,209,4,22892.0,4,5,5,Champions
C027162,82,4,22892.0,5,5,5,Champions
C003389,603,3,22894.0,1,5,5,At risk
C001280,695,3,22895.0,1,5,5,At risk
C027123,126,3,22896.0,4,5,5,Champions
C006393,629,2,22897.0,1,4,5,At risk
C025521,191,1,22897.0,4,3,5,Loyal
C023666,127,5,22904.0,4,5,5,Champions
C003194,728,3,22916.0,1,5,5,At risk
C014802,389,3,22939.0,2,5,5,At risk
C021830,64,5,22942.0,5,5,5,Champions
C007088,592,3,22946.0,1,5,5,At risk
C027076,97,5,22954.0,4,5,5,Champions
C002454,760,4,22955.0,1,5,5,At risk
C017620,306,4,22958.0,3,5,5,Loyal
C029055,76,3,22961.0,5,5,5,Champions
C010479,217,7,22987.0,3,5,5,Loyal
C010740,377,4,22991.0,2,5,5,At risk
C030212,39,2,22993.0,5,4,5,Champions
C010130,516,5,22994.0,2,5,5,At risk
C019444,173,3,22994.0,4,5,5,Champions
C030750,9,2,22994.0,5,4,5,Champions
C015636,207,4,22995.0,4,5,5,Champions
C026716,153,3,22995.0,4,5,5,Champions
C000581,885,1,22996.0,1,3,5,At risk
C000660,865,2,22996.0,1,4,5,At risk
C019430,305,2,22997.0,3,4,5,Loyal
C019854,282,1,22997.0,3,3,5,Loyal
C026105,175,2,22997.0,4,4,5,Champions
C020935,214,4,22999.0,3,5,5,Loyal
C009223,570,3,23010.0,2,5,5,At risk
C027516,24,5,23040.0,5,5,5,Champions
C028590,30,3,23042.0,5,5,5,Champions
C031472,37,3,23043.0,5,5,5,Champions
C014336,98,6,23044.0,4,5,5,Champions
C000720,848,3,23046.0,1,5,5,At risk
C024293,181,4,23051.0,4,5,5,Champions
C011009,464,3,23065.0,2,5,5,At risk
C028991,107,4,23075.0,4,5,5,Champions
C026311,167,2,23088.0,4,4,5,Champions
C009156,518,3,23091.0,2,5,5,At risk
C021680,10,4,23092.0,5,5,5,Champions
C002074,703,4,23093.0,1,5,5,At risk
C002720,722,3,23093.0,1,5,5,At risk
C001944,532,2,23094.0,2,4,5,At risk
C030836,57,3,23095.0,5,5,5,Champions
C019058,74,3,23097.0,5,5,5,Champions
C030779,64,2,23097.0,5,4,5,Champions
C008853,458,5,23101.0,2,5,5,At risk
C007651,565,2,23103.0,2,4,5,At risk
C019944,13,4,23113.0,5,5,5,Champions
C012848,478,1,23117.0,2,3,5,At risk
C024256,85,2,23143.0,4,4,5,Champions
C014948,214,4,23144.0,3,5,5,Loyal
C026981,104,5,23144.0,4,5,5,Champions
C018425,23,4,23145.0,5,5,5,Champions
C021872,3,5,23145.0,5,5,5,Champions
C013256,47,6,23146.0,5,5,5,Champions
C002217,328,3,23155.0,3,5,5,Loyal
C023727,34,2,23157.0,5,4,5,Champions
C029000,19,5,23177.0,5,5,5,Champions
C023858,157,3,23184.0,4,5,5,Champions
C018852,271,3,23189.0,3,5,5,Loyal
C027019,39,6,23190.0,5,5,5,Champions
C010850,51,5,23192.0,5,5,5,Champions
C029273,39,5,23193.0,5,5,5,Champions
C001261,782,3,23195.0,1,5,5,At risk
C014393,354,4,23195.0,3,5,5,Loyal
C012509,394,4,23196.0,2,5,5,At risk
C030886,12,3,23206.0,5,5,5,Champions
C007023,565,4,23208.0,2,5,5,At risk
C022058,102,4,23226.0,4,5,5,Champions
C018385,306,3,23228.0,3,5,5,Loyal
C015774,372,3,23230.0,2,5,5,At risk
C016963,122,5,23236.0,4,5,5,Champions
C015265,346,4,23242.0,3,5,5,Loyal
C020634,226,4,23244.0,3,5,5,Loyal
C031581,65,3,23244.0,5,5,5,Champions
C016201,110,1,23247.0,4,3,5,Loyal
C011056,458,3,23248.0,2,5,5,At risk
C016361,384,1,23248.0,2,3,5,At risk
C031041,7,2,23259.0,5,4,5,Champions
C014425,320,5,23276.0,3,5,5,Loyal
C007715,596,1,23288.0,1,3,5,At risk
C025112,181,3,23288.0,4,5,5,Champions
C017797,40,7,23290.0,5,5,5,Champions
C026579,5,5,23291.0,5,5,5,Champions
C006285,576,2,23292.0,2,4,5,At risk
C029202,16,5,23292.0,5,5,5,Champions
C009000,536,3,23293.0,2,5,5,At risk
C014001,392,4,23293.0,2,5,5,At risk
C020719,142,4,23293.0,4,5,5,Champions
C003428,698,4,23294.0,1,5,5,At risk
C029670,23,5,23294.0,5,5,5,Champions
C028572,37,4,23295.0,5,5,5,Champions
C001596,807,2,23297.0,1,4,5,At risk
C016250,291,1,23297.0,3,3,5,Loyal
C030376,103,1,23304.0,4,3,5,Loyal
C010416,521,3,23338.0,2,5,5,At risk
C010617,23,4,23340.0,5,5,5,Champions
C011024,512,3,23343.0,2,5,5,At risk
C017593,147,3,23344.0,4,5,5,Champions
C018355,239,5,23369.0,3,5,5,Loyal
C022537,200,3,23388.0,4,5,5,Champions
C031477,47,3,23392.0,5,5,5,Champions
C033160,10,4,23392.0,5,5,5,Champions
C010499,467,4,23393.0,2,5,5,At risk
C023843,164,3,23393.0,4,5,5,Champions
C029261,13,4,23393.0,5,5,5,Champions
C031661,34,4,23393.0,5,5,5,Champions
C004290,643,5,23394.0,1,5,5,At risk
C025392,52,3,23394.0,5,5,5,Champions
C026658,75,3,23395.0,5,5,5,Champions
C014244,228,3,23396.0,3,5,5,Loyal
C026370,139,2,23396.0,4,4,5,Champions
C004756,596,3,23397.0,1,5,5,At risk
C026101,136,1,23397.0,4,3,5,Loyal
C029824,78,2,23397.0,5,4,5,Champions
C032044,59,2,23397.0,5,4,5,Champions
C006622,222,5,23398.0,3,5,5,Loyal
C019192,200,5,23399.0,4,5,5,Champions
C027776,56,4,23402.0,5,5,5,Champions
C006480,220,7,23440.0,3,5,5,Loyal
C021491,175,4,23441.0,4,5,5,Champions
C014940,335,3,23442.0,3,5,5,Loyal
C000785,769,3,23443.0,1,5,5,At risk
C010495,437,4,23444.0,2,5,5,At risk
C026087,161,3,23445.0,4,5,5,Champions
C028778,56,3,23445.0,5,5,5,Champions
C010408,387,7,23490.0,2,5,5,At risk
C003604,724,4,23491.0,1,5,5,At risk
C009411,424,4,23492.0,2,5,5,At risk
C032156,56,2,23496.0,5,4,5,Champions
C019446,286,3,23497.0,3,5,5,Loyal
C004373,728,2,23498.0,1,4,5,At risk
C030839,39,2,23498.0,5,4,5,Champions
C003022,716,3,23503.0,1,5,5,At risk
C012553,111,5,23544.0,4,5,5,Champions
C022059,177,2,23544.0,4,4,5,Champions
C012911,439,2,23546.0,2,4,5,At risk
C006974,595,4,23550.0,1,5,5,At risk
C029477,28,5,23551.0,5,5,5,Champions
C031237,18,3,23555.0,5,5,5,Champions
C001942,675,4,23566.0,1,5,5,At risk
C015646,111,5,23566.0,4,5,5,Champions
C026647,117,3,23571.0,4,5,5,Champions
C004407,571,5,23576.0,2,5,5,At risk
C014780,386,2,23580.0,2,4,5,At risk
C002162,574,6,23590.0,2,5,5,At risk
C020112,99,4,23590.0,4,5,5,Champions
C009628,429,6,23592.0,2,5,5,At risk
C001123,845,3,23593.0,1,5,5,At risk
C004611,674,3,23596.0,1,5,5,At risk
C002210,593,4,23598.0,1,5,5,At risk
C004928,713,1,23598.0,1,3,5,At risk
C029278,4,6,23602.0,5,5,5,Champions
C011121,493,3,23617.0,2,5,5,At risk
C028881,42,4,23623.0,5,5,5,Champions
C021384,265,1,23627.0,3,3,5,Loyal
C005535,448,6,23642.0,2,5,5,At risk
C015163,362,2,23643.0,3,4,5,Loyal
C033663,39,1,23646.0,5,3,5,Loyal
C015386,231,6,23653.0,3,5,5,Loyal
C006541,231,7,23658.0,3,5,5,Loyal
C025921,54,5,23658.0,5,5,5,Champions
C013333,465,1,23668.0,2,3,5,At risk
C017492,57,5,23676.0,5,5,5,Champions
C020569,200,4,23684.0,4,5,5,Champions
C000029,883,2,23685.0,1,4,5,At risk
C001374,765,3,23685.0,1,5,5,At risk
C028089,101,3,23691.0,4,5,5,Champions
C028525,4,7,23691.0,5,5,5,Champions
C031718,51,4,23693.0,5,5,5,Champions
C020159,250,3,23694.0,3,5,5,Loyal
C007704,375,3,23695.0,2,5,5,At risk
C010537,529,2,23695.0,2,4,5,At risk
C022872,188,3,23696.0,4,5,5,Champions
C007532,540,3,23718.0,2,5,5,At risk
C027144,91,3,23722.0,4,5,5,Champions
C029238,0,2,23729.0,5,4,5,Champions
C005797,685,1,23732.0,1,3,5,At risk
C020256,223,5,23740.0,3,5,5,Loyal
C022096,164,3,23742.0,4,5,5,Champions
C020686,182,7,23743.0,4,5,5,Champions
C027558,83,2,23743.0,5,4,5,Champions
C004309,623,5,23750.0,1,5,5,At risk
C014144,406,2,23760.0,2,4,5,At risk
C009762,462,3,23777.0,2,5,5,At risk
C016806,66,2,23791.0,5,4,5,Champions
C003723,428,6,23792.0,2,5,5,At risk
C011113,529,1,23796.0,2,3,5,At risk
C002021,772,2,23797.0,1,4,5,At risk
C033820,30,1,23799.0,5,3,5,Loyal
C030816,56,2,23805.0,5,4,5,Champions
C010350,17,6,23817.0,5,5,5,Champions
C010376,515,3,23825.0,2,5,5,At risk
C012078,320,7,23828.0,3,5,5,Loyal
C008833,406,6,23831.0,2,5,5,At risk
C012846,320,4,23836.0,3,5,5,Loyal
C007397,350,7,23842.0,3,5,5,Loyal
C003900,710,3,23843.0,1,5,5,At risk
C025609,54,4,23843.0,5,5,5,Champions
C004814,605,3,23845.0,1,5,5,At risk
C021013,155,4,23845.0,4,5,5,Champions
C033678,12,3,23847.0,5,5,5,Champions
C003272,519,5,23869.0,2,5,5,At risk
C007555,362,4,23892.0,3,5,5,Loyal
C024942,2,5,23892.0,5,5,5,Champions
C025514,144,3,23893.0,4,5,5,Champions
C034399,21,3,23894.0,5,5,5,Champions
C002457,719,3,23895.0,1,5,5,At risk
C024817,153,3,23895.0,4,5,5,Champions
C027492,144,1,23895.0,4,3,5,Loyal
C000514,847,3,23896.0,1,5,5,At risk
C024833,206,1,23896.0,4,3,5,Loyal
C024040,200,2,23917.0,4,4,5,Champions
C017050,209,4,23920.0,4,5,5,Champions
C018601,103,4,23940.0,4,5,5,Champions
C001617,685,6,23942.0,1,5,5,At risk
C009654,214,3,23942.0,3,5,5,Loyal
C031461,9,4,23942.0,5,5,5,Champions
C007781,563,2,23943.0,2,4,5,At risk
C015604,358,4,23943.0,3,5,5,Loyal
C020220,111,4,23943.0,4,5,5,Champions
C012675,365,3,23945.0,3,5,5,Loyal
C000445,592,4,23946.0,1,5,5,At risk
C021486,222,2,23946.0,3,4,5,Loyal
C021762,122,3,23962.0,4,5,5,Champions
C033429,26,2,23973.0,5,4,5,Champions
C023976,139,4,23974.0,4,5,5,Champions
C002722,571,4,23979.0,2,5,5,At risk
C000973,799,6,23980.0,1,5,5,At risk
C024793,135,3,23982.0,4,5,5,Champions
C025902,19,4,23991.0,5,5,5,Champions
C009732,463,5,23993.0,2,5,5,At risk
C029428,105,3,23996.0,4,5,5,Champions
C030801,94,1,23996.0,4,3,5,Loyal
C026560,6,6,23999.0,5,5,5,Champions
C017784,37,4,24004.0,5,5,5,Champions
C018048,313,4,24040.0,3,5,5,Loyal
C004674,517,4,24042.0,2,5,5,At risk
C018808,75,3,24044.0,5,5,5,Champions
C015697,391,2,24046.0,2,4,5,At risk
C007351,424,3,24050.0,2,5,5,At risk
C014166,128,5,24051.0,4,5,5,Champions
C012414,342,2,24054.0,3,4,5,Loyal
C012660,463,2,24068.0,2,4,5,At risk
C017747,104,4,24070.0,4,5,5,Champions
C028956,18,3,24074.0,5,5,5,Champions
C007692,578,4,24088.0,1,5,5,At risk
C002509,617,7,24092.0,1,5,5,At risk
C006792,273,5,24092.0,3,5,5,Loyal
C003386,497,6,24093.0,2,5,5,At risk
C018344,145,4,24093.0,4,5,5,Champions
C022593,195,3,24093.0,4,5,5,Champions
C015620,333,5,24094.0,3,5,5,Loyal
C021409,212,4,24095.0,3,5,5,Loyal
C007918,613,1,24097.0,1,3,5,At risk
C020930,5,3,24109.0,5,5,5,Champions
C018823,294,3,24113.0,3,5,5,Loyal
C026288,103,4,24114.0,4,5,5,Champions
C003450,627,5,24128.0,1,5,5,At risk
C025066,78,4,24136.0,5,5,5,Champions
C018868,210,6,24143.0,4,5,5,Champions
C024610,145,5,24144.0,4,5,5,Champions
C005385,95,6,24146.0,4,5,5,Champions
C015368,359,3,24150.0,3,5,5,Loyal
C006497,528,3,24160.0,2,5,5,At risk
C013869,288,4,24164.0,3,5,5,Loyal
C007908,209,4,24170.0,4,5,5,Champions
C024082,40,3,24172.0,5,5,5,Champions
C013392,374,2,24178.0,2,4,5,At risk
C007652,616,1,24181.0,1,3,5,At risk
C016788,262,6,24191.0,3,5,5,Loyal
C027662,28,4,24191.0,5,5,5,Champions
C007053,506,4,24194.0,2,5,5,At risk
C012206,7,4,24194.0,5,5,5,Champions
C018854,289,3,24194.0,3,5,5,Loyal
C006900,565,3,24195.0,2,5,5,At risk
C010051,486,2,24195.0,2,4,5,At risk
C015517,162,5,24195.0,4,5,5,Champions
C013934,449,1,24196.0,2,3,5,At risk
C020202,271,4,24196.0,3,5,5,Loyal
C017615,268,3,24197.0,3,5,5,Loyal
C008414,101,4,24203.0,4,5,5,Champions
C021660,212,4,24220.0,3,5,5,Loyal
C019982,296,2,24236.0,3,4,5,Loyal
C007192,611,2,24239.0,1,4,5,At risk
C021682,238,2,24246.0,3,4,5,Loyal
C016924,335,2,24252.0,3,4,5,Loyal
C005694,685,3,24261.0,1,5,5,At risk
C022152,164,5,24271.0,4,5,5,Champions
C000638,836,2,24273.0,1,4,5,At risk
C022771,213,2,24281.0,3,4,5,Loyal
C005713,457,4,24290.0,2,5,5,At risk
C026960,69,3,24292.0,5,5,5,Champions
C012583,299,3,24294.0,3,5,5,Loyal
C033536,18,4,24295.0,5,5,5,Champions
C000957,502,7,24297.0,2,5,5,At risk
C005682,597,4,24324.0,1,5,5,At risk
C030690,2,3,24335.0,5,5,5,Champions
C029809,15,5,24342.0,5,5,5,Champions
C010606,466,5,24343.0,2,5,5,At risk
C012510,281,3,24351.0,3,5,5,Loyal
C027412,66,3,24353.0,5,5,5,Champions
C004564,575,2,24355.0,2,4,5,At risk
C016974,319,4,24375.0,3,5,5,Loyal
C014544,75,6,24391.0,5,5,5,Champions
C015182,317,4,24392.0,3,5,5,Loyal
C030381,48,3,24392.0,5,5,5,Champions
C011039,516,2,24393.0,2,4,5,At risk
C019761,223,3,24393.0,3,5,5,Loyal
C020772,227,2,24393.0,3,4,5,Loyal
C021970,200,2,24393.0,4,4,5,Champions
C001788,792,3,24394.0,1,5,5,At risk
C006371,550,4,24394.0,2,5,5,At risk
C022926,164,2,24394.0,4,4,5,Champions
C012323,490,1,24397.0,2,3,5,At risk
C035319,4,2,24397.0,5,4,5,Champions
C011878,445,4,24400.0,2,5,5,At risk
C018023,200,4,24412.0,4,5,5,Champions
C005402,563,4,24416.0,2,5,5,At risk
C033228,7,4,24428.0,5,5,5,Champions
C022644,176,4,24436.0,4,5,5,Champions
C005305,523,6,24440.0,2,5,5,At risk
C013493,202,3,24442.0,4,5,5,Champions
C003211,724,3,24443.0,1,5,5,At risk
C016574,231,5,24444.0,3,5,5,Loyal
C014551,400,5,24446.0,2,5,5,At risk
C013384,369,3,24482.0,2,5,5,At risk
C027417,79,3,24485.0,5,5,5,Champions
C011287,341,5,24488.0,3,5,5,Loyal
C024166,14,5,24491.0,5,5,5,Champions
C016033,200,5,24492.0,4,5,5,Champions
C001011,802,4,24493.0,1,5,5,At risk
C012405,381,4,24493.0,2,5,5,At risk
C031648,71,2,24493.0,5,4,5,Champions
C001962,734,3,24494.0,1,5,5,At risk
C016161,390,1,24494.0,2,3,5,At risk
C015281,411,1,24498.0,2,3,5,At risk
C000938,623,9,24503.0,1,5,5,At risk
C014136,348,3,24507.0,3,5,5,Loyal
C021619,64,3,24526.0,5,5,5,Champions
C010028,555,2,24531.0,2,4,5,At risk
C016176,172,7,24537.0,4,5,5,Champions
C006786,359,4,24544.0,3,5,5,Loyal
C000843,674,5,24545.0,1,5,5,At risk
C001781,508,5,24587.0,2,5,5,At risk
C019601,262,5,24589.0,3,5,5,Loyal
C001419,788,2,24594.0,1,4,5,At risk
C006302,418,4,24594.0,2,5,5,At risk
C032844,8,2,24594.0,5,4,5,Champions
C001363,359,2,24595.0,3,4,5,Loyal
C017773,234,2,24595.0,3,4,5,Loyal
C006201,642,2,24596.0,1,4,5,At risk
C033648,2,2,24596.0,5,4,5,Champions
C022336,201,3,24601.0,4,5,5,Champions
C013771,319,2,24602.0,3,4,5,Loyal
C027764,69,4,24641.0,5,5,5,Champions
C016826,110,5,24642.0,4,5,5,Champions
C003421,674,3,24644.0,1,5,5,At risk
C023045,168,2,24646.0,4,4,5,Champions
C027843,23,4,24649.0,5,5,5,Champions
C007248,595,3,24674.0,1,5,5,At risk
C025781,60,3,24694.0,5,5,5,Champions
C031439,0,4,24694.0,5,5,5,Champions
C029961,5,3,24695.0,5,5,5,Champions
C001314,780,4,24709.0,1,5,5,At risk
C027002,5,5,24718.0,5,5,5,Champions
C016747,332,3,24722.0,3,5,5,Loyal
C016925,319,4,24729.0,3,5,5,Loyal
C007861,493,5,24740.0,2,5,5,At risk
C024096,177,4,24742.0,4,5,5,Champions
C004898,614,4,24743.0,1,5,5,At risk
C026910,33,3,24743.0,5,5,5,Champions
C030346,38,3,24744.0,5,5,5,Champions
C017757,34,4,24745.0,5,5,5,Champions
C004207,623,3,24746.0,1,5,5,At risk
C029034,16,4,24762.0,5,5,5,Champions
C018351,236,6,24790.0,3,5,5,Loyal
C020309,132,5,24792.0,4,5,5,Champions
C012554,390,3,24794.0,2,5,5,At risk
C008287,593,2,24795.0,1,4,5,At risk
C034367,28,1,24796.0,5,3,5,Loyal
C031050,89,1,24797.0,4,3,5,Loyal
C017277,359,1,24798.0,3,3,5,Loyal
C030651,48,3,24804.0,5,5,5,Champions
C023159,203,2,24814.0,4,4,5,Champions
C004923,595,3,24826.0,1,5,5,At risk
C018295,114,5,24830.0,4,5,5,Champions
C027734,4,5,24838.0,5,5,5,Champions
C011789,446,4,24841.0,2,5,5,At risk
C027376,102,5,24861.0,4,5,5,Champions
C001527,680,4,24870.0,1,5,5,At risk
C002924,771,2,24878.0,1,4,5,At risk
C034294,18,2,24879.0,5,4,5,Champions
C000685,815,4,24882.0,1,5,5,At risk
C028947,22,4,24883.0,5,5,5,Champions
C012490,438,5,24888.0,2,5,5,At risk
C007117,284,4,24891.0,3,5,5,Loyal
C001608,713,4,24892.0,1,5,5,At risk
C004354,492,5,24893.0,2,5,5,At risk
C027400,46,5,24893.0,5,5,5,Champions
C002316,808,2,24894.0,1,4,5,At risk
C008826,572,2,24895.0,2,4,5,At risk
C014573,398,3,24896.0,2,5,5,At risk
C007794,597,3,24913.0,1,5,5,At risk
C033209,45,3,24913.0,5,5,5,Champions
C014004,231,4,24936.0,3,5,5,Loyal
C017127,227,6,24937.0,3,5,5,Loyal
C026183,120,2,24940.0,4,4,5,Champions
C018616,46,4,24943.0,5,5,5,Champions
C024073,166,3,24945.0,4,5,5,Champions
C003043,755,2,24946.0,1,4,5,At risk
C020076,270,2,24947.0,3,4,5,Loyal
C009961,393,4,24948.0,2,5,5,At risk
C015463,214,5,24956.0,3,5,5,Loyal
C009445,578,1,24978.0,2,3,5,At risk
C016663,320,2,24982.0,3,4,5,Loyal
C012932,475,1,24988.0,2,3,5,At risk
C024800,102,4,24995.0,4,5,5,Champions
C001583,835,2,24996.0,1,4,5,At risk
C033038,26,3,25001.0,5,5,5,Champions
C025349,199,1,25003.0,4,3,5,Loyal
C021939,200,3,25023.0,4,5,5,Champions
C023491,96,3,25040.0,4,5,5,Champions
C007586,587,4,25061.0,1,5,5,At risk
C028551,20,4,25066.0,5,5,5,Champions
C025753,30,6,25081.0,5,5,5,Champions
C013836,310,4,25092.0,3,5,5,Loyal
C015350,359,2,25093.0,3,4,5,Loyal
C007100,606,4,25095.0,1,5,5,At risk
C029297,31,2,25096.0,5,4,5,Champions
C032451,13,3,25097.0,5,5,5,Champions
C012576,431,7,25109.0,2,5,5,At risk
C002427,217,6,25138.0,3,5,5,Loyal
C006561,272,7,25143.0,3,5,5,Loyal
C016309,320,3,25144.0,3,5,5,Loyal
C030127,33,5,25144.0,5,5,5,Champions
C004002,744,2,25147.0,1,4,5,At risk
C016266,320,3,25158.0,3,5,5,Loyal
C000092,884,2,25192.0,1,4,5,At risk
C015953,324,2,25194.0,3,4,5,Loyal
C002772,661,4,25226.0,1,5,5,At risk
C022942,57,3,25230.0,5,5,5,Champions
C029790,36,5,25251.0,5,5,5,Champions
C012619,291,5,25265.0,3,5,5,Loyal
C030048,71,2,25270.0,5,4,5,Champions
C002748,777,2,25291.0,1,4,5,At risk
C012750,384,3,25293.0,2,5,5,At risk
C030888,35,3,25293.0,5,5,5,Champions
C004951,573,6,25294.0,2,5,5,At risk
C029737,28,4,25294.0,5,5,5,Champions
C010860,466,4,25296.0,2,5,5,At risk
C014901,402,3,25296.0,2,5,5,At risk
C024764,6,1,25296.0,5,3,5,Loyal
C011367,261,7,25304.0,3,5,5,Loyal
C028169,11,7,25334.0,5,5,5,Champions
C003154,612,8,25338.0,1,5,5,At risk
C031880,20,4,25340.0,5,5,5,Champions
C024688,65,4,25341.0,5,5,5,Champions
C022884,197,2,25342.0,4,4,5,Champions
C007664,558,5,25343.0,2,5,5,At risk
C020688,246,3,25344.0,3,5,5,Loyal
C020754,210,5,25344.0,4,5,5,Champions
C027132,39,2,25347.0,5,4,5,Champions
C022578,159,4,25352.0,4,5,5,Champions
C006103,521,3,25362.0,2,5,5,At risk
C013662,289,2,25368.0,3,4,5,Loyal
C033231,42,2,25384.0,5,4,5,Champions
C020524,196,3,25386.0,4,5,5,Champions
C005423,549,2,25388.0,2,4,5,At risk
C027098,12,4,25391.0,5,5,5,Champions
C031589,6,4,25391.0,5,5,5,Champions
C000637,633,4,25393.0,1,5,5,At risk
C012823,460,2,25394.0,2,4,5,At risk
C030607,67,2,25395.0,5,4,5,Champions
C032176,19,2,25395.0,5,4,5,Champions
C011921,507,1,25398.0,2,3,5,At risk
C027596,25,4,25403.0,5,5,5,Champions
C010572,282,4,25422.0,3,5,5,Loyal
C006828,577,2,25423.0,2,4,5,At risk
C025745,59,5,25441.0,5,5,5,Champions
C017252,88,7,25442.0,4,5,5,Champions
C022555,188,3,25443.0,4,5,5,Champions
C015519,393,2,25446.0,2,4,5,At risk
C022738,167,5,25454.0,4,5,5,Champions
C006495,652,2,25461.0,1,4,5,At risk
C032347,47,4,25481.0,5,5,5,Champions
C009233,578,2,25488.0,2,4,5,At risk
C000939,746,4,25489.0,1,5,5,At risk
C014006,284,4,25490.0,3,5,5,Loyal
C007745,453,3,25493.0,2,5,5,At risk
C029775,29,4,25493.0,5,5,5,Champions
C013005,322,3,25494.0,3,5,5,Loyal
C033319,1,2,25495.0,5,4,5,Champions
C005705,627,2,25497.0,1,4,5,At risk
C027904,5,3,25510.0,5,5,5,Champions
C007544,507,3,25543.0,2,5,5,At risk
C021570,31,6,25545.0,5,5,5,Champions
C007078,560,5,25548.0,2,5,5,At risk
C027976,18,3,25558.0,5,5,5,Champions
C033423,3,3,25577.0,5,5,5,Champions
C017366,325,3,25587.0,3,5,5,Loyal
C005068,593,6,25590.0,1,5,5,At risk
C000003,745,5,25592.0,1,5,5,At risk
C004115,550,4,25592.0,2,5,5,At risk
C014548,410,2,25594.0,2,4,5,At risk
C016350,384,1,25594.0,2,3,5,At risk
C022763,206,3,25594.0,4,5,5,Champions
C016413,141,4,25595.0,4,5,5,Champions
C001273,809,1,25596.0,1,3,5,At risk
C030964,28,3,25596.0,5,5,5,Champions
C011730,496,1,25598.0,2,3,5,At risk
C025893,103,4,25607.0,4,5,5,Champions
C015181,309,5,25610.0,3,5,5,Loyal
C022992,166,4,25613.0,4,5,5,Champions
C018418,280,4,25631.0,3,5,5,Loyal
C011519,313,7,25641.0,3,5,5,Loyal
C032581,16,4,25644.0,5,5,5,Champions
C015205,296,5,25645.0,3,5,5,Loyal
C000993,769,3,25648.0,1,5,5,At risk
C021049,222,4,25648.0,3,5,5,Loyal
C005648,559,4,25654.0,2,5,5,At risk
C010436,455,3,25662.0,2,5,5,At risk
C018309,268,5,25664.0,3,5,5,Loyal
C023840,185,3,25666.0,4,5,5,Champions
C021551,222,2,25670.0,3,4,5,Loyal
C010534,405,6,25690.0,2,5,5,At risk
C012508,467,4,25693.0,2,5,5,At risk
C026516,61,4,25694.0,5,5,5,Champions
C030642,22,2,25695.0,5,4,5,Champions
C000526,890,1,25697.0,1,3,5,At risk
C015395,325,2,25705.0,3,4,5,Loyal
C003265,26,7,25718.0,5,5,5,Champions
C003489,685,4,25719.0,1,5,5,At risk
C011556,168,4,25739.0,4,5,5,Champions
C006594,368,5,25741.0,3,5,5,Loyal
C000817,817,3,25745.0,1,5,5,At risk
C015739,337,2,25747.0,3,4,5,Loyal
C012201,436,3,25759.0,2,5,5,At risk
C003739,733,2,25770.0,1,4,5,At risk
C026095,16,3,25783.0,5,5,5,Champions
C028576,3,4,25790.0,5,5,5,Champions
C010487,371,3,25792.0,2,5,5,At risk
C001297,702,5,25793.0,1,5,5,At risk
C000537,878,2,25794.0,1,4,5,At risk
C018161,108,5,25794.0,4,5,5,Champions
C031502,27,3,25796.0,5,5,5,Champions
C026206,20,4,25797.0,5,5,5,Champions
C012503,479,2,25799.0,2,4,5,At risk
C001295,661,5,25803.0,1,5,5,At risk
C023153,218,2,25811.0,3,4,5,Loyal
C015136,236,4,25837.0,3,5,5,Loyal
C011561,393,7,25840.0,2,5,5,At risk
C028759,71,4,25841.0,5,5,5,Champions
C005416,431,5,25842.0,2,5,5,At risk
C002752,789,2,25843.0,1,4,5,At risk
C017791,325,7,25843.0,3,5,5,Loyal
C003883,737,1,25845.0,1,3,5,At risk
C009238,438,4,25870.0,2,5,5,At risk
C012822,449,5,25886.0,2,5,5,At risk
C011418,381,6,25889.0,2,5,5,At risk
C006814,68,5,25890.0,5,5,5,Champions
C024616,14,4,25892.0,5,5,5,Champions
C024839,109,4,25893.0,4,5,5,Champions
C020781,190,4,25894.0,4,5,5,Champions
C023102,231,1,25897.0,3,3,5,Loyal
C020123,169,2,25898.0,4,4,5,Champions
C013206,258,4,25914.0,3,5,5,Loyal
C018081,118,6,25915.0,4,5,5,Champions
C000336,730,6,25938.0,1,5,5,At risk
C009889,565,2,25938.0,2,4,5,At risk
C010254,364,3,25942.0,3,5,5,Loyal
C015614,273,4,25944.0,3,5,5,Loyal
C027701,90,3,25944.0,4,5,5,Champions
C032491,11,3,25945.0,5,5,5,Champions
C015700,366,2,25946.0,3,4,5,Loyal
C003004,447,3,25977.0,2,5,5,At risk
C002494,754,4,25989.0,1,5,5,At risk
C015051,333,4,25993.0,3,5,5,Loyal
C028423,113,2,25994.0,4,4,5,Champions
C000663,702,2,25995.0,1,4,5,At risk
C006690,521,5,25996.0,2,5,5,At risk
C009591,443,3,25996.0,2,5,5,At risk
C007583,616,1,25997.0,1,3,5,At risk
C002485,656,2,26001.0,1,4,5,At risk
C022642,232,1,26007.0,3,3,5,Loyal
C027998,34,5,26012.0,5,5,5,Champions
C000875,777,2,26013.0,1,4,5,At risk
C029937,83,2,26013.0,5,4,5,Champions
C014455,273,7,26039.0,3,5,5,Loyal
C031456,25,3,26043.0,5,5,5,Champions
C020661,258,3,26044.0,3,5,5,Loyal
C006609,321,6,26046.0,3,5,5,Loyal
C026217,34,6,26090.0,5,5,5,Champions
C012381,392,3,26092.0,2,5,5,At risk
C010654,494,3,26095.0,2,5,5,At risk
C000805,869,2,26098.0,1,4,5,At risk
C005170,673,3,26128.0,1,5,5,At risk
C019885,30,7,26142.0,5,5,5,Champions
C005630,653,3,26143.0,1,5,5,At risk
C026813,107,4,26143.0,4,5,5,Champions
C027741,57,2,26144.0,5,4,5,Champions
C020977,1,5,26167.0,5,5,5,Champions
C013678,318,4,26190.0,3,5,5,Loyal
C015570,175,5,26191.0,4,5,5,Champions
C006704,119,6,26192.0,4,5,5,Champions
C008522,561,2,26194.0,2,4,5,At risk
C033577,15,3,26194.0,5,5,5,Champions
C005525,596,3,26195.0,1,5,5,At risk
C000319,725,3,26196.0,1,5,5,At risk
C001002,672,3,26196.0,1,5,5,At risk
C013039,286,2,26198.0,3,4,5,Loyal
C022879,173,4,26199.0,4,5,5,Champions
C017724,202,4,26206.0,4,5,5,Champions
C013288,411,2,26210.0,2,4,5,At risk
C011098,209,4,26214.0,4,5,5,Champions
C007863,461,6,26240.0,2,5,5,At risk
C006234,637,3,26244.0,1,5,5,At risk
C014806,337,4,26244.0,3,5,5,Loyal
C029052,62,3,26244.0,5,5,5,Champions
C008554,595,1,26250.0,1,3,5,At risk
C004428,554,4,26251.0,2,5,5,At risk
C033226,2,2,26253.0,5,4,5,Champions
C020469,81,5,26264.0,5,5,5,Champions
C026320,51,3,26269.0,5,5,5,Champions
C007218,445,4,26277.0,2,5,5,At risk
C007774,516,6,26278.0,2,5,5,At risk
C010700,242,4,26282.0,3,5,5,Loyal
C009063,390,6,26288.0,2,5,5,At risk
C031016,4,5,26292.0,5,5,5,Champions
C011875,288,3,26293.0,3,5,5,Loyal
C017674,178,3,26293.0,4,5,5,Champions
C001266,767,3,26294.0,1,5,5,At risk
C034425,14,3,26294.0,5,5,5,Champions
C024585,141,3,26295.0,4,5,5,Champions
C023048,38,4,26306.0,5,5,5,Champions
C018007,154,4,26311.0,4,5,5,Champions
C019246,13,6,26334.0,5,5,5,Champions
C011466,330,6,26337.0,3,5,5,Loyal
C016714,259,7,26342.0,3,5,5,Loyal
C001063,552,3,26345.0,2,5,5,At risk
C025082,201,1,26346.0,4,3,5,Loyal
C001815,834,1,26349.0,1,3,5,At risk
C003586,762,1,26349.0,1,3,5,At risk
C004603,723,1,26349.0,1,3,5,At risk
C005622,689,1,26349.0,1,3,5,At risk
C007480,627,1,26349.0,1,3,5,At risk
C013897,450,1,26349.0,2,3,5,At risk
C016385,365,1,26349.0,3,3,5,Loyal
C022753,234,1,26349.0,3,3,5,Loyal
C025228,200,1,26349.0,4,3,5,Loyal
C026308,181,1,26349.0,4,3,5,Loyal
C027777,150,1,26349.0,4,3,5,Loyal
C032201,68,1,26349.0,5,3,5,Loyal
C033373,46,1,26349.0,5,3,5,Loyal
C034159,31,1,26349.0,5,3,5,Loyal
C034772,21,1,26349.0,5,3,5,Loyal
C014944,200,7,26362.0,4,5,5,Champions
C002240,425,3,26364.0,2,5,5,At risk
C025180,200,1,26372.0,4,3,5,Loyal
C011629,390,3,26396.0,2,5,5,At risk
C027544,113,3,26396.0,4,5,5,Champions
C007050,626,3,26419.0,1,5,5,At risk
C019047,320,1,26431.0,3,3,5,Loyal
C015094,231,4,26433.0,3,5,5,Loyal
C020260,292,1,26433.0,3,3,5,Loyal
C011698,80,5,26438.0,5,5,5,Champions
C026093,109,5,26441.0,4,5,5,Champions
C030740,30,4,26442.0,5,5,5,Champions
C021160,26,6,26443.0,5,5,5,Champions
C022468,184,3,26450.0,4,5,5,Champions
C006381,203,7,26481.0,4,5,5,Champions
C014963,338,5,26492.0,3,5,5,Loyal
C024838,134,4,26493.0,4,5,5,Champions
C016475,103,4,26494.0,4,5,5,Champions
C028245,97,3,26494.0,4,5,5,Champions
C029869,63,3,26494.0,5,5,5,Champions
C002749,590,5,26495.0,1,5,5,At risk
C001199,798,2,26497.0,1,4,5,At risk
C026501,163,1,26498.0,4,3,5,Loyal
C001600,630,7,26501.0,1,5,5,At risk
C022388,116,5,26508.0,4,5,5,Champions
C011931,456,4,26529.0,2,5,5,At risk
C006341,596,3,26531.0,1,5,5,At risk
C012708,147,5,26538.0,4,5,5,Champions
C033890,2,2,26542.0,5,4,5,Champions
C024745,103,3,26543.0,4,5,5,Champions
C023169,231,1,26560.0,3,3,5,Loyal
C012616,476,3,26579.0,2,5,5,At risk
C022054,90,6,26588.0,4,5,5,Champions
C025940,108,5,26588.0,4,5,5,Champions
C012029,423,7,26590.0,2,5,5,At risk
C021345,42,4,26590.0,5,5,5,Champions
C013889,444,2,26592.0,2,4,5,At risk
C000381,811,3,26593.0,1,5,5,At risk
C001187,430,7,26593.0,2,5,5,At risk
C019443,293,4,26593.0,3,5,5,Loyal
C000059,798,3,26594.0,1,5,5,At risk
C002438,392,5,26596.0,2,5,5,At risk
C032489,35,1,26596.0,5,3,5,Loyal
C019870,102,8,26606.0,4,5,5,Champions
C021058,129,4,26622.0,4,5,5,Champions
C015359,47,6,26623.0,5,5,5,Champions
C015944,203,6,26629.0,4,5,5,Champions
C027690,94,5,26631.0,4,5,5,Champions
C001410,718,6,26643.0,1,5,5,At risk
C011914,459,3,26644.0,2,5,5,At risk
C030998,46,3,26645.0,5,5,5,Champions
C033707,24,2,26660.0,5,4,5,Champions
C005579,546,3,26667.0,2,5,5,At risk
C010908,497,4,26673.0,2,5,5,At risk
C023201,49,5,26679.0,5,5,5,Champions
C017149,226,4,26690.0,3,5,5,Loyal
C007502,596,4,26692.0,1,5,5,At risk
C000086,833,3,26694.0,1,5,5,At risk
C021583,260,1,26694.0,3,3,5,Loyal
C008224,496,4,26703.0,2,5,5,At risk
C008517,596,1,26723.0,1,3,5,At risk
C003198,78,8,26728.0,5,5,5,Champions
C016182,313,4,26742.0,3,5,5,Loyal
C020301,102,6,26742.0,4,5,5,Champions
C003892,559,4,26744.0,2,5,5,At risk
C013825,38,6,26746.0,5,5,5,Champions
C012631,363,6,26753.0,3,5,5,Loyal
C008173,590,2,26759.0,1,4,5,At risk
C001939,574,4,26769.0,2,5,5,At risk
C012519,336,5,26784.0,3,5,5,Loyal
C000804,563,5,26789.0,2,5,5,At risk
C011909,473,3,26793.0,2,5,5,At risk
C000169,728,3,26794.0,1,5,5,At risk
C004065,746,1,26796.0,1,3,5,At risk
C026274,121,2,26796.0,4,4,5,Champions
C030411,43,3,26800.0,5,5,5,Champions
C006994,555,3,26804.0,2,5,5,At risk
C004085,694,2,26821.0,1,4,5,At risk
C011495,160,5,26838.0,4,5,5,Champions
C011936,153,4,26842.0,4,5,5,Champions
C027061,165,1,26858.0,4,3,5,Loyal
C008318,563,3,26863.0,2,5,5,At risk
C007895,464,3,26893.0,2,5,5,At risk
C007643,543,4,26894.0,2,5,5,At risk
C024778,79,5,26894.0,5,5,5,Champions
C014116,408,2,26896.0,2,4,5,At risk
C028620,30,5,26910.0,5,5,5,Champions
C002405,677,4,26912.0,1,5,5,At risk
C014611,368,3,26943.0,3,5,5,Loyal
C017522,270,3,26943.0,3,5,5,Loyal
C023623,115,6,26945.0,4,5,5,Champions
C004919,697,2,26948.0,1,4,5,At risk
C019989,59,5,26948.0,5,5,5,Champions
C001048,725,4,26958.0,1,5,5,At risk
C006584,311,7,26960.0,3,5,5,Loyal
C027379,24,8,26969.0,5,5,5,Champions
C017015,176,5,26982.0,4,5,5,Champions
C032754,48,3,26992.0,5,5,5,Champions
C015357,373,3,26993.0,2,5,5,At risk
C019224,87,5,26993.0,4,5,5,Champions
C014733,13,5,26994.0,5,5,5,Champions
C030392,57,4,26999.0,5,5,5,Champions
C007798,553,4,27036.0,2,5,5,At risk
C005107,620,4,27041.0,1,5,5,At risk
C010638,485,3,27042.0,2,5,5,At risk
C020699,162,3,27044.0,4,5,5,Champions
C021097,247,2,27045.0,3,4,5,Loyal
C007657,207,6,27060.0,4,5,5,Champions
C001474,622,5,27086.0,1,5,5,At risk
C015306,214,5,27091.0,3,5,5,Loyal
C018407,115,4,27091.0,4,5,5,Champions
C031866,26,4,27091.0,5,5,5,Champions
C014623,168,6,27093.0,4,5,5,Champions
C018895,195,3,27093.0,4,5,5,Champions
C010382,527,3,27095.0,2,5,5,At risk
C012079,300,4,27095.0,3,5,5,Loyal
C001191,612,3,27096.0,1,5,5,At risk
C009849,356,6,27106.0,3,5,5,Loyal
C000912,873,1,27112.0,1,3,5,At risk
C007302,579,2,27115.0,1,4,5,At risk
C019823,128,4,27118.0,4,5,5,Champions
C006703,570,5,27126.0,2,5,5,At risk
C027311,137,4,27140.0,4,5,5,Champions
C001347,818,2,27143.0,1,4,5,At risk
C027088,30,3,27143.0,5,5,5,Champions
C025575,188,1,27146.0,4,3,5,Loyal
C022524,47,3,27151.0,5,5,5,Champions
C003733,722,3,27155.0,1,5,5,At risk
C008976,197,3,27157.0,4,5,5,Champions
C008805,226,5,27158.0,3,5,5,Loyal
C002781,229,6,27159.0,3,5,5,Loyal
C008855,565,2,27170.0,2,4,5,At risk
C022323,231,1,27177.0,3,3,5,Loyal
C013830,367,4,27190.0,3,5,5,Loyal
C023940,72,5,27191.0,5,5,5,Champions
C011924,461,3,27192.0,2,5,5,At risk
C015372,259,4,27192.0,3,5,5,Loyal
C018445,39,4,27194.0,5,5,5,Champions
C016904,223,3,27196.0,3,5,5,Loyal
C010944,209,4,27210.0,4,5,5,Champions
C010751,331,4,27223.0,3,5,5,Loyal
C004196,473,5,27224.0,2,5,5,At risk
C019551,173,3,27226.0,4,5,5,Champions
C002787,788,3,27229.0,1,5,5,At risk
C018234,95,4,27238.0,4,5,5,Champions
C024711,125,4,27239.0,4,5,5,Champions
C005371,466,7,27240.0,2,5,5,At risk
C032294,24,5,27242.0,5,5,5,Champions
C007015,632,1,27247.0,1,3,5,At risk
C007405,462,7,27247.0,2,5,5,At risk
C025296,157,2,27247.0,4,4,5,Champions
C000287,621,6,27248.0,1,5,5,At risk
C028964,105,2,27256.0,4,4,5,Champions
C015904,331,7,27289.0,3,5,5,Loyal
C011412,364,6,27290.0,3,5,5,Loyal
C025735,57,6,27291.0,5,5,5,Champions
C001148,750,4,27293.0,1,5,5,At risk
C005055,406,6,27293.0,2,5,5,At risk
C033346,44,2,27293.0,5,4,5,Champions
C020002,282,2,27294.0,3,4,5,Loyal
C007257,488,5,27296.0,2,5,5,At risk
C021755,200,3,27309.0,4,5,5,Champions
C007843,578,2,27333.0,1,4,5,At risk
C010353,401,5,27340.0,2,5,5,At risk
C000322,811,3,27342.0,1,5,5,At risk
C000594,571,6,27343.0,2,5,5,At risk
C026081,6,6,27345.0,5,5,5,Champions
C022830,150,4,27349.0,4,5,5,Champions
C019426,248,4,27363.0,3,5,5,Loyal
C031293,5,5,27367.0,5,5,5,Champions
C019045,320,1,27371.0,3,3,5,Loyal
C022036,200,3,27375.0,4,5,5,Champions
C023615,193,3,27380.0,4,5,5,Champions
C015533,54,8,27381.0,5,5,5,Champions
C010120,278,6,27387.0,3,5,5,Loyal
C019318,284,5,27390.0,3,5,5,Loyal
C031025,13,4,27392.0,5,5,5,Champions
C020451,157,6,27413.0,4,5,5,Champions
C025308,200,1,27424.0,4,3,5,Loyal
C004114,685,5,27443.0,1,5,5,At risk
C032737,48,4,27444.0,5,5,5,Champions
C019740,64,5,27447.0,5,5,5,Champions
C022287,174,3,27459.0,4,5,5,Champions
C017583,214,3,27466.0,3,5,5,Loyal
C024886,137,5,27482.0,4,5,5,Champions
C018635,214,6,27488.0,3,5,5,Loyal
C013432,110,4,27490.0,4,5,5,Champions
C020232,76,5,27490.0,5,5,5,Champions
C004596,381,6,27491.0,2,5,5,At risk
C006306,414,6,27492.0,2,5,5,At risk
C004346,358,8,27493.0,3,5,5,Loyal
C018283,272,4,27493.0,3,5,5,Loyal
C005556,516,4,27496.0,2,5,5,At risk
C018669,278,4,27502.0,3,5,5,Loyal
C004036,566,5,27512.0,2,5,5,At risk
C018509,194,3,27525.0,4,5,5,Champions
C033964,36,1,27538.0,5,3,5,Loyal
C006916,538,3,27540.0,2,5,5,At risk
C000128,683,4,27541.0,1,5,5,At risk
C003107,740,5,27588.0,1,5,5,At risk
C016873,221,5,27590.0,3,5,5,Loyal
C003150,661,3,27591.0,1,5,5,At risk
C009709,277,4,27591.0,3,5,5,Loyal
C000019,869,4,27593.0,1,5,5,At risk
C026141,25,6,27593.0,5,5,5,Champions
C004013,746,1,27597.0,1,3,5,At risk
C028103,25,5,27607.0,5,5,5,Champions
C028300,76,2,27626.0,5,4,5,Champions
C000730,453,6,27640.0,2,5,5,At risk
C009034,453,2,27648.0,2,4,5,At risk
C024135,76,6,27659.0,5,5,5,Champions
C028256,108,3,27664.0,4,5,5,Champions
C025923,79,3,27668.0,5,5,5,Champions
C005299,578,5,27670.0,1,5,5,At risk
C008360,579,4,27691.0,1,5,5,At risk
C016482,227,4,27692.0,3,5,5,Loyal
C026295,106,3,27693.0,4,5,5,Champions
C011533,420,2,27694.0,2,4,5,At risk
C001568,846,1,27695.0,1,3,5,At risk
C002674,698,4,27695.0,1,5,5,At risk
C011037,464,2,27696.0,2,4,5,At risk
C023684,224,1,27696.0,3,3,5,Loyal
C023992,193,2,27740.0,4,4,5,Champions
C000918,832,4,27741.0,1,5,5,At risk
C010563,441,3,27764.0,2,5,5,At risk
C021359,36,5,27795.0,5,5,5,Champions
C025793,165,2,27795.0,4,4,5,Champions
C029137,17,4,27796.0,5,5,5,Champions
C008768,511,3,27809.0,2,5,5,At risk
C020029,231,6,27811.0,3,5,5,Loyal
C012277,193,5,27819.0,4,5,5,Champions
C019995,214,3,27826.0,3,5,5,Loyal
C002305,542,6,27829.0,2,5,5,At risk
C011301,350,6,27840.0,3,5,5,Loyal
C017902,257,6,27840.0,3,5,5,Loyal
C011966,242,6,27841.0,3,5,5,Loyal
C013163,434,3,27841.0,2,5,5,At risk
C031825,36,3,27841.0,5,5,5,Champions
C015545,338,3,27843.0,3,5,5,Loyal
C014283,363,3,27844.0,3,5,5,Loyal
C031938,68,3,27845.0,5,5,5,Champions
C023786,214,1,27848.0,3,3,5,Loyal
C008950,578,3,27850.0,2,5,5,At risk
C034417,9,3,27853.0,5,5,5,Champions
C015556,262,4,27858.0,3,5,5,Loyal
C015143,246,6,27859.0,3,5,5,Loyal
C027236,53,4,27860.0,5,5,5,Champions
C002356,685,5,27873.0,1,5,5,At risk
C026238,24,7,27877.0,5,5,5,Champions
C004690,666,1,27879.0,1,3,5,At risk
C013081,290,4,27888.0,3,5,5,Loyal
C007602,295,4,27891.0,3,5,5,Loyal
C005640,444,4,27892.0,2,5,5,At risk
C027965,40,3,27892.0,5,5,5,Champions
C013379,335,3,27893.0,3,5,5,Loyal
C028849,108,2,27895.0,4,4,5,Champions
C030244,102,1,27899.0,4,3,5,Loyal
C019275,113,5,27904.0,4,5,5,Champions
C021673,80,5,27918.0,5,5,5,Champions
C000018,819,4,27932.0,1,5,5,At risk
C000890,789,5,27942.0,1,5,5,At risk
C000572,839,2,27944.0,1,4,5,At risk
C018142,319,4,27954.0,3,5,5,Loyal
C004651,724,1,27963.0,1,3,5,At risk
C014962,195,6,27967.0,4,5,5,Champions
C006335,564,4,27968.0,2,5,5,At risk
C006558,565,6,27979.0,2,5,5,At risk
C028582,23,5,27986.0,5,5,5,Champions
C001699,717,4,27999.0,1,5,5,At risk
C013535,457,1,27999.0,2,3,5,At risk
C002507,563,5,28003.0,2,5,5,At risk
C003550,314,4,28005.0,3,5,5,Loyal
C002096,568,5,28021.0,2,5,5,At risk
C020177,47,6,28039.0,5,5,5,Champions
C005208,424,4,28043.0,2,5,5,At risk
C012560,426,8,28068.0,2,5,5,At risk
C009579,230,6,28072.0,3,5,5,Loyal
C021213,236,4,28090.0,3,5,5,Loyal
C029467,14,4,28092.0,5,5,5,Champions
C026757,57,5,28093.0,5,5,5,Champions
C013905,415,3,28094.0,2,5,5,At risk
C006940,630,2,28096.0,1,4,5,At risk
C022100,224,1,28097.0,3,3,5,Loyal
C009527,576,2,28113.0,2,4,5,At risk
C033603,6,4,28113.0,5,5,5,Champions
C031688,23,3,28115.0,5,5,5,Champions
C029666,16,3,28122.0,5,5,5,Champions
C013844,226,4,28141.0,3,5,5,Loyal
C020267,84,3,28142.0,5,5,5,Champions
C014325,334,4,28144.0,3,5,5,Loyal
C008149,447,7,28178.0,2,5,5,At risk
C018349,286,7,28189.0,3,5,5,Loyal
C017067,354,2,28192.0,3,4,5,Loyal
C030483,93,3,28194.0,4,5,5,Champions
C033192,9,3,28194.0,5,5,5,Champions
C001444,834,1,28196.0,1,3,5,At risk
C030137,47,3,28213.0,5,5,5,Champions
C018807,163,4,28267.0,4,5,5,Champions
C029895,13,4,28277.0,5,5,5,Champions
C017807,89,4,28290.0,4,5,5,Champions
C019217,70,7,28291.0,5,5,5,Champions
C014319,100,5,28292.0,4,5,5,Champions
C015187,292,3,28292.0,3,5,5,Loyal
C019863,15,4,28293.0,5,5,5,Champions
C024926,188,2,28295.0,4,4,5,Champions
C017116,358,1,28297.0,3,3,5,Loyal
C012591,460,2,28299.0,2,4,5,At risk
C013226,468,1,28299.0,2,3,5,At risk
C013561,460,1,28299.0,2,3,5,At risk
C021905,253,1,28299.0,3,3,5,Loyal
C029623,109,1,28299.0,4,3,5,Loyal
C000296,748,3,28300.0,1,5,5,At risk
C029832,110,1,28303.0,4,3,5,Loyal
C035160,14,1,28303.0,5,3,5,Loyal
C002985,781,1,28304.0,1,3,5,At risk
C024193,214,1,28304.0,3,3,5,Loyal
C035220,2,1,28304.0,5,3,5,Loyal
C017519,214,5,28313.0,3,5,5,Loyal
C009264,474,3,28323.0,2,5,5,At risk
C007847,585,4,28337.0,1,5,5,At risk
C030456,11,4,28337.0,5,5,5,Champions
C000836,745,4,28340.0,1,5,5,At risk
C011611,223,7,28340.0,3,5,5,Loyal
C019752,205,5,28341.0,4,5,5,Champions
C002288,637,4,28343.0,1,5,5,At risk
C020516,62,5,28344.0,5,5,5,Champions
C029639,113,1,28344.0,4,3,5,Loyal
C004450,528,8,28352.0,2,5,5,At risk
C021893,231,2,28381.0,3,4,5,Loyal
C025705,111,5,28391.0,4,5,5,Champions
C007110,466,4,28392.0,2,5,5,At risk
C023587,207,2,28394.0,4,4,5,Champions
C009981,565,1,28396.0,2,3,5,At risk
C020453,187,5,28398.0,4,5,5,Champions
C005151,578,6,28400.0,1,5,5,At risk
C004680,310,7,28437.0,3,5,5,Loyal
C012183,475,2,28441.0,2,4,5,At risk
C007700,11,3,28443.0,5,5,5,Champions
C006305,578,2,28445.0,1,4,5,At risk
C021641,153,3,28457.0,4,5,5,Champions
C004494,521,6,28462.0,2,5,5,At risk
C003132,669,5,28493.0,1,5,5,At risk
C013141,366,4,28493.0,3,5,5,Loyal
C028195,129,2,28493.0,4,4,5,Champions
C012068,460,2,28495.0,2,4,5,At risk
C022745,183,2,28495.0,4,4,5,Champions
C005499,693,1,28497.0,1,3,5,At risk
C021209,266,1,28498.0,3,3,5,Loyal
C009158,583,1,28499.0,1,3,5,At risk
C010293,557,1,28499.0,2,3,5,At risk
C027192,134,2,28530.0,4,4,5,Champions
C029210,54,4,28535.0,5,5,5,Champions
C020840,204,6,28541.0,4,5,5,Champions
C007273,563,5,28542.0,2,5,5,At risk
C012711,463,2,28544.0,2,4,5,At risk
C012942,392,4,28544.0,2,5,5,At risk
C008060,300,4,28548.0,3,5,5,Loyal
C008171,605,1,28557.0,1,3,5,At risk
C027740,103,4,28568.0,4,5,5,Champions
C010201,331,7,28572.0,3,5,5,Loyal
C009996,314,4,28573.0,3,5,5,Loyal
C018259,301,4,28578.0,3,5,5,Loyal
C004103,565,3,28590.0,2,5,5,At risk
C022362,123,3,28592.0,4,5,5,Champions
C000364,818,4,28593.0,1,5,5,At risk
C023261,231,1,28599.0,3,3,5,Loyal
C016260,259,4,28611.0,3,5,5,Loyal
C021725,117,6,28635.0,4,5,5,Champions
C024964,176,2,28667.0,4,4,5,Champions
C002559,630,3,28683.0,1,5,5,At risk
C002705,723,3,28689.0,1,5,5,At risk
C007997,381,4,28692.0,2,5,5,At risk
C011503,299,3,28693.0,3,5,5,Loyal
C028175,109,1,28696.0,4,3,5,Loyal
C010760,203,7,28737.0,4,5,5,Champions
C029328,37,4,28737.0,5,5,5,Champions
C017546,92,4,28741.0,4,5,5,Champions
C032777,12,4,28743.0,5,5,5,Champions
C004598,684,2,28750.0,1,4,5,At risk
C015810,146,5,28773.0,4,5,5,Champions
C004612,508,6,28791.0,2,5,5,At risk
C003546,408,4,28793.0,2,5,5,At risk
C015165,384,3,28793.0,2,5,5,At risk
C007336,299,5,28794.0,3,5,5,Loyal
C013917,419,2,28794.0,2,4,5,At risk
C000239,902,1,28796.0,1,3,5,At risk
C022274,231,2,28815.0,3,4,5,Loyal
C014824,330,5,28825.0,3,5,5,Loyal
C021166,52,9,28837.0,5,5,5,Champions
C005658,433,5,28839.0,2,5,5,At risk
C004242,498,6,28841.0,2,5,5,At risk
C012662,478,3,28843.0,2,5,5,At risk
C012424,422,3,28844.0,2,5,5,At risk
C009770,453,4,28890.0,2,5,5,At risk
C026214,133,5,28890.0,4,5,5,Champions
C013540,180,5,28891.0,4,5,5,Champions
C002389,690,5,28892.0,1,5,5,At risk
C011355,455,3,28892.0,2,5,5,At risk
C014673,214,4,28893.0,3,5,5,Loyal
C010409,548,2,28894.0,2,4,5,At risk
C032575,10,2,28894.0,5,4,5,Champions
C002658,799,1,28899.0,1,3,5,At risk
C015659,297,3,28899.0,3,5,5,Loyal
C028908,27,5,28899.0,5,5,5,Champions
C030449,1,4,28903.0,5,5,5,Champions
C018979,311,2,28918.0,3,4,5,Loyal
C027153,54,4,28931.0,5,5,5,Champions
C005134,585,7,28932.0,1,5,5,At risk
C006811,578,4,28936.0,1,5,5,At risk
C015713,178,6,28936.0,4,5,5,Champions
C000382,684,8,28938.0,1,5,5,At risk
C018526,228,3,28943.0,3,5,5,Loyal
C000355,862,5,28944.0,1,5,5,At risk
C002082,620,2,28944.0,1,4,5,At risk
C008302,573,2,28944.0,2,4,5,At risk
C020909,24,5,28951.0,5,5,5,Champions
C027943,141,3,28987.0,4,5,5,Champions
C013853,406,4,28991.0,2,5,5,At risk
C012059,453,1,28994.0,2,3,5,At risk
C013254,332,3,28994.0,3,5,5,Loyal
C027987,75,2,28994.0,5,4,5,Champions
C021223,35,5,28999.0,5,5,5,Champions
C013423,206,4,29040.0,4,5,5,Champions
C023273,119,4,29040.0,4,5,5,Champions
C027954,6,5,29042.0,5,5,5,Champions
C012916,82,8,29066.0,5,5,5,Champions
C013168,469,1,29067.0,2,3,5,At risk
C011190,529,1,29068.0,2,3,5,At risk
C003026,596,6,29089.0,1,5,5,At risk
C028344,77,3,29093.0,5,5,5,Champions
C030757,8,4,29095.0,5,5,5,Champions
C002391,754,3,29096.0,1,5,5,At risk
C020501,103,4,29113.0,4,5,5,Champions
C019302,144,6,29142.0,4,5,5,Champions
C027699,125,2,29158.0,4,4,5,Champions
C021514,187,3,29167.0,4,5,5,Champions
C001264,565,6,29169.0,2,5,5,At risk
C027772,31,6,29181.0,5,5,5,Champions
C018409,110,5,29190.0,4,5,5,Champions
C028517,25,6,29192.0,5,5,5,Champions
C000275,816,3,29193.0,1,5,5,At risk
C017409,32,3,29194.0,5,5,5,Champions
C018358,182,9,29200.0,4,5,5,Champions
C017756,200,5,29205.0,4,5,5,Champions
C019867,213,5,29205.0,3,5,5,Loyal
C007535,412,5,29226.0,2,5,5,At risk
C020340,84,4,29232.0,5,5,5,Champions
C011168,526,2,29238.0,2,4,5,At risk
C000325,336,10,29242.0,3,5,5,Loyal
C020606,61,5,29243.0,5,5,5,Champions
C006959,424,6,29258.0,2,5,5,At risk
C000271,814,3,29267.0,1,5,5,At risk
C013430,67,4,29291.0,5,5,5,Champions
C025009,186,2,29298.0,4,4,5,Champions
C022770,179,7,29305.0,4,5,5,Champions
C008441,593,1,29324.0,1,3,5,At risk
C011672,225,9,29341.0,3,5,5,Loyal
C006722,436,4,29343.0,2,5,5,At risk
C019859,224,6,29353.0,3,5,5,Loyal
C004451,565,3,29363.0,2,5,5,At risk
C004601,634,7,29385.0,1,5,5,At risk
C029315,92,3,29388.0,4,5,5,Champions
C010683,399,5,29390.0,2,5,5,At risk
C027708,11,4,29394.0,5,5,5,Champions
C026462,110,3,29395.0,4,5,5,Champions
C007696,565,4,29424.0,2,5,5,At risk
C001454,374,4,29433.0,2,5,5,At risk
C003406,629,5,29434.0,1,5,5,At risk
C011795,279,6,29434.0,3,5,5,Loyal
C018367,179,4,29441.0,4,5,5,Champions
C021858,50,4,29452.0,5,5,5,Champions
C001821,750,4,29486.0,1,5,5,At risk
C016096,282,4,29488.0,3,5,5,Loyal
C012694,452,3,29493.0,2,5,5,At risk
C005673,646,3,29495.0,1,5,5,At risk
C014071,214,9,29499.0,3,5,5,Loyal
C022735,41,7,29505.0,5,5,5,Champions
C026383,71,7,29509.0,5,5,5,Champions
C007253,346,9,29518.0,3,5,5,Loyal
C025876,13,6,29536.0,5,5,5,Champions
C029142,74,4,29536.0,5,5,5,Champions
C011223,114,10,29537.0,4,5,5,Champions
C003738,617,7,29538.0,1,5,5,At risk
C002007,776,4,29543.0,1,5,5,At risk
C015344,266,4,29544.0,3,5,5,Loyal
C019409,2,4,29546.0,5,5,5,Champions
C018885,318,1,29548.0,3,3,5,Loyal
C003734,110,5,29554.0,4,5,5,Champions
C009740,384,6,29587.0,2,5,5,At risk
C011801,24,5,29590.0,5,5,5,Champions
C017114,259,6,29590.0,3,5,5,Loyal
C023651,84,2,29594.0,5,4,5,Champions
C007521,573,4,29595.0,2,5,5,At risk
C022906,233,1,29596.0,3,3,5,Loyal
C027247,158,1,29597.0,4,3,5,Loyal
C021533,25,6,29598.0,5,5,5,Champions
C011237,214,3,29602.0,3,5,5,Loyal
C020009,87,2,29603.0,4,4,5,Champions
C025739,192,1,29663.0,4,3,5,Loyal
C010268,439,3,29664.0,2,5,5,At risk
C024746,80,2,29697.0,5,4,5,Champions
C029307,18,4,29735.0,5,5,5,Champions
C005152,532,3,29736.0,2,5,5,At risk
C007862,304,7,29738.0,3,5,5,Loyal
C022223,227,2,29740.0,3,4,5,Loyal
C017682,39,7,29742.0,5,5,5,Champions
C011013,290,4,29744.0,3,5,5,Loyal
C031062,37,3,29744.0,5,5,5,Champions
C015320,413,1,29748.0,2,3,5,At risk
C019637,160,6,29774.0,4,5,5,Champions
C002489,773,5,29780.0,1,5,5,At risk
C027238,123,6,29788.0,4,5,5,Champions
C008132,325,5,29792.0,3,5,5,Loyal
C031003,84,2,29792.0,5,4,5,Champions
C035259,10,1,29796.0,5,3,5,Loyal
C006550,516,4,29826.0,2,5,5,At risk
C025809,157,3,29840.0,4,5,5,Champions
C029327,20,5,29840.0,5,5,5,Champions
C007693,365,4,29841.0,3,5,5,Loyal
C017736,100,5,29874.0,4,5,5,Champions
C021145,122,3,29892.0,4,5,5,Champions
C028560,51,3,29892.0,5,5,5,Champions
C015793,394,1,29896.0,2,3,5,At risk
C032880,55,1,29897.0,5,3,5,Loyal
C018562,320,1,29905.0,3,3,5,Loyal
C010988,489,5,29912.0,2,5,5,At risk
C007122,596,3,29916.0,1,5,5,At risk
C018238,258,4,29942.0,3,5,5,Loyal
C032235,39,4,29942.0,5,5,5,Champions
C002177,676,5,29943.0,1,5,5,At risk
C004868,687,3,29944.0,1,5,5,At risk
C011683,420,5,29953.0,2,5,5,At risk
C029468,117,1,29969.0,4,3,5,Loyal
C009294,463,4,29985.0,2,5,5,At risk
C006649,504,3,29994.0,2,5,5,At risk
C026760,7,6,29994.0,5,5,5,Champions
C003339,589,5,29996.0,1,5,5,At risk
C035289,12,1,29996.0,5,3,5,Loyal
C012128,431,4,29998.0,2,5,5,At risk
C001667,673,5,30002.0,1,5,5,At risk
C015025,320,5,30038.0,3,5,5,Loyal
C010403,103,4,30089.0,4,5,5,Champions
C013531,391,3,30092.0,2,5,5,At risk
C003338,325,2,30102.0,3,4,5,Loyal
C015835,357,2,30106.0,3,4,5,Loyal
C006585,527,4,30115.0,2,5,5,At risk
C019244,189,5,30126.0,4,5,5,Champions
C010928,293,4,30142.0,3,5,5,Loyal
C007017,578,3,30143.0,1,5,5,At risk
C022422,145,4,30144.0,4,5,5,Champions
C026577,94,3,30144.0,4,5,5,Champions
C017191,340,2,30145.0,3,4,5,Loyal
C000639,873,2,30173.0,1,4,5,At risk
C004810,327,6,30185.0,3,5,5,Loyal
C006677,630,2,30193.0,1,4,5,At risk
C012189,493,2,30196.0,2,4,5,At risk
C003965,596,2,30206.0,1,4,5,At risk
C027313,87,5,30210.0,4,5,5,Champions
C014081,103,5,30230.0,4,5,5,Champions
C020153,102,7,30237.0,4,5,5,Champions
C027444,117,5,30243.0,4,5,5,Champions
C012452,368,3,30244.0,3,5,5,Loyal
C021716,47,4,30244.0,5,5,5,Champions
C031680,1,3,30244.0,5,5,5,Champions
C023152,231,1,30256.0,3,3,5,Loyal
C018900,307,1,30257.0,3,3,5,Loyal
C008357,65,11,30285.0,5,5,5,Champions
C028443,16,6,30288.0,5,5,5,Champions
C016416,230,5,30290.0,3,5,5,Loyal
C026031,177,2,30309.0,4,4,5,Champions
C013224,0,7,30364.0,5,5,5,Champions
C015071,128,4,30392.0,4,5,5,Champions
C015573,380,5,30392.0,2,5,5,At risk
C006737,561,3,30394.0,2,5,5,At risk
C027230,16,2,30409.0,5,4,5,Champions
C021240,33,7,30416.0,5,5,5,Champions
C018654,166,5,30423.0,4,5,5,Champions
C028721,109,2,30423.0,4,4,5,Champions
C021318,82,6,30440.0,5,5,5,Champions
C033565,40,2,30444.0,5,4,5,Champions
C016597,108,9,30462.0,4,5,5,Champions
C004403,612,4,30493.0,1,5,5,At risk
C012444,303,3,30494.0,3,5,5,Loyal
C015994,329,3,30499.0,3,5,5,Loyal
C016772,51,6,30507.0,5,5,5,Champions
C012879,479,1,30512.0,2,3,5,At risk
C011494,464,4,30539.0,2,5,5,At risk
C025756,108,4,30559.0,4,5,5,Champions
C017072,269,6,30588.0,3,5,5,Loyal
C011872,354,5,30592.0,3,5,5,Loyal
C012207,246,7,30592.0,3,5,5,Loyal
C028024,40,5,30592.0,5,5,5,Champions
C027440,69,3,30593.0,5,5,5,Champions
C000216,769,4,30594.0,1,5,5,At risk
C020090,170,2,30595.0,4,4,5,Champions
C005665,685,1,30597.0,1,3,5,At risk
C019298,315,1,30598.0,3,3,5,Loyal
C011180,175,5,30623.0,4,5,5,Champions
C025271,200,1,30623.0,4,3,5,Loyal
C000908,775,5,30625.0,1,5,5,At risk
C005251,440,6,30629.0,2,5,5,At risk
C028292,98,4,30640.0,4,5,5,Champions
C028524,10,4,30640.0,5,5,5,Champions
C012454,226,3,30644.0,3,5,5,Loyal
C032170,18,3,30644.0,5,5,5,Champions
C021270,1,8,30647.0,5,5,5,Champions
C022062,200,2,30652.0,4,4,5,Champions
C032496,4,3,30658.0,5,5,5,Champions
C024728,198,2,30673.0,4,4,5,Champions
C017862,346,1,30683.0,3,3,5,Loyal
C011951,235,2,30690.0,3,4,5,Loyal
C024066,171,5,30691.0,4,5,5,Champions
C007265,621,3,30694.0,1,5,5,At risk
C000667,772,4,30695.0,1,5,5,At risk
C031391,13,1,30698.0,5,3,5,Loyal
C027434,115,2,30703.0,4,4,5,Champions
C005767,596,3,30728.0,1,5,5,At risk
C013883,282,7,30739.0,3,5,5,Loyal
C030820,69,2,30740.0,5,4,5,Champions
C000844,565,7,30746.0,2,5,5,At risk
C012900,231,11,30751.0,3,5,5,Loyal
C006389,596,4,30763.0,1,5,5,At risk
C006517,591,3,30792.0,1,5,5,At risk
C004032,630,4,30794.0,1,5,5,At risk
C012501,460,2,30796.0,2,4,5,At risk
C025796,180,2,30797.0,4,4,5,Champions
C020258,230,5,30799.0,3,5,5,Loyal
C017870,86,7,30828.0,4,5,5,Champions
C027320,75,3,30843.0,5,5,5,Champions
C026619,89,3,30845.0,4,5,5,Champions
C008272,528,2,30846.0,2,4,5,At risk
C024394,214,1,30848.0,3,3,5,Loyal
C004771,537,4,30886.0,2,5,5,At risk
C002671,611,3,30894.0,1,5,5,At risk
C016676,306,5,30894.0,3,5,5,Loyal
C026811,171,1,30894.0,4,3,5,Loyal
C027797,86,3,30895.0,4,5,5,Champions
C000361,643,6,30933.0,1,5,5,At risk
C026795,105,4,30943.0,4,5,5,Champions
C017576,156,6,30947.0,4,5,5,Champions
C009485,268,6,30973.0,3,5,5,Loyal
C003018,265,7,30993.0,3,5,5,Loyal
C028426,33,4,30993.0,5,5,5,Champions
C019321,134,3,30996.0,4,5,5,Champions
C000219,903,1,30999.0,1,3,5,At risk
C001300,770,1,30999.0,1,3,5,At risk
C001738,804,1,30999.0,1,3,5,At risk
C001916,828,1,30999.0,1,3,5,At risk
C010477,551,1,30999.0,2,3,5,At risk
C010558,549,1,30999.0,2,3,5,At risk
C013408,372,1,30999.0,2,3,5,At risk
C016622,377,1,30999.0,2,3,5,At risk
C020864,277,1,30999.0,3,3,5,Loyal
C021458,263,1,30999.0,3,3,5,Loyal
C022240,242,1,30999.0,3,3,5,Loyal
C023857,214,1,30999.0,3,3,5,Loyal
C023881,220,1,30999.0,3,3,5,Loyal
C024611,211,1,30999.0,4,3,5,Loyal
C026591,174,1,30999.0,4,3,5,Loyal
C030823,93,1,30999.0,4,3,5,Loyal
C031450,81,1,30999.0,5,3,5,Loyal
C032854,56,1,30999.0,5,3,5,Loyal
C032866,56,1,30999.0,5,3,5,Loyal
C034575,24,1,30999.0,5,3,5,Loyal
C035442,6,1,30999.0,5,3,5,Loyal
C006560,659,1,31023.0,1,3,5,At risk
C027199,35,6,31041.0,5,5,5,Champions
C023918,30,4,31043.0,5,5,5,Champions
C017205,212,5,31046.0,3,5,5,Loyal
C003978,672,4,31051.0,1,5,5,At risk
C004710,707,2,31063.0,1,4,5,At risk
C011756,13,8,31091.0,5,5,5,Champions
C023510,9,5,31092.0,5,5,5,Champions
C028819,41,5,31092.0,5,5,5,Champions
C024330,214,1,31098.0,3,3,5,Loyal
C020263,89,6,31099.0,4,5,5,Champions
C023162,230,1,31116.0,3,3,5,Loyal
C004248,477,7,31140.0,2,5,5,At risk
C016126,188,4,31141.0,4,5,5,Champions
C018381,108,4,31141.0,4,5,5,Champions
C024048,194,2,31143.0,4,4,5,Champions
C007483,596,2,31153.0,1,4,5,At risk
C023581,96,4,31192.0,4,5,5,Champions
C017785,347,1,31193.0,3,3,5,Loyal
C021248,206,1,31193.0,4,3,5,Loyal
C016365,214,3,31195.0,3,5,5,Loyal
C003755,702,4,31208.0,1,5,5,At risk
C004232,228,6,31230.0,3,5,5,Loyal
C034997,17,1,31246.0,5,3,5,Loyal
C027593,56,7,31250.0,5,5,5,Champions
C016845,199,7,31251.0,4,5,5,Champions
C017813,26,7,31262.0,5,5,5,Champions
C005733,686,1,31279.0,1,3,5,At risk
C023852,221,1,31279.0,3,3,5,Loyal
C000483,639,3,31290.0,1,5,5,At risk
C010206,554,2,31291.0,2,4,5,At risk
C012326,364,5,31292.0,3,5,5,Loyal
C013400,442,2,31295.0,2,4,5,At risk
C017808,347,1,31296.0,3,3,5,Loyal
C010601,370,7,31300.0,2,5,5,At risk
C010395,464,7,31337.0,2,5,5,At risk
C008238,572,3,31341.0,2,5,5,At risk
C001816,433,4,31342.0,2,5,5,At risk
C013030,184,5,31342.0,4,5,5,Champions
C014869,70,4,31344.0,5,5,5,Champions
C014606,214,9,31347.0,3,5,5,Loyal
C011004,282,5,31354.0,3,5,5,Loyal
C024662,106,5,31363.0,4,5,5,Champions
C016071,210,7,31373.0,4,5,5,Champions
C009120,437,6,31383.0,2,5,5,At risk
C003279,681,7,31387.0,1,5,5,At risk
C003617,748,3,31393.0,1,5,5,At risk
C008733,596,1,31396.0,1,3,5,At risk
C029606,67,2,31398.0,5,4,5,Champions
C032683,13,4,31418.0,5,5,5,Champions
C008323,114,5,31439.0,4,5,5,Champions
C002898,529,7,31440.0,2,5,5,At risk
C017993,226,6,31441.0,3,5,5,Loyal
C008829,483,3,31444.0,2,5,5,At risk
C024018,218,1,31448.0,3,3,5,Loyal
C024995,196,1,31448.0,4,3,5,Loyal
C007909,562,3,31464.0,2,5,5,At risk
C014957,197,4,31488.0,4,5,5,Champions
C028973,24,6,31489.0,5,5,5,Champions
C031047,59,4,31490.0,5,5,5,Champions
C000698,795,8,31495.0,1,5,5,At risk
C024034,191,2,31495.0,4,4,5,Champions
C028127,22,6,31497.0,5,5,5,Champions
C028350,76,2,31497.0,5,4,5,Champions
C028431,125,2,31514.0,4,4,5,Champions
C006503,455,4,31523.0,2,5,5,At risk
C028458,5,4,31523.0,5,5,5,Champions
C018092,9,7,31528.0,5,5,5,Champions
C011530,305,7,31534.0,3,5,5,Loyal
C002444,695,5,31538.0,1,5,5,At risk
C004472,625,5,31538.0,1,5,5,At risk
C005695,173,7,31549.0,4,5,5,Champions
C008615,510,2,31553.0,2,4,5,At risk
C002788,743,5,31557.0,1,5,5,At risk
C012782,338,4,31557.0,3,5,5,Loyal
C024095,66,5,31560.0,5,5,5,Champions
C004620,714,4,31593.0,1,5,5,At risk
C018602,252,3,31594.0,3,5,5,Loyal
C022134,130,6,31595.0,4,5,5,Champions
C016985,181,3,31599.0,4,5,5,Champions
C025561,72,7,31601.0,5,5,5,Champions
C013455,313,5,31621.0,3,5,5,Loyal
C025098,201,1,31629.0,4,3,5,Loyal
C004705,503,5,31646.0,2,5,5,At risk
C011673,512,2,31648.0,2,4,5,At risk
C014735,414,1,31648.0,2,3,5,At risk
C015753,379,4,31691.0,2,5,5,At risk
C018971,297,2,31692.0,3,4,5,Loyal
C015356,37,4,31694.0,5,5,5,Champions
C007927,570,4,31733.0,2,5,5,At risk
C007064,521,4,31743.0,2,5,5,At risk
C027020,115,3,31744.0,4,5,5,Champions
C000338,567,7,31745.0,2,5,5,At risk
C020681,115,4,31745.0,4,5,5,Champions
C002260,796,2,31750.0,1,4,5,At risk
C019891,99,5,31774.0,4,5,5,Champions
C027902,0,3,31792.0,5,5,5,Champions
C013010,296,5,31793.0,3,5,5,Loyal
C024003,111,4,31794.0,4,5,5,Champions
C009735,362,3,31796.0,3,5,5,Loyal
C005271,595,2,31797.0,1,4,5,At risk
C003602,761,1,31798.0,1,3,5,At risk
C011120,318,8,31812.0,3,5,5,Loyal
C012428,329,7,31815.0,3,5,5,Loyal
C027553,39,3,31830.0,5,5,5,Champions
C017321,320,2,31831.0,3,4,5,Loyal
C008508,596,1,31855.0,1,3,5,At risk
C030873,92,1,31873.0,4,3,5,Loyal
C002333,796,1,31874.0,1,3,5,At risk
C007981,608,1,31874.0,1,3,5,At risk
C012151,499,1,31874.0,2,3,5,At risk
C033944,34,1,31874.0,5,3,5,Loyal
C001543,573,6,31883.0,2,5,5,At risk
C027743,60,4,31891.0,5,5,5,Champions
C022242,106,4,31918.0,4,5,5,Champions
C024884,29,7,31941.0,5,5,5,Champions
C004574,447,9,31949.0,2,5,5,At risk
C020069,212,3,31962.0,3,5,5,Loyal
C000035,695,5,31978.0,1,5,5,At risk
C011017,460,5,31992.0,2,5,5,At risk
C025570,195,1,31998.0,4,3,5,Loyal
C021399,94,6,32010.0,4,5,5,Champions
C021530,151,5,32076.0,4,5,5,Champions
C005594,531,5,32088.0,2,5,5,At risk
C020375,11,3,32095.0,5,5,5,Champions
C030919,33,2,32098.0,5,4,5,Champions
C007323,596,2,32122.0,1,4,5,At risk
C000033,685,7,32124.0,1,5,5,At risk
C025628,58,3,32128.0,5,5,5,Champions
C013019,4,9,32136.0,5,5,5,Champions
C007384,120,7,32137.0,4,5,5,Champions
C013007,282,4,32140.0,3,5,5,Loyal
C017144,30,4,32144.0,5,5,5,Champions
C003162,111,8,32152.0,4,5,5,Champions
C011297,123,6,32170.0,4,5,5,Champions
C029594,22,8,32182.0,5,5,5,Champions
C024351,214,1,32184.0,3,3,5,Loyal
C021018,246,4,32193.0,3,5,5,Loyal
C020107,231,2,32198.0,3,4,5,Loyal
C022687,200,2,32231.0,4,4,5,Champions
C015292,268,7,32238.0,3,5,5,Loyal
C008502,514,3,32245.0,2,5,5,At risk
C001694,572,2,32246.0,2,4,5,At risk
C015894,193,5,32246.0,4,5,5,Champions
C005178,568,3,32268.0,2,5,5,At risk
C016812,212,6,32292.0,3,5,5,Loyal
C028571,102,3,32297.0,4,5,5,Champions
C035436,3,1,32298.0,5,3,5,Loyal
C026556,41,5,32310.0,5,5,5,Champions
C025720,99,6,32312.0,4,5,5,Champions
C022159,229,4,32341.0,3,5,5,Loyal
C004891,517,4,32343.0,2,5,5,At risk
C021210,43,5,32343.0,5,5,5,Champions
C003770,660,6,32344.0,1,5,5,At risk
C020401,277,1,32348.0,3,3,5,Loyal
C021692,4,8,32372.0,5,5,5,Champions
C029316,2,7,32386.0,5,5,5,Champions
C018332,97,6,32390.0,4,5,5,Champions
C013906,412,4,32394.0,2,5,5,At risk
C016399,383,1,32394.0,2,3,5,At risk
C019835,227,5,32409.0,3,5,5,Loyal
C019004,320,1,32412.0,3,3,5,Loyal
C012915,80,8,32415.0,5,5,5,Champions
C024835,180,3,32438.0,4,5,5,Champions
C004715,604,5,32439.0,1,5,5,At risk
C019534,261,4,32441.0,3,5,5,Loyal
C012763,424,5,32458.0,2,5,5,At risk
C007992,405,5,32464.0,2,5,5,At risk
C008363,510,5,32486.0,2,5,5,At risk
C015279,311,4,32491.0,3,5,5,Loyal
C011582,505,2,32495.0,2,4,5,At risk
C001042,549,4,32508.0,2,5,5,At risk
C021742,39,4,32516.0,5,5,5,Champions
C010680,105,8,32532.0,4,5,5,Champions
C025288,200,1,32535.0,4,3,5,Loyal
C006615,297,5,32545.0,3,5,5,Loyal
C017508,200,3,32562.0,4,5,5,Champions
C008525,596,1,32586.0,1,3,5,At risk
C021833,83,4,32593.0,5,5,5,Champions
C012701,184,6,32625.0,4,5,5,Champions
C006130,546,8,32632.0,2,5,5,At risk
C008311,531,2,32632.0,2,4,5,At risk
C023312,151,2,32637.0,4,4,5,Champions
C022522,200,3,32639.0,4,5,5,Champions
C003603,394,3,32642.0,2,5,5,At risk
C022078,207,3,32644.0,4,5,5,Champions
C022888,94,3,32644.0,4,5,5,Champions
C023500,194,2,32648.0,4,4,5,Champions
C011901,151,8,32654.0,4,5,5,Champions
C027317,102,4,32663.0,4,5,5,Champions
C013958,291,7,32686.0,3,5,5,Loyal
C003974,304,9,32689.0,3,5,5,Loyal
C027887,75,4,32723.0,5,5,5,Champions
C011070,362,6,32738.0,3,5,5,Loyal
C016088,2,10,32738.0,5,5,5,Champions
C030786,9,2,32746.0,5,4,5,Champions
C031632,78,1,32746.0,5,3,5,Loyal
C015527,332,6,32791.0,3,5,5,Loyal
C015591,401,2,32794.0,2,4,5,At risk
C028061,61,2,32797.0,5,4,5,Champions
C016289,384,1,32799.0,2,3,5,At risk
C017308,359,1,32799.0,3,3,5,Loyal
C018599,302,1,32799.0,3,3,5,Loyal
C024617,207,1,32799.0,4,3,5,Loyal
C024734,208,1,32799.0,4,3,5,Loyal
C030507,98,1,32799.0,4,3,5,Loyal
C031083,88,1,32799.0,4,3,5,Loyal
C034749,21,1,32799.0,5,3,5,Loyal
C015822,58,4,32811.0,5,5,5,Champions
C014208,231,6,32812.0,3,5,5,Loyal
C028208,77,4,32817.0,5,5,5,Champions
C008069,565,3,32839.0,2,5,5,At risk
C012767,369,4,32842.0,2,5,5,At risk
C014253,407,2,32842.0,2,4,5,At risk
C023755,139,6,32842.0,4,5,5,Champions
C019292,214,6,32850.0,3,5,5,Loyal
C019012,320,1,32880.0,3,3,5,Loyal
C029161,30,5,32883.0,5,5,5,Champions
C005186,390,3,32894.0,2,5,5,At risk
C001936,64,5,32939.0,5,5,5,Champions
C029061,35,3,32945.0,5,5,5,Champions
C020206,18,5,32953.0,5,5,5,Champions
C019926,288,2,32957.0,3,4,5,Loyal
C004707,587,7,32961.0,1,5,5,At risk
C021779,108,4,32962.0,4,5,5,Champions
C017812,272,3,32973.0,3,5,5,Loyal
C005045,305,9,32988.0,3,5,5,Loyal
C000870,786,3,32990.0,1,5,5,At risk
C021003,231,4,32990.0,3,5,5,Loyal
C006494,543,3,32991.0,2,5,5,At risk
C005314,577,4,32993.0,2,5,5,At risk
C019889,282,2,32995.0,3,4,5,Loyal
C007572,608,2,32998.0,1,4,5,At risk
C032924,55,1,32998.0,5,3,5,Loyal
C014902,408,2,33023.0,2,4,5,At risk
C034374,17,2,33023.0,5,4,5,Champions
C018976,319,2,33030.0,3,4,5,Loyal
C018741,318,2,33042.0,3,4,5,Loyal
C023851,3,8,33042.0,5,5,5,Champions
C031663,53,3,33042.0,5,5,5,Champions
C021256,111,5,33062.0,4,5,5,Champions
C014736,311,6,33086.0,3,5,5,Loyal
C018183,4,5,33093.0,5,5,5,Champions
C022990,220,2,33093.0,3,4,5,Loyal
C028404,6,3,33094.0,5,5,5,Champions
C028312,62,5,33096.0,5,5,5,Champions
C007372,596,2,33116.0,1,4,5,At risk
C010823,457,7,33128.0,2,5,5,At risk
C013446,401,5,33139.0,2,5,5,At risk
C014215,343,5,33141.0,3,5,5,Loyal
C018439,320,2,33143.0,3,4,5,Loyal
C011826,425,5,33150.0,2,5,5,At risk
C000702,320,7,33191.0,3,5,5,Loyal
C022145,214,2,33195.0,3,4,5,Loyal
C007914,513,3,33196.0,2,5,5,At risk
C031188,39,3,33210.0,5,5,5,Champions
C005688,301,6,33218.0,3,5,5,Loyal
C013068,218,5,33218.0,3,5,5,Loyal
C005395,511,5,33225.0,2,5,5,At risk
C030117,12,5,33241.0,5,5,5,Champions
C028304,95,5,33243.0,4,5,5,Champions
C018485,331,1,33245.0,3,3,5,Loyal
C013055,458,4,33252.0,2,5,5,At risk
C010995,199,5,33255.0,4,5,5,Champions
C024603,200,2,33258.0,4,4,5,Champions
C002532,566,5,33288.0,2,5,5,At risk
C033804,4,4,33290.0,5,5,5,Champions
C019268,231,4,33291.0,3,5,5,Loyal
C012409,436,3,33292.0,2,5,5,At risk
C022146,212,2,33294.0,3,4,5,Loyal
C026359,39,7,33294.0,5,5,5,Champions
C010549,542,2,33298.0,2,4,5,At risk
C001640,842,1,33299.0,1,3,5,At risk
C004727,685,1,33299.0,1,3,5,At risk
C008913,589,1,33299.0,1,3,5,At risk
C017111,361,1,33299.0,3,3,5,Loyal
C026585,100,1,33299.0,4,3,5,Loyal
C034631,23,1,33317.0,5,3,5,Loyal
C032595,36,1,33318.0,5,3,5,Loyal
C018862,17,6,33322.0,5,5,5,Champions
C013935,214,6,33338.0,3,5,5,Loyal
C007409,16,8,33339.0,5,5,5,Champions
C015624,270,6,33339.0,3,5,5,Loyal
C033164,36,3,33341.0,5,5,5,Champions
C000323,879,3,33343.0,1,5,5,At risk
C015952,342,4,33343.0,3,5,5,Loyal
C021352,132,5,33351.0,4,5,5,Champions
C027416,27,5,33389.0,5,5,5,Champions
C013879,365,5,33391.0,3,5,5,Loyal
C025651,122,3,33392.0,4,5,5,Champions
C005126,429,4,33395.0,2,5,5,At risk
C008174,371,3,33396.0,2,5,5,At risk
C020794,209,2,33397.0,4,4,5,Champions
C035651,4,1,33398.0,5,3,5,Loyal
C023307,231,1,33405.0,3,3,5,Loyal
C003877,738,2,33416.0,1,4,5,At risk
C020201,59,6,33439.0,5,5,5,Champions
C015403,149,5,33442.0,4,5,5,Champions
C006444,565,5,33444.0,2,5,5,At risk
C002510,774,3,33447.0,1,5,5,At risk
C028315,126,3,33449.0,4,5,5,Champions
C003492,766,1,33497.0,1,3,5,At risk
C005509,685,2,33513.0,1,4,5,At risk
C022590,13,7,33533.0,5,5,5,Champions
C010605,390,6,33541.0,2,5,5,At risk
C027009,29,5,33545.0,5,5,5,Champions
C000882,795,2,33546.0,1,4,5,At risk
C020452,165,4,33548.0,4,5,5,Champions
C028364,107,2,33555.0,4,4,5,Champions
C024609,160,4,33556.0,4,5,5,Champions
C021952,128,4,33563.0,4,5,5,Champions
C018276,278,6,33590.0,3,5,5,Loyal
C022220,209,4,33593.0,4,5,5,Champions
C018621,195,3,33623.0,4,5,5,Champions
C023103,231,1,33636.0,3,3,5,Loyal
C003511,296,2,33644.0,3,4,5,Loyal
C010367,555,1,33648.0,2,3,5,At risk
C002550,591,4,33692.0,1,5,5,At risk
C017325,85,6,33692.0,4,5,5,Champions
C009592,452,4,33693.0,2,5,5,At risk
C005984,680,1,33699.0,1,3,5,At risk
C014580,352,3,33727.0,3,5,5,Loyal
C004685,182,6,33736.0,4,5,5,Champions
C002587,743,5,33737.0,1,5,5,At risk
C030355,30,2,33737.0,5,4,5,Champions
C026309,15,5,33740.0,5,5,5,Champions
C034739,22,1,33742.0,5,3,5,Loyal
C011092,346,5,33743.0,3,5,5,Loyal
C011715,457,3,33750.0,2,5,5,At risk
C008161,358,3,33771.0,3,5,5,Loyal
C004447,570,8,33788.0,2,5,5,At risk
C020353,1,3,33791.0,5,5,5,Champions
C001650,685,6,33795.0,1,5,5,At risk
C025301,149,5,33831.0,4,5,5,Champions
C012978,432,3,33835.0,2,5,5,At risk
C016762,316,3,33837.0,3,5,5,Loyal
C019778,255,4,33840.0,3,5,5,Loyal
C005238,474,5,33845.0,2,5,5,At risk
C027167,131,2,33846.0,4,4,5,Champions
C008100,402,3,33854.0,2,5,5,At risk
C004304,570,6,33863.0,2,5,5,At risk
C023770,69,4,33865.0,5,5,5,Champions
C025174,40,5,33872.0,5,5,5,Champions
C015264,345,9,33885.0,3,5,5,Loyal
C018229,337,1,33898.0,3,3,5,Loyal
C012152,153,8,33926.0,4,5,5,Champions
C003346,440,7,33938.0,2,5,5,At risk
C006926,565,7,33940.0,2,5,5,At risk
C005039,313,5,33943.0,3,5,5,Loyal
C003189,733,2,33944.0,1,4,5,At risk
C023338,231,1,33946.0,3,3,5,Loyal
C002005,627,8,33981.0,1,5,5,At risk
C003469,621,6,33987.0,1,5,5,At risk
C023935,112,3,33992.0,4,5,5,Champions
C010412,554,1,33998.0,2,3,5,At risk
C023434,230,1,34020.0,3,3,5,Loyal
C000375,865,5,34058.0,1,5,5,At risk
C012019,382,4,34071.0,2,5,5,At risk
C001671,814,1,34079.0,1,3,5,At risk
C013079,472,1,34082.0,2,3,5,At risk
C027252,115,2,34097.0,4,4,5,Champions
C033561,43,1,34098.0,5,3,5,Loyal
C019583,181,6,34136.0,4,5,5,Champions
C013949,365,6,34139.0,3,5,5,Loyal
C006191,464,7,34140.0,2,5,5,At risk
C016759,269,2,34143.0,3,4,5,Loyal
C014184,91,7,34147.0,4,5,5,Champions
C001251,510,7,34187.0,2,5,5,At risk
C001003,520,8,34188.0,2,5,5,At risk
C020523,45,6,34189.0,5,5,5,Champions
C011793,401,2,34196.0,2,4,5,At risk
C017296,300,3,34197.0,3,5,5,Loyal
C015715,280,7,34238.0,3,5,5,Loyal
C006451,546,3,34242.0,2,5,5,At risk
C031984,61,2,34246.0,5,4,5,Champions
C006938,517,6,34253.0,2,5,5,At risk
C029712,77,2,34253.0,5,4,5,Champions
C017190,197,4,34283.0,4,5,5,Champions
C016669,271,3,34291.0,3,5,5,Loyal
C022666,233,2,34298.0,3,4,5,Loyal
C026053,156,2,34298.0,4,4,5,Champions
C027447,157,1,34298.0,4,3,5,Loyal
C013178,54,8,34337.0,5,5,5,Champions
C004932,408,6,34342.0,2,5,5,At risk
C005004,686,4,34345.0,1,5,5,At risk
C028575,54,2,34347.0,5,4,5,Champions
C019590,93,9,34365.0,4,5,5,Champions
C020427,200,7,34370.0,4,5,5,Champions
C013553,191,5,34382.0,4,5,5,Champions
C026233,81,5,34390.0,5,5,5,Champions
C008957,382,5,34392.0,2,5,5,At risk
C009717,560,2,34397.0,2,4,5,At risk
C016986,367,1,34398.0,3,3,5,Loyal
C020074,190,1,34398.0,4,3,5,Loyal
C026916,36,7,34407.0,5,5,5,Champions
C028507,79,6,34413.0,5,5,5,Champions
C017619,179,4,34417.0,4,5,5,Champions
C020406,98,7,34431.0,4,5,5,Champions
C004722,78,5,34441.0,5,5,5,Champions
C011480,237,7,34441.0,3,5,5,Loyal
C022713,23,6,34441.0,5,5,5,Champions
C000494,801,4,34481.0,1,5,5,At risk
C007434,151,6,34482.0,4,5,5,Champions
C029287,41,6,34484.0,5,5,5,Champions
C026108,125,3,34492.0,4,5,5,Champions
C003023,586,4,34493.0,1,5,5,At risk
C011425,444,5,34494.0,2,5,5,At risk
C013623,454,1,34499.0,2,3,5,At risk
C006689,573,6,34505.0,2,5,5,At risk
C016508,199,4,34533.0,4,5,5,Champions
C017368,188,6,34539.0,4,5,5,Champions
C035200,6,2,34543.0,5,4,5,Champions
C020165,78,6,34545.0,5,5,5,Champions
C012956,104,9,34549.0,4,5,5,Champions
C024441,199,2,34557.0,4,4,5,Champions
C008118,498,4,34568.0,2,5,5,At risk
C011294,269,8,34587.0,3,5,5,Loyal
C017314,228,4,34589.0,3,5,5,Loyal
C014625,214,4,34592.0,3,5,5,Loyal
C027449,125,6,34595.0,4,5,5,Champions
C031423,23,3,34595.0,5,5,5,Champions
C001337,695,3,34597.0,1,5,5,At risk
C001675,746,4,34598.0,1,5,5,At risk
C025367,110,2,34607.0,4,4,5,Champions
C005375,565,6,34635.0,2,5,5,At risk
C031106,20,6,34639.0,5,5,5,Champions
C006809,600,3,34643.0,1,5,5,At risk
C013696,385,2,34653.0,2,4,5,At risk
C013233,367,7,34659.0,3,5,5,Loyal
C009679,573,1,34676.0,2,3,5,At risk
C000877,875,1,34679.0,1,3,5,At risk
C001873,822,1,34679.0,1,3,5,At risk
C002513,806,1,34679.0,1,3,5,At risk
C002770,716,2,34679.0,1,4,5,At risk
C003388,769,1,34679.0,1,3,5,At risk
C005386,687,1,34679.0,1,3,5,At risk
C007890,614,1,34679.0,1,3,5,At risk
C008647,573,1,34679.0,2,3,5,At risk
C009718,562,1,34679.0,2,3,5,At risk
C011654,514,1,34679.0,2,3,5,At risk
C016624,374,1,34679.0,2,3,5,At risk
C018850,314,1,34679.0,3,3,5,Loyal
C021861,235,1,34679.0,3,3,5,Loyal
C021994,251,1,34679.0,3,3,5,Loyal
C024094,161,1,34679.0,4,3,5,Loyal
C025916,169,1,34679.0,4,3,5,Loyal
C029250,119,1,34679.0,4,3,5,Loyal
C032807,49,1,34679.0,5,3,5,Loyal
C025421,88,5,34684.0,4,5,5,Champions
C022858,215,2,34689.0,3,4,5,Loyal
C002973,571,3,34690.0,2,5,5,At risk
C032766,33,2,34695.0,5,4,5,Champions
C013185,422,2,34698.0,2,4,5,At risk
C023163,193,2,34698.0,4,4,5,Champions
C030216,105,1,34698.0,4,3,5,Loyal
C019857,231,4,34708.0,3,5,5,Loyal
C031064,29,5,34735.0,5,5,5,Champions
C000046,531,7,34754.0,2,5,5,At risk
C018045,312,5,34788.0,3,5,5,Loyal
C023927,86,5,34790.0,4,5,5,Champions
C004419,571,4,34791.0,2,5,5,At risk
C013278,274,4,34794.0,3,5,5,Loyal
C031899,62,1,34798.0,5,3,5,Loyal
C014308,357,7,34840.0,3,5,5,Loyal
C014100,433,3,34846.0,2,5,5,At risk
C008564,596,1,34847.0,1,3,5,At risk
C009004,565,2,34871.0,2,4,5,At risk
C026378,43,5,34871.0,5,5,5,Champions
C004842,191,10,34888.0,4,5,5,Champions
C032835,9,5,34892.0,5,5,5,Champions
C011775,511,1,34896.0,2,3,5,At risk
C029082,120,1,34896.0,4,3,5,Loyal
C013979,438,2,34898.0,2,4,5,At risk
C021415,251,2,34898.0,3,4,5,Loyal
C003001,624,7,34939.0,1,5,5,At risk
C013427,333,6,34965.0,3,5,5,Loyal
C001007,757,5,34994.0,1,5,5,At risk
C015441,376,3,34998.0,2,5,5,At risk
C020912,258,1,35015.0,3,3,5,Loyal
C017951,29,5,35019.0,5,5,5,Champions
C020431,18,5,35038.0,5,5,5,Champions
C028864,36,4,35040.0,5,5,5,Champions
C007849,519,6,35083.0,2,5,5,At risk
C034115,32,1,35097.0,5,3,5,Loyal
C017053,158,6,35110.0,4,5,5,Champions
C013487,45,9,35117.0,5,5,5,Champions
C015796,264,2,35118.0,3,4,5,Loyal
C010946,436,3,35139.0,2,5,5,At risk
C006200,557,6,35142.0,2,5,5,At risk
C006063,596,6,35144.0,1,5,5,At risk
C021347,231,2,35178.0,3,4,5,Loyal
C002594,405,8,35188.0,2,5,5,At risk
C032663,59,1,35188.0,5,3,5,Loyal
C022535,9,4,35191.0,5,5,5,Champions
C025662,12,4,35193.0,5,5,5,Champions
C006844,609,2,35194.0,1,4,5,At risk
C025221,200,1,35197.0,4,3,5,Loyal
C033359,46,1,35197.0,5,3,5,Loyal
C020664,84,6,35214.0,5,5,5,Champions
C020487,125,7,35217.0,4,5,5,Champions
C029019,37,6,35241.0,5,5,5,Champions
C020494,286,1,35273.0,3,3,5,Loyal
C002347,461,5,35274.0,2,5,5,At risk
C003812,745,2,35278.0,1,4,5,At risk
C012656,344,8,35289.0,3,5,5,Loyal
C031985,60,2,35296.0,5,4,5,Champions
C001487,572,6,35306.0,2,5,5,At risk
C016856,29,6,35320.0,5,5,5,Champions
C017000,291,3,35341.0,3,5,5,Loyal
C025951,171,4,35341.0,4,5,5,Champions
C018300,103,5,35342.0,4,5,5,Champions
C008837,536,3,35343.0,2,5,5,At risk
C010674,419,5,35343.0,2,5,5,At risk
C020961,59,7,35349.0,5,5,5,Champions
C011782,61,7,35353.0,5,5,5,Champions
C008091,578,2,35355.0,2,4,5,At risk
C024167,195,3,35372.0,4,5,5,Champions
C013702,425,5,35375.0,2,5,5,At risk
C001212,479,6,35386.0,2,5,5,At risk
C014017,342,6,35387.0,3,5,5,Loyal
C019525,101,4,35436.0,4,5,5,Champions
C010889,364,6,35439.0,3,5,5,Loyal
C007116,194,7,35442.0,4,5,5,Champions
C008106,603,2,35459.0,1,4,5,At risk
C017449,191,7,35490.0,4,5,5,Champions
C020288,85,7,35490.0,4,5,5,Champions
C028236,59,7,35491.0,5,5,5,Champions
C001313,810,2,35498.0,1,4,5,At risk
C009425,578,1,35498.0,2,3,5,At risk
C019958,58,5,35536.0,5,5,5,Champions
C002554,603,4,35538.0,1,5,5,At risk
C026471,8,5,35539.0,5,5,5,Champions
C028311,37,5,35593.0,5,5,5,Champions
C024743,113,5,35595.0,4,5,5,Champions
C025306,200,1,35610.0,4,3,5,Loyal
C032011,0,3,35646.0,5,5,5,Champions
C034866,11,1,35653.0,5,3,5,Loyal
C011342,78,7,35720.0,5,5,5,Champions
C003829,457,7,35725.0,2,5,5,At risk
C007213,487,3,35728.0,2,5,5,At risk
C006375,565,5,35736.0,2,5,5,At risk
C003671,647,8,35739.0,1,5,5,At risk
C011221,423,5,35739.0,2,5,5,At risk
C009616,216,3,35746.0,3,5,5,Loyal
C032975,41,2,35747.0,5,4,5,Champions
C024625,166,2,35757.0,4,4,5,Champions
C001246,730,6,35771.0,1,5,5,At risk
C018820,232,4,35804.0,3,5,5,Loyal
C026056,171,3,35812.0,4,5,5,Champions
C010872,321,4,35824.0,3,5,5,Loyal
C002461,744,6,35839.0,1,5,5,At risk
C003040,679,3,35847.0,1,5,5,At risk
C016853,371,1,35897.0,2,3,5,At risk
C033371,28,1,35898.0,5,3,5,Loyal
C022375,95,7,35901.0,4,5,5,Champions
C012687,443,4,35937.0,2,5,5,At risk
C029197,38,6,35941.0,5,5,5,Champions
C018457,231,5,35945.0,3,5,5,Loyal
C022143,196,2,35945.0,4,4,5,Champions
C026513,73,3,35987.0,5,5,5,Champions
C003953,730,4,35992.0,1,5,5,At risk
C027659,31,3,35992.0,5,5,5,Champions
C002433,809,1,35997.0,1,3,5,At risk
C009165,583,1,35997.0,1,3,5,At risk
C033083,51,1,35998.0,5,3,5,Loyal
C033883,37,1,35998.0,5,3,5,Loyal
C011619,287,8,36001.0,3,5,5,Loyal
C002155,411,6,36016.0,2,5,5,At risk
C002294,254,10,36033.0,3,5,5,Loyal
C030592,2,5,36035.0,5,5,5,Champions
C010958,529,1,36039.0,2,3,5,At risk
C013220,468,1,36039.0,2,3,5,At risk
C016106,392,1,36039.0,2,3,5,At risk
C018540,330,1,36039.0,3,3,5,Loyal
C021341,265,1,36039.0,3,3,5,Loyal
C024415,214,1,36039.0,3,3,5,Loyal
C026408,175,1,36039.0,4,3,5,Loyal
C001792,835,1,36041.0,1,3,5,At risk
C019704,32,7,36048.0,5,5,5,Champions
C024984,200,2,36068.0,4,4,5,Champions
C015467,393,2,36082.0,2,4,5,At risk
C013231,379,3,36090.0,2,5,5,At risk
C018879,28,9,36115.0,5,5,5,Champions
C010567,50,10,36127.0,5,5,5,Champions
C019401,99,7,36128.0,4,5,5,Champions
C006051,618,6,36139.0,1,5,5,At risk
C024678,15,4,36147.0,5,5,5,Champions
C005036,451,3,36179.0,2,5,5,At risk
C012199,172,6,36191.0,4,5,5,Champions
C013916,78,6,36238.0,5,5,5,Champions
C002380,651,5,36239.0,1,5,5,At risk
C010429,70,8,36240.0,5,5,5,Champions
C003402,751,3,36246.0,1,5,5,At risk
C013978,384,1,36250.0,2,3,5,At risk
C015186,214,6,36252.0,3,5,5,Loyal
C002836,711,4,36290.0,1,5,5,At risk
C027014,63,7,36291.0,5,5,5,Champions
C022704,170,4,36293.0,4,5,5,Champions
C034168,28,3,36294.0,5,5,5,Champions
C001178,789,4,36297.0,1,5,5,At risk
C006001,675,1,36298.0,1,3,5,At risk
C022534,91,2,36303.0,4,4,5,Champions
C013222,453,3,36310.0,2,5,5,At risk
C003214,778,1,36336.0,1,3,5,At risk
C000332,808,4,36344.0,1,5,5,At risk
C027217,30,5,36346.0,5,5,5,Champions
C007481,566,2,36355.0,2,4,5,At risk
C024291,214,1,36378.0,3,3,5,Loyal
C000278,477,4,36391.0,2,5,5,At risk
C028388,67,2,36396.0,5,4,5,Champions
C018417,243,3,36413.0,3,5,5,Loyal
C024475,204,2,36416.0,4,4,5,Champions
C020685,280,1,36419.0,3,3,5,Loyal
C027128,22,7,36441.0,5,5,5,Champions
C018780,265,4,36442.0,3,5,5,Loyal
C027006,149,1,36463.0,4,3,5,Loyal
C023178,231,1,36480.0,3,3,5,Loyal
C016657,190,6,36494.0,4,5,5,Champions
C015493,319,2,36498.0,3,4,5,Loyal
C028479,97,2,36498.0,4,4,5,Champions
C014238,359,2,36501.0,3,4,5,Loyal
C008358,445,5,36513.0,2,5,5,At risk
C015996,312,3,36518.0,3,5,5,Loyal
C001216,364,9,36530.0,3,5,5,Loyal
C002595,692,6,36536.0,1,5,5,At risk
C001797,707,5,36537.0,1,5,5,At risk
C023238,122,5,36537.0,4,5,5,Champions
C011026,427,5,36538.0,2,5,5,At risk
C020901,212,4,36538.0,3,5,5,Loyal
C000545,312,6,36541.0,3,5,5,Loyal
C019128,247,4,36542.0,3,5,5,Loyal
C019874,80,4,36545.0,5,5,5,Champions
C026815,117,3,36545.0,4,5,5,Champions
C030311,87,2,36546.0,4,4,5,Champions
C010630,281,7,36552.0,3,5,5,Loyal
C015950,89,5,36575.0,4,5,5,Champions
C017237,226,5,36594.0,3,5,5,Loyal
C026997,28,4,36606.0,5,5,5,Champions
C003458,128,8,36638.0,4,5,5,Champions
C032141,67,2,36644.0,5,4,5,Champions
C026381,113,2,36647.0,4,4,5,Champions
C025480,196,2,36655.0,4,4,5,Champions
C011610,435,2,36676.0,2,4,5,At risk
C027983,102,5,36676.0,4,5,5,Champions
C004969,510,5,36689.0,2,5,5,At risk
C016258,227,3,36694.0,3,5,5,Loyal
C006678,231,4,36697.0,3,5,5,Loyal
C011758,320,8,36735.0,3,5,5,Loyal
C031351,18,2,36745.0,5,4,5,Champions
C022598,216,5,36767.0,3,5,5,Loyal
C007639,576,7,36768.0,2,5,5,At risk
C028856,58,3,36772.0,5,5,5,Champions
C006819,443,6,36785.0,2,5,5,At risk
C018062,209,4,36793.0,4,5,5,Champions
C028107,144,1,36797.0,4,3,5,Loyal
C008540,553,1,36799.0,2,3,5,At risk
C010753,542,1,36799.0,2,3,5,At risk
C011554,468,1,36799.0,2,3,5,At risk
C021050,273,1,36799.0,3,3,5,Loyal
C022361,183,2,36799.0,4,4,5,Champions
C029280,121,1,36799.0,4,3,5,Loyal
C033169,27,1,36799.0,5,3,5,Loyal
C001791,711,5,36839.0,1,5,5,At risk
C014230,132,7,36839.0,4,5,5,Champions
C014830,293,4,36842.0,3,5,5,Loyal
C013796,275,4,36843.0,3,5,5,Loyal
C002180,444,7,36888.0,2,5,5,At risk
C006761,602,3,36890.0,1,5,5,At risk
C020087,23,9,36892.0,5,5,5,Champions
C006486,558,3,36896.0,2,5,5,At risk
C019323,272,1,36897.0,3,3,5,Loyal
C028955,126,1,36897.0,4,3,5,Loyal
C006386,501,8,36940.0,2,5,5,At risk
C004362,109,7,36947.0,4,5,5,Champions
C021142,223,2,36947.0,3,4,5,Loyal
C025491,21,7,36960.0,5,5,5,Champions
C013044,5,7,36981.0,5,5,5,Champions
C003318,587,7,36987.0,1,5,5,At risk
C024596,141,2,36996.0,4,4,5,Champions
C032658,51,1,36997.0,5,3,5,Loyal
C020955,73,8,37004.0,5,5,5,Champions
C000928,602,6,37009.0,1,5,5,At risk
C012952,227,7,37034.0,3,5,5,Loyal
C004803,574,9,37037.0,2,5,5,At risk
C022487,40,8,37048.0,5,5,5,Champions
C010132,350,6,37067.0,3,5,5,Loyal
C012387,373,3,37096.0,2,5,5,At risk
C029389,0,2,37098.0,5,4,5,Champions
C003130,679,4,37102.0,1,5,5,At risk
C022977,179,4,37110.0,4,5,5,Champions
C002563,780,2,37114.0,1,4,5,At risk
C009160,231,5,37114.0,3,5,5,Loyal
C005131,178,8,37132.0,4,5,5,Champions
C009739,391,6,37151.0,2,5,5,At risk
C007569,230,5,37161.0,3,5,5,Loyal
C025803,84,5,37167.0,5,5,5,Champions
C010670,453,5,37181.0,2,5,5,At risk
C017230,18,5,37239.0,5,5,5,Champions
C001793,441,5,37240.0,2,5,5,At risk
C005217,211,9,37240.0,4,5,5,Champions
C007357,347,4,37241.0,3,5,5,Loyal
C009462,417,3,37260.0,2,5,5,At risk
C010818,499,2,37278.0,2,4,5,At risk
C017112,358,2,37302.0,3,4,5,Loyal
C016473,381,1,37311.0,2,3,5,At risk
C020703,231,2,37325.0,3,4,5,Loyal
C003721,692,4,37340.0,1,5,5,At risk
C030096,5,5,37376.0,5,5,5,Champions
C026728,170,2,37385.0,4,4,5,Champions
C029176,99,4,37388.0,4,5,5,Champions
C008992,360,6,37390.0,3,5,5,Loyal
C003455,562,2,37394.0,2,4,5,At risk
C027425,107,5,37395.0,4,5,5,Champions
C017282,359,1,37396.0,3,3,5,Loyal
C033340,10,2,37398.0,5,4,5,Champions
C028136,67,5,37413.0,5,5,5,Champions
C032563,19,5,37445.0,5,5,5,Champions
C003795,703,6,37493.0,1,5,5,At risk
C023057,43,2,37495.0,5,4,5,Champions
C008376,562,2,37496.0,2,4,5,At risk
C015501,195,2,37498.0,4,4,5,Champions
C009248,580,1,37499.0,1,3,5,At risk
C013755,455,1,37499.0,2,3,5,At risk
C016492,380,1,37499.0,2,3,5,At risk
C018742,243,1,37499.0,3,3,5,Loyal
C019502,310,1,37499.0,3,3,5,Loyal
C021568,255,1,37499.0,3,3,5,Loyal
C022536,229,1,37499.0,3,3,5,Loyal
C023729,224,1,37499.0,3,3,5,Loyal
C024895,195,1,37499.0,4,3,5,Loyal
C025785,186,1,37499.0,4,3,5,Loyal
C028083,145,1,37499.0,4,3,5,Loyal
C028555,136,1,37499.0,4,3,5,Loyal
C029470,11,2,37499.0,5,4,5,Champions
C032520,61,1,37499.0,5,3,5,Loyal
C027935,110,2,37502.0,4,4,5,Champions
C000542,699,5,37592.0,1,5,5,At risk
C031414,10,2,37592.0,5,4,5,Champions
C016251,125,4,37596.0,4,5,5,Champions
C006711,14,4,37620.0,5,5,5,Champions
C020146,157,6,37622.0,4,5,5,Champions
C006823,577,4,37638.0,2,5,5,At risk
C010592,476,5,37646.0,2,5,5,At risk
C013829,444,2,37646.0,2,4,5,At risk
C009040,559,2,37648.0,2,4,5,At risk
C002744,769,3,37653.0,1,5,5,At risk
C024090,212,2,37657.0,3,4,5,Loyal
C008985,378,7,37688.0,2,5,5,At risk
C008023,577,3,37690.0,2,5,5,At risk
C017696,272,4,37697.0,3,5,5,Loyal
C032209,68,1,37698.0,5,3,5,Loyal
C021540,87,5,37715.0,4,5,5,Champions
C018817,3,4,37722.0,5,5,5,Champions
C019458,295,3,37728.0,3,5,5,Loyal
C003927,749,1,37737.0,1,3,5,At risk
C006119,493,5,37740.0,2,5,5,At risk
C013230,295,6,37747.0,3,5,5,Loyal
C006396,295,3,37748.0,3,5,5,Loyal
C010421,356,5,37775.0,3,5,5,Loyal
C012749,459,2,37775.0,2,4,5,At risk
C013492,266,5,37779.0,3,5,5,Loyal
C011194,477,4,37781.0,2,5,5,At risk
C014995,269,6,37785.0,3,5,5,Loyal
C001308,633,7,37790.0,1,5,5,At risk
C031218,56,2,37798.0,5,4,5,Champions
C035068,14,1,37798.0,5,3,5,Loyal
C012977,181,5,37801.0,4,5,5,Champions
C019772,114,5,37801.0,4,5,5,Champions
C004720,584,5,37804.0,1,5,5,At risk
C002511,743,5,37845.0,1,5,5,At risk
C012282,256,8,37866.0,3,5,5,Loyal
C023657,157,2,37876.0,4,4,5,Champions
C020737,145,4,37892.0,4,5,5,Champions
C016329,85,4,37893.0,4,5,5,Champions
C019777,303,2,37898.0,3,4,5,Loyal
C001151,579,4,37901.0,1,5,5,At risk
C007993,611,1,37907.0,1,3,5,At risk
C005382,140,5,37921.0,4,5,5,Champions
C022877,214,2,37928.0,3,4,5,Loyal
C023631,102,7,37937.0,4,5,5,Champions
C021645,229,4,37943.0,3,5,5,Loyal
C007028,596,2,37952.0,1,4,5,At risk
C017433,355,2,37965.0,3,4,5,Loyal
C029760,44,2,37995.0,5,4,5,Champions
C029838,107,1,37998.0,4,3,5,Loyal
C030470,101,1,37998.0,4,3,5,Loyal
C020543,280,1,38035.0,3,3,5,Loyal
C027591,17,8,38039.0,5,5,5,Champions
C004860,590,6,38042.0,1,5,5,At risk
C013105,90,9,38051.0,4,5,5,Champions
C015893,279,3,38066.0,3,5,5,Loyal
C008110,409,7,38075.0,2,5,5,At risk
C030539,54,3,38091.0,5,5,5,Champions
C002568,795,1,38098.0,1,3,5,At risk
C018087,315,2,38104.0,3,4,5,Loyal
C033712,9,2,38110.0,5,4,5,Champions
C006939,571,4,38112.0,2,5,5,At risk
C010407,410,4,38138.0,2,5,5,At risk
C030698,2,4,38154.0,5,5,5,Champions
C003547,338,5,38188.0,3,5,5,Loyal
C027262,125,2,38194.0,4,4,5,Champions
C025230,109,4,38223.0,4,5,5,Champions
C028156,103,3,38247.0,4,5,5,Champions
C029449,97,6,38259.0,4,5,5,Champions
C001648,492,10,38284.0,2,5,5,At risk
C004925,515,8,38284.0,2,5,5,At risk
C014167,419,4,38290.0,2,5,5,At risk
C018983,207,3,38293.0,4,5,5,Champions
C032012,71,1,38296.0,5,3,5,Loyal
C006315,182,8,38297.0,4,5,5,Champions
C028798,58,5,38307.0,5,5,5,Champions
C011229,183,5,38328.0,4,5,5,Champions
C003020,673,6,38341.0,1,5,5,At risk
C007591,459,4,38342.0,2,5,5,At risk
C002585,682,4,38355.0,1,5,5,At risk
C012084,106,8,38372.0,4,5,5,Champions
C019875,160,4,38387.0,4,5,5,Champions
C005153,439,3,38391.0,2,5,5,At risk
C031933,4,3,38392.0,5,5,5,Champions
C012838,324,3,38395.0,3,5,5,Loyal
C003273,596,2,38426.0,1,4,5,At risk
C019166,66,5,38439.0,5,5,5,Champions
C023462,2,8,38441.0,5,5,5,Champions
C005902,683,1,38459.0,1,3,5,At risk
C027850,30,3,38491.0,5,5,5,Champions
C023469,200,2,38498.0,4,4,5,Champions
C032907,25,2,38498.0,5,4,5,Champions
C001105,861,1,38504.0,1,3,5,At risk
C007750,618,1,38504.0,1,3,5,At risk
C018382,106,4,38519.0,4,5,5,Champions
C025227,121,4,38519.0,4,5,5,Champions
C002083,762,5,38540.0,1,5,5,At risk
C014527,380,3,38545.0,2,5,5,At risk
C008284,377,9,38548.0,2,5,5,At risk
C027824,126,2,38560.0,4,4,5,Champions
C021657,96,3,38597.0,4,5,5,Champions
C025807,140,2,38597.0,4,4,5,Champions
C028301,96,2,38597.0,4,4,5,Champions
C022132,198,4,38634.0,4,5,5,Champions
C005198,329,7,38635.0,3,5,5,Loyal
C017463,265,4,38644.0,3,5,5,Loyal
C007878,590,2,38647.0,1,4,5,At risk
C030789,57,4,38649.0,5,5,5,Champions
C024240,204,1,38672.0,4,3,5,Loyal
C000913,668,4,38687.0,1,5,5,At risk
C010587,390,5,38690.0,2,5,5,At risk
C011947,210,5,38691.0,4,5,5,Champions
C000098,837,5,38694.0,1,5,5,At risk
C029769,94,4,38694.0,4,5,5,Champions
C025475,57,3,38696.0,5,5,5,Champions
C005403,551,6,38711.0,2,5,5,At risk
C000848,790,7,38740.0,1,5,5,At risk
C013543,333,5,38741.0,3,5,5,Loyal
C011761,439,4,38743.0,2,5,5,At risk
C000133,768,2,38746.0,1,4,5,At risk
C014040,410,2,38778.0,2,4,5,At risk
C006401,596,6,38787.0,1,5,5,At risk
C011487,499,2,38798.0,2,4,5,At risk
C035330,4,1,38798.0,5,3,5,Loyal
C010974,442,6,38806.0,2,5,5,At risk
C021337,36,7,38812.0,5,5,5,Champions
C012847,466,2,38818.0,2,4,5,At risk
C010728,483,8,38840.0,2,5,5,At risk
C023751,103,3,38847.0,4,5,5,Champions
C007353,317,8,38857.0,3,5,5,Loyal
C018105,93,6,38875.0,4,5,5,Champions
C021688,68,4,38877.0,5,5,5,Champions
C022350,41,6,38887.0,5,5,5,Champions
C014586,214,3,38896.0,3,5,5,Loyal
C025455,56,4,38896.0,5,5,5,Champions
C027577,124,2,38897.0,4,4,5,Champions
C035538,7,1,38898.0,5,3,5,Loyal
C012087,437,3,38907.0,2,5,5,At risk
C017561,199,3,38926.0,4,5,5,Champions
C027109,4,1,38927.0,5,3,5,Loyal
C024959,203,1,38928.0,4,3,5,Loyal
C033106,7,4,38940.0,5,5,5,Champions
C001232,615,8,38947.0,1,5,5,At risk
C028113,60,2,38948.0,5,4,5,Champions
C016914,336,2,38965.0,3,4,5,Loyal
C012685,324,4,38968.0,3,5,5,Loyal
C005052,627,3,38995.0,1,5,5,At risk
C003342,682,2,38997.0,1,4,5,At risk
C013424,434,3,38997.0,2,5,5,At risk
C010271,378,4,39017.0,2,5,5,At risk
C001766,776,7,39039.0,1,5,5,At risk
C006405,496,6,39042.0,2,5,5,At risk
C013112,451,3,39043.0,2,5,5,At risk
C020813,154,3,39043.0,4,5,5,Champions
C001015,779,3,39047.0,1,5,5,At risk
C020502,173,3,39088.0,4,5,5,Champions
C020538,207,3,39094.0,4,5,5,Champions
C012001,505,1,39097.0,2,3,5,At risk
C017711,349,1,39098.0,3,3,5,Loyal
C015918,395,2,39125.0,2,4,5,At risk
C030714,74,2,39195.0,5,4,5,Champions
C013882,358,4,39196.0,3,5,5,Loyal
C026374,147,5,39212.0,4,5,5,Champions
C010234,333,6,39241.0,3,5,5,Loyal
C027469,84,7,39289.0,5,5,5,Champions
C015240,415,1,39298.0,2,3,5,At risk
C032314,66,1,39298.0,5,3,5,Loyal
C034843,8,2,39312.0,5,4,5,Champions
C021135,84,4,39322.0,5,5,5,Champions
C024112,199,4,39351.0,4,5,5,Champions
C001637,782,3,39352.0,1,5,5,At risk
C023308,224,1,39353.0,3,3,5,Loyal
C011360,311,6,39387.0,3,5,5,Loyal
C027981,38,7,39389.0,5,5,5,Champions
C018326,95,7,39402.0,4,5,5,Champions
C032997,11,2,39447.0,5,4,5,Champions
C026113,31,5,39461.0,5,5,5,Champions
C001198,687,5,39488.0,1,5,5,At risk
C016108,302,1,39497.0,3,3,5,Loyal
C016163,59,3,39527.0,5,5,5,Champions
C024051,140,2,39542.0,4,4,5,Champions
C006113,71,9,39586.0,5,5,5,Champions
C007523,625,1,39598.0,1,3,5,At risk
C022567,233,2,39598.0,3,4,5,Loyal
C021474,153,3,39646.0,4,5,5,Champions
C002854,578,8,39670.0,1,5,5,At risk
C020540,13,6,39679.0,5,5,5,Champions
C006784,545,2,39680.0,2,4,5,At risk
C025685,65,5,39684.0,5,5,5,Champions
C016227,70,5,39690.0,5,5,5,Champions
C029365,16,5,39692.0,5,5,5,Champions
C022559,240,1,39693.0,3,3,5,Loyal
C014887,109,3,39696.0,4,5,5,Champions
C030389,60,8,39718.0,5,5,5,Champions
C006572,578,2,39735.0,1,4,5,At risk
C006325,363,7,39737.0,3,5,5,Loyal
C004342,626,3,39746.0,1,5,5,At risk
C010692,313,7,39760.0,3,5,5,Loyal
C006109,560,5,39776.0,2,5,5,At risk
C027316,160,1,39776.0,4,3,5,Loyal
C017229,287,4,39789.0,3,5,5,Loyal
C006449,657,4,39791.0,1,5,5,At risk
C011908,444,3,39794.0,2,5,5,At risk
C012006,71,7,39797.0,5,5,5,Champions
C017031,57,5,39806.0,5,5,5,Champions
C000470,890,2,39815.0,1,4,5,At risk
C002718,791,1,39818.0,1,3,5,At risk
C033195,50,1,39820.0,5,3,5,Loyal
C008679,200,5,39836.0,4,5,5,Champions
C032432,56,2,39845.0,5,4,5,Champions
C026473,86,5,39851.0,4,5,5,Champions
C004960,510,6,39892.0,2,5,5,At risk
C029283,60,3,39895.0,5,5,5,Champions
C033658,36,2,39895.0,5,4,5,Champions
C012283,398,2,39897.0,2,4,5,At risk
C008017,310,5,39904.0,3,5,5,Loyal
C001697,811,4,39910.0,1,5,5,At risk
C024200,200,2,39937.0,4,4,5,Champions
C011681,482,2,39957.0,2,4,5,At risk
C013956,114,5,39970.0,4,5,5,Champions
C011840,465,3,39976.0,2,5,5,At risk
C018749,156,6,39977.0,4,5,5,Champions
C019530,52,4,39979.0,5,5,5,Champions
C012541,382,8,39996.0,2,5,5,At risk
C002602,779,2,39998.0,1,4,5,At risk
C000207,552,8,40015.0,2,5,5,At risk
C021821,111,7,40017.0,4,5,5,Champions
C023180,214,2,40017.0,3,4,5,Loyal
C017033,366,1,40032.0,3,3,5,Loyal
C024004,57,10,40034.0,5,5,5,Champions
C000883,647,3,40036.0,1,5,5,At risk
C006360,498,3,40044.0,2,5,5,At risk
C006180,596,5,40045.0,1,5,5,At risk
C004788,686,3,40053.0,1,5,5,At risk
C029390,27,4,40083.0,5,5,5,Champions
C018800,163,2,40097.0,4,4,5,Champions
C002000,460,7,40116.0,2,5,5,At risk
C006237,231,7,40120.0,3,5,5,Loyal
C028626,120,3,40138.0,4,5,5,Champions
C030805,72,2,40166.0,5,4,5,Champions
C017553,219,5,40170.0,3,5,5,Loyal
C004230,506,3,40188.0,2,5,5,At risk
C016285,259,4,40191.0,3,5,5,Loyal
C019236,53,9,40191.0,5,5,5,Champions
C015887,319,3,40194.0,3,5,5,Loyal
C020264,194,3,40195.0,4,5,5,Champions
C020650,184,3,40195.0,4,5,5,Champions
C032885,55,1,40198.0,5,3,5,Loyal
C019850,170,3,40220.0,4,5,5,Champions
C000292,774,6,40239.0,1,5,5,At risk
C009924,365,7,40261.0,3,5,5,Loyal
C006567,200,7,40272.0,4,5,5,Champions
C022744,59,4,40290.0,5,5,5,Champions
C010369,122,6,40305.0,4,5,5,Champions
C017224,174,5,40312.0,4,5,5,Champions
C018013,3,6,40321.0,5,5,5,Champions
C026524,82,8,40333.0,5,5,5,Champions
C008579,596,1,40359.0,1,3,5,At risk
C007082,324,4,40370.0,3,5,5,Loyal
C022801,235,1,40373.0,3,3,5,Loyal
C023957,157,2,40376.0,4,4,5,Champions
C026294,127,5,40384.0,4,5,5,Champions
C000972,400,7,40390.0,2,5,5,At risk
C006511,552,3,40392.0,2,5,5,At risk
C029175,45,3,40394.0,5,5,5,Champions
C015579,405,1,40397.0,2,3,5,At risk
C021975,120,2,40401.0,4,4,5,Champions
C015126,327,2,40419.0,3,4,5,Loyal
C027152,47,6,40440.0,5,5,5,Champions
C006793,564,3,40480.0,2,5,5,At risk
C001142,822,5,40488.0,1,5,5,At risk
C012290,48,8,40491.0,5,5,5,Champions
C014801,273,5,40491.0,3,5,5,Loyal
C025904,118,4,40497.0,4,5,5,Champions
C008339,462,7,40509.0,2,5,5,At risk
C008923,588,1,40542.0,1,3,5,At risk
C019255,158,5,40543.0,4,5,5,Champions
C016584,319,4,40544.0,3,5,5,Loyal
C008969,565,1,40559.0,2,3,5,At risk
C032066,28,2,40597.0,5,4,5,Champions
C034652,23,1,40598.0,5,3,5,Loyal
C016708,104,5,40636.0,4,5,5,Champions
C028573,104,3,40644.0,4,5,5,Champions
C002261,563,7,40646.0,2,5,5,At risk
C007111,565,4,40663.0,2,5,5,At risk
C009162,402,2,40685.0,2,4,5,At risk
C021621,16,4,40693.0,5,5,5,Champions
C004092,347,7,40694.0,3,5,5,Loyal
C004397,518,4,40696.0,2,5,5,At risk
C031536,80,1,40696.0,5,3,5,Loyal
C006388,569,2,40697.0,2,4,5,At risk
C017636,311,4,40701.0,3,5,5,Loyal
C003946,571,6,40727.0,2,5,5,At risk
C002547,466,10,40738.0,2,5,5,At risk
C016913,292,6,40738.0,3,5,5,Loyal
C012032,229,5,40765.0,3,5,5,Loyal
C035450,5,2,40771.0,5,4,5,Champions
C001311,856,1,40799.0,1,3,5,At risk
C001440,642,1,40799.0,1,3,5,At risk
C002269,808,1,40799.0,1,3,5,At risk
C002609,801,1,40799.0,1,3,5,At risk
C003931,633,1,40799.0,1,3,5,At risk
C004956,681,2,40799.0,1,4,5,At risk
C006873,518,2,40799.0,2,4,5,At risk
C007383,624,1,40799.0,1,3,5,At risk
C007608,622,1,40799.0,1,3,5,At risk
C009111,585,1,40799.0,1,3,5,At risk
C009377,568,1,40799.0,2,3,5,At risk
C009397,500,2,40799.0,2,4,5,At risk
C012026,504,1,40799.0,2,3,5,At risk
C014382,437,1,40799.0,2,3,5,At risk
C015221,411,1,40799.0,2,3,5,At risk
C015770,397,1,40799.0,2,3,5,At risk
C018617,328,1,40799.0,3,3,5,Loyal
C019226,317,1,40799.0,3,3,5,Loyal
C019695,305,1,40799.0,3,3,5,Loyal
C020044,297,1,40799.0,3,3,5,Loyal
C020815,275,1,40799.0,3,3,5,Loyal
C023646,226,1,40799.0,3,3,5,Loyal
C026677,173,1,40799.0,4,3,5,Loyal
C028462,134,1,40799.0,4,3,5,Loyal
C028898,130,1,40799.0,4,3,5,Loyal
C032096,69,1,40799.0,5,3,5,Loyal
C032787,57,1,40799.0,5,3,5,Loyal
C033157,50,1,40799.0,5,3,5,Loyal
C033356,46,1,40799.0,5,3,5,Loyal
C034327,18,1,40799.0,5,3,5,Loyal
C035231,13,1,40799.0,5,3,5,Loyal
C024813,191,2,40847.0,4,4,5,Champions
C018536,285,2,40902.0,3,4,5,Loyal
C003534,685,3,40903.0,1,5,5,At risk
C009686,415,9,40908.0,2,5,5,At risk
C016792,188,8,40938.0,4,5,5,Champions
C029565,66,2,40969.0,5,4,5,Champions
C015021,231,7,40984.0,3,5,5,Loyal
C011915,306,7,40989.0,3,5,5,Loyal
C019619,36,7,41001.0,5,5,5,Champions
C006255,279,9,41036.0,3,5,5,Loyal
C014795,353,3,41039.0,3,5,5,Loyal
C026145,76,3,41044.0,5,5,5,Champions
C007612,604,2,41045.0,1,4,5,At risk
C017729,118,6,41086.0,4,5,5,Champions
C001409,558,8,41088.0,2,5,5,At risk
C015232,80,9,41177.0,5,5,5,Champions
C020967,215,2,41177.0,3,4,5,Loyal
C027766,129,2,41181.0,4,4,5,Champions
C023846,221,1,41196.0,3,3,5,Loyal
C015598,405,1,41198.0,2,3,5,At risk
C027522,111,3,41211.0,4,5,5,Champions
C021926,231,2,41237.0,3,4,5,Loyal
C032331,21,3,41241.0,5,5,5,Champions
C022993,206,3,41247.0,4,5,5,Champions
C006971,639,1,41295.0,1,3,5,At risk
C005936,187,2,41296.0,4,4,5,Champions
C020458,279,2,41296.0,3,4,5,Loyal
C019635,214,4,41311.0,3,5,5,Loyal
C000466,253,7,41322.0,3,5,5,Loyal
C003396,479,7,41338.0,2,5,5,At risk
C016724,15,6,41340.0,5,5,5,Champions
C002525,752,4,41341.0,1,5,5,At risk
C005185,685,2,41348.0,1,4,5,At risk
C020993,233,2,41351.0,3,4,5,Loyal
C022605,4,7,41390.0,5,5,5,Champions
C019929,266,3,41395.0,3,5,5,Loyal
C022162,231,3,41396.0,3,5,5,Loyal
C002209,682,2,41398.0,1,4,5,At risk
C005589,690,1,41398.0,1,3,5,At risk
C026036,63,2,41398.0,5,4,5,Champions
C027962,147,1,41398.0,4,3,5,Loyal
C019315,117,5,41433.0,4,5,5,Champions
C003075,727,5,41444.0,1,5,5,At risk
C029190,113,2,41446.0,4,4,5,Champions
C005378,682,1,41477.0,1,3,5,At risk
C005344,698,1,41478.0,1,3,5,At risk
C026881,58,2,41478.0,5,4,5,Champions
C013983,154,7,41488.0,4,5,5,Champions
C012233,434,2,41498.0,2,4,5,At risk
C022405,77,3,41515.0,5,5,5,Champions
C017630,75,7,41538.0,5,5,5,Champions
C011920,505,2,41546.0,2,4,5,At risk
C007057,359,4,41592.0,3,5,5,Loyal
C021377,214,3,41595.0,3,5,5,Loyal
C034202,31,1,41595.0,5,3,5,Loyal
C000440,893,1,41598.0,1,3,5,At risk
C003208,659,2,41598.0,1,4,5,At risk
C014779,417,2,41598.0,2,4,5,At risk
C022033,211,2,41598.0,4,4,5,Champions
C027429,68,2,41598.0,5,4,5,Champions
C007080,134,6,41608.0,4,5,5,Champions
C021027,188,4,41611.0,4,5,5,Champions
C006004,565,3,41628.0,2,5,5,At risk
C004548,446,8,41632.0,2,5,5,At risk
C004479,343,4,41639.0,3,5,5,Loyal
C019024,320,1,41640.0,3,3,5,Loyal
C008364,568,3,41644.0,2,5,5,At risk
C013373,354,3,41645.0,3,5,5,Loyal
C008231,539,2,41648.0,2,4,5,At risk
C028538,76,3,41676.0,5,5,5,Champions
C006366,648,2,41695.0,1,4,5,At risk
C001267,565,5,41714.0,2,5,5,At risk
C012228,436,6,41720.0,2,5,5,At risk
C009064,487,6,41747.0,2,5,5,At risk
C007000,641,1,41748.0,1,3,5,At risk
C026880,17,2,41757.0,5,4,5,Champions
C013676,451,2,41759.0,2,4,5,At risk
C005667,654,3,41773.0,1,5,5,At risk
C022441,88,5,41785.0,4,5,5,Champions
C003424,270,4,41791.0,3,5,5,Loyal
C014565,322,5,41793.0,3,5,5,Loyal
C007821,570,3,41795.0,2,5,5,At risk
C010585,385,4,41795.0,2,5,5,At risk
C008911,590,1,41798.0,1,3,5,At risk
C025936,187,1,41818.0,4,3,5,Loyal
C001068,635,9,41836.0,1,5,5,At risk
C015443,94,3,41836.0,4,5,5,Champions
C020368,112,5,41836.0,4,5,5,Champions
C008813,592,1,41848.0,1,3,5,At risk
C014553,432,1,41848.0,2,3,5,At risk
C023997,212,1,41848.0,3,3,5,Loyal
C017810,196,7,41857.0,4,5,5,Champions
C009954,565,1,41861.0,2,3,5,At risk
C027661,30,4,41890.0,5,5,5,Champions
C017851,346,1,41898.0,3,3,5,Loyal
C024702,204,2,41898.0,4,4,5,Champions
C022190,230,2,41908.0,3,4,5,Loyal
C018094,48,7,41916.0,5,5,5,Champions
C028862,86,4,41924.0,4,5,5,Champions
C019595,96,2,41925.0,4,4,5,Champions
C019089,313,1,41948.0,3,3,5,Loyal
C002134,472,10,41968.0,2,5,5,At risk
C021296,64,6,41978.0,5,5,5,Champions
C015507,69,7,41988.0,5,5,5,Champions
C025751,63,6,41989.0,5,5,5,Champions
C013988,399,4,41991.0,2,5,5,At risk
C013976,435,2,41997.0,2,4,5,At risk
C008095,594,3,42011.0,1,5,5,At risk
C027208,31,10,42035.0,5,5,5,Champions
C015204,345,2,42041.0,3,4,5,Loyal
C024837,127,2,42058.0,4,4,5,Champions
C006256,621,4,42070.0,1,5,5,At risk
C009254,293,6,42082.0,3,5,5,Loyal
C000901,684,6,42090.0,1,5,5,At risk
C027752,27,7,42092.0,5,5,5,Champions
C029222,4,3,42096.0,5,5,5,Champions
C004277,737,1,42098.0,1,3,5,At risk
C024590,211,1,42098.0,4,3,5,Loyal
C033093,44,2,42102.0,5,4,5,Champions
C022029,58,5,42154.0,5,5,5,Champions
C012666,150,6,42159.0,4,5,5,Champions
C002606,577,8,42193.0,2,5,5,At risk
C014117,227,3,42193.0,3,5,5,Loyal
C002682,406,3,42196.0,2,5,5,At risk
C017695,315,4,42196.0,3,5,5,Loyal
C014140,444,1,42198.0,2,3,5,At risk
C024829,128,2,42201.0,4,4,5,Champions
C005281,651,2,42231.0,1,4,5,At risk
C010524,300,5,42237.0,3,5,5,Loyal
C003741,316,7,42238.0,3,5,5,Loyal
C028878,67,5,42241.0,5,5,5,Champions
C018907,182,4,42288.0,4,5,5,Champions
C006801,344,10,42290.0,3,5,5,Loyal
C004746,320,6,42291.0,3,5,5,Loyal
C018186,54,5,42292.0,5,5,5,Champions
C015523,353,4,42295.0,3,5,5,Loyal
C004221,467,7,42353.0,2,5,5,At risk
C003105,79,7,42389.0,5,5,5,Champions
C021328,178,4,42390.0,4,5,5,Champions
C013837,419,2,42396.0,2,4,5,At risk
C031335,22,2,42396.0,5,4,5,Champions
C021437,176,3,42398.0,4,5,5,Champions
C004026,747,1,42399.0,1,3,5,At risk
C005564,691,1,42399.0,1,3,5,At risk
C008505,586,1,42399.0,1,3,5,At risk
C016237,388,1,42399.0,2,3,5,At risk
C019818,303,1,42399.0,3,3,5,Loyal
C022065,233,1,42399.0,3,3,5,Loyal
C023688,225,1,42399.0,3,3,5,Loyal
C024574,211,1,42399.0,4,3,5,Loyal
C025515,196,1,42399.0,4,3,5,Loyal
C026331,180,1,42399.0,4,3,5,Loyal
C032662,57,1,42399.0,5,3,5,Loyal
C034228,30,1,42399.0,5,3,5,Loyal
C005180,596,3,42431.0,1,5,5,At risk
C012482,230,7,42438.0,3,5,5,Loyal
C015817,77,7,42440.0,5,5,5,Champions
C016536,44,7,42485.0,5,5,5,Champions
C014026,135,9,42486.0,4,5,5,Champions
C001476,673,5,42489.0,1,5,5,At risk
C005239,346,8,42489.0,3,5,5,Loyal
C009801,297,5,42495.0,3,5,5,Loyal
C021689,258,1,42497.0,3,3,5,Loyal
C002857,774,2,42499.0,1,4,5,At risk
C012599,488,1,42499.0,2,3,5,At risk
C015565,406,1,42499.0,2,3,5,At risk
C015642,350,1,42499.0,3,3,5,Loyal
C026135,184,1,42499.0,4,3,5,Loyal
C027259,158,1,42499.0,4,3,5,Loyal
C028252,141,1,42499.0,4,3,5,Loyal
C027335,8,5,42531.0,5,5,5,Champions
C016951,223,5,42538.0,3,5,5,Loyal
C018078,316,3,42538.0,3,5,5,Loyal
C019855,200,5,42546.0,4,5,5,Champions
C015651,366,2,42583.0,3,4,5,Loyal
C010949,293,5,42586.0,3,5,5,Loyal
C016588,308,7,42593.0,3,5,5,Loyal
C017707,285,4,42596.0,3,5,5,Loyal
C018908,298,2,42597.0,3,4,5,Loyal
C002995,783,1,42598.0,1,3,5,At risk
C027050,119,8,42600.0,4,5,5,Champions
C009715,71,13,42635.0,5,5,5,Champions
C000856,875,1,42667.0,1,3,5,At risk
C019978,74,5,42690.0,5,5,5,Champions
C027351,47,5,42690.0,5,5,5,Champions
C001110,850,2,42694.0,1,4,5,At risk
C028261,104,2,42695.0,4,4,5,Champions
C015208,413,1,42696.0,2,3,5,At risk
C020987,126,3,42697.0,4,5,5,Champions
C013580,441,1,42698.0,2,3,5,At risk
C010840,210,8,42712.0,4,5,5,Champions
C004239,578,8,42716.0,1,5,5,At risk
C001241,576,6,42740.0,2,5,5,At risk
C026544,97,6,42741.0,4,5,5,Champions
C030116,78,2,42741.0,5,4,5,Champions
C010583,430,4,42744.0,2,5,5,At risk
C021088,86,3,42746.0,4,5,5,Champions
C014327,227,5,42785.0,3,5,5,Loyal
C026442,178,1,42798.0,4,3,5,Loyal
C004220,487,6,42849.0,2,5,5,At risk
C028909,119,2,42897.0,4,4,5,Champions
C019545,118,4,42943.0,4,5,5,Champions
C009555,404,3,42987.0,2,5,5,At risk
C006196,421,4,42989.0,2,5,5,At risk
C027818,150,1,42998.0,4,3,5,Loyal
C023952,213,2,43008.0,3,4,5,Loyal
C029904,25,2,43048.0,5,4,5,Champions
C017589,103,4,43065.0,4,5,5,Champions
C000902,868,1,43091.0,1,3,5,At risk
C019512,307,2,43093.0,3,4,5,Loyal
C003176,738,2,43097.0,1,4,5,At risk
C024526,212,1,43097.0,3,3,5,Loyal
C005418,690,2,43098.0,1,4,5,At risk
C006867,301,9,43102.0,3,5,5,Loyal
C034290,11,2,43102.0,5,4,5,Champions
C015551,210,7,43185.0,4,5,5,Champions
C032962,14,3,43189.0,5,5,5,Champions
C008885,457,8,43194.0,2,5,5,At risk
C002932,639,4,43196.0,1,5,5,At risk
C007204,633,1,43198.0,1,3,5,At risk
C020328,231,2,43246.0,3,4,5,Loyal
C033941,36,1,43262.0,5,3,5,Loyal
C013959,339,5,43274.0,3,5,5,Loyal
C021077,199,3,43276.0,4,5,5,Champions
C003861,488,6,43281.0,2,5,5,At risk
C016374,211,7,43290.0,4,5,5,Champions
C009586,575,1,43298.0,2,3,5,At risk
C007656,391,7,43303.0,2,5,5,At risk
C004371,73,9,43333.0,5,5,5,Champions
C013192,396,2,43338.0,2,4,5,At risk
C011281,397,6,43341.0,2,5,5,At risk
C019965,279,2,43347.0,3,4,5,Loyal
C026962,31,2,43348.0,5,4,5,Champions
C010666,138,6,43388.0,4,5,5,Champions
C021444,70,5,43389.0,5,5,5,Champions
C006013,578,4,43391.0,1,5,5,At risk
C004937,697,2,43397.0,1,4,5,At risk
C004805,696,2,43398.0,1,4,5,At risk
C021639,83,3,43430.0,5,5,5,Champions
C007507,459,7,43437.0,2,5,5,At risk
C013780,370,2,43448.0,2,4,5,At risk
C031329,17,2,43448.0,5,4,5,Champions
C001325,683,7,43487.0,1,5,5,At risk
C000431,653,8,43533.0,1,5,5,At risk
C026301,31,3,43540.0,5,5,5,Champions
C005261,690,2,43594.0,1,4,5,At risk
C026816,62,1,43598.0,5,3,5,Loyal
C000181,893,4,43645.0,1,5,5,At risk
C025610,90,3,43645.0,4,5,5,Champions
C005421,685,2,43670.0,1,4,5,At risk
C004295,678,5,43673.0,1,5,5,At risk
C001547,549,7,43678.0,2,5,5,At risk
C018583,1,6,43689.0,5,5,5,Champions
C006179,387,3,43695.0,2,5,5,At risk
C006650,614,2,43698.0,1,4,5,At risk
C010595,176,6,43735.0,4,5,5,Champions
C003285,598,4,43744.0,1,5,5,At risk
C011097,489,3,43760.0,2,5,5,At risk
C022742,208,3,43778.0,4,5,5,Champions
C000281,574,7,43787.0,2,5,5,At risk
C015885,67,7,43789.0,5,5,5,Champions
C021819,3,5,43791.0,5,5,5,Champions
C002422,808,2,43801.0,1,4,5,At risk
C028614,14,9,43842.0,5,5,5,Champions
C011825,276,7,43854.0,3,5,5,Loyal
C001649,801,1,43856.0,1,3,5,At risk
C008227,601,1,43895.0,1,3,5,At risk
C016160,312,2,43897.0,3,4,5,Loyal
C021447,201,6,43900.0,4,5,5,Champions
C027275,142,4,43909.0,4,5,5,Champions
C003815,69,8,43957.0,5,5,5,Champions
C000936,830,3,44047.0,1,5,5,At risk
C002479,754,2,44047.0,1,4,5,At risk
C031697,10,2,44047.0,5,4,5,Champions
C021507,207,4,44090.0,4,5,5,Champions
C010805,370,5,44092.0,2,5,5,At risk
C004583,726,1,44097.0,1,3,5,At risk
C027756,2,5,44098.0,5,5,5,Champions
C025276,200,1,44135.0,4,3,5,Loyal
C021452,232,2,44141.0,3,4,5,Loyal
C016363,93,6,44153.0,4,5,5,Champions
C028544,7,6,44186.0,5,5,5,Champions
C027099,90,8,44188.0,4,5,5,Champions
C005066,646,4,44191.0,1,5,5,At risk
C010701,543,1,44194.0,2,3,5,At risk
C016344,148,9,44201.0,4,5,5,Champions
C000008,806,5,44245.0,1,5,5,At risk
C024869,44,9,44247.0,5,5,5,Champions
C031475,51,3,44257.0,5,5,5,Champions
C007035,208,8,44288.0,4,5,5,Champions
C027874,27,2,44297.0,5,4,5,Champions
C017702,240,4,44314.0,3,5,5,Loyal
C004045,645,6,44335.0,1,5,5,At risk
C010383,531,1,44347.0,2,3,5,At risk
C011505,510,1,44348.0,2,3,5,At risk
C019877,172,4,44366.0,4,5,5,Champions
C022174,119,6,44366.0,4,5,5,Champions
C014649,250,3,44376.0,3,5,5,Loyal
C028709,51,6,44386.0,5,5,5,Champions
C003958,425,9,44403.0,2,5,5,At risk
C016281,135,8,44438.0,4,5,5,Champions
C001582,805,4,44452.0,1,5,5,At risk
C008447,566,4,44462.0,2,5,5,At risk
C026540,79,4,44495.0,5,5,5,Champions
C027911,94,2,44497.0,4,4,5,Champions
C014566,422,1,44498.0,2,3,5,At risk
C026293,181,1,44498.0,4,3,5,Loyal
C004355,291,7,44527.0,3,5,5,Loyal
C000113,828,6,44537.0,1,5,5,At risk
C018513,200,3,44544.0,4,5,5,Champions
C008843,82,7,44548.0,5,5,5,Champions
C016920,190,3,44570.0,4,5,5,Champions
C002092,572,7,44589.0,2,5,5,At risk
C002873,784,3,44594.0,1,5,5,At risk
C027517,154,2,44603.0,4,4,5,Champions
C029581,31,3,44634.0,5,5,5,Champions
C000970,813,4,44639.0,1,5,5,At risk
C031411,31,3,44647.0,5,5,5,Champions
C012558,107,8,44654.0,4,5,5,Champions
C029360,80,4,44678.0,5,5,5,Champions
C025557,59,9,44686.0,5,5,5,Champions
C003213,261,7,44695.0,3,5,5,Loyal
C019686,270,2,44697.0,3,4,5,Loyal
C003986,723,1,44698.0,1,3,5,At risk
C005882,679,1,44698.0,1,3,5,At risk
C032938,3,3,44701.0,5,5,5,Champions
C019170,318,1,44707.0,3,3,5,Loyal
C016110,297,9,44736.0,3,5,5,Loyal
C007255,425,6,44742.0,2,5,5,At risk
C028487,5,5,44742.0,5,5,5,Champions
C007378,428,6,44745.0,2,5,5,At risk
C020049,7,5,44759.0,5,5,5,Champions
C018340,294,2,44776.0,3,4,5,Loyal
C017698,213,5,44789.0,3,5,5,Loyal
C008709,593,2,44791.0,1,4,5,At risk
C013181,129,5,44791.0,4,5,5,Champions
C001946,816,2,44793.0,1,4,5,At risk
C016733,289,2,44796.0,3,4,5,Loyal
C024222,149,2,44796.0,4,4,5,Champions
C003350,771,1,44798.0,1,3,5,At risk
C024781,207,1,44798.0,4,3,5,Loyal
C016001,364,2,44870.0,3,4,5,Loyal
C032513,40,3,44875.0,5,5,5,Champions
C000719,879,1,44898.0,1,3,5,At risk
C004523,502,7,44939.0,2,5,5,At risk
C032910,21,4,44948.0,5,5,5,Champions
C012727,483,1,44964.0,2,3,5,At risk
C014464,435,1,44964.0,2,3,5,At risk
C024384,79,4,44976.0,5,5,5,Champions
C029642,113,1,44998.0,4,3,5,Loyal
C004769,457,7,45010.0,2,5,5,At risk
C008327,513,4,45043.0,2,5,5,At risk
C010289,183,5,45044.0,4,5,5,Champions
C008185,450,2,45047.0,2,4,5,At risk
C003232,319,10,45055.0,3,5,5,Loyal
C020826,142,6,45075.0,4,5,5,Champions
C011691,464,3,45095.0,2,5,5,At risk
C012317,464,2,45095.0,2,4,5,At risk
C027038,43,4,45095.0,5,5,5,Champions
C002818,794,1,45097.0,1,3,5,At risk
C002964,736,3,45146.0,1,5,5,At risk
C028457,83,3,45160.0,5,5,5,Champions
C000655,643,6,45187.0,1,5,5,At risk
C005063,525,6,45187.0,2,5,5,At risk
C015134,389,6,45188.0,2,5,5,At risk
C025106,85,2,45195.0,5,4,5,Champions
C000474,857,3,45244.0,1,5,5,At risk
C007514,509,3,45293.0,2,5,5,At risk
C004789,718,1,45299.0,1,3,5,At risk
C009748,565,1,45299.0,2,3,5,At risk
C012193,231,8,45299.0,3,5,5,Loyal
C023596,227,1,45299.0,3,3,5,Loyal
C030831,93,1,45304.0,4,3,5,Loyal
C027866,111,4,45336.0,4,5,5,Champions
C024551,160,3,45344.0,4,5,5,Champions
C021214,231,3,45351.0,3,5,5,Loyal
C010865,214,6,45352.0,3,5,5,Loyal
C031226,77,2,45395.0,5,4,5,Champions
C000892,874,1,45396.0,1,3,5,At risk
C000783,746,3,45406.0,1,5,5,At risk
C003225,355,9,45407.0,3,5,5,Loyal
C000196,728,4,45428.0,1,5,5,At risk
C007090,581,3,45436.0,1,5,5,At risk
C002413,724,8,45438.0,1,5,5,At risk
C002231,778,1,45446.0,1,3,5,At risk
C016253,174,5,45485.0,4,5,5,Champions
C019786,206,5,45493.0,4,5,5,Champions
C033905,37,1,45496.0,5,3,5,Loyal
C030106,106,1,45498.0,4,3,5,Loyal
C009175,62,12,45517.0,5,5,5,Champions
C005377,548,5,45542.0,2,5,5,At risk
C011658,454,5,45569.0,2,5,5,At risk
C017927,158,9,45581.0,4,5,5,Champions
C019755,156,7,45588.0,4,5,5,Champions
C002588,283,4,45595.0,3,5,5,Loyal
C030357,103,1,45597.0,4,3,5,Loyal
C005290,575,6,45598.0,2,5,5,At risk
C006340,575,1,45598.0,2,3,5,At risk
C019939,298,2,45598.0,3,4,5,Loyal
C005822,685,1,45635.0,1,3,5,At risk
C012118,456,2,45635.0,2,4,5,At risk
C014497,398,4,45660.0,2,5,5,At risk
C000806,689,7,45686.0,1,5,5,At risk
C012574,392,3,45697.0,2,5,5,At risk
C024968,203,1,45698.0,4,3,5,Loyal
C035053,15,2,45698.0,5,4,5,Champions
C019971,48,8,45783.0,5,5,5,Champions
C001780,827,3,45784.0,1,5,5,At risk
C006038,549,7,45791.0,2,5,5,At risk
C020346,84,4,45791.0,5,5,5,Champions
C014318,299,3,45796.0,3,5,5,Loyal
C014926,2,9,45806.0,5,5,5,Champions
C020966,231,4,45808.0,3,5,5,Loyal
C011792,284,3,45812.0,3,5,5,Loyal
C027823,108,4,45815.0,4,5,5,Champions
C032376,63,2,45844.0,5,4,5,Champions
C007565,555,3,45845.0,2,5,5,At risk
C010858,453,2,45846.0,2,4,5,At risk
C010926,504,3,45897.0,2,5,5,At risk
C016204,353,2,45897.0,3,4,5,Loyal
C029363,34,4,45897.0,5,5,5,Champions
C014009,216,3,45924.0,3,5,5,Loyal
C009716,30,8,45937.0,5,5,5,Champions
C028520,10,5,45943.0,5,5,5,Champions
C022514,177,8,45951.0,4,5,5,Champions
C005809,685,1,45967.0,1,3,5,At risk
C017347,335,2,45983.0,3,4,5,Loyal
C017189,362,1,45997.0,3,3,5,Loyal
C019947,60,8,46008.0,5,5,5,Champions
C004916,684,2,46024.0,1,4,5,At risk
C017818,136,9,46033.0,4,5,5,Champions
C005504,32,8,46036.0,5,5,5,Champions
C025926,39,3,46044.0,5,5,5,Champions
C034118,32,1,46046.0,5,3,5,Loyal
C019769,211,4,46094.0,4,5,5,Champions
C016971,227,3,46096.0,3,5,5,Loyal
C011224,103,7,46131.0,4,5,5,Champions
C003089,719,4,46145.0,1,5,5,At risk
C000680,863,2,46146.0,1,4,5,At risk
C010129,563,1,46154.0,2,3,5,At risk
C026441,175,1,46154.0,4,3,5,Loyal
C023002,209,2,46167.0,4,4,5,Champions
C011746,121,7,46191.0,4,5,5,Champions
C005575,636,2,46195.0,1,4,5,At risk
C015829,221,3,46246.0,3,5,5,Loyal
C020534,172,7,46280.0,4,5,5,Champions
C019505,65,5,46296.0,5,5,5,Champions
C028632,47,2,46323.0,5,4,5,Champions
C003831,36,10,46335.0,5,5,5,Champions
C003872,25,6,46342.0,5,5,5,Champions
C005015,614,4,46344.0,1,5,5,At risk
C016855,160,4,46345.0,4,5,5,Champions
C007641,595,3,46365.0,1,5,5,At risk
C001856,765,5,46385.0,1,5,5,At risk
C027374,1,3,46395.0,5,5,5,Champions
C012311,346,2,46397.0,3,4,5,Loyal
C002170,760,2,46446.0,1,4,5,At risk
C012904,477,2,46475.0,2,4,5,At risk
C028933,1,6,46491.0,5,5,5,Champions
C026679,79,4,46494.0,5,5,5,Champions
C020914,124,8,46506.0,4,5,5,Champions
C029213,39,5,46521.0,5,5,5,Champions
C000106,549,11,46525.0,2,5,5,At risk
C001056,552,5,46543.0,2,5,5,At risk
C013682,440,2,46544.0,2,4,5,At risk
C007387,405,9,46549.0,2,5,5,At risk
C020701,201,6,46554.0,4,5,5,Champions
C013277,104,8,46589.0,4,5,5,Champions
C017454,184,2,46597.0,4,4,5,Champions
C012367,231,7,46617.0,3,5,5,Loyal
C003672,709,3,46620.0,1,5,5,At risk
C002901,721,2,46635.0,1,4,5,At risk
C005235,429,6,46635.0,2,5,5,At risk
C020178,240,2,46694.0,3,4,5,Loyal
C014493,330,3,46720.0,3,5,5,Loyal
C019890,212,6,46727.0,3,5,5,Loyal
C020265,200,5,46739.0,4,5,5,Champions
C027761,148,2,46746.0,4,4,5,Champions
C005715,686,1,46749.0,1,3,5,At risk
C021844,231,2,46798.0,3,4,5,Loyal
C016180,118,4,46820.0,4,5,5,Champions
C008857,524,2,46831.0,2,4,5,At risk
C005500,679,1,46833.0,1,3,5,At risk
C017240,255,7,46839.0,3,5,5,Loyal
C026925,143,2,46847.0,4,4,5,Champions
C020039,4,6,46850.0,5,5,5,Champions
C023664,214,2,46853.0,3,4,5,Loyal
C013819,273,7,46864.0,3,5,5,Loyal
C020418,214,7,46876.0,3,5,5,Loyal
C012398,294,7,46891.0,3,5,5,Loyal
C026149,98,2,46895.0,4,4,5,Champions
C031448,9,2,46898.0,5,4,5,Champions
C014484,290,4,46907.0,3,5,5,Loyal
C024091,197,2,46932.0,4,4,5,Champions
C026171,10,6,46932.0,5,5,5,Champions
C006805,192,10,46938.0,4,5,5,Champions
C030524,19,7,46939.0,5,5,5,Champions
C008211,456,3,46945.0,2,5,5,At risk
C011198,516,2,46997.0,2,4,5,At risk
C014033,263,4,47007.0,3,5,5,Loyal
C018710,239,2,47023.0,3,4,5,Loyal
C015520,352,5,47042.0,3,5,5,Loyal
C009922,220,4,47079.0,3,5,5,Loyal
C013931,330,7,47087.0,3,5,5,Loyal
C030703,86,2,47095.0,4,4,5,Champions
C022153,89,4,47107.0,4,5,5,Champions
C007571,331,6,47122.0,3,5,5,Loyal
C010712,514,3,47143.0,2,5,5,At risk
C011489,281,4,47173.0,3,5,5,Loyal
C021655,5,3,47174.0,5,5,5,Champions
C004339,67,11,47183.0,5,5,5,Champions
C028740,132,2,47187.0,4,4,5,Champions
C000706,769,11,47189.0,1,5,5,At risk
C031487,53,4,47191.0,5,5,5,Champions
C033666,41,1,47198.0,5,3,5,Loyal
C016405,256,4,47217.0,3,5,5,Loyal
C015881,328,4,47236.0,3,5,5,Loyal
C026009,122,4,47243.0,4,5,5,Champions
C006158,365,6,47244.0,3,5,5,Loyal
C030695,96,1,47248.0,4,3,5,Loyal
C030708,13,3,47252.0,5,5,5,Champions
C012156,432,3,47284.0,2,5,5,At risk
C020659,165,5,47289.0,4,5,5,Champions
C018797,311,1,47298.0,3,3,5,Loyal
C023694,209,1,47298.0,4,3,5,Loyal
C005507,425,4,47342.0,2,5,5,At risk
C020008,132,5,47343.0,4,5,5,Champions
C001335,812,2,47345.0,1,4,5,At risk
C010741,542,1,47397.0,2,3,5,At risk
C031318,81,2,47397.0,5,4,5,Champions
C006417,100,8,47443.0,4,5,5,Champions
C020253,269,2,47444.0,3,4,5,Loyal
C007976,604,2,47447.0,1,4,5,At risk
C031430,82,1,47471.0,5,3,5,Loyal
C028697,100,5,47583.0,4,5,5,Champions
C028886,22,4,47594.0,5,5,5,Champions
C015012,293,4,47595.0,3,5,5,Loyal
C020193,243,2,47596.0,3,4,5,Loyal
C027053,103,3,47645.0,4,5,5,Champions
C023672,221,2,47646.0,3,4,5,Loyal
C026633,69,2,47653.0,5,4,5,Champions
C014781,407,4,47687.0,2,5,5,At risk
C004485,199,4,47696.0,4,5,5,Champions
C032412,54,2,47703.0,5,4,5,Champions
C003093,424,9,47736.0,2,5,5,At risk
C010347,337,7,47739.0,3,5,5,Loyal
C030309,8,3,47743.0,5,5,5,Champions
C003827,627,2,47796.0,1,4,5,At risk
C029193,10,8,47876.0,5,5,5,Champions
C012448,423,3,47877.0,2,5,5,At risk
C003090,779,2,47897.0,1,4,5,At risk
C023836,200,2,47897.0,4,4,5,Champions
C026523,73,3,47897.0,5,5,5,Champions
C008278,117,5,47935.0,4,5,5,Champions
C001348,821,2,47947.0,1,4,5,At risk
C026727,97,5,47962.0,4,5,5,Champions
C012873,161,7,47978.0,4,5,5,Champions
C020140,228,7,47987.0,3,5,5,Loyal
C024950,111,3,47993.0,4,5,5,Champions
C003799,754,1,47996.0,1,3,5,At risk
C016461,355,2,48036.0,3,4,5,Loyal
C017664,6,8,48037.0,5,5,5,Champions
C012219,391,5,48040.0,2,5,5,At risk
C027839,114,3,48047.0,4,5,5,Champions
C018589,143,7,48092.0,4,5,5,Champions
C024176,123,2,48129.0,4,4,5,Champions
C022015,152,3,48138.0,4,5,5,Champions
C021613,235,5,48141.0,3,5,5,Loyal
C027982,0,1,48147.0,5,3,5,Loyal
C003528,650,3,48176.0,1,5,5,At risk
C000490,773,4,48192.0,1,5,5,At risk
C027308,101,4,48193.0,4,5,5,Champions
C031721,69,2,48197.0,5,4,5,Champions
C005118,591,6,48207.0,1,5,5,At risk
C004244,569,9,48238.0,2,5,5,At risk
C021690,206,3,48244.0,4,5,5,Champions
C019185,231,2,48292.0,3,4,5,Loyal
C022386,26,6,48295.0,5,5,5,Champions
C004682,685,1,48297.0,1,3,5,At risk
C004340,197,5,48314.0,4,5,5,Champions
C028642,9,6,48388.0,5,5,5,Champions
C017360,358,1,48398.0,3,3,5,Loyal
C003700,758,1,48406.0,1,3,5,At risk
C029473,31,3,48443.0,5,5,5,Champions
C014644,430,1,48497.0,2,3,5,At risk
C033224,49,1,48497.0,5,3,5,Loyal
C035472,9,1,48498.0,5,3,5,Loyal
C002181,687,3,48499.0,1,5,5,At risk
C022823,13,8,48509.0,5,5,5,Champions
C033922,8,2,48533.0,5,4,5,Champions
C010836,287,3,48543.0,3,5,5,Loyal
C019950,33,5,48543.0,5,5,5,Champions
C008162,167,5,48545.0,4,5,5,Champions
C016002,128,3,48546.0,4,5,5,Champions
C002961,582,5,48591.0,1,5,5,At risk
C004547,616,3,48596.0,1,5,5,At risk
C030292,104,1,48598.0,4,3,5,Loyal
C029524,78,2,48618.0,5,4,5,Champions
C007243,577,3,48641.0,2,5,5,At risk
C012077,56,11,48652.0,5,5,5,Champions
C002254,317,10,48657.0,3,5,5,Loyal
C005397,554,5,48678.0,2,5,5,At risk
C013015,96,11,48683.0,4,5,5,Champions
C006918,475,4,48686.0,2,5,5,At risk
C017767,208,4,48692.0,4,5,5,Champions
C009794,499,3,48732.0,2,5,5,At risk
C011463,379,6,48736.0,2,5,5,At risk
C007416,107,8,48738.0,4,5,5,Champions
C004199,730,1,48747.0,1,3,5,At risk
C004879,622,3,48749.0,1,5,5,At risk
C020575,39,5,48754.0,5,5,5,Champions
C000726,818,4,48765.0,1,5,5,At risk
C031886,67,2,48797.0,5,4,5,Champions
C001541,749,6,48816.0,1,5,5,At risk
C008028,6,7,48828.0,5,5,5,Champions
C001747,214,11,48831.0,3,5,5,Loyal
C013297,274,5,48839.0,3,5,5,Loyal
C017796,200,6,48884.0,4,5,5,Champions
C023953,83,5,48896.0,5,5,5,Champions
C000413,895,1,48945.0,1,3,5,At risk
C022751,71,5,48977.0,5,5,5,Champions
C020405,267,2,49003.0,3,4,5,Loyal
C023253,178,4,49014.0,4,5,5,Champions
C033005,20,3,49043.0,5,5,5,Champions
C009707,509,2,49046.0,2,4,5,At risk
C004782,296,6,49092.0,3,5,5,Loyal
C020411,283,2,49095.0,3,4,5,Loyal
C031298,74,2,49096.0,5,4,5,Champions
C022765,77,2,49196.0,5,4,5,Champions
C012004,457,2,49198.0,2,4,5,At risk
C004543,466,3,49275.0,2,5,5,At risk
C019770,63,6,49283.0,5,5,5,Champions
C014123,304,3,49284.0,3,5,5,Loyal
C002153,260,13,49285.0,3,5,5,Loyal
C022000,214,3,49311.0,3,5,5,Loyal
C022622,135,7,49340.0,4,5,5,Champions
C024429,99,3,49340.0,4,5,5,Champions
C003968,646,4,49345.0,1,5,5,At risk
C025193,176,2,49354.0,4,4,5,Champions
C008192,459,7,49361.0,2,5,5,At risk
C006616,544,3,49396.0,2,5,5,At risk
C022788,235,1,49398.0,3,3,5,Loyal
C029370,35,2,49398.0,5,4,5,Champions
C020710,222,3,49446.0,3,5,5,Loyal
C017955,200,4,49463.0,4,5,5,Champions
C021636,113,4,49472.0,4,5,5,Champions
C002012,738,7,49491.0,1,5,5,At risk
C000800,662,3,49495.0,1,5,5,At risk
C014937,421,1,49496.0,2,3,5,At risk
C004252,712,2,49497.0,1,4,5,At risk
C004439,479,6,49512.0,2,5,5,At risk
C012351,339,7,49515.0,3,5,5,Loyal
C024055,111,3,49544.0,4,5,5,Champions
C021809,96,7,49587.0,4,5,5,Champions
C011111,399,4,49588.0,2,5,5,At risk
C028786,83,2,49637.0,5,4,5,Champions
C011565,484,4,49643.0,2,5,5,At risk
C031566,77,2,49692.0,5,4,5,Champions
C032067,40,2,49696.0,5,4,5,Champions
C027385,124,2,49720.0,4,4,5,Champions
C018503,50,5,49745.0,5,5,5,Champions
C007739,578,4,49789.0,1,5,5,At risk
C024453,213,1,49807.0,3,3,5,Loyal
C012551,482,2,49808.0,2,4,5,At risk
C030088,17,2,49835.0,5,4,5,Champions
C021370,231,2,49913.0,3,4,5,Loyal
C014494,297,5,49983.0,3,5,5,Loyal
C017501,320,5,49991.0,3,5,5,Loyal
C015251,394,2,50040.0,2,4,5,At risk
C020985,274,1,50063.0,3,3,5,Loyal
C024792,44,4,50112.0,5,5,5,Champions
C014896,335,4,50138.0,3,5,5,Loyal
C011222,462,5,50145.0,2,5,5,At risk
C005123,623,2,50147.0,1,4,5,At risk
C002025,661,5,50259.0,1,5,5,At risk
C024875,194,2,50267.0,4,4,5,Champions
C031492,10,5,50286.0,5,5,5,Champions
C031262,28,5,50291.0,5,5,5,Champions
C030146,80,4,50293.0,5,5,5,Champions
C019941,236,3,50294.0,3,5,5,Loyal
C022628,181,2,50295.0,4,4,5,Champions
C022226,244,1,50297.0,3,3,5,Loyal
C011799,356,7,50316.0,3,5,5,Loyal
C020834,38,6,50344.0,5,5,5,Champions
C030858,80,2,50361.0,5,4,5,Champions
C010397,120,4,50368.0,4,5,5,Champions
C006530,387,9,50382.0,2,5,5,At risk
C033430,45,1,50404.0,5,3,5,Loyal
C013371,365,2,50444.0,3,4,5,Loyal
C015906,312,4,50493.0,3,5,5,Loyal
C023386,218,1,50496.0,3,3,5,Loyal
C006617,560,5,50520.0,2,5,5,At risk
C021904,188,3,50589.0,4,5,5,Champions
C017909,184,7,50592.0,4,5,5,Champions
C019825,139,3,50595.0,4,5,5,Champions
C030804,86,2,50596.0,4,4,5,Champions
C002521,109,12,50635.0,4,5,5,Champions
C006118,498,6,50678.0,2,5,5,At risk
C018472,96,5,50693.0,4,5,5,Champions
C017243,331,4,50694.0,3,5,5,Loyal
C030945,90,2,50694.0,4,4,5,Champions
C010937,280,4,50696.0,3,5,5,Loyal
C020048,88,6,50713.0,4,5,5,Champions
C031198,73,3,50725.0,5,5,5,Champions
C025755,157,4,50743.0,4,5,5,Champions
C034555,24,1,50746.0,5,3,5,Loyal
C006288,594,3,50757.0,1,5,5,At risk
C026950,92,4,50765.0,4,5,5,Champions
C018323,118,3,50781.0,4,5,5,Champions
C025700,96,4,50792.0,4,5,5,Champions
C011720,159,6,50805.0,4,5,5,Champions
C011304,486,4,50813.0,2,5,5,At risk
C024031,127,4,50824.0,4,5,5,Champions
C002840,695,7,50837.0,1,5,5,At risk
C016483,292,4,50893.0,3,5,5,Loyal
C001819,740,6,50894.0,1,5,5,At risk
C005156,457,3,50895.0,2,5,5,At risk
C009554,576,1,50895.0,2,3,5,At risk
C027432,44,5,50920.0,5,5,5,Champions
C014593,399,2,50945.0,2,4,5,At risk
C033507,44,1,50955.0,5,3,5,Loyal
C031201,3,6,50980.0,5,5,5,Champions
C004218,200,8,50983.0,4,5,5,Champions
C000949,841,6,50984.0,1,5,5,At risk
C024618,204,2,50997.0,4,4,5,Champions
C031675,10,2,50998.0,5,4,5,Champions
C018878,232,3,51031.0,3,5,5,Loyal
C014487,203,4,51046.0,4,5,5,Champions
C001426,776,5,51088.0,1,5,5,At risk
C017273,73,8,51133.0,5,5,5,Champions
C031841,25,4,51144.0,5,5,5,Champions
C016726,320,3,51162.0,3,5,5,Loyal
C027907,87,3,51167.0,4,5,5,Champions
C014312,287,4,51196.0,3,5,5,Loyal
C000894,103,9,51198.0,4,5,5,Champions
C022959,192,3,51213.0,4,5,5,Champions
C018402,18,5,51215.0,5,5,5,Champions
C011234,407,3,51245.0,2,5,5,At risk
C019765,78,5,51278.0,5,5,5,Champions
C003081,690,5,51290.0,1,5,5,At risk
C021228,121,9,51324.0,4,5,5,Champions
C005094,707,1,51337.0,1,3,5,At risk
C029935,21,4,51392.0,5,5,5,Champions
C010581,548,1,51395.0,2,3,5,At risk
C016412,280,4,51443.0,3,5,5,Loyal
C019641,243,3,51445.0,3,5,5,Loyal
C010833,320,9,51459.0,3,5,5,Loyal
C018522,75,7,51460.0,5,5,5,Champions
C024261,214,1,51466.0,3,3,5,Loyal
C017342,357,2,51484.0,3,4,5,Loyal
C018245,225,3,51494.0,3,5,5,Loyal
C007031,542,2,51495.0,2,4,5,At risk
C021717,257,1,51508.0,3,3,5,Loyal
C017085,122,9,51532.0,4,5,5,Champions
C032406,25,3,51544.0,5,5,5,Champions
C020081,284,3,51605.0,3,5,5,Loyal
C028044,123,2,51662.0,4,4,5,Champions
C010618,508,2,51679.0,2,4,5,At risk
C005631,569,4,51694.0,2,5,5,At risk
C014111,245,3,51694.0,3,5,5,Loyal
C004089,745,1,51698.0,1,3,5,At risk
C007261,31,10,51709.0,5,5,5,Champions
C000053,896,2,51743.0,1,4,5,At risk
C006775,596,3,51754.0,1,5,5,At risk
C006876,543,8,51806.0,2,5,5,At risk
C000076,635,3,51841.0,1,5,5,At risk
C014110,321,4,51845.0,3,5,5,Loyal
C001842,821,3,51846.0,1,5,5,At risk
C021376,259,1,51847.0,3,3,5,Loyal
C014326,434,1,51848.0,2,3,5,At risk
C005490,680,1,51897.0,1,3,5,At risk
C021158,185,5,51938.0,4,5,5,Champions
C003957,596,7,51948.0,1,5,5,At risk
C026459,106,2,51956.0,4,4,5,Champions
C007091,564,4,51967.0,2,5,5,At risk
C013691,245,8,51983.0,3,5,5,Loyal
C008391,561,2,51994.0,2,4,5,At risk
C032522,7,2,51995.0,5,4,5,Champions
C007169,596,3,52020.0,1,5,5,At risk
C014486,231,3,52056.0,3,5,5,Loyal
C021028,122,3,52076.0,4,5,5,Champions
C017373,288,4,52089.0,3,5,5,Loyal
C019766,296,3,52095.0,3,5,5,Loyal
C005548,519,10,52187.0,2,5,5,At risk
C021998,84,4,52193.0,5,5,5,Champions
C005778,685,1,52196.0,1,3,5,At risk
C000814,800,2,52197.0,1,4,5,At risk
C012832,461,2,52265.0,2,4,5,At risk
C011193,430,4,52276.0,2,5,5,At risk
C014372,212,5,52284.0,3,5,5,Loyal
C019127,220,2,52292.0,3,4,5,Loyal
C027266,22,3,52345.0,5,5,5,Champions
C014338,234,7,52397.0,3,5,5,Loyal
C000177,905,1,52441.0,1,3,5,At risk
C016628,231,8,52489.0,3,5,5,Loyal
C019834,20,3,52495.0,5,5,5,Champions
C035130,15,1,52495.0,5,3,5,Loyal
C021053,214,3,52531.0,3,5,5,Loyal
C013351,463,2,52551.0,2,4,5,At risk
C022856,155,2,52596.0,4,4,5,Champions
C017349,231,4,52624.0,3,5,5,Loyal
C005929,23,9,52657.0,5,5,5,Champions
C020251,3,5,52694.0,5,5,5,Champions
C019945,237,3,52695.0,3,5,5,Loyal
C007058,562,3,52696.0,2,5,5,At risk
C008686,585,2,52697.0,1,4,5,At risk
C007298,466,14,52708.0,2,5,5,At risk
C004351,401,8,52718.0,2,5,5,At risk
C001478,569,4,52743.0,2,5,5,At risk
C006670,567,4,52777.0,2,5,5,At risk
C020677,20,9,52777.0,5,5,5,Champions
C025828,138,2,52794.0,4,4,5,Champions
C012013,332,7,52840.0,3,5,5,Loyal
C026260,161,3,52841.0,4,5,5,Champions
C028914,2,9,52842.0,5,5,5,Champions
C025099,60,2,52846.0,5,4,5,Champions
C000237,825,2,52857.0,1,4,5,At risk
C020274,106,5,52857.0,4,5,5,Champions
C009349,578,1,52864.0,2,3,5,At risk
C002597,595,10,52869.0,1,5,5,At risk
C017065,201,5,52885.0,4,5,5,Champions
C003330,769,2,52896.0,1,4,5,At risk
C006093,676,1,52899.0,1,3,5,At risk
C024641,210,1,52899.0,4,3,5,Loyal
C014191,45,8,52933.0,5,5,5,Champions
C014648,61,4,52945.0,5,5,5,Champions
C003433,618,4,52969.0,1,5,5,At risk
C011417,432,3,52996.0,2,5,5,At risk
C007071,124,6,53032.0,4,5,5,Champions
C005408,605,9,53086.0,1,5,5,At risk
C018486,215,8,53091.0,3,5,5,Loyal
C026034,19,3,53092.0,5,5,5,Champions
C006767,516,2,53093.0,2,4,5,At risk
C015098,311,3,53095.0,3,5,5,Loyal
C008153,453,4,53141.0,2,5,5,At risk
C020894,157,5,53193.0,4,5,5,Champions
C007655,562,4,53195.0,2,5,5,At risk
C016467,242,4,53274.0,3,5,5,Loyal
C003882,631,5,53293.0,1,5,5,At risk
C003034,731,2,53294.0,1,4,5,At risk
C026172,109,7,53294.0,4,5,5,Champions
C003324,586,3,53295.0,1,5,5,At risk
C030445,30,2,53295.0,5,4,5,Champions
C009942,559,1,53299.0,2,3,5,At risk
C011630,516,1,53299.0,2,3,5,At risk
C034482,10,1,53299.0,5,3,5,Loyal
C032560,56,2,53303.0,5,4,5,Champions
C004461,646,5,53306.0,1,5,5,At risk
C014122,200,5,53320.0,4,5,5,Champions
C000827,623,12,53339.0,1,5,5,At risk
C002768,620,7,53367.0,1,5,5,At risk
C011283,285,12,53477.0,3,5,5,Loyal
C001472,812,3,53483.0,1,5,5,At risk
C007549,596,3,53536.0,1,5,5,At risk
C003293,691,5,53540.0,1,5,5,At risk
C005246,66,11,53540.0,5,5,5,Champions
C023616,200,2,53544.0,4,4,5,Champions
C010645,427,5,53574.0,2,5,5,At risk
C003212,744,1,53633.0,1,3,5,At risk
C011357,91,7,53636.0,4,5,5,Champions
C010464,364,4,53645.0,3,5,5,Loyal
C017264,240,4,53660.0,3,5,5,Loyal
C010375,408,6,53691.0,2,5,5,At risk
C031756,25,4,53694.0,5,5,5,Champions
C024069,192,3,53696.0,4,5,5,Champions
C028277,128,2,53696.0,4,4,5,Champions
C003992,136,4,53714.0,4,5,5,Champions
C000570,859,2,53716.0,1,4,5,At risk
C003583,393,9,53785.0,2,5,5,At risk
C016414,104,8,53788.0,4,5,5,Champions
C014753,321,6,53791.0,3,5,5,Loyal
C019520,208,3,53793.0,4,5,5,Champions
C026596,162,2,53795.0,4,4,5,Champions
C004670,644,4,53813.0,1,5,5,At risk
C007689,608,2,53825.0,1,4,5,At risk
C003011,374,5,53834.0,2,5,5,At risk
C010918,134,9,53834.0,4,5,5,Champions
C004328,500,8,53843.0,2,5,5,At risk
C001156,67,10,53908.0,5,5,5,Champions
C034105,11,3,53940.0,5,5,5,Champions
C024633,210,1,53948.0,4,3,5,Loyal
C004608,214,11,53954.0,3,5,5,Loyal
C002286,765,2,53994.0,1,4,5,At risk
C034096,33,1,53995.0,5,3,5,Loyal
C002518,740,2,53997.0,1,4,5,At risk
C015010,421,1,53997.0,2,3,5,At risk
C021029,152,2,54004.0,4,4,5,Champions
C006568,23,11,54030.0,5,5,5,Champions
C015160,246,2,54050.0,3,4,5,Loyal
C004552,476,7,54053.0,2,5,5,At risk
C002546,641,5,54094.0,1,5,5,At risk
C024894,14,4,54099.0,5,5,5,Champions
C019992,270,1,54139.0,3,3,5,Loyal
C021760,157,3,54145.0,4,5,5,Champions
C021512,200,4,54146.0,4,5,5,Champions
C005159,319,8,54148.0,3,5,5,Loyal
C014376,20,4,54224.0,5,5,5,Champions
C008105,395,3,54243.0,2,5,5,At risk
C003129,769,2,54244.0,1,4,5,At risk
C022008,18,5,54249.0,5,5,5,Champions
C028696,134,1,54299.0,4,3,5,Loyal
C031754,76,1,54299.0,5,3,5,Loyal
C035700,4,1,54299.0,5,3,5,Loyal
C012126,201,4,54369.0,4,5,5,Champions
C008459,573,3,54469.0,2,5,5,At risk
C031331,83,2,54568.0,5,4,5,Champions
C004643,405,7,54584.0,2,5,5,At risk
C022669,200,4,54605.0,4,5,5,Champions
C004430,546,4,54644.0,2,5,5,At risk
C015316,34,7,54681.0,5,5,5,Champions
C018478,231,4,54688.0,3,5,5,Loyal
C011345,361,3,54694.0,3,5,5,Loyal
C019762,86,2,54695.0,4,4,5,Champions
C005424,488,6,54714.0,2,5,5,At risk
C028026,24,3,54744.0,5,5,5,Champions
C021373,112,4,54775.0,4,5,5,Champions
C019438,109,13,54778.0,4,5,5,Champions
C008136,321,9,54780.0,3,5,5,Loyal
C023448,159,7,54814.0,4,5,5,Champions
C033103,30,2,54839.0,5,4,5,Champions
C030330,61,4,54880.0,5,5,5,Champions
C014270,54,9,54892.0,5,5,5,Champions
C013342,297,6,54894.0,3,5,5,Loyal
C029725,75,3,54895.0,5,5,5,Champions
C014684,375,2,54897.0,2,4,5,At risk
C020205,290,2,54898.0,3,4,5,Loyal
C002470,703,4,54922.0,1,5,5,At risk
C001985,200,15,54926.0,4,5,5,Champions
C006044,318,9,54928.0,3,5,5,Loyal
C021600,119,5,54989.0,4,5,5,Champions
C025642,110,4,54995.0,4,5,5,Champions
C010675,543,1,54998.0,2,3,5,At risk
C001838,829,1,54999.0,1,3,5,At risk
C020938,275,1,54999.0,3,3,5,Loyal
C029415,108,1,54999.0,4,3,5,Loyal
C032836,38,1,54999.0,5,3,5,Loyal
C035054,9,1,54999.0,5,3,5,Loyal
C015453,214,6,55004.0,3,5,5,Loyal
C022520,77,9,55016.0,5,5,5,Champions
C017539,247,3,55025.0,3,5,5,Loyal
C018750,44,12,55032.0,5,5,5,Champions
C001655,689,3,55043.0,1,5,5,At risk
C021455,227,5,55085.0,3,5,5,Loyal
C024304,207,2,55090.0,4,4,5,Champions
C030026,44,5,55091.0,5,5,5,Champions
C019706,236,2,55095.0,3,4,5,Loyal
C012066,276,10,55102.0,3,5,5,Loyal
C019573,209,7,55118.0,4,5,5,Champions
C012095,317,9,55131.0,3,5,5,Loyal
C024773,92,3,55131.0,4,5,5,Champions
C024016,109,7,55183.0,4,5,5,Champions
C016931,242,9,55189.0,3,5,5,Loyal
C013245,288,3,55192.0,3,5,5,Loyal
C010022,402,2,55197.0,2,4,5,At risk
C033858,38,1,55203.0,5,3,5,Loyal
C018614,231,4,55232.0,3,5,5,Loyal
C000455,613,6,55239.0,1,5,5,At risk
C029566,56,5,55242.0,5,5,5,Champions
C007374,459,4,55245.0,2,5,5,At risk
C026177,61,3,55295.0,5,5,5,Champions
C016852,17,12,55335.0,5,5,5,Champions
C008420,551,4,55337.0,2,5,5,At risk
C004821,399,7,55342.0,2,5,5,At risk
C023605,193,4,55342.0,4,5,5,Champions
C018851,301,2,55415.0,3,4,5,Loyal
C011395,453,4,55481.0,2,5,5,At risk
C015218,265,8,55483.0,3,5,5,Loyal
C028799,25,4,55492.0,5,5,5,Champions
C002068,461,5,55494.0,2,5,5,At risk
C019759,277,2,55495.0,3,4,5,Loyal
C027640,153,1,55501.0,4,3,5,Loyal
C015243,199,4,55502.0,4,5,5,Champions
C008765,565,3,55512.0,2,5,5,At risk
C027369,82,5,55532.0,5,5,5,Champions
C012674,36,9,55536.0,5,5,5,Champions
C012535,233,4,55541.0,3,5,5,Loyal
C012145,280,6,55542.0,3,5,5,Loyal
C023402,168,4,55559.0,4,5,5,Champions
C017730,256,2,55596.0,3,4,5,Loyal
C015323,324,2,55597.0,3,4,5,Loyal
C004425,605,2,55598.0,1,4,5,At risk
C033727,19,2,55598.0,5,4,5,Champions
C027013,21,7,55625.0,5,5,5,Champions
C000664,628,8,55676.0,1,5,5,At risk
C010825,340,4,55690.0,3,5,5,Loyal
C007222,584,3,55693.0,1,5,5,At risk
C029438,54,4,55693.0,5,5,5,Champions
C012670,251,4,55694.0,3,5,5,Loyal
C007489,578,1,55697.0,1,3,5,At risk
C034585,24,1,55698.0,5,3,5,Loyal
C024957,48,7,55732.0,5,5,5,Champions
C011306,330,3,55739.0,3,5,5,Loyal
C004764,596,3,55751.0,1,5,5,At risk
C016042,367,3,55818.0,3,5,5,Loyal
C023981,83,6,55821.0,5,5,5,Champions
C028563,52,3,55855.0,5,5,5,Champions
C021909,214,1,55898.0,3,3,5,Loyal
C021453,8,3,55901.0,5,5,5,Champions
C016790,327,3,55963.0,3,5,5,Loyal
C023297,105,4,55995.0,4,5,5,Champions
C025740,151,2,55996.0,4,4,5,Champions
C002978,592,3,56016.0,1,5,5,At risk
C012082,174,3,56043.0,4,5,5,Champions
C027638,39,4,56043.0,5,5,5,Champions
C016200,231,4,56049.0,3,5,5,Loyal
C029200,26,9,56097.0,5,5,5,Champions
C005959,602,8,56100.0,1,5,5,At risk
C011286,151,9,56101.0,4,5,5,Champions
C012811,195,7,56140.0,4,5,5,Champions
C007503,604,3,56145.0,1,5,5,At risk
C031719,75,1,56148.0,5,3,5,Loyal
C026452,94,2,56195.0,4,4,5,Champions
C001464,779,4,56209.0,1,5,5,At risk
C027762,4,8,56219.0,5,5,5,Champions
C004832,717,1,56225.0,1,3,5,At risk
C005137,329,12,56231.0,3,5,5,Loyal
C013876,279,7,56286.0,3,5,5,Loyal
C026538,17,4,56291.0,5,5,5,Champions
C016970,136,6,56293.0,4,5,5,Champions
C026862,143,3,56294.0,4,5,5,Champions
C014665,374,4,56296.0,2,5,5,At risk
C019940,216,3,56298.0,3,5,5,Loyal
C018061,73,8,56302.0,5,5,5,Champions
C015268,31,8,56343.0,5,5,5,Champions
C014408,8,5,56358.0,5,5,5,Champions
C010430,257,7,56393.0,3,5,5,Loyal
C012515,430,3,56444.0,2,5,5,At risk
C034945,12,3,56494.0,5,5,5,Champions
C019813,303,1,56548.0,3,3,5,Loyal
C028384,30,4,56591.0,5,5,5,Champions
C030943,58,2,56598.0,5,4,5,Champions
C020216,205,4,56721.0,4,5,5,Champions
C013016,104,8,56723.0,4,5,5,Champions
C021280,28,10,56734.0,5,5,5,Champions
C002678,577,7,56741.0,2,5,5,At risk
C004533,662,3,56743.0,1,5,5,At risk
C005826,611,3,56746.0,1,5,5,At risk
C014766,152,5,56763.0,4,5,5,Champions
C022259,244,1,56797.0,3,3,5,Loyal
C018904,259,2,56844.0,3,4,5,Loyal
C004393,680,1,56845.0,1,3,5,At risk
C007119,630,1,56861.0,1,3,5,At risk
C018316,306,3,56893.0,3,5,5,Loyal
C012146,331,2,56898.0,3,4,5,Loyal
C027798,49,8,56917.0,5,5,5,Champions
C001443,648,4,56941.0,1,5,5,At risk
C018595,205,3,56944.0,4,5,5,Champions
C029252,4,2,56953.0,5,4,5,Champions
C019490,55,11,57031.0,5,5,5,Champions
C024533,59,4,57051.0,5,5,5,Champions
C019407,211,2,57089.0,4,4,5,Champions
C008182,389,11,57135.0,2,5,5,At risk
C004305,682,4,57194.0,1,5,5,At risk
C028630,42,1,57198.0,5,3,5,Loyal
C026750,50,3,57200.0,5,5,5,Champions
C031377,25,2,57260.0,5,4,5,Champions
C025263,101,5,57269.0,4,5,5,Champions
C009089,486,8,57337.0,2,5,5,At risk
C002061,45,10,57373.0,5,5,5,Champions
C013122,335,5,57376.0,3,5,5,Loyal
C034646,10,2,57431.0,5,4,5,Champions
C025985,104,3,57439.0,4,5,5,Champions
C012342,124,12,57446.0,4,5,5,Champions
C023365,158,2,57458.0,4,4,5,Champions
C007316,401,5,57490.0,2,5,5,At risk
C010837,519,1,57498.0,2,3,5,At risk
C013096,359,3,57543.0,3,5,5,Loyal
C007040,336,3,57581.0,3,5,5,Loyal
C001252,852,1,57598.0,1,3,5,At risk
C001185,816,3,57610.0,1,5,5,At risk
C006043,596,3,57610.0,1,5,5,At risk
C023767,121,4,57646.0,4,5,5,Champions
C014720,9,7,57677.0,5,5,5,Champions
C016049,67,8,57739.0,5,5,5,Champions
C028656,91,3,57745.0,4,5,5,Champions
C000929,764,2,57794.0,1,4,5,At risk
C021766,246,2,57798.0,3,4,5,Loyal
C032386,9,5,57809.0,5,5,5,Champions
C014805,31,13,57829.0,5,5,5,Champions
C002833,629,5,57860.0,1,5,5,At risk
C012390,280,8,57939.0,3,5,5,Loyal
C017311,328,5,58094.0,3,5,5,Loyal
C035749,3,1,58096.0,5,3,5,Loyal
C012520,223,11,58109.0,3,5,5,Loyal
C016381,81,3,58117.0,5,5,5,Champions
C007390,400,9,58158.0,2,5,5,At risk
C027016,66,5,58191.0,5,5,5,Champions
C006331,381,5,58192.0,2,5,5,At risk
C030154,95,2,58194.0,4,4,5,Champions
C009200,467,4,58195.0,2,5,5,At risk
C003668,714,4,58242.0,1,5,5,At risk
C022519,212,3,58244.0,3,5,5,Loyal
C011068,465,3,58245.0,2,5,5,At risk
C022482,193,4,58262.0,4,5,5,Champions
C021814,1,11,58282.0,5,5,5,Champions
C003199,257,5,58291.0,3,5,5,Loyal
C027931,52,2,58345.0,5,4,5,Champions
C014775,301,3,58389.0,3,5,5,Loyal
C028986,84,3,58391.0,5,5,5,Champions
C006879,617,2,58394.0,1,4,5,At risk
C028679,134,1,58398.0,4,3,5,Loyal
C023904,191,3,58471.0,4,5,5,Champions
C013076,374,9,58480.0,2,5,5,At risk
C012856,109,12,58486.0,4,5,5,Champions
C012471,207,12,58490.0,4,5,5,Champions
C022359,143,10,58502.0,4,5,5,Champions
C021356,112,5,58583.0,4,5,5,Champions
C003727,657,4,58627.0,1,5,5,At risk
C017520,315,4,58645.0,3,5,5,Loyal
C000789,817,3,58646.0,1,5,5,At risk
C015454,409,1,58646.0,2,3,5,At risk
C001542,839,1,58697.0,1,3,5,At risk
C011277,462,3,58710.0,2,5,5,At risk
C000790,384,9,58784.0,2,5,5,At risk
C004009,389,4,58813.0,2,5,5,At risk
C012373,331,6,58839.0,3,5,5,Loyal
C023905,16,3,58844.0,5,5,5,Champions
C025668,193,1,58845.0,4,3,5,Loyal
C011369,378,3,58945.0,2,5,5,At risk
C002853,642,5,59042.0,1,5,5,At risk
C027466,60,6,59092.0,5,5,5,Champions
C012113,339,2,59093.0,3,4,5,Loyal
C016428,48,6,59120.0,5,5,5,Champions
C003759,333,8,59138.0,3,5,5,Loyal
C014098,227,7,59142.0,3,5,5,Loyal
C003807,30,9,59187.0,5,5,5,Champions
C005723,686,1,59299.0,1,3,5,At risk
C016148,207,7,59327.0,4,5,5,Champions
C009061,109,6,59330.0,4,5,5,Champions
C020872,93,5,59447.0,4,5,5,Champions
C003954,374,8,59490.0,2,5,5,At risk
C000724,592,4,59494.0,1,5,5,At risk
C015347,211,3,59495.0,4,5,5,Champions
C010969,364,9,59502.0,3,5,5,Loyal
C017439,254,4,59521.0,3,5,5,Loyal
C005078,641,5,59534.0,1,5,5,At risk
C028452,8,5,59543.0,5,5,5,Champions
C001455,779,5,59596.0,1,5,5,At risk
C020017,227,5,59656.0,3,5,5,Loyal
C007881,577,3,59661.0,2,5,5,At risk
C019306,231,2,59693.0,3,4,5,Loyal
C032950,2,2,59693.0,5,4,5,Champions
C016615,323,2,59697.0,3,4,5,Loyal
C011696,320,4,59702.0,3,5,5,Loyal
C003859,460,8,59713.0,2,5,5,At risk
C002910,542,4,59744.0,2,5,5,At risk
C017945,152,5,59755.0,4,5,5,Champions
C019612,188,5,59763.0,4,5,5,Champions
C010845,449,6,59770.0,2,5,5,At risk
C017371,280,4,59805.0,3,5,5,Loyal
C029650,98,2,59846.0,4,4,5,Champions
C010987,226,9,59865.0,3,5,5,Loyal
C014669,220,7,59911.0,3,5,5,Loyal
C007139,274,12,59965.0,3,5,5,Loyal
C006729,566,4,59976.0,2,5,5,At risk
C019699,61,10,60045.0,5,5,5,Champions
C004950,563,6,60086.0,2,5,5,At risk
C009712,571,1,60098.0,2,3,5,At risk
C012946,477,1,60098.0,2,3,5,At risk
C013505,18,6,60122.0,5,5,5,Champions
C001960,809,2,60144.0,1,4,5,At risk
C016481,281,4,60144.0,3,5,5,Loyal
C014996,200,10,60146.0,4,5,5,Champions
C027451,31,4,60227.0,5,5,5,Champions
C006163,227,8,60235.0,3,5,5,Loyal
C002030,22,7,60240.0,5,5,5,Champions
C013671,95,6,60284.0,4,5,5,Champions
C007056,457,6,60298.0,2,5,5,At risk
C009814,389,8,60333.0,2,5,5,At risk
C033649,29,2,60348.0,5,4,5,Champions
C002495,563,5,60392.0,2,5,5,At risk
C023260,20,6,60443.0,5,5,5,Champions
C023839,186,3,60548.0,4,5,5,Champions
C007487,520,5,60653.0,2,5,5,At risk
C009169,26,4,60664.0,5,5,5,Champions
C029586,13,7,60739.0,5,5,5,Champions
C024203,198,2,60747.0,4,4,5,Champions
C011102,304,7,60750.0,3,5,5,Loyal
C000295,570,10,60761.0,2,5,5,At risk
C000168,847,3,60795.0,1,5,5,At risk
C011821,422,6,60816.0,2,5,5,At risk
C008824,394,8,60827.0,2,5,5,At risk
C013847,3,6,60890.0,5,5,5,Champions
C003336,196,11,60905.0,4,5,5,Champions
C016987,200,5,60920.0,4,5,5,Champions
C013236,162,7,60952.0,4,5,5,Champions
C012603,460,2,60955.0,2,4,5,At risk
C017983,17,9,60982.0,5,5,5,Champions
C010647,417,8,60983.0,2,5,5,At risk
C031476,15,4,60995.0,5,5,5,Champions
C008155,606,1,60996.0,1,3,5,At risk
C018354,225,6,61029.0,3,5,5,Loyal
C009663,573,1,61097.0,2,3,5,At risk
C018477,13,4,61194.0,5,5,5,Champions
C016077,333,5,61216.0,3,5,5,Loyal
C007931,391,6,61231.0,2,5,5,At risk
C012678,100,6,61300.0,4,5,5,Champions
C022804,120,4,61393.0,4,5,5,Champions
C016880,208,10,61411.0,4,5,5,Champions
C021098,97,6,61417.0,4,5,5,Champions
C022803,204,3,61495.0,4,5,5,Champions
C020114,61,2,61545.0,5,4,5,Champions
C025795,39,6,61593.0,5,5,5,Champions
C017382,14,5,61614.0,5,5,5,Champions
C023013,212,2,61620.0,3,4,5,Loyal
C003184,559,8,61629.0,2,5,5,At risk
C027057,38,4,61641.0,5,5,5,Champions
C029017,23,5,61684.0,5,5,5,Champions
C003419,470,3,61692.0,2,5,5,At risk
C027485,56,5,61789.0,5,5,5,Champions
C004882,715,1,61794.0,1,3,5,At risk
C035138,10,1,61794.0,5,3,5,Loyal
C003430,433,5,61799.0,2,5,5,At risk
C002069,309,12,61871.0,3,5,5,Loyal
C031806,13,7,61886.0,5,5,5,Champions
C019482,58,4,61945.0,5,5,5,Champions
C030579,81,3,62040.0,5,5,5,Champions
C014087,231,7,62050.0,3,5,5,Loyal
C029865,53,4,62073.0,5,5,5,Champions
C014356,381,2,62093.0,2,4,5,At risk
C011140,502,2,62098.0,2,4,5,At risk
C029104,51,3,62131.0,5,5,5,Champions
C015607,267,5,62189.0,3,5,5,Loyal
C027081,157,2,62229.0,4,4,5,Champions
C006089,405,8,62234.0,2,5,5,At risk
C015480,94,8,62262.0,4,5,5,Champions
C008164,456,6,62295.0,2,5,5,At risk
C019888,88,6,62349.0,4,5,5,Champions
C022191,21,13,62372.0,5,5,5,Champions
C014722,356,4,62394.0,3,5,5,Loyal
C001433,785,3,62417.0,1,5,5,At risk
C018768,220,4,62436.0,3,5,5,Loyal
C000318,767,4,62442.0,1,5,5,At risk
C023345,16,4,62458.0,5,5,5,Champions
C003545,220,6,62488.0,3,5,5,Loyal
C014663,231,6,62492.0,3,5,5,Loyal
C012967,380,6,62494.0,2,5,5,At risk
C017424,326,2,62496.0,3,4,5,Loyal
C030012,75,2,62497.0,5,4,5,Champions
C001678,634,6,62576.0,1,5,5,At risk
C029840,105,2,62592.0,4,4,5,Champions
C019566,102,4,62594.0,4,5,5,Champions
C014124,256,5,62623.0,3,5,5,Loyal
C002558,758,5,62643.0,1,5,5,At risk
C021785,256,1,62698.0,3,3,5,Loyal
C017486,30,4,62712.0,5,5,5,Champions
C027871,29,2,62795.0,5,4,5,Champions
C021867,178,3,62797.0,4,5,5,Champions
C012502,310,5,62840.0,3,5,5,Loyal
C014846,415,2,62847.0,2,4,5,At risk
C023988,205,3,62847.0,4,5,5,Champions
C003332,747,3,62931.0,1,5,5,At risk
C012718,347,7,62958.0,3,5,5,Loyal
C015908,217,6,63080.0,3,5,5,Loyal
C008189,459,9,63086.0,2,5,5,At risk
C020589,185,5,63161.0,4,5,5,Champions
C025836,111,4,63175.0,4,5,5,Champions
C009832,495,2,63176.0,2,4,5,At risk
C002267,714,5,63193.0,1,5,5,At risk
C019594,219,3,63279.0,3,5,5,Loyal
C020771,270,2,63298.0,3,4,5,Loyal
C029694,111,1,63407.0,4,3,5,Loyal
C018916,306,4,63529.0,3,5,5,Loyal
C005374,567,7,63539.0,2,5,5,At risk
C010622,195,9,63541.0,4,5,5,Champions
C004459,730,1,63578.0,1,3,5,At risk
C019155,0,5,63590.0,5,5,5,Champions
C023715,76,9,63602.0,5,5,5,Champions
C021325,65,5,63692.0,5,5,5,Champions
C002090,790,3,63696.0,1,5,5,At risk
C016776,113,4,63737.0,4,5,5,Champions
C032311,56,1,63798.0,5,3,5,Loyal
C004387,560,5,63817.0,2,5,5,At risk
C026076,180,2,63856.0,4,4,5,Champions
C017327,317,2,63859.0,3,4,5,Loyal
C015339,120,4,63905.0,4,5,5,Champions
C021451,263,1,63918.0,3,3,5,Loyal
C006293,337,9,63932.0,3,5,5,Loyal
C006392,369,5,63943.0,2,5,5,At risk
C011497,276,4,63945.0,3,5,5,Loyal
C007654,40,11,63960.0,5,5,5,Champions
C005565,664,4,63991.0,1,5,5,At risk
C017151,88,7,64057.0,4,5,5,Champions
C019553,219,2,64095.0,3,4,5,Loyal
C020941,265,2,64097.0,3,4,5,Loyal
C022081,159,5,64126.0,4,5,5,Champions
C014381,363,3,64190.0,3,5,5,Loyal
C017878,127,8,64219.0,4,5,5,Champions
C028032,94,4,64229.0,4,5,5,Champions
C022855,233,1,64255.0,3,3,5,Loyal
C022674,214,4,64257.0,3,5,5,Loyal
C012927,265,4,64331.0,3,5,5,Loyal
C018713,221,4,64342.0,3,5,5,Loyal
C002850,251,7,64440.0,3,5,5,Loyal
C000779,815,5,64494.0,1,5,5,At risk
C022413,124,3,64496.0,4,5,5,Champions
C014241,149,5,64522.0,4,5,5,Champions
C020013,117,3,64544.0,4,5,5,Champions
C021219,105,7,64585.0,4,5,5,Champions
C016300,180,6,64590.0,4,5,5,Champions
C012453,465,2,64643.0,2,4,5,At risk
C003952,544,6,64644.0,2,5,5,At risk
C021853,94,8,64660.0,4,5,5,Champions
C023837,200,2,64696.0,4,4,5,Champions
C031193,19,2,64707.0,5,4,5,Champions
C012731,197,7,64758.0,4,5,5,Champions
C003523,533,10,64787.0,2,5,5,At risk
C027801,23,6,64787.0,5,5,5,Champions
C000460,572,7,64791.0,2,5,5,At risk
C003135,724,2,64800.0,1,4,5,At risk
C002719,560,8,64857.0,2,5,5,At risk
C007402,468,7,64864.0,2,5,5,At risk
C010735,313,4,64891.0,3,5,5,Loyal
C002574,214,9,64905.0,3,5,5,Loyal
C020018,8,5,64929.0,5,5,5,Champions
C019350,168,5,64948.0,4,5,5,Champions
C018274,317,2,64997.0,3,4,5,Loyal
C027301,70,5,65091.0,5,5,5,Champions
C024696,202,2,65094.0,4,4,5,Champions
C026339,155,3,65095.0,4,5,5,Champions
C003064,744,4,65096.0,1,5,5,At risk
C015780,360,3,65097.0,3,5,5,Loyal
C019200,116,8,65113.0,4,5,5,Champions
C027398,35,8,65180.0,5,5,5,Champions
C029173,124,1,65193.0,4,3,5,Loyal
C001601,732,4,65227.0,1,5,5,At risk
C013912,291,6,65288.0,3,5,5,Loyal
C005330,541,6,65313.0,2,5,5,At risk
C031496,31,3,65349.0,5,5,5,Champions
C035181,12,1,65398.0,5,3,5,Loyal
C031154,16,3,65444.0,5,5,5,Champions
C026071,124,3,65482.0,4,5,5,Champions
C023011,178,3,65485.0,4,5,5,Champions
C028003,105,2,65493.0,4,4,5,Champions
C008823,594,1,65497.0,1,3,5,At risk
C011427,353,5,65595.0,3,5,5,Loyal
C017436,231,4,65694.0,3,5,5,Loyal
C019726,200,4,65716.0,4,5,5,Champions
C011325,485,3,65724.0,2,5,5,At risk
C024825,134,4,65772.0,4,5,5,Champions
C029348,9,4,65795.0,5,5,5,Champions
C018282,336,1,65796.0,3,3,5,Loyal
C024690,129,3,65796.0,4,5,5,Champions
C015665,257,6,65827.0,3,5,5,Loyal
C011835,68,7,65889.0,5,5,5,Champions
C010990,413,3,65892.0,2,5,5,At risk
C012224,58,6,65930.0,5,5,5,Champions
C006764,17,7,65959.0,5,5,5,Champions
C001492,25,6,65964.0,5,5,5,Champions
C012065,377,3,65994.0,2,5,5,At risk
C021713,200,3,66085.0,4,5,5,Champions
C018233,337,1,66096.0,3,3,5,Loyal
C004647,724,1,66097.0,1,3,5,At risk
C020213,28,8,66112.0,5,5,5,Champions
C027484,41,4,66149.0,5,5,5,Champions
C004357,507,4,66191.0,2,5,5,At risk
C003735,666,6,66194.0,1,5,5,At risk
C005491,591,3,66195.0,1,5,5,At risk
C000630,769,4,66215.0,1,5,5,At risk
C011657,209,12,66234.0,4,5,5,Champions
C002596,110,15,66326.0,4,5,5,Champions
C025823,3,5,66341.0,5,5,5,Champions
C032036,69,2,66398.0,5,4,5,Champions
C011204,371,7,66404.0,2,5,5,At risk
C013823,11,10,66439.0,5,5,5,Champions
C008909,492,5,66491.0,2,5,5,At risk
C010888,313,7,66540.0,3,5,5,Loyal
C031264,43,3,66549.0,5,5,5,Champions
C008259,290,11,66628.0,3,5,5,Loyal
C000084,507,4,66689.0,2,5,5,At risk
C006730,267,5,66693.0,3,5,5,Loyal
C021992,23,6,66706.0,5,5,5,Champions
C028537,5,3,66794.0,5,5,5,Champions
C007902,523,3,66795.0,2,5,5,At risk
C009166,570,2,66795.0,2,4,5,At risk
C012729,435,5,66795.0,2,5,5,At risk
C018662,327,1,66896.0,3,3,5,Loyal
C017854,200,9,66947.0,4,5,5,Champions
C027227,92,5,67059.0,4,5,5,Champions
C014477,214,5,67082.0,3,5,5,Loyal
C017980,224,2,67094.0,3,4,5,Loyal
C027668,11,5,67096.0,5,5,5,Champions
C014826,192,4,67114.0,4,5,5,Champions
C022723,72,5,67311.0,5,5,5,Champions
C012527,133,4,67330.0,4,5,5,Champions
C006416,409,7,67337.0,2,5,5,At risk
C006821,504,6,67341.0,2,5,5,At risk
C031992,14,3,67374.0,5,5,5,Champions
C004974,501,5,67440.0,2,5,5,At risk
C015288,284,5,67493.0,3,5,5,Loyal
C016270,63,8,67533.0,5,5,5,Champions
C033059,52,1,67597.0,5,3,5,Loyal
C019313,261,3,67644.0,3,5,5,Loyal
C013082,232,6,67672.0,3,5,5,Loyal
C014363,399,2,67696.0,2,4,5,At risk
C000109,902,1,67699.0,1,3,5,At risk
C006155,320,6,67773.0,3,5,5,Loyal
C019914,114,6,67792.0,4,5,5,Champions
C004028,479,5,67921.0,2,5,5,At risk
C021765,110,7,67946.0,4,5,5,Champions
C011717,405,5,68012.0,2,5,5,At risk
C020545,285,1,68099.0,3,3,5,Loyal
C026731,172,1,68099.0,4,3,5,Loyal
C027142,164,1,68099.0,4,3,5,Loyal
C005332,407,7,68134.0,2,5,5,At risk
C026322,158,2,68193.0,4,4,5,Champions
C013268,254,8,68238.0,3,5,5,Loyal
C001319,457,5,68247.0,2,5,5,At risk
C000257,850,3,68295.0,1,5,5,At risk
C000821,859,2,68326.0,1,4,5,At risk
C010287,73,8,68335.0,5,5,5,Champions
C017345,158,6,68350.0,4,5,5,Champions
C006624,594,4,68391.0,1,5,5,At risk
C031537,7,2,68391.0,5,4,5,Champions
C018111,196,3,68396.0,4,5,5,Champions
C010802,490,6,68438.0,2,5,5,At risk
C003610,551,5,68590.0,2,5,5,At risk
C011203,190,6,68641.0,4,5,5,Champions
C017268,296,6,68667.0,3,5,5,Loyal
C031766,30,4,68747.0,5,5,5,Champions
C020073,102,5,68753.0,4,5,5,Champions
C001324,565,6,68774.0,2,5,5,At risk
C009155,450,6,68790.0,2,5,5,At risk
C015226,192,5,68842.0,4,5,5,Champions
C019558,309,1,68849.0,3,3,5,Loyal
C030577,98,1,68849.0,4,3,5,Loyal
C010777,213,5,68851.0,3,5,5,Loyal
C006619,275,9,68858.0,3,5,5,Loyal
C013348,42,8,68869.0,5,5,5,Champions
C012615,389,4,68920.0,2,5,5,At risk
C028615,5,9,68967.0,5,5,5,Champions
C033210,2,3,68993.0,5,5,5,Champions
C003486,182,6,69033.0,4,5,5,Champions
C011854,24,8,69038.0,5,5,5,Champions
C021678,3,4,69093.0,5,5,5,Champions
C006219,460,6,69139.0,2,5,5,At risk
C025127,200,1,69171.0,4,3,5,Loyal
C017242,273,8,69179.0,3,5,5,Loyal
C017534,39,6,69190.0,5,5,5,Champions
C017061,105,5,69199.0,4,5,5,Champions
C000964,842,4,69236.0,1,5,5,At risk
C004966,52,8,69259.0,5,5,5,Champions
C024836,165,3,69393.0,4,5,5,Champions
C005590,259,9,69437.0,3,5,5,Loyal
C010963,358,7,69593.0,3,5,5,Loyal
C005645,686,1,69598.0,1,3,5,At risk
C012817,110,11,69605.0,4,5,5,Champions
C006542,506,3,69688.0,2,5,5,At risk
C010903,330,5,69740.0,3,5,5,Loyal
C008891,590,1,69848.0,1,3,5,At risk
C016709,214,6,69855.0,3,5,5,Loyal
C009048,411,9,69917.0,2,5,5,At risk
C004133,696,3,69942.0,1,5,5,At risk
C011176,418,2,69943.0,2,4,5,At risk
C022645,43,6,69989.0,5,5,5,Champions
C007231,39,6,70006.0,5,5,5,Champions
C006143,496,8,70042.0,2,5,5,At risk
C013654,173,7,70050.0,4,5,5,Champions
C009196,72,9,70080.0,5,5,5,Champions
C027037,124,3,70091.0,4,5,5,Champions
C027348,23,4,70091.0,5,5,5,Champions
C026226,98,6,70287.0,4,5,5,Champions
C000904,258,9,70290.0,3,5,5,Loyal
C024280,86,4,70295.0,4,5,5,Champions
C000885,874,1,70298.0,1,3,5,At risk
C011486,370,4,70328.0,2,5,5,At risk
C014131,231,5,70356.0,3,5,5,Loyal
C006301,668,1,70395.0,1,3,5,At risk
C002812,565,2,70410.0,2,4,5,At risk
C001317,668,5,70564.0,1,5,5,At risk
C016957,47,11,70580.0,5,5,5,Champions
C027491,107,5,70641.0,4,5,5,Champions
C007465,495,3,70644.0,2,5,5,At risk
C025413,94,2,70687.0,4,4,5,Champions
C024217,201,2,70696.0,4,4,5,Champions
C024798,0,5,70698.0,5,5,5,Champions
C026712,170,1,70698.0,4,3,5,Loyal
C017367,357,1,70803.0,3,3,5,Loyal
C019593,117,8,70830.0,4,5,5,Champions
C012484,199,10,70846.0,4,5,5,Champions
C030058,25,4,70865.0,5,5,5,Champions
C019455,16,4,70894.0,5,5,5,Champions
C009783,523,3,70943.0,2,5,5,At risk
C007819,578,3,71010.0,1,5,5,At risk
C015987,110,6,71087.0,4,5,5,Champions
C022882,73,4,71124.0,5,5,5,Champions
C000394,597,5,71193.0,1,5,5,At risk
C005881,683,1,71227.0,1,3,5,At risk
C003187,708,6,71239.0,1,5,5,At risk
C009003,292,7,71310.0,3,5,5,Loyal
C007782,321,6,71312.0,3,5,5,Loyal
C000739,752,6,71339.0,1,5,5,At risk
C011450,8,13,71378.0,5,5,5,Champions
C004347,479,7,71438.0,2,5,5,At risk
C003371,231,6,71471.0,3,5,5,Loyal
C027880,18,3,71497.0,5,5,5,Champions
C006021,565,4,71541.0,2,5,5,At risk
C009249,399,6,71592.0,2,5,5,At risk
C016370,165,10,71592.0,4,5,5,Champions
C025412,198,1,71797.0,4,3,5,Loyal
C025964,125,2,71845.0,4,4,5,Champions
C013827,435,1,71993.0,2,3,5,At risk
C000262,776,1,71994.0,1,3,5,At risk
C000101,555,9,72034.0,2,5,5,At risk
C012868,374,5,72140.0,2,5,5,At risk
C014941,311,8,72235.0,3,5,5,Loyal
C003544,751,2,72244.0,1,4,5,At risk
C023508,212,2,72373.0,3,4,5,Loyal
C014641,239,3,72396.0,3,5,5,Loyal
C025954,181,2,72477.0,4,4,5,Champions
C015805,280,3,72495.0,3,5,5,Loyal
C020903,186,4,72558.0,4,5,5,Champions
C012947,216,8,72585.0,3,5,5,Loyal
C001851,741,5,72618.0,1,5,5,At risk
C019904,294,2,72636.0,3,4,5,Loyal
C013667,200,5,72640.0,4,5,5,Champions
C010468,319,10,72697.0,3,5,5,Loyal
C009010,572,1,72699.0,2,3,5,At risk
C011945,476,1,72699.0,2,3,5,At risk
C013248,456,1,72699.0,2,3,5,At risk
C013464,462,1,72699.0,2,3,5,At risk
C029254,77,2,72699.0,5,4,5,Champions
C034856,19,1,72699.0,5,3,5,Loyal
C007183,342,7,72736.0,3,5,5,Loyal
C006535,565,3,72854.0,2,5,5,At risk
C023701,68,4,72880.0,5,5,5,Champions
C026629,139,2,72896.0,4,4,5,Champions
C013775,141,8,72918.0,4,5,5,Champions
C021292,94,5,72944.0,4,5,5,Champions
C008397,86,9,73031.0,4,5,5,Champions
C000665,786,6,73045.0,1,5,5,At risk
C016380,198,5,73070.0,4,5,5,Champions
C000068,425,8,73084.0,2,5,5,At risk
C023765,94,4,73145.0,4,5,5,Champions
C004524,314,7,73167.0,3,5,5,Loyal
C009263,207,6,73200.0,4,5,5,Champions
C015406,144,5,73336.0,4,5,5,Champions
C001024,685,3,73346.0,1,5,5,At risk
C009900,566,1,73368.0,2,3,5,At risk
C005306,35,11,73377.0,5,5,5,Champions
C010602,395,4,73393.0,2,5,5,At risk
C005191,698,1,73439.0,1,3,5,At risk
C022052,197,1,73439.0,4,3,5,Loyal
C031613,78,1,73439.0,5,3,5,Loyal
C008074,475,6,73491.0,2,5,5,At risk
C014987,177,4,73534.0,4,5,5,Champions
C011956,461,3,73633.0,2,5,5,At risk
C020367,31,6,73689.0,5,5,5,Champions
C029408,9,4,73753.0,5,5,5,Champions
C022790,235,1,73776.0,3,3,5,Loyal
C007120,620,3,73797.0,1,5,5,At risk
C005512,492,9,73841.0,2,5,5,At risk
C026046,47,4,73842.0,5,5,5,Champions
C020583,161,6,73993.0,4,5,5,Champions
C027571,112,3,74005.0,4,5,5,Champions
C007112,96,7,74037.0,4,5,5,Champions
C003071,477,13,74130.0,2,5,5,At risk
C001435,493,7,74148.0,2,5,5,At risk
C026990,167,1,74203.0,4,3,5,Loyal
C016280,374,1,74288.0,2,3,5,At risk
C008235,114,9,74406.0,4,5,5,Champions
C005405,590,5,74565.0,1,5,5,At risk
C012226,144,7,74692.0,4,5,5,Champions
C005593,340,8,74734.0,3,5,5,Loyal
C020370,214,4,74783.0,3,5,5,Loyal
C020051,96,7,74789.0,4,5,5,Champions
C006066,158,13,74892.0,4,5,5,Champions
C031000,80,2,74893.0,5,4,5,Champions
C014177,305,8,74910.0,3,5,5,Loyal
C014163,320,3,74954.0,3,5,5,Loyal
C026839,42,7,74996.0,5,5,5,Champions
C025695,162,2,75048.0,4,4,5,Champions
C011863,54,8,75213.0,5,5,5,Champions
C034703,11,2,75297.0,5,4,5,Champions
C011618,433,6,75391.0,2,5,5,At risk
C025434,198,1,75398.0,4,3,5,Loyal
C016539,258,4,75496.0,3,5,5,Loyal
C018544,320,2,75529.0,3,4,5,Loyal
C005678,664,2,75538.0,1,4,5,At risk
C004728,703,3,75595.0,1,5,5,At risk
C006679,22,9,75755.0,5,5,5,Champions
C015373,411,1,75774.0,2,3,5,At risk
C015370,328,2,75998.0,3,4,5,Loyal
C002276,430,6,76088.0,2,5,5,At risk
C030868,22,5,76092.0,5,5,5,Champions
C025835,150,3,76094.0,4,5,5,Champions
C006206,571,4,76096.0,2,5,5,At risk
C032387,29,2,76297.0,5,4,5,Champions
C015552,186,4,76309.0,4,5,5,Champions
C016268,206,8,76379.0,4,5,5,Champions
C016619,104,8,76387.0,4,5,5,Champions
C020071,212,3,76494.0,3,5,5,Loyal
C023654,214,2,76583.0,3,4,5,Loyal
C009094,26,5,76589.0,5,5,5,Champions
C015748,255,3,76644.0,3,5,5,Loyal
C012124,86,4,76720.0,4,5,5,Champions
C032276,1,2,76797.0,5,4,5,Champions
C020904,31,7,76858.0,5,5,5,Champions
C017278,286,2,76922.0,3,4,5,Loyal
C008215,231,10,76945.0,3,5,5,Loyal
C019267,231,5,76951.0,3,5,5,Loyal
C010554,531,3,76992.0,2,5,5,At risk
C022785,171,3,77118.0,4,5,5,Champions
C019533,74,7,77148.0,5,5,5,Champions
C000080,555,6,77242.0,2,5,5,At risk
C013704,93,7,77385.0,4,5,5,Champions
C021527,246,1,77434.0,3,3,5,Loyal
C027599,154,1,77434.0,4,3,5,Loyal
C035245,10,1,77434.0,5,3,5,Loyal
C010037,462,3,77461.0,2,5,5,At risk
C022569,76,6,77497.0,5,5,5,Champions
C014749,402,2,77552.0,2,4,5,At risk
C013173,386,5,77597.0,2,5,5,At risk
C011783,490,3,77641.0,2,5,5,At risk
C000831,705,4,77736.0,1,5,5,At risk
C029320,120,1,77759.0,4,3,5,Loyal
C010329,484,3,77781.0,2,5,5,At risk
C028647,85,4,77892.0,5,5,5,Champions
C019448,233,5,77943.0,3,5,5,Loyal
C015981,233,7,77987.0,3,5,5,Loyal
C019988,134,9,77992.0,4,5,5,Champions
C035325,11,1,78028.0,5,3,5,Loyal
C021019,65,7,78041.0,5,5,5,Champions
C003258,316,11,78111.0,3,5,5,Loyal
C024918,156,2,78197.0,4,4,5,Champions
C013289,237,11,78234.0,3,5,5,Loyal
C007732,517,3,78244.0,2,5,5,At risk
C003681,310,8,78404.0,3,5,5,Loyal
C034519,25,1,78622.0,5,3,5,Loyal
C018151,160,4,78848.0,4,5,5,Champions
C000954,462,8,78934.0,2,5,5,At risk
C020244,111,7,78988.0,4,5,5,Champions
C005080,298,12,79083.0,3,5,5,Loyal
C029414,46,5,79093.0,5,5,5,Champions
C000516,880,2,79265.0,1,4,5,At risk
C021009,265,1,79344.0,3,3,5,Loyal
C022360,203,3,79346.0,4,5,5,Champions
C007245,403,5,79388.0,2,5,5,At risk
C007525,311,11,79432.0,3,5,5,Loyal
C023213,229,1,79514.0,3,3,5,Loyal
C010191,367,5,79589.0,3,5,5,Loyal
C000043,485,4,79678.0,2,5,5,At risk
C000064,666,4,79726.0,1,5,5,At risk
C009083,200,13,79786.0,4,5,5,Champions
C011739,50,8,79786.0,5,5,5,Champions
C013994,247,6,79787.0,3,5,5,Loyal
C009775,344,7,80080.0,3,5,5,Loyal
C030731,76,1,80097.0,5,3,5,Loyal
C002263,793,2,80411.0,1,4,5,At risk
C003701,750,2,80442.0,1,4,5,At risk
C029163,60,3,80497.0,5,5,5,Champions
C015958,213,4,80512.0,3,5,5,Loyal
C010774,459,3,80543.0,2,5,5,At risk
C032716,36,2,80645.0,5,4,5,Champions
C021143,79,5,80758.0,5,5,5,Champions
C010465,249,9,80779.0,3,5,5,Loyal
C018165,314,2,80896.0,3,4,5,Loyal
C017206,301,7,80938.0,3,5,5,Loyal
C023963,35,7,80939.0,5,5,5,Champions
C007104,640,1,80999.0,1,3,5,At risk
C023001,230,1,80999.0,3,3,5,Loyal
C025634,194,1,80999.0,4,3,5,Loyal
C032408,64,1,80999.0,5,3,5,Loyal
C033193,44,1,80999.0,5,3,5,Loyal
C034912,19,1,80999.0,5,3,5,Loyal
C019933,214,4,81008.0,3,5,5,Loyal
C006204,670,2,81245.0,1,4,5,At risk
C013997,351,5,81288.0,3,5,5,Loyal
C005455,627,4,81373.0,1,5,5,At risk
C019167,111,3,81562.0,4,5,5,Champions
C017518,7,6,81590.0,5,5,5,Champions
C004443,497,5,81692.0,2,5,5,At risk
C028726,31,3,81741.0,5,5,5,Champions
C027147,157,1,81766.0,4,3,5,Loyal
C020512,49,2,81847.0,5,4,5,Champions
C017922,305,3,81869.0,3,5,5,Loyal
C004854,685,2,82096.0,1,4,5,At risk
C015669,192,2,82131.0,4,4,5,Champions
C017281,226,9,82194.0,3,5,5,Loyal
C019851,11,11,82233.0,5,5,5,Champions
C016435,156,8,82234.0,4,5,5,Champions
C018082,192,5,82391.0,4,5,5,Champions
C027268,58,5,82395.0,5,5,5,Champions
C026688,173,1,82398.0,4,3,5,Loyal
C009492,523,4,82419.0,2,5,5,At risk
C012682,71,5,82694.0,5,5,5,Champions
C028847,5,3,82694.0,5,5,5,Champions
C033997,35,1,82695.0,5,3,5,Loyal
C024411,214,1,82785.0,3,3,5,Loyal
C005611,685,1,82804.0,1,3,5,At risk
C003664,383,9,83085.0,2,5,5,At risk
C011105,469,3,83090.0,2,5,5,At risk
C020292,290,2,83096.0,3,4,5,Loyal
C023496,229,1,83096.0,3,3,5,Loyal
C032138,11,2,83198.0,5,4,5,Champions
C015498,30,10,83247.0,5,5,5,Champions
C020799,278,1,83297.0,3,3,5,Loyal
C000191,289,7,83333.0,3,5,5,Loyal
C028686,42,2,83445.0,5,4,5,Champions
C011175,474,2,83597.0,2,4,5,At risk
C015375,187,6,83634.0,4,5,5,Champions
C005130,592,5,83694.0,1,5,5,At risk
C033263,39,3,83913.0,5,5,5,Champions
C003110,757,3,83945.0,1,5,5,At risk
C002352,783,2,84020.0,1,4,5,At risk
C020752,11,5,84073.0,5,5,5,Champions
C003948,565,3,84203.0,2,5,5,At risk
C005250,452,11,84219.0,2,5,5,At risk
C017656,119,5,84290.0,4,5,5,Champions
C011295,451,3,84339.0,2,5,5,At risk
C030846,6,4,84343.0,5,5,5,Champions
C009882,312,5,84434.0,3,5,5,Loyal
C015393,284,5,84436.0,3,5,5,Loyal
C018556,117,7,84518.0,4,5,5,Champions
C005144,58,13,84588.0,5,5,5,Champions
C028091,132,1,84696.0,4,3,5,Loyal
C023788,2,3,84697.0,5,5,5,Champions
C011529,512,1,84699.0,2,3,5,At risk
C011537,519,1,84699.0,2,3,5,At risk
C018427,333,1,84699.0,3,3,5,Loyal
C029816,108,1,84699.0,4,3,5,Loyal
C025219,200,1,84769.0,4,3,5,Loyal
C014643,8,4,84844.0,5,5,5,Champions
C033303,37,1,84911.0,5,3,5,Loyal
C016991,203,6,84916.0,4,5,5,Champions
C012630,109,7,84939.0,4,5,5,Champions
C018810,317,2,85036.0,3,4,5,Loyal
C019864,244,2,85091.0,3,4,5,Loyal
C021871,54,3,85191.0,5,5,5,Champions
C007516,562,2,85297.0,2,4,5,At risk
C003094,472,12,85327.0,2,5,5,At risk
C031095,7,5,85340.0,5,5,5,Champions
C004589,681,5,85434.0,1,5,5,At risk
C016641,18,13,85441.0,5,5,5,Champions
C006794,16,6,85486.0,5,5,5,Champions
C003798,751,2,85497.0,1,4,5,At risk
C006176,450,5,85502.0,2,5,5,At risk
C009859,565,1,85529.0,2,3,5,At risk
C003230,775,1,85593.0,1,3,5,At risk
C022129,107,3,85594.0,4,5,5,Champions
C002736,797,1,85597.0,1,3,5,At risk
C012167,479,2,85715.0,2,4,5,At risk
C007249,589,4,85742.0,1,5,5,At risk
C022222,214,3,85790.0,3,5,5,Loyal
C013056,168,8,85921.0,4,5,5,Champions
C010848,367,8,85925.0,3,5,5,Loyal
C024871,124,1,86059.0,4,3,5,Loyal
C004288,714,2,86145.0,1,4,5,At risk
C027709,61,9,86237.0,5,5,5,Champions
C026347,99,4,86357.0,4,5,5,Champions
C003181,750,1,86399.0,1,3,5,At risk
C016936,360,1,86399.0,3,3,5,Loyal
C017121,359,1,86399.0,3,3,5,Loyal
C017475,353,1,86399.0,3,3,5,Loyal
C020599,283,1,86399.0,3,3,5,Loyal
C025041,198,1,86399.0,4,3,5,Loyal
C027125,164,1,86399.0,4,3,5,Loyal
C018252,214,8,86401.0,3,5,5,Loyal
C029502,58,3,86545.0,5,5,5,Champions
C025113,200,1,86596.0,4,3,5,Loyal
C010713,525,2,86646.0,2,4,5,At risk
C021425,31,5,86751.0,5,5,5,Champions
C031046,55,2,86796.0,5,4,5,Champions
C025026,123,2,86798.0,4,4,5,Champions
C016252,125,8,86904.0,4,5,5,Champions
C022295,191,2,86909.0,4,4,5,Champions
C021950,120,3,87074.0,4,5,5,Champions
C015132,182,9,87085.0,4,5,5,Champions
C013705,385,3,87236.0,2,5,5,At risk
C007411,428,5,87257.0,2,5,5,At risk
C029208,123,1,87289.0,4,3,5,Loyal
C008428,597,1,87331.0,1,3,5,At risk
C011608,476,2,87345.0,2,4,5,At risk
C009060,370,5,87357.0,2,5,5,At risk
C011974,383,11,87469.0,2,5,5,At risk
C027024,104,3,87497.0,4,5,5,Champions
C009236,52,7,87589.0,5,5,5,Champions
C011594,95,7,87608.0,4,5,5,Champions
C010392,463,4,87645.0,2,5,5,At risk
C033342,42,1,87647.0,5,3,5,Loyal
C003543,737,2,87698.0,1,4,5,At risk
C024314,214,1,87787.0,3,3,5,Loyal
C001549,682,7,87940.0,1,5,5,At risk
C006712,577,1,88071.0,2,3,5,At risk
C019358,248,3,88096.0,3,5,5,Loyal
C031017,22,3,88097.0,5,5,5,Champions
C029647,85,2,88098.0,5,4,5,Champions
C033159,36,2,88098.0,5,4,5,Champions
C016436,183,7,88244.0,4,5,5,Champions
C018939,94,2,88291.0,4,4,5,Champions
C019456,104,8,88332.0,4,5,5,Champions
C003036,785,1,88348.0,1,3,5,At risk
C003190,738,2,88444.0,1,4,5,At risk
C006979,386,7,88469.0,2,5,5,At risk
C011975,43,10,88469.0,5,5,5,Champions
C000966,240,8,88498.0,3,5,5,Loyal
C032378,64,2,88698.0,5,4,5,Champions
C010694,329,8,88737.0,3,5,5,Loyal
C011957,393,7,88737.0,2,5,5,At risk
C008729,596,1,88788.0,1,3,5,At risk
C009184,330,7,88942.0,3,5,5,Loyal
C014383,387,5,89192.0,2,5,5,At risk
C029691,24,5,89193.0,5,5,5,Champions
C028703,7,3,89297.0,5,5,5,Champions
C015401,320,4,89394.0,3,5,5,Loyal
C018000,342,1,89397.0,3,3,5,Loyal
C028680,102,2,89595.0,4,4,5,Champions
C014416,17,9,89635.0,5,5,5,Champions
C004907,690,3,89691.0,1,5,5,At risk
C009902,566,1,89812.0,2,3,5,At risk
C005899,673,2,89846.0,1,4,5,At risk
C032671,25,5,89988.0,5,5,5,Champions
C017044,300,3,90045.0,3,5,5,Loyal
C016510,151,4,90116.0,4,5,5,Champions
C004051,620,4,90243.0,1,5,5,At risk
C012449,237,4,90243.0,3,5,5,Loyal
C028260,52,2,90347.0,5,4,5,Champions
C015862,313,3,90406.0,3,5,5,Loyal
C021881,183,4,90421.0,4,5,5,Champions
C004262,674,2,90497.0,1,4,5,At risk
C007814,496,9,90607.0,2,5,5,At risk
C012353,491,2,90646.0,2,4,5,At risk
C015346,349,3,90735.0,3,5,5,Loyal
C008216,520,5,90757.0,2,5,5,At risk
C016631,136,2,90895.0,4,4,5,Champions
C011298,523,1,90898.0,2,3,5,At risk
C001162,863,1,90947.0,1,3,5,At risk
C022113,23,4,90992.0,5,5,5,Champions
C013584,311,4,90994.0,3,5,5,Loyal
C018529,259,2,91023.0,3,4,5,Loyal
C020299,291,1,91099.0,3,3,5,Loyal
C020357,289,1,91099.0,3,3,5,Loyal
C009191,512,4,91170.0,2,5,5,At risk
C014767,351,3,91343.0,3,5,5,Loyal
C023285,139,3,91396.0,4,5,5,Champions
C034919,18,1,91398.0,5,3,5,Loyal
C021460,110,3,91494.0,4,5,5,Champions
C009694,571,2,91596.0,2,4,5,At risk
C010702,466,6,91688.0,2,5,5,At risk
C019550,297,1,91697.0,3,3,5,Loyal
C028515,134,1,91795.0,4,3,5,Loyal
C026203,61,6,91833.0,5,5,5,Champions
C024739,65,9,91834.0,5,5,5,Champions
C000124,617,6,91890.0,1,5,5,At risk
C031356,68,2,91997.0,5,4,5,Champions
C004540,709,2,92008.0,1,4,5,At risk
C009047,587,1,92098.0,1,3,5,At risk
C009326,578,1,92228.0,2,3,5,At risk
C029970,40,3,92255.0,5,5,5,Champions
C006252,596,4,92334.0,1,5,5,At risk
C003912,722,2,92346.0,1,4,5,At risk
C005621,434,6,92395.0,2,5,5,At risk
C022364,37,2,92395.0,5,4,5,Champions
C002493,717,3,92416.0,1,5,5,At risk
C033179,50,1,92498.0,5,3,5,Loyal
C028362,69,2,92548.0,5,4,5,Champions
C018990,45,5,92666.0,5,5,5,Champions
C016186,255,6,92819.0,3,5,5,Loyal
C002673,561,11,92881.0,2,5,5,At risk
C020736,280,1,93048.0,3,3,5,Loyal
C013809,391,3,93145.0,2,5,5,At risk
C001709,388,9,93181.0,2,5,5,At risk
C017994,343,1,93197.0,3,3,5,Loyal
C002724,24,11,93238.0,5,5,5,Champions
C017685,37,6,93263.0,5,5,5,Champions
C000108,887,2,93295.0,1,4,5,At risk
C021797,157,2,93297.0,4,4,5,Champions
C001382,814,3,93345.0,1,5,5,At risk
C010793,541,1,93397.0,2,3,5,At risk
C009655,573,1,93446.0,2,3,5,At risk
C011504,447,5,93490.0,2,5,5,At risk
C028385,102,3,93496.0,4,5,5,Champions
C034256,26,2,93496.0,5,4,5,Champions
C008403,76,7,93582.0,5,5,5,Champions
C005561,449,10,93683.0,2,5,5,At risk
C007344,571,3,93749.0,2,5,5,At risk
C011597,105,3,93796.0,4,5,5,Champions
C020758,99,5,93803.0,4,5,5,Champions
C007889,578,2,93830.0,1,4,5,At risk
C009835,567,1,93839.0,2,3,5,At risk
C004298,682,5,93844.0,1,5,5,At risk
C011836,109,16,93875.0,4,5,5,Champions
C025012,202,1,93896.0,4,3,5,Loyal
C023450,230,1,93904.0,3,3,5,Loyal
C011686,231,8,93906.0,3,5,5,Loyal
C003248,697,2,93961.0,1,4,5,At risk
C007313,560,5,93991.0,2,5,5,At risk
C003097,573,7,94191.0,2,5,5,At risk
C032782,7,3,94197.0,5,5,5,Champions
C001799,719,7,94238.0,1,5,5,At risk
C008520,596,1,94274.0,1,3,5,At risk
C022610,81,11,94447.0,5,5,5,Champions
C028604,114,2,94495.0,4,4,5,Champions
C026671,174,1,94597.0,4,3,5,Loyal
C028732,20,8,94779.0,5,5,5,Champions
C016868,56,8,94791.0,5,5,5,Champions
C002785,558,7,94792.0,2,5,5,At risk
C001593,829,3,94914.0,1,5,5,At risk
C017040,231,1,94961.0,3,3,5,Loyal
C017963,80,9,95116.0,5,5,5,Champions
C024663,171,2,95170.0,4,4,5,Champions
C002483,635,2,95257.0,1,4,5,At risk
C001510,722,4,95341.0,1,5,5,At risk
C006025,678,1,95346.0,1,3,5,At risk
C033158,6,3,95426.0,5,5,5,Champions
C008399,407,4,95442.0,2,5,5,At risk
C017084,311,4,95593.0,3,5,5,Loyal
C013799,367,2,95688.0,3,4,5,Loyal
C014269,37,11,95972.0,5,5,5,Champions
C016787,214,3,95981.0,3,5,5,Loyal
C019767,234,4,96192.0,3,5,5,Loyal
C021593,108,6,96393.0,4,5,5,Champions
C024061,214,2,96422.0,3,4,5,Loyal
C033576,40,3,96493.0,5,5,5,Champions
C009864,391,3,96744.0,2,5,5,At risk
C001169,773,2,96809.0,1,4,5,At risk
C017307,353,2,96894.0,3,4,5,Loyal
C002010,16,6,97231.0,5,5,5,Champions
C021402,200,2,97260.0,4,4,5,Champions
C032692,37,4,97273.0,5,5,5,Champions
C010526,310,4,97292.0,3,5,5,Loyal
C023198,10,2,97326.0,5,4,5,Champions
C003884,259,11,97333.0,3,5,5,Loyal
C003846,557,3,97345.0,2,5,5,At risk
C007150,596,3,97537.0,1,5,5,At risk
C027641,45,5,97591.0,5,5,5,Champions
C005280,681,2,97597.0,1,4,5,At risk
C026000,187,1,97663.0,4,3,5,Loyal
C012352,107,8,98131.0,4,5,5,Champions
C009250,478,5,98153.0,2,5,5,At risk
C022486,103,7,98167.0,4,5,5,Champions
C016358,231,4,98223.0,3,5,5,Loyal
C012312,428,4,98244.0,2,5,5,At risk
C026656,15,6,98288.0,5,5,5,Champions
C017934,223,4,98368.0,3,5,5,Loyal
C016786,3,12,98578.0,5,5,5,Champions
C018744,231,4,98580.0,3,5,5,Loyal
C013951,84,4,98844.0,5,5,5,Champions
C000316,651,4,98942.0,1,5,5,At risk
C004980,156,12,99143.0,4,5,5,Champions
C022296,221,2,99323.0,3,4,5,Loyal
C010743,415,4,99492.0,2,5,5,At risk
C000211,899,2,99595.0,1,4,5,At risk
C012878,382,2,99644.0,2,4,5,At risk
C004097,733,1,99796.0,1,3,5,At risk
C022686,120,4,99941.0,4,5,5,Champions
C012717,484,1,99943.0,2,3,5,At risk
C027298,13,16,100041.0,5,5,5,Champions
C013877,382,3,100073.0,2,5,5,At risk
C022633,108,8,100109.0,4,5,5,Champions
C001149,816,2,100245.0,1,4,5,At risk
C020475,184,2,100245.0,4,4,5,Champions
C029006,55,3,100297.0,5,5,5,Champions
C013850,424,3,100396.0,2,5,5,At risk
C001392,853,1,100469.0,1,3,5,At risk
C001935,811,1,100469.0,1,3,5,At risk
C009684,572,1,100469.0,2,3,5,At risk
C021112,261,1,100469.0,3,3,5,Loyal
C022890,233,1,100469.0,3,3,5,Loyal
C034181,31,1,100469.0,5,3,5,Loyal
C005311,442,4,100595.0,2,5,5,At risk
C025313,67,3,100712.0,5,5,5,Champions
C019535,119,4,100776.0,4,5,5,Champions
C028695,7,3,100896.0,5,5,5,Champions
C006880,444,4,101015.0,2,5,5,At risk
C006369,666,1,101021.0,1,3,5,At risk
C003750,751,1,101064.0,1,3,5,At risk
C004192,740,1,101064.0,1,3,5,At risk
C006365,662,1,101064.0,1,3,5,At risk
C007287,634,1,101064.0,1,3,5,At risk
C007952,612,1,101064.0,1,3,5,At risk
C013518,455,1,101064.0,2,3,5,At risk
C015215,414,1,101064.0,2,3,5,At risk
C016274,386,1,101064.0,2,3,5,At risk
C017778,344,1,101064.0,3,3,5,Loyal
C019278,316,1,101064.0,3,3,5,Loyal
C023357,227,1,101064.0,3,3,5,Loyal
C024846,206,1,101064.0,4,3,5,Loyal
C027833,149,1,101064.0,4,3,5,Loyal
C030878,92,1,101064.0,4,3,5,Loyal
C032664,57,1,101064.0,5,3,5,Loyal
C021165,215,3,101074.0,3,5,5,Loyal
C009790,169,8,101080.0,4,5,5,Champions
C009984,317,4,101113.0,3,5,5,Loyal
C015384,368,2,101118.0,3,4,5,Loyal
C011749,339,6,101369.0,3,5,5,Loyal
C002326,800,2,101397.0,1,4,5,At risk
C005995,480,5,101487.0,2,5,5,At risk
C026857,159,1,101531.0,4,3,5,Loyal
C013094,399,4,101794.0,2,5,5,At risk
C005222,656,1,102041.0,1,3,5,At risk
C006782,96,17,102041.0,4,5,5,Champions
C010623,463,4,102094.0,2,5,5,At risk
C019901,214,4,102094.0,3,5,5,Loyal
C015166,408,1,102168.0,2,3,5,At risk
C028249,120,1,102168.0,4,3,5,Loyal
C001397,102,11,102471.0,4,5,5,Champions
C006075,596,7,102538.0,1,5,5,At risk
C016646,298,5,102544.0,3,5,5,Loyal
C002031,661,5,102599.0,1,5,5,At risk
C021379,107,3,102640.0,4,5,5,Champions
C013898,331,3,102792.0,3,5,5,Loyal
C012970,428,4,102894.0,2,5,5,At risk
C002815,265,9,103101.0,3,5,5,Loyal
C007922,89,11,103181.0,4,5,5,Champions
C022155,71,10,103183.0,5,5,5,Champions
C004020,666,2,103273.0,1,4,5,At risk
C024716,198,1,103273.0,4,3,5,Loyal
C002988,339,8,103282.0,3,5,5,Loyal
C017329,306,3,103305.0,3,5,5,Loyal
C018813,156,5,103389.0,4,5,5,Champions
C018712,276,4,103421.0,3,5,5,Loyal
C021687,231,2,103425.0,3,4,5,Loyal
C004126,440,6,103456.0,2,5,5,At risk
C030418,100,1,103868.0,4,3,5,Loyal
C033332,13,2,103997.0,5,4,5,Champions
C021253,121,3,104073.0,4,5,5,Champions
C001098,466,6,104109.0,2,5,5,At risk
C030005,107,1,104208.0,4,3,5,Loyal
C015053,104,9,104226.0,4,5,5,Champions
C007314,231,7,104304.0,3,5,5,Loyal
C018285,169,4,104341.0,4,5,5,Champions
C003185,342,18,104467.0,3,5,5,Loyal
C026485,50,6,104501.0,5,5,5,Champions
C005786,683,1,104546.0,1,3,5,At risk
C026494,173,2,104563.0,4,4,5,Champions
C005003,711,1,104590.0,1,3,5,At risk
C020467,30,3,104644.0,5,5,5,Champions
C007900,578,3,104693.0,1,5,5,At risk
C020493,286,1,105143.0,3,3,5,Loyal
C009603,498,2,105319.0,2,4,5,At risk
C025291,200,1,105525.0,4,3,5,Loyal
C023233,221,2,105563.0,3,4,5,Loyal
C034333,28,1,105737.0,5,3,5,Loyal
C007318,596,3,105768.0,1,5,5,At risk
C017832,343,2,105986.0,3,4,5,Loyal
C001931,798,2,106025.0,1,4,5,At risk
C004748,712,3,106194.0,1,5,5,At risk
C005162,674,4,106228.0,1,5,5,At risk
C025050,143,3,106294.0,4,5,5,Champions
C017254,98,6,106325.0,4,5,5,Champions
C029914,109,1,106379.0,4,3,5,Loyal
C028473,131,2,106395.0,4,4,5,Champions
C001992,514,7,106439.0,2,5,5,At risk
C015858,200,4,106462.0,4,5,5,Champions
C011146,80,16,106689.0,5,5,5,Champions
C021212,231,3,106829.0,3,5,5,Loyal
C028349,76,4,106893.0,5,5,5,Champions
C001375,652,3,106946.0,1,5,5,At risk
C017649,277,2,107062.0,3,4,5,Loyal
C007948,597,1,107181.0,1,3,5,At risk
C000424,757,4,107183.0,1,5,5,At risk
C011413,417,5,107312.0,2,5,5,At risk
C008800,84,6,107363.0,5,5,5,Champions
C016754,137,4,107374.0,4,5,5,Champions
C002498,708,3,107392.0,1,5,5,At risk
C023855,104,4,107422.0,4,5,5,Champions
C017318,230,3,107459.0,3,5,5,Loyal
C004504,727,1,107496.0,1,3,5,At risk
C009234,189,10,107913.0,4,5,5,Champions
C012941,422,2,108058.0,2,4,5,At risk
C020678,227,4,108166.0,3,5,5,Loyal
C004911,689,3,108181.0,1,5,5,At risk
C016952,344,3,108193.0,3,5,5,Loyal
C001250,751,3,108284.0,1,5,5,At risk
C007724,56,7,108288.0,5,5,5,Champions
C026160,14,3,108294.0,5,5,5,Champions
C028825,62,3,108362.0,5,5,5,Champions
C001107,596,5,108423.0,1,5,5,At risk
C014294,82,8,108433.0,5,5,5,Champions
C026661,167,1,108542.0,4,3,5,Loyal
C017929,335,2,108662.0,3,4,5,Loyal
C003714,473,10,108681.0,2,5,5,At risk
C014343,132,5,108891.0,4,5,5,Champions
C009038,442,13,108923.0,2,5,5,At risk
C019457,114,5,108935.0,4,5,5,Champions
C004544,628,7,108937.0,1,5,5,At risk
C021358,148,3,108996.0,4,5,5,Champions
C020931,159,3,109195.0,4,5,5,Champions
C029195,116,1,109258.0,4,3,5,Loyal
C005587,678,3,109344.0,1,5,5,At risk
C001078,631,5,109413.0,1,5,5,At risk
C013626,222,3,109514.0,3,5,5,Loyal
C027875,144,2,109668.0,4,4,5,Champions
C015178,257,3,109694.0,3,5,5,Loyal
C002377,352,4,110240.0,3,5,5,Loyal
C011870,401,5,110342.0,2,5,5,At risk
C011157,520,1,110399.0,2,3,5,At risk
C014490,432,1,110399.0,2,3,5,At risk
C024677,194,1,110399.0,4,3,5,Loyal
C029089,20,1,110399.0,5,3,5,Loyal
C030795,94,1,110399.0,4,3,5,Loyal
C035123,13,1,110399.0,5,3,5,Loyal
C009755,254,13,110432.0,3,5,5,Loyal
C008190,231,4,110536.0,3,5,5,Loyal
C012594,462,2,110566.0,2,4,5,At risk
C005095,512,3,110594.0,2,5,5,At risk
C018303,336,1,110666.0,3,3,5,Loyal
C027736,151,1,110751.0,4,3,5,Loyal
C007640,596,2,110780.0,1,4,5,At risk
C021577,214,3,110893.0,3,5,5,Loyal
C029080,13,6,111091.0,5,5,5,Champions
C002015,797,2,111248.0,1,4,5,At risk
C021490,104,3,111328.0,4,5,5,Champions
C023265,168,2,111417.0,4,4,5,Champions
C007596,607,3,111420.0,1,5,5,At risk
C002653,168,12,111424.0,4,5,5,Champions
C027026,43,8,111451.0,5,5,5,Champions
C001835,817,2,111596.0,1,4,5,At risk
C014927,69,8,111600.0,5,5,5,Champions
C017178,346,3,111649.0,3,5,5,Loyal
C014559,424,2,111697.0,2,4,5,At risk
C013335,463,2,111868.0,2,4,5,At risk
C021482,107,6,111889.0,4,5,5,Champions
C001282,812,2,111908.0,1,4,5,At risk
C011804,462,3,111991.0,2,5,5,At risk
C002091,661,7,112189.0,1,5,5,At risk
C005924,656,1,112348.0,1,3,5,At risk
C007691,496,5,112352.0,2,5,5,At risk
C001193,819,6,112462.0,1,5,5,At risk
C004991,514,5,112504.0,2,5,5,At risk
C006807,71,9,112675.0,5,5,5,Champions
C000601,562,7,112783.0,2,5,5,At risk
C001014,302,14,112842.0,3,5,5,Loyal
C015740,402,1,113218.0,2,3,5,At risk
C008890,578,2,113224.0,2,4,5,At risk
C026879,100,6,113240.0,4,5,5,Champions
C005701,565,2,113261.0,2,4,5,At risk
C013302,3,12,113280.0,5,5,5,Champions
C024786,181,4,113358.0,4,5,5,Champions
C032443,43,1,113471.0,5,3,5,Loyal
C021101,180,7,113488.0,4,5,5,Champions
C000171,819,3,113509.0,1,5,5,At risk
C018918,194,1,113598.0,4,3,5,Loyal
C017595,352,1,113697.0,3,3,5,Loyal
C007124,224,6,113762.0,3,5,5,Loyal
C005157,123,11,113880.0,4,5,5,Champions
C023871,205,3,113962.0,4,5,5,Champions
C007592,303,11,114033.0,3,5,5,Loyal
C002975,299,10,114065.0,3,5,5,Loyal
C014760,401,5,114139.0,2,5,5,At risk
C008961,17,13,114180.0,5,5,5,Champions
C001153,231,17,114279.0,3,5,5,Loyal
C021704,240,3,114397.0,3,5,5,Loyal
C032995,40,2,114398.0,5,4,5,Champions
C017089,255,3,114442.0,3,5,5,Loyal
C006643,656,1,114498.0,1,3,5,At risk
C006674,547,3,114523.0,2,5,5,At risk
C020139,97,4,114743.0,4,5,5,Champions
C015512,84,8,114980.0,5,5,5,Champions
C022450,5,6,114996.0,5,5,5,Champions
C027213,85,4,115081.0,5,5,5,Champions
C003269,87,7,115185.0,4,5,5,Champions
C033792,6,2,115196.0,5,4,5,Champions
C004306,736,1,115198.0,1,3,5,At risk
C013965,391,4,115545.0,2,5,5,At risk
C015439,407,1,115943.0,2,3,5,At risk
C022846,229,1,116192.0,3,3,5,Loyal
C009051,461,3,116222.0,2,5,5,At risk
C012557,37,12,116305.0,5,5,5,Champions
C004905,624,5,116592.0,1,5,5,At risk
C001827,664,8,116691.0,1,5,5,At risk
C017799,299,2,116693.0,3,4,5,Loyal
C021411,231,3,116946.0,3,5,5,Loyal
C007925,350,6,117193.0,3,5,5,Loyal
C020059,200,3,117194.0,4,5,5,Champions
C016045,3,12,117223.0,5,5,5,Champions
C006245,600,2,117245.0,1,4,5,At risk
C000947,699,4,117394.0,1,5,5,At risk
C031490,44,2,117471.0,5,4,5,Champions
C006006,469,9,117631.0,2,5,5,At risk
C020270,179,8,117786.0,4,5,5,Champions
C011187,387,4,117963.0,2,5,5,At risk
C003313,559,7,117980.0,2,5,5,At risk
C026636,166,2,118004.0,4,4,5,Champions
C030570,94,1,118097.0,4,3,5,Loyal
C022376,244,1,118147.0,3,3,5,Loyal
C029027,3,2,118184.0,5,4,5,Champions
C002354,811,1,118199.0,1,3,5,At risk
C004735,720,1,118199.0,1,3,5,At risk
C009477,578,1,118199.0,2,3,5,At risk
C014258,440,1,118199.0,2,3,5,At risk
C017801,338,1,118199.0,3,3,5,Loyal
C027714,151,1,118199.0,4,3,5,Loyal
C029730,100,1,118199.0,4,3,5,Loyal
C030097,98,1,118199.0,4,3,5,Loyal
C032330,66,1,118199.0,5,3,5,Loyal
C032707,46,1,118199.0,5,3,5,Loyal
C033406,45,1,118199.0,5,3,5,Loyal
C034691,22,1,118199.0,5,3,5,Loyal
C032377,52,3,118212.0,5,5,5,Champions
C028146,31,3,118315.0,5,5,5,Champions
C011314,517,3,118486.0,2,5,5,At risk
C009768,564,3,118669.0,2,5,5,At risk
C001033,868,1,118899.0,1,3,5,At risk
C002701,798,1,118899.0,1,3,5,At risk
C004486,702,1,118899.0,1,3,5,At risk
C005352,697,1,118899.0,1,3,5,At risk
C005905,682,1,118899.0,1,3,5,At risk
C007435,628,1,118899.0,1,3,5,At risk
C012406,493,1,118899.0,2,3,5,At risk
C014291,439,1,118899.0,2,3,5,At risk
C017842,346,1,118899.0,3,3,5,Loyal
C019265,316,1,118899.0,3,3,5,Loyal
C019345,314,1,118899.0,3,3,5,Loyal
C020865,277,1,118899.0,3,3,5,Loyal
C026092,177,1,118899.0,4,3,5,Loyal
C033610,42,1,118899.0,5,3,5,Loyal
C034925,18,1,118899.0,5,3,5,Loyal
C035368,10,1,118899.0,5,3,5,Loyal
C032256,67,1,118946.0,5,3,5,Loyal
C012345,479,2,119116.0,2,4,5,At risk
C019380,221,3,119246.0,3,5,5,Loyal
C016633,116,6,119261.0,4,5,5,Champions
C018051,314,3,119296.0,3,5,5,Loyal
C023869,168,5,119440.0,4,5,5,Champions
C009623,565,1,119498.0,2,3,5,At risk
C031308,51,2,119498.0,5,4,5,Champions
C013989,66,10,119532.0,5,5,5,Champions
C000054,883,2,119548.0,1,4,5,At risk
C001345,853,1,119548.0,1,3,5,At risk
C029445,63,4,119593.0,5,5,5,Champions
C006278,667,1,119698.0,1,3,5,At risk
C008828,593,1,119698.0,1,3,5,At risk
C003006,114,14,119731.0,4,5,5,Champions
C009817,554,2,119791.0,2,4,5,At risk
C015811,7,6,119821.0,5,5,5,Champions
C027488,154,1,119847.0,4,3,5,Loyal
C012187,490,2,119898.0,2,4,5,At risk
C027336,49,2,119998.0,5,4,5,Champions
C032292,29,2,120027.0,5,4,5,Champions
C031224,85,1,120048.0,5,3,5,Loyal
C027370,57,7,120090.0,5,5,5,Champions
C032426,46,2,120145.0,5,4,5,Champions
C026886,119,1,120148.0,4,3,5,Loyal
C015914,385,2,120198.0,2,4,5,At risk
C017069,265,2,120198.0,3,4,5,Loyal
C020814,267,1,120198.0,3,3,5,Loyal
C005930,373,8,120230.0,2,5,5,At risk
C010966,496,3,120239.0,2,5,5,At risk
C030484,65,2,120297.0,5,4,5,Champions
C031326,46,2,120298.0,5,4,5,Champions
C002780,795,2,120347.0,1,4,5,At risk
C019453,122,5,120376.0,4,5,5,Champions
C026650,31,4,120497.0,5,5,5,Champions
C024903,196,2,120598.0,4,4,5,Champions
C033605,16,2,120598.0,5,4,5,Champions
C034725,6,2,120598.0,5,4,5,Champions
C011150,468,2,120847.0,2,4,5,At risk
C033545,43,1,120898.0,5,3,5,Loyal
C017804,320,2,120938.0,3,4,5,Loyal
C032210,12,3,120972.0,5,5,5,Champions
C003033,740,4,120982.0,1,5,5,At risk
C024925,197,1,120998.0,4,3,5,Loyal
C016125,123,8,121061.0,4,5,5,Champions
C028495,74,5,121094.0,5,5,5,Champions
C014763,390,2,121098.0,2,4,5,At risk
C024652,200,2,121098.0,4,4,5,Champions
C035003,11,2,121098.0,5,4,5,Champions
C007282,634,1,121296.0,1,3,5,At risk
C018724,232,4,121470.0,3,5,5,Loyal
C021109,240,2,121498.0,3,4,5,Loyal
C032414,64,1,121498.0,5,3,5,Loyal
C014613,74,10,121632.0,5,5,5,Champions
C012232,359,2,121667.0,3,4,5,Loyal
C018362,170,5,121673.0,4,5,5,Champions
C009042,577,1,121698.0,2,3,5,At risk
C003615,710,2,121798.0,1,4,5,At risk
C027567,52,1,121802.0,5,3,5,Loyal
C006848,626,2,121997.0,1,4,5,At risk
C019624,83,3,121997.0,5,5,5,Champions
C006707,599,2,122023.0,1,4,5,At risk
C001001,773,2,122095.0,1,4,5,At risk
C021965,2,2,122098.0,5,4,5,Champions
C016434,213,2,122137.0,3,4,5,Loyal
C018845,47,4,122144.0,5,5,5,Champions
C008037,578,2,122193.0,2,4,5,At risk
C033375,18,2,122235.0,5,4,5,Champions
C019104,300,2,122308.0,3,4,5,Loyal
C015945,105,17,122356.0,4,5,5,Champions
C016863,126,11,122385.0,4,5,5,Champions
C009074,317,3,122496.0,3,5,5,Loyal
C017238,221,2,122598.0,3,4,5,Loyal
C012472,457,2,122698.0,2,4,5,At risk
C001389,441,8,122779.0,2,5,5,At risk
C006328,629,2,122798.0,1,4,5,At risk
C026896,169,1,122798.0,4,3,5,Loyal
C004912,596,8,122893.0,1,5,5,At risk
C020546,74,2,122897.0,5,4,5,Champions
C004624,720,3,122945.0,1,5,5,At risk
C016065,121,9,122987.0,4,5,5,Champions
C024741,146,3,122996.0,4,5,5,Champions
C019768,291,2,122998.0,3,4,5,Loyal
C016582,178,7,123147.0,4,5,5,Champions
C020779,198,3,123196.0,4,5,5,Champions
C012798,481,1,123246.0,2,3,5,At risk
C000847,245,19,123273.0,3,5,5,Loyal
C002575,669,2,123297.0,1,4,5,At risk
C000041,834,3,123299.0,1,5,5,At risk
C009009,467,4,123407.0,2,5,5,At risk
C010584,457,3,123416.0,2,5,5,At risk
C014331,318,8,123499.0,3,5,5,Loyal
C009242,451,4,123594.0,2,5,5,At risk
C022768,231,2,123596.0,3,4,5,Loyal
C020822,30,2,123647.0,5,4,5,Champions
C030118,70,2,123796.0,5,4,5,Champions
C008981,441,2,123798.0,2,4,5,At risk
C015702,223,4,123846.0,3,5,5,Loyal
C006471,178,18,123889.0,4,5,5,Champions
C021186,134,3,123946.0,4,5,5,Champions
C019721,305,1,123998.0,3,3,5,Loyal
C003653,704,1,124196.0,1,3,5,At risk
C025147,115,3,124292.0,4,5,5,Champions
C030189,49,3,124296.0,5,5,5,Champions
C015457,409,1,124298.0,2,3,5,At risk
C027437,25,2,124347.0,5,4,5,Champions
C028756,41,6,124391.0,5,5,5,Champions
C020369,142,8,124535.0,4,5,5,Champions
C030463,31,3,124545.0,5,5,5,Champions
C008061,596,2,124546.0,1,4,5,At risk
C025989,111,3,124665.0,4,5,5,Champions
C002762,705,4,124696.0,1,5,5,At risk
C024542,203,1,124698.0,4,3,5,Loyal
C012158,407,4,124864.0,2,5,5,At risk
C018531,258,3,124993.0,3,5,5,Loyal
C009139,405,2,124996.0,2,4,5,At risk
C031110,14,2,125002.0,5,4,5,Champions
C016299,333,3,125097.0,3,5,5,Loyal
C008221,596,3,125246.0,1,5,5,At risk
C022611,232,3,125291.0,3,5,5,Loyal
C003320,685,8,125356.0,1,5,5,At risk
C001436,813,2,125485.0,1,4,5,At risk
C029404,62,2,125506.0,5,4,5,Champions
C018844,182,5,125521.0,4,5,5,Champions
C026965,115,3,125568.0,4,5,5,Champions
C004081,685,2,125597.0,1,4,5,At risk
C019925,148,6,125615.0,4,5,5,Champions
C012344,330,5,125647.0,3,5,5,Loyal
C025618,92,2,125688.0,4,4,5,Champions
C018317,130,3,125695.0,4,5,5,Champions
C012661,400,4,125781.0,2,5,5,At risk
C011661,441,3,125795.0,2,5,5,At risk
C020707,172,2,125797.0,4,4,5,Champions
C014418,390,2,125820.0,2,4,5,At risk
C000491,886,2,125952.0,1,4,5,At risk
C026392,107,4,126040.0,4,5,5,Champions
C019647,307,1,126096.0,3,3,5,Loyal
C023989,138,3,126397.0,4,5,5,Champions
C010600,463,3,126400.0,2,5,5,At risk
C000161,817,7,126422.0,1,5,5,At risk
C018573,282,2,126495.0,3,4,5,Loyal
C033587,1,2,126546.0,5,4,5,Champions
C016859,290,3,126595.0,3,5,5,Loyal
C029931,63,3,126595.0,5,5,5,Champions
C022510,190,3,126821.0,4,5,5,Champions
C028788,11,4,126839.0,5,5,5,Champions
C016335,315,2,126898.0,3,4,5,Loyal
C031521,15,3,126946.0,5,5,5,Champions
C011228,341,7,126992.0,3,5,5,Loyal
C018514,246,3,126996.0,3,5,5,Loyal
C016489,52,4,127191.0,5,5,5,Champions
C003864,682,3,127195.0,1,5,5,At risk
C018709,231,2,127258.0,3,4,5,Loyal
C000428,585,6,127344.0,1,5,5,At risk
C014525,423,3,127363.0,2,5,5,At risk
C002066,522,10,127429.0,2,5,5,At risk
C008825,559,3,127495.0,2,5,5,At risk
C030944,72,3,127496.0,5,5,5,Champions
C030619,47,2,127594.0,5,4,5,Champions
C010776,388,5,127793.0,2,5,5,At risk
C013680,214,5,127794.0,3,5,5,Loyal
C024905,195,2,127795.0,4,4,5,Champions
C022277,156,2,127862.0,4,4,5,Champions
C028014,81,3,127896.0,5,5,5,Champions
C002095,743,3,127995.0,1,5,5,At risk
C000134,677,6,128189.0,1,5,5,At risk
C026041,55,5,128223.0,5,5,5,Champions
C005957,596,4,128420.0,1,5,5,At risk
C009270,332,4,128443.0,3,5,5,Loyal
C017253,318,3,128443.0,3,5,5,Loyal
C019787,286,2,128545.0,3,4,5,Loyal
C031074,75,2,128545.0,5,4,5,Champions
C032136,16,2,128697.0,5,4,5,Champions
C008861,563,4,128850.0,2,5,5,At risk
C001875,231,14,128853.0,3,5,5,Loyal
C002129,809,2,128893.0,1,4,5,At risk
C013357,341,4,128904.0,3,5,5,Loyal
C011303,410,5,128993.0,2,5,5,At risk
C018680,122,6,129093.0,4,5,5,Champions
C033600,20,2,129146.0,5,4,5,Champions
C017835,200,8,129152.0,4,5,5,Champions
C012461,68,9,129170.0,5,5,5,Champions
C019800,3,8,129189.0,5,5,5,Champions
C007766,542,3,129194.0,2,5,5,At risk
C008370,565,3,129294.0,2,5,5,At risk
C018345,197,3,129296.0,4,5,5,Champions
C014485,187,4,129345.0,4,5,5,Champions
C025204,158,2,129393.0,4,4,5,Champions
C021285,247,3,129412.0,3,5,5,Loyal
C011508,462,2,129416.0,2,4,5,At risk
C003784,648,3,129445.0,1,5,5,At risk
C008510,578,1,129446.0,2,3,5,At risk
C011372,491,2,129447.0,2,4,5,At risk
C017276,355,1,129496.0,3,3,5,Loyal
C010238,237,14,129655.0,3,5,5,Loyal
C014097,345,2,129693.0,3,4,5,Loyal
C018624,302,2,129797.0,3,4,5,Loyal
C015526,199,9,129924.0,4,5,5,Champions
C006228,594,3,129991.0,1,5,5,At risk
C019671,164,4,130044.0,4,5,5,Champions
C006975,566,3,130095.0,2,5,5,At risk
C008665,533,3,130095.0,2,5,5,At risk
C013234,345,4,130096.0,3,5,5,Loyal
C017965,343,1,130097.0,3,3,5,Loyal
C028794,80,2,130146.0,5,4,5,Champions
C022003,3,7,130180.0,5,5,5,Champions
C006122,658,2,130244.0,1,4,5,At risk
C003745,649,4,130283.0,1,5,5,At risk
C009787,565,2,130311.0,2,4,5,At risk
C008912,366,5,130344.0,3,5,5,Loyal
C006363,661,2,130445.0,1,4,5,At risk
C011403,500,2,130445.0,2,4,5,At risk
C017193,316,4,130493.0,3,5,5,Loyal
C002296,593,9,130536.0,1,5,5,At risk
C009959,457,3,130586.0,2,5,5,At risk
C023406,157,2,130845.0,4,4,5,Champions
C019506,310,1,130895.0,3,3,5,Loyal
C010844,312,9,131026.0,3,5,5,Loyal
C001921,661,3,131144.0,1,5,5,At risk
C032351,59,2,131194.0,5,4,5,Champions
C012850,401,4,131239.0,2,5,5,At risk
C033431,30,2,131296.0,5,4,5,Champions
C004176,172,17,131354.0,4,5,5,Champions
C000213,703,4,131443.0,1,5,5,At risk
C023208,72,4,131496.0,5,5,5,Champions
C026066,168,3,131742.0,4,5,5,Champions
C033807,38,1,131797.0,5,3,5,Loyal
C020886,221,3,131811.0,3,5,5,Loyal
C030386,6,3,131896.0,5,5,5,Champions
C013528,424,4,131937.0,2,5,5,At risk
C027800,14,5,132043.0,5,5,5,Champions
C001636,567,8,132234.0,2,5,5,At risk
C011406,227,2,132246.0,3,4,5,Loyal
C017021,154,8,132437.0,4,5,5,Champions
C017874,282,3,132546.0,3,5,5,Loyal
C008801,278,2,132593.0,3,4,5,Loyal
C026567,162,2,132595.0,4,4,5,Champions
C028294,131,2,132595.0,4,4,5,Champions
C008715,596,1,132696.0,1,3,5,At risk
C026064,6,5,132844.0,5,5,5,Champions
C011045,522,2,132895.0,2,4,5,At risk
C014632,286,8,133011.0,3,5,5,Loyal
C026423,154,2,133093.0,4,4,5,Champions
C023690,153,2,133094.0,4,4,5,Champions
C028832,61,2,133095.0,5,4,5,Champions
C019979,236,2,133096.0,3,4,5,Loyal
C027960,66,4,133140.0,5,5,5,Champions
C022273,1,9,133151.0,5,5,5,Champions
C015290,292,2,133192.0,3,4,5,Loyal
C032437,25,4,133194.0,5,5,5,Champions
C010235,11,15,133291.0,5,5,5,Champions
C012955,185,5,133293.0,4,5,5,Champions
C005412,494,4,133342.0,2,5,5,At risk
C004899,565,4,133594.0,2,5,5,At risk
C004074,738,2,133841.0,1,4,5,At risk
C007271,591,4,133846.0,1,5,5,At risk
C020015,40,3,133847.0,5,5,5,Champions
C022042,171,2,133995.0,4,4,5,Champions
C018500,72,9,134069.0,5,5,5,Champions
C012098,455,4,134091.0,2,5,5,At risk
C005234,52,6,134099.0,5,5,5,Champions
C016899,347,3,134195.0,3,5,5,Loyal
C007695,292,9,134261.0,3,5,5,Loyal
C017641,320,3,134288.0,3,5,5,Loyal
C017552,171,7,134292.0,4,5,5,Champions
C007802,240,6,134397.0,3,5,5,Loyal
C020119,200,6,134541.0,4,5,5,Champions
C001919,781,3,134542.0,1,5,5,At risk
C002311,650,5,134760.0,1,5,5,At risk
C000728,227,2,134795.0,3,4,5,Loyal
C001306,331,5,135057.0,3,5,5,Loyal
C011558,266,3,135075.0,3,5,5,Loyal
C003842,625,6,135092.0,1,5,5,At risk
C002731,691,6,135387.0,1,5,5,At risk
C005263,620,4,135409.0,1,5,5,At risk
C007884,427,5,135493.0,2,5,5,At risk
C009563,576,1,135743.0,2,3,5,At risk
C029761,34,4,135773.0,5,5,5,Champions
C010838,381,8,135829.0,2,5,5,At risk
C004040,650,5,136085.0,1,5,5,At risk
C020806,126,4,136093.0,4,5,5,Champions
C021790,138,2,136129.0,4,4,5,Champions
C000467,891,3,136295.0,1,5,5,At risk
C020644,121,7,136432.0,4,5,5,Champions
C000721,835,3,136443.0,1,5,5,At risk
C015135,371,3,136523.0,2,5,5,At risk
C012728,451,2,136535.0,2,4,5,At risk
C032670,16,4,136643.0,5,5,5,Champions
C007714,565,3,136645.0,2,5,5,At risk
C014782,383,3,136794.0,2,5,5,At risk
C010912,231,5,136882.0,3,5,5,Loyal
C032095,9,7,136940.0,5,5,5,Champions
C023698,32,3,137193.0,5,5,5,Champions
C025593,192,2,137193.0,4,4,5,Champions
C021047,165,7,137452.0,4,5,5,Champions
C006751,560,2,137493.0,2,4,5,At risk
C004080,664,3,137545.0,1,5,5,At risk
C026313,31,3,137700.0,5,5,5,Champions
C014541,319,3,137741.0,3,5,5,Loyal
C025231,110,4,137752.0,4,5,5,Champions
C003903,669,4,137893.0,1,5,5,At risk
C020728,58,4,137894.0,5,5,5,Champions
C026483,123,2,137995.0,4,4,5,Champions
C027703,6,5,138192.0,5,5,5,Champions
C019454,303,2,138245.0,3,4,5,Loyal
C000222,684,5,138279.0,1,5,5,At risk
C028539,47,6,138340.0,5,5,5,Champions
C003730,153,9,138410.0,4,5,5,Champions
C005088,596,4,138410.0,1,5,5,At risk
C018962,231,4,138645.0,3,5,5,Loyal
C010305,516,2,138695.0,2,4,5,At risk
C001779,54,9,138736.0,5,5,5,Champions
C015022,224,6,138839.0,3,5,5,Loyal
C006384,578,4,138948.0,1,5,5,At risk
C010281,338,4,139056.0,3,5,5,Loyal
C026186,19,4,139242.0,5,5,5,Champions
C008321,582,3,139292.0,1,5,5,At risk
C027587,11,4,139438.0,5,5,5,Champions
C003186,778,1,139496.0,1,3,5,At risk
C027117,52,5,139500.0,5,5,5,Champions
C020805,16,5,139788.0,5,5,5,Champions
C007343,404,6,139810.0,2,5,5,At risk
C013036,259,7,139851.0,3,5,5,Loyal
C009932,551,2,140094.0,2,4,5,At risk
C004210,449,7,140148.0,2,5,5,At risk
C015155,175,2,140195.0,4,4,5,Champions
C008880,231,4,140315.0,3,5,5,Loyal
C000934,817,3,140392.0,1,5,5,At risk
C016599,199,2,140405.0,4,4,5,Champions
C014909,119,5,140641.0,4,5,5,Champions
C029681,2,5,140669.0,5,5,5,Champions
C001614,630,4,140979.0,1,5,5,At risk
C016736,355,3,141142.0,3,5,5,Loyal
C029690,94,1,141398.0,4,3,5,Loyal
C001757,596,4,141444.0,1,5,5,At risk
C002469,362,11,141675.0,3,5,5,Loyal
C027124,104,3,141815.0,4,5,5,Champions
C009163,465,6,141839.0,2,5,5,At risk
C007127,478,8,141883.0,2,5,5,At risk
C019548,296,3,142110.0,3,5,5,Loyal
C004267,459,8,142183.0,2,5,5,At risk
C011735,486,3,142245.0,2,5,5,At risk
C014755,299,4,142293.0,3,5,5,Loyal
C007537,494,5,143093.0,2,5,5,At risk
C017760,304,4,143194.0,3,5,5,Loyal
C016277,85,8,143311.0,4,5,5,Champions
C011225,170,3,143344.0,4,5,5,Champions
C003207,629,6,143396.0,1,5,5,At risk
C020035,195,4,143491.0,4,5,5,Champions
C005270,459,8,143690.0,2,5,5,At risk
C013417,229,4,143795.0,3,5,5,Loyal
C028184,143,1,143816.0,4,3,5,Loyal
C013749,269,10,143890.0,3,5,5,Loyal
C003438,234,7,143990.0,3,5,5,Loyal
C013595,459,1,144071.0,2,3,5,At risk
C002648,684,4,144392.0,1,5,5,At risk
C013661,111,6,144734.0,4,5,5,Champions
C013396,337,4,144778.0,3,5,5,Loyal
C012796,414,6,144870.0,2,5,5,At risk
C030480,91,4,145092.0,4,5,5,Champions
C011275,200,9,145119.0,4,5,5,Champions
C004840,478,3,145314.0,2,5,5,At risk
C002756,576,3,145582.0,2,5,5,At risk
C025947,9,3,145833.0,5,5,5,Champions
C007400,474,3,145965.0,2,5,5,At risk
C006116,430,6,146028.0,2,5,5,At risk
C004370,559,4,146040.0,2,5,5,At risk
C000193,192,6,146196.0,4,5,5,Champions
C023838,137,6,146212.0,4,5,5,Champions
C014985,24,10,146359.0,5,5,5,Champions
C014777,352,4,146691.0,3,5,5,Loyal
C016717,93,5,146758.0,4,5,5,Champions
C023176,214,2,146796.0,3,4,5,Loyal
C000841,747,9,147487.0,1,5,5,At risk
C009757,465,6,147489.0,2,5,5,At risk
C024945,99,4,147592.0,4,5,5,Champions
C017225,197,4,147940.0,4,5,5,Champions
C010996,411,6,148089.0,2,5,5,At risk
C026882,37,4,148517.0,5,5,5,Champions
C001350,451,16,148589.0,2,5,5,At risk
C017016,336,2,148599.0,3,4,5,Loyal
C019935,208,7,149081.0,4,5,5,Champions
C013264,292,7,149169.0,3,5,5,Loyal
C012640,295,6,149530.0,3,5,5,Loyal
C004302,723,3,149597.0,1,5,5,At risk
C000519,655,6,149640.0,1,5,5,At risk
C007834,430,5,150083.0,2,5,5,At risk
C022553,163,5,150309.0,4,5,5,Champions
C002936,663,8,150587.0,1,5,5,At risk
C026422,176,1,150997.0,4,3,5,Loyal
C025516,47,3,150998.0,5,5,5,Champions
C027471,53,3,151195.0,5,5,5,Champions
C010377,516,2,151389.0,2,4,5,At risk
C012498,432,3,151671.0,2,5,5,At risk
C013568,442,2,151695.0,2,4,5,At risk
C026129,7,7,151990.0,5,5,5,Champions
C015412,197,9,152182.0,4,5,5,Champions
C028640,19,3,152465.0,5,5,5,Champions
C013839,337,6,152887.0,3,5,5,Loyal
C007711,190,7,152932.0,4,5,5,Champions
C002113,563,6,152934.0,2,5,5,At risk
C005437,280,16,153295.0,3,5,5,Loyal
C002922,547,8,153635.0,2,5,5,At risk
C003631,427,5,153851.0,2,5,5,At risk
C010530,464,5,153890.0,2,5,5,At risk
C002859,744,5,154345.0,1,5,5,At risk
C017098,202,7,154580.0,4,5,5,Champions
C012150,211,6,155039.0,4,5,5,Champions
C004876,465,6,155214.0,2,5,5,At risk
C016966,324,3,155256.0,3,5,5,Loyal
C010920,126,6,155286.0,4,5,5,Champions
C001606,832,2,155618.0,1,4,5,At risk
C002914,246,6,155635.0,3,5,5,Loyal
C006875,487,7,155702.0,2,5,5,At risk
C000598,395,14,156227.0,2,5,5,At risk
C018471,24,8,156235.0,5,5,5,Champions
C016297,250,4,156445.0,3,5,5,Loyal
C015726,139,4,156635.0,4,5,5,Champions
C010886,215,3,156647.0,3,5,5,Loyal
C007420,470,2,156847.0,2,4,5,At risk
C012511,261,8,157285.0,3,5,5,Loyal
C006892,31,8,157387.0,5,5,5,Champions
C002373,578,8,157802.0,1,5,5,At risk
C027570,2,5,158472.0,5,5,5,Champions
C022572,12,5,158943.0,5,5,5,Champions
C010782,312,11,158979.0,3,5,5,Loyal
C001167,808,6,159305.0,1,5,5,At risk
C005454,170,6,159370.0,4,5,5,Champions
C015087,232,6,159618.0,3,5,5,Loyal
C017829,102,5,160043.0,4,5,5,Champions
C010894,139,4,160592.0,4,5,5,Champions
C014639,253,3,160595.0,3,5,5,Loyal
C020410,189,2,160844.0,4,4,5,Champions
C021239,172,3,160915.0,4,5,5,Champions
C021990,60,8,161044.0,5,5,5,Champions
C007467,412,8,161408.0,2,5,5,At risk
C017683,294,4,161698.0,3,5,5,Loyal
C027235,114,3,161932.0,4,5,5,Champions
C011189,56,10,162782.0,5,5,5,Champions
C000732,772,9,162833.0,1,5,5,At risk
C026592,157,3,163374.0,4,5,5,Champions
C026017,1,4,163595.0,5,5,5,Champions
C030939,81,2,163597.0,5,4,5,Champions
C005070,25,11,163831.0,5,5,5,Champions
C013279,434,3,164241.0,2,5,5,At risk
C003515,702,2,164346.0,1,4,5,At risk
C017113,43,6,164397.0,5,5,5,Champions
C008138,480,6,165705.0,2,5,5,At risk
C002401,747,6,165938.0,1,5,5,At risk
C023939,200,3,166242.0,4,5,5,Champions
C007800,76,10,166937.0,5,5,5,Champions
C021728,23,4,167491.0,5,5,5,Champions
C031823,13,6,168147.0,5,5,5,Champions
C006193,167,8,168431.0,4,5,5,Champions
C011548,362,9,168483.0,3,5,5,Loyal
C001097,465,10,168584.0,2,5,5,At risk
C028795,15,7,168895.0,5,5,5,Champions
C000368,571,6,169246.0,2,5,5,At risk
C000884,678,8,169290.0,1,5,5,At risk
C001040,367,9,171235.0,3,5,5,Loyal
C007006,362,6,172090.0,3,5,5,Loyal
C007196,198,10,172197.0,4,5,5,Champions
C027482,101,2,172494.0,4,4,5,Champions
C010103,493,4,172989.0,2,5,5,At risk
C023962,12,9,173531.0,5,5,5,Champions
C011764,394,4,173640.0,2,5,5,At risk
C010759,346,7,173705.0,3,5,5,Loyal
C007136,1,13,174358.0,5,5,5,Champions
C016472,371,3,174791.0,2,5,5,At risk
C011328,386,6,175375.0,2,5,5,At risk
C007258,398,10,175561.0,2,5,5,At risk
C018580,80,7,176118.0,5,5,5,Champions
C018869,65,14,176658.0,5,5,5,Champions
C003520,516,7,176789.0,2,5,5,At risk
C022035,4,8,177383.0,5,5,5,Champions
C001746,430,9,178128.0,2,5,5,At risk
C023744,107,4,179911.0,4,5,5,Champions
C023588,36,10,180084.0,5,5,5,Champions
C019484,290,2,180196.0,3,4,5,Loyal
C011557,254,5,180366.0,3,5,5,Loyal
C016534,166,10,180517.0,4,5,5,Champions
C012688,295,6,180539.0,3,5,5,Loyal
C006889,200,8,184300.0,4,5,5,Champions
C017407,54,15,185331.0,5,5,5,Champions
C000747,549,11,185431.0,2,5,5,At risk
C019894,106,5,185844.0,4,5,5,Champions
C000531,596,6,186291.0,1,5,5,At risk
C008949,566,3,186496.0,2,5,5,At risk
C021442,104,8,186752.0,4,5,5,Champions
C020670,87,10,187508.0,4,5,5,Champions
C006524,394,6,187696.0,2,5,5,At risk
C000427,708,8,188038.0,1,5,5,At risk
C006261,465,14,188207.0,2,5,5,At risk
C006142,463,9,189746.0,2,5,5,At risk
C006952,596,4,189892.0,1,5,5,At risk
C002506,596,4,191543.0,1,5,5,At risk
C000182,685,6,192192.0,1,5,5,At risk
C008438,532,5,192729.0,2,5,5,At risk
C020989,30,7,193941.0,5,5,5,Champions
C013762,372,4,193989.0,2,5,5,At risk
C013798,408,2,194946.0,2,4,5,At risk
C025172,125,4,195617.0,4,5,5,Champions
C020183,37,8,195715.0,5,5,5,Champions
C010506,185,11,195828.0,4,5,5,Champions
C020874,130,5,196137.0,4,5,5,Champions
C008143,498,8,197436.0,2,5,5,At risk
C012443,403,4,197795.0,2,5,5,At risk
C004186,480,14,198675.0,2,5,5,At risk
C013369,231,8,199384.0,3,5,5,Loyal
C003397,73,5,200293.0,5,5,5,Champions
C027314,4,8,201339.0,5,5,5,Champions
C026373,20,6,201736.0,5,5,5,Champions
C013986,137,14,202079.0,4,5,5,Champions
C008332,578,2,203898.0,2,4,5,At risk
C006629,265,9,205636.0,3,5,5,Loyal
C019991,173,5,205881.0,4,5,5,Champions
C015097,194,12,206030.0,4,5,5,Champions
C018578,80,8,206565.0,5,5,5,Champions
C015543,117,4,207806.0,4,5,5,Champions
C004733,160,3,207893.0,4,5,5,Champions
C020347,290,1,209298.0,3,3,5,Loyal
C007307,632,2,211796.0,1,4,5,At risk
C002169,430,14,212285.0,2,5,5,At risk
C019232,225,10,213279.0,3,5,5,Loyal
C014730,10,11,214149.0,5,5,5,Champions
C026354,60,2,219345.0,5,4,5,Champions
C005174,188,8,224813.0,4,5,5,Champions
C004985,60,9,227117.0,5,5,5,Champions
C002290,808,2,229107.0,1,4,5,At risk
C000900,523,14,229639.0,2,5,5,At risk
C022076,220,3,232192.0,3,5,5,Loyal
C001520,339,12,232479.0,3,5,5,Loyal
C026272,12,13,235226.0,5,5,5,Champions
C003200,769,2,237098.0,1,4,5,At risk
C000613,878,1,239795.0,1,3,5,At risk
C006672,655,1,241697.0,1,3,5,At risk
C003568,53,10,243368.0,5,5,5,Champions
C012683,354,8,244730.0,3,5,5,Loyal
C017831,170,4,244815.0,4,5,5,Champions
C012991,390,8,248195.0,2,5,5,At risk
C014799,5,5,253862.0,5,5,5,Champions
C011106,7,22,256333.0,5,5,5,Champions
C016533,358,3,259762.0,3,5,5,Loyal
C024951,29,9,273285.0,5,5,5,Champions
C004024,224,11,287427.0,3,5,5,Loyal
C017890,81,7,290239.0,5,5,5,Champions
C008092,78,15,299443.0,5,5,5,Champions
C015009,39,17,406660.0,5,5,5,Champions
